  0
SECTION
  2
HEADER
  9
$ACADVER
  1
AC1018
  9
$ACADMAINTVER
 70
    77
  9
$DWGCODEPAGE
  3
ANSI_936
  9
$INSBASE
 10
0.0
 20
0.0
 30
0.0
  9
$EXTMIN
 10
742.890995260664
 20
2052.13270155894
 30
0.0
  9
$EXTMAX
 10
1937.89715487076
 20
3311.0834325096
 30
0.0
  9
$LIMMIN
 10
0.0
 20
0.0
  9
$LIMMAX
 10
420.0
 20
297.0
  9
$ORTHOMODE
 70
     0
  9
$REGENMODE
 70
     1
  9
$FILLMODE
 70
     1
  9
$QTEXTMODE
 70
     0
  9
$MIRRTEXT
 70
     0
  9
$LTSCALE
 40
1.0
  9
$ATTMODE
 70
     1
  9
$TEXTSIZE
 40
2.5
  9
$TRACEWID
 40
1.0
  9
$TEXTSTYLE
  7
STANDARD
  9
$CLAYER
  8
0
  9
$CELTYPE
  6
ByLayer
  9
$CECOLOR
 62
   256
  9
$CELTSCALE
 40
1.0
  9
$DISPSILH
 70
     0
  9
$DIMSCALE
 40
1.0
  9
$DIMASZ
 40
2.5
  9
$DIMEXO
 40
0.625
  9
$DIMDLI
 40
3.75
  9
$DIMRND
 40
0.0
  9
$DIMDLE
 40
0.0
  9
$DIMEXE
 40
1.25
  9
$DIMTP
 40
0.0
  9
$DIMTM
 40
0.0
  9
$DIMTXT
 40
2.5
  9
$DIMCEN
 40
2.5
  9
$DIMTSZ
 40
0.0
  9
$DIMTOL
 70
     0
  9
$DIMLIM
 70
     0
  9
$DIMTIH
 70
     0
  9
$DIMTOH
 70
     0
  9
$DIMSE1
 70
     0
  9
$DIMSE2
 70
     0
  9
$DIMTAD
 70
     1
  9
$DIMZIN
 70
     8
  9
$DIMBLK
  1

  9
$DIMASO
 70
     1
  9
$DIMSHO
 70
     1
  9
$DIMPOST
  1

  9
$DIMAPOST
  1

  9
$DIMALT
 70
     0
  9
$DIMALTD
 70
     3
  9
$DIMALTF
 40
0.03937007874016
  9
$DIMLFAC
 40
1.0
  9
$DIMTOFL
 70
     1
  9
$DIMTVP
 40
0.0
  9
$DIMTIX
 70
     0
  9
$DIMSOXD
 70
     0
  9
$DIMSAH
 70
     0
  9
$DIMBLK1
  1

  9
$DIMBLK2
  1

  9
$DIMSTYLE
  2
ISO-25
  9
$DIMCLRD
 70
     0
  9
$DIMCLRE
 70
     0
  9
$DIMCLRT
 70
     0
  9
$DIMTFAC
 40
1.0
  9
$DIMGAP
 40
0.625
  9
$DIMJUST
 70
     0
  9
$DIMSD1
 70
     0
  9
$DIMSD2
 70
     0
  9
$DIMTOLJ
 70
     1
  9
$DIMTZIN
 70
     0
  9
$DIMALTZ
 70
     0
  9
$DIMALTTZ
 70
     0
  9
$DIMUPT
 70
     0
  9
$DIMDEC
 70
     4
  9
$DIMTDEC
 70
     4
  9
$DIMALTU
 70
     2
  9
$DIMALTTD
 70
     2
  9
$DIMTXSTY
  7
STANDARD
  9
$DIMAUNIT
 70
     0
  9
$DIMADEC
 70
     0
  9
$DIMALTRND
 40
0.0
  9
$DIMAZIN
 70
     0
  9
$DIMDSEP
 70
    46
  9
$DIMATFIT
 70
     3
  9
$DIMFRAC
 70
     0
  9
$DIMLDRBLK
  1

  9
$DIMLUNIT
 70
     2
  9
$DIMLWD
 70
    -2
  9
$DIMLWE
 70
    -2
  9
$DIMTMOVE
 70
     0
  9
$LUNITS
 70
     2
  9
$LUPREC
 70
     4
  9
$SKETCHINC
 40
1.0
  9
$FILLETRAD
 40
0.0
  9
$AUNITS
 70
     0
  9
$AUPREC
 70
     0
  9
$MENU
  1
.
  9
$ELEVATION
 40
0.0
  9
$PELEVATION
 40
0.0
  9
$THICKNESS
 40
0.0
  9
$LIMCHECK
 70
     0
  9
$CHAMFERA
 40
0.0
  9
$CHAMFERB
 40
0.0
  9
$CHAMFERC
 40
0.0
  9
$CHAMFERD
 40
0.0
  9
$SKPOLY
 70
     0
  9
$TDCREATE
 40
2456997.676706910
  9
$TDUCREATE
 40
2456997.343373576
  9
$TDUPDATE
 40
2456997.680113438
  9
$TDUUPDATE
 40
2456997.346780104
  9
$TDINDWG
 40
0.0010312963
  9
$TDUSRTIMER
 40
0.0010311806
  9
$USRTIMER
 70
     1
  9
$ANGBASE
 50
0.0
  9
$ANGDIR
 70
     0
  9
$PDMODE
 70
     0
  9
$PDSIZE
 40
0.0
  9
$PLINEWID
 40
0.0
  9
$SPLFRAME
 70
     0
  9
$SPLINETYPE
 70
     6
  9
$SPLINESEGS
 70
     8
  9
$HANDSEED
  5
2576
  9
$SURFTAB1
 70
     6
  9
$SURFTAB2
 70
     6
  9
$SURFTYPE
 70
     6
  9
$SURFU
 70
     6
  9
$SURFV
 70
     6
  9
$UCSBASE
  2

  9
$UCSNAME
  2

  9
$UCSORG
 10
0.0
 20
0.0
 30
0.0
  9
$UCSXDIR
 10
1.0
 20
0.0
 30
0.0
  9
$UCSYDIR
 10
0.0
 20
1.0
 30
0.0
  9
$UCSORTHOREF
  2

  9
$UCSORTHOVIEW
 70
     0
  9
$UCSORGTOP
 10
0.0
 20
0.0
 30
0.0
  9
$UCSORGBOTTOM
 10
0.0
 20
0.0
 30
0.0
  9
$UCSORGLEFT
 10
0.0
 20
0.0
 30
0.0
  9
$UCSORGRIGHT
 10
0.0
 20
0.0
 30
0.0
  9
$UCSORGFRONT
 10
0.0
 20
0.0
 30
0.0
  9
$UCSORGBACK
 10
0.0
 20
0.0
 30
0.0
  9
$PUCSBASE
  2

  9
$PUCSNAME
  2

  9
$PUCSORG
 10
0.0
 20
0.0
 30
0.0
  9
$PUCSXDIR
 10
1.0
 20
0.0
 30
0.0
  9
$PUCSYDIR
 10
0.0
 20
1.0
 30
0.0
  9
$PUCSORTHOREF
  2

  9
$PUCSORTHOVIEW
 70
     0
  9
$PUCSORGTOP
 10
0.0
 20
0.0
 30
0.0
  9
$PUCSORGBOTTOM
 10
0.0
 20
0.0
 30
0.0
  9
$PUCSORGLEFT
 10
0.0
 20
0.0
 30
0.0
  9
$PUCSORGRIGHT
 10
0.0
 20
0.0
 30
0.0
  9
$PUCSORGFRONT
 10
0.0
 20
0.0
 30
0.0
  9
$PUCSORGBACK
 10
0.0
 20
0.0
 30
0.0
  9
$USERI1
 70
     0
  9
$USERI2
 70
     0
  9
$USERI3
 70
     0
  9
$USERI4
 70
     0
  9
$USERI5
 70
     0
  9
$USERR1
 40
0.0
  9
$USERR2
 40
0.0
  9
$USERR3
 40
0.0
  9
$USERR4
 40
0.0
  9
$USERR5
 40
0.0
  9
$WORLDVIEW
 70
     1
  9
$SHADEDGE
 70
     3
  9
$SHADEDIF
 70
    70
  9
$TILEMODE
 70
     1
  9
$MAXACTVP
 70
    64
  9
$PINSBASE
 10
0.0
 20
0.0
 30
0.0
  9
$PLIMCHECK
 70
     0
  9
$PEXTMIN
 10
0.0
 20
0.0
 30
0.0
  9
$PEXTMAX
 10
0.0
 20
0.0
 30
0.0
  9
$PLIMMIN
 10
0.0
 20
0.0
  9
$PLIMMAX
 10
12.0
 20
9.0
  9
$UNITMODE
 70
     0
  9
$VISRETAIN
 70
     1
  9
$PLINEGEN
 70
     0
  9
$PSLTSCALE
 70
     1
  9
$TREEDEPTH
 70
  3020
  9
$CMLSTYLE
  2
Standard
  9
$CMLJUST
 70
     0
  9
$CMLSCALE
 40
1.0
  9
$PROXYGRAPHICS
 70
     1
  9
$MEASUREMENT
 70
     1
  9
$CELWEIGHT
370
    -1
  9
$ENDCAPS
280
     0
  9
$JOINSTYLE
280
     0
  9
$LWDISPLAY
290
     0
  9
$INSUNITS
 70
     0
  9
$HYPERLINKBASE
  1

  9
$STYLESHEET
  1

  9
$XEDIT
290
     1
  9
$CEPSNTYPE
380
     0
  9
$PSTYLEMODE
290
     1
  9
$FINGERPRINTGUID
  2
{1F2D6530-6BF2-4D5E-922F-A9C54F637010}
  9
$VERSIONGUID
  2
{15AD9CB5-51D1-451C-B472-5DB36EFAD6AD}
  9
$EXTNAMES
290
     1
  9
$PSVPSCALE
 40
0.0
  9
$OLESTARTUP
290
     0
  9
$SORTENTS
280
   127
  9
$INDEXCTL
280
     0
  9
$HIDETEXT
280
     0
  9
$XCLIPFRAME
290
     0
  9
$HALOGAP
280
     0
  9
$OBSCOLOR
 70
   257
  9
$OBSLTYPE
280
     0
  9
$INTERSECTIONDISPLAY
280
     0
  9
$INTERSECTIONCOLOR
 70
   257
  9
$DIMASSOC
280
     1
  9
$PROJECTNAME
  1

  0
ENDSEC
  0
SECTION
  2
CLASSES
  0
CLASS
  1
ACDBDICTIONARYWDFLT
  2
AcDbDictionaryWithDefault
  3
ObjectDBX Classes
 90
        0
 91
        1
280
     0
281
     0
  0
CLASS
  1
TABLESTYLE
  2
AcDbTableStyle
  3
ObjectDBX Classes
 90
     2047
 91
        1
280
     0
281
     0
  0
CLASS
  1
DICTIONARYVAR
  2
AcDbDictionaryVar
  3
ObjectDBX Classes
 90
        0
 91
        1
280
     0
281
     0
  0
ENDSEC
  0
SECTION
  2
TABLES
  0
TABLE
  2
VPORT
  5
10D
330
0
100
AcDbSymbolTable
 70
     2
  0
VPORT
  5
137
330
10D
100
AcDbSymbolTableRecord
100
AcDbViewportTableRecord
  2
*Active
 70
     0
 10
0.0
 20
0.0
 11
1.0
 21
1.0
 12
1340.39407506571
 22
2681.60806703427
 13
0.0
 23
0.0
 14
10.0
 24
10.0
 15
10.0
 25
10.0
 16
0.0
 26
0.0
 36
1.0
 17
0.0
 27
0.0
 37
0.0
 40
551.708552688342
 41
2.435135135135135
 42
50.0
 43
0.0
 44
0.0
 50
0.0
 51
0.0
 71
     0
 72
  1000
 73
     1
 74
     3
 75
     0
 76
     0
 77
     0
 78
     0
281
     0
 65
     1
110
0.0
120
0.0
130
0.0
111
1.0
121
0.0
131
0.0
112
0.0
122
1.0
132
0.0
 79
     0
146
0.0
  0
ENDTAB
  0
TABLE
  2
LTYPE
  5
10A
330
0
100
AcDbSymbolTable
 70
     1
  0
LTYPE
  5
118
330
10A
100
AcDbSymbolTableRecord
100
AcDbLinetypeTableRecord
  2
ByBlock
 70
     0
  3

 72
    65
 73
     0
 40
0.0
  0
LTYPE
  5
119
330
10A
100
AcDbSymbolTableRecord
100
AcDbLinetypeTableRecord
  2
ByLayer
 70
     0
  3

 72
    65
 73
     0
 40
0.0
  0
LTYPE
  5
11A
330
10A
100
AcDbSymbolTableRecord
100
AcDbLinetypeTableRecord
  2
CONTINUOUS
 70
     0
  3
Solid line
 72
    65
 73
     0
 40
0.0
  0
ENDTAB
  0
TABLE
  2
LAYER
  5
107
330
0
100
AcDbSymbolTable
 70
     1
  0
LAYER
  5
115
330
107
100
AcDbSymbolTableRecord
100
AcDbLayerTableRecord
  2
0
 70
     0
 62
     7
  6
CONTINUOUS
370
    -3
390
114
  0
ENDTAB
  0
TABLE
  2
STYLE
  5
108
330
0
100
AcDbSymbolTable
 70
     1
  0
STYLE
  5
116
330
108
100
AcDbSymbolTableRecord
100
AcDbTextStyleTableRecord
  2
STANDARD
 70
     0
 40
0.0
 41
1.0
 50
0.0
 71
     0
 42
2.5
  3
txt
  4
gbcbig.shx
  0
ENDTAB
  0
TABLE
  2
VIEW
  5
10B
330
0
100
AcDbSymbolTable
 70
     0
  0
ENDTAB
  0
TABLE
  2
UCS
  5
10C
330
0
100
AcDbSymbolTable
 70
     0
  0
ENDTAB
  0
TABLE
  2
APPID
  5
10E
330
0
100
AcDbSymbolTable
 70
     2
  0
APPID
  5
117
330
10E
100
AcDbSymbolTableRecord
100
AcDbRegAppTableRecord
  2
ACAD
 70
     0
  0
APPID
  5
12C
330
10E
100
AcDbSymbolTableRecord
100
AcDbRegAppTableRecord
  2
ACAD_PSEXT
 70
     0
  0
APPID
  5
112C
330
10E
100
AcDbSymbolTableRecord
100
AcDbRegAppTableRecord
  2
FS_CYPCUT
 70
     0
  0
ENDTAB
  0
TABLE
  2
DIMSTYLE
  5
10F
330
0
100
AcDbSymbolTable
 70
     1
100
AcDbDimStyleTable
 71
     0
  0
DIMSTYLE
105
12D
330
10F
100
AcDbSymbolTableRecord
100
AcDbDimStyleTableRecord
  2
ISO-25
 70
     0
 41
2.5
 42
0.625
 43
3.75
 44
1.25
 73
     0
 74
     0
 77
     1
 78
     8
140
2.5
141
2.5
143
0.03937007874016
147
0.625
171
     3
172
     1
274
     3
279
     2
284
     8
285
     8
286
     8
340
116
  0
ENDTAB
  0
TABLE
  2
BLOCK_RECORD
  5
106
330
0
100
AcDbSymbolTable
 70
     2
  0
BLOCK_RECORD
  5
127
330
106
100
AcDbSymbolTableRecord
100
AcDbBlockTableRecord
  2
*Model_Space
340
12A
  0
BLOCK_RECORD
  5
123
330
106
100
AcDbSymbolTableRecord
100
AcDbBlockTableRecord
  2
*Paper_Space
340
126
  0
BLOCK_RECORD
  5
130
330
106
100
AcDbSymbolTableRecord
100
AcDbBlockTableRecord
  2
$MODEL_SPACE
340
0
  0
BLOCK_RECORD
  5
132
330
106
100
AcDbSymbolTableRecord
100
AcDbBlockTableRecord
  2
$PAPER_SPACE
340
0
       0
BLOCK_RECORD
       5
2000
     330
106
     100
AcDbSymbolTableRecord
     100
AcDbBlockTableRecord
       2
Part772736127
       0
BLOCK_RECORD
       5
2001
     330
106
     100
AcDbSymbolTableRecord
     100
AcDbBlockTableRecord
       2
Part1965034596
       0
BLOCK_RECORD
       5
2002
     330
106
     100
AcDbSymbolTableRecord
     100
AcDbBlockTableRecord
       2
Part1704100610
       0
BLOCK_RECORD
       5
2003
     330
106
     100
AcDbSymbolTableRecord
     100
AcDbBlockTableRecord
       2
Part1597019131
       0
BLOCK_RECORD
       5
2004
     330
106
     100
AcDbSymbolTableRecord
     100
AcDbBlockTableRecord
       2
Part998661393
       0
BLOCK_RECORD
       5
2005
     330
106
     100
AcDbSymbolTableRecord
     100
AcDbBlockTableRecord
       2
Part1743427848
       0
BLOCK_RECORD
       5
2006
     330
106
     100
AcDbSymbolTableRecord
     100
AcDbBlockTableRecord
       2
Part1932540081
       0
BLOCK_RECORD
       5
2007
     330
106
     100
AcDbSymbolTableRecord
     100
AcDbBlockTableRecord
       2
Part1883483843
       0
BLOCK_RECORD
       5
2008
     330
106
     100
AcDbSymbolTableRecord
     100
AcDbBlockTableRecord
       2
Part278278128
       0
BLOCK_RECORD
       5
2009
     330
106
     100
AcDbSymbolTableRecord
     100
AcDbBlockTableRecord
       2
Part1150866557
       0
BLOCK_RECORD
       5
200A
     330
106
     100
AcDbSymbolTableRecord
     100
AcDbBlockTableRecord
       2
Part315220783
       0
BLOCK_RECORD
       5
200B
     330
106
     100
AcDbSymbolTableRecord
     100
AcDbBlockTableRecord
       2
Part1193996722
       0
BLOCK_RECORD
       5
200C
     330
106
     100
AcDbSymbolTableRecord
     100
AcDbBlockTableRecord
       2
Part947723894
       0
BLOCK_RECORD
       5
200D
     330
106
     100
AcDbSymbolTableRecord
     100
AcDbBlockTableRecord
       2
Part1746981867
       0
BLOCK_RECORD
       5
200E
     330
106
     100
AcDbSymbolTableRecord
     100
AcDbBlockTableRecord
       2
Part1781340505
       0
BLOCK_RECORD
       5
200F
     330
106
     100
AcDbSymbolTableRecord
     100
AcDbBlockTableRecord
       2
Part1171960400
       0
BLOCK_RECORD
       5
2010
     330
106
     100
AcDbSymbolTableRecord
     100
AcDbBlockTableRecord
       2
Part831765462
       0
BLOCK_RECORD
       5
2011
     330
106
     100
AcDbSymbolTableRecord
     100
AcDbBlockTableRecord
       2
Part1027717223
       0
BLOCK_RECORD
       5
2012
     330
106
     100
AcDbSymbolTableRecord
     100
AcDbBlockTableRecord
       2
Part1628856280
       0
BLOCK_RECORD
       5
2013
     330
106
     100
AcDbSymbolTableRecord
     100
AcDbBlockTableRecord
       2
Part2035160478
       0
BLOCK_RECORD
       5
2014
     330
106
     100
AcDbSymbolTableRecord
     100
AcDbBlockTableRecord
       2
Part1925720260
       0
BLOCK_RECORD
       5
2015
     330
106
     100
AcDbSymbolTableRecord
     100
AcDbBlockTableRecord
       2
Part2021573954
       0
BLOCK_RECORD
       5
2016
     330
106
     100
AcDbSymbolTableRecord
     100
AcDbBlockTableRecord
       2
Part2051565134
       0
BLOCK_RECORD
       5
2017
     330
106
     100
AcDbSymbolTableRecord
     100
AcDbBlockTableRecord
       2
Part1828526655
       0
BLOCK_RECORD
       5
2018
     330
106
     100
AcDbSymbolTableRecord
     100
AcDbBlockTableRecord
       2
Part967312703
       0
BLOCK_RECORD
       5
2019
     330
106
     100
AcDbSymbolTableRecord
     100
AcDbBlockTableRecord
       2
Part1185179674
       0
BLOCK_RECORD
       5
201A
     330
106
     100
AcDbSymbolTableRecord
     100
AcDbBlockTableRecord
       2
Part2020617157
       0
BLOCK_RECORD
       5
201B
     330
106
     100
AcDbSymbolTableRecord
     100
AcDbBlockTableRecord
       2
Part1123497184
       0
BLOCK_RECORD
       5
201C
     330
106
     100
AcDbSymbolTableRecord
     100
AcDbBlockTableRecord
       2
Part1722219917
       0
BLOCK_RECORD
       5
201D
     330
106
     100
AcDbSymbolTableRecord
     100
AcDbBlockTableRecord
       2
Part1136670345
       0
BLOCK_RECORD
       5
201E
     330
106
     100
AcDbSymbolTableRecord
     100
AcDbBlockTableRecord
       2
Part1181491223
       0
BLOCK_RECORD
       5
201F
     330
106
     100
AcDbSymbolTableRecord
     100
AcDbBlockTableRecord
       2
Part2097295216
       0
BLOCK_RECORD
       5
2020
     330
106
     100
AcDbSymbolTableRecord
     100
AcDbBlockTableRecord
       2
Part1992369532
       0
BLOCK_RECORD
       5
2021
     330
106
     100
AcDbSymbolTableRecord
     100
AcDbBlockTableRecord
       2
Part211613949
       0
BLOCK_RECORD
       5
2022
     330
106
     100
AcDbSymbolTableRecord
     100
AcDbBlockTableRecord
       2
Part420311863
       0
BLOCK_RECORD
       5
2023
     330
106
     100
AcDbSymbolTableRecord
     100
AcDbBlockTableRecord
       2
Part1667207923
       0
BLOCK_RECORD
       5
2024
     330
106
     100
AcDbSymbolTableRecord
     100
AcDbBlockTableRecord
       2
Part997558067
       0
BLOCK_RECORD
       5
2025
     330
106
     100
AcDbSymbolTableRecord
     100
AcDbBlockTableRecord
       2
Part345634821
       0
BLOCK_RECORD
       5
2026
     330
106
     100
AcDbSymbolTableRecord
     100
AcDbBlockTableRecord
       2
Part991227934
       0
BLOCK_RECORD
       5
2027
     330
106
     100
AcDbSymbolTableRecord
     100
AcDbBlockTableRecord
       2
Part753926666
       0
BLOCK_RECORD
       5
2028
     330
106
     100
AcDbSymbolTableRecord
     100
AcDbBlockTableRecord
       2
Part413020673
       0
BLOCK_RECORD
       5
2029
     330
106
     100
AcDbSymbolTableRecord
     100
AcDbBlockTableRecord
       2
Part1701659258
       0
BLOCK_RECORD
       5
202A
     330
106
     100
AcDbSymbolTableRecord
     100
AcDbBlockTableRecord
       2
Part101807156
       0
BLOCK_RECORD
       5
202B
     330
106
     100
AcDbSymbolTableRecord
     100
AcDbBlockTableRecord
       2
Part1747741336
  0
ENDTAB
  0
ENDSEC
  0
SECTION
  2
BLOCKS
  0
BLOCK
  5
128
330
127
100
AcDbEntity
  8
0
100
AcDbBlockBegin
  2
*Model_Space
 70
     0
 10
0.0
 20
0.0
 30
0.0
  3
*Model_Space
  1

  0
ENDBLK
  5
129
330
127
100
AcDbEntity
  8
0
100
AcDbBlockEnd
  0
BLOCK
  5
124
330
123
100
AcDbEntity
 67
     1
  8
0
100
AcDbBlockBegin
  2
*Paper_Space
 70
     0
 10
0.0
 20
0.0
 30
0.0
  3
*Paper_Space
  1

  0
ENDBLK
  5
125
330
123
100
AcDbEntity
 67
     1
  8
0
100
AcDbBlockEnd
  0
BLOCK
  5
131
330
130
100
AcDbEntity
  8
0
100
AcDbBlockBegin
  2
$MODEL_SPACE
 70
     0
 10
0.0
 20
0.0
 30
0.0
  3
$MODEL_SPACE
  1

  0
ENDBLK
  5
21
330
130
100
AcDbEntity
  8
0
100
AcDbBlockEnd
  0
BLOCK
  5
133
330
132
100
AcDbEntity
  8
0
100
AcDbBlockBegin
  2
$PAPER_SPACE
 70
     0
 10
0.0
 20
0.0
 30
0.0
  3
$PAPER_SPACE
  1

  0
ENDBLK
  5
D5
330
132
100
AcDbEntity
  8
0
100
AcDbBlockEnd
       0
BLOCK
       5
202C
     330
2000
     100
AcDbEntity
       8
0
     100
AcDbBlockBegin
       2
Part772736127
      70
0
      10
-32.5
      20
-32.5
      30
0
       3
Part772736127
       1

       4
CypCutBlock
       0
CIRCLE
       5
202D
     100
AcDbEntity
       8
1
     100
AcDbCircle
      10
0
      20
0
      30
0
      40
30.25
    1001
FS_CYPCUT
    1000
Channel
    1070
1
    1000
LeadIn
    1002
{
    1070
3
    1040
0
    1040
1.5707963267949
    1040
1
    1040
1
    1070
0
    1040
0.5
    1070
0
    1002
}
    1000
LeadOut
    1002
{
    1070
0
    1040
0
    1040
0
    1040
0
    1070
0
    1002
}
    1000
IsFill
    1070
0
    1000
PathStart
    1040
0
    1000
ToolCompensation
    1002
{
    1070
0
    1040
0
    1070
0
    1002
}
       0
CIRCLE
       5
202E
     100
AcDbEntity
       8
1
     100
AcDbCircle
      10
0
      20
0
      30
0
      40
32.5
    1001
FS_CYPCUT
    1000
Channel
    1070
1
    1000
LeadIn
    1002
{
    1070
3
    1040
0.000458315137646714
    1040
1.5707963267949
    1040
1
    1040
1
    1070
0
    1040
0.5
    1070
0
    1002
}
    1000
LeadOut
    1002
{
    1070
0
    1040
0
    1040
0
    1040
0
    1070
0
    1002
}
    1000
IsFill
    1070
1
    1000
PathStart
    1040
0
    1000
ToolCompensation
    1002
{
    1070
0
    1040
0
    1070
0
    1002
}
    1000
MicroConnect
    1002
{
    1070
2
    1040
0.498909915
    1041
0.8
    1042
0
    1040
0.996540655
    1041
0.8
    1042
0
    1002
}
       0
ENDBLK
       5
202F
     330
2000
     100
AcDbEntity
       8
0
     100
AcDbBlockEnd
       0
BLOCK
       5
2030
     330
2001
     100
AcDbEntity
       8
0
     100
AcDbBlockBegin
       2
Part1965034596
      70
0
      10
-105
      20
-78.79375
      30
0
       3
Part1965034596
       1

       4
CypCutBlock
       0
CIRCLE
       5
2031
     100
AcDbEntity
       8
1
     100
AcDbCircle
      10
-94
      20
-36
      30
0
      40
4.25
    1001
FS_CYPCUT
    1000
Channel
    1070
1
    1000
LeadIn
    1002
{
    1070
3
    1040
1.94289029309402E-16
    1040
1.5707963267949
    1040
2
    1040
1
    1070
0
    1040
0.5
    1070
0
    1002
}
    1000
LeadOut
    1002
{
    1070
0
    1040
0
    1040
0
    1040
0
    1070
0
    1002
}
    1000
IsFill
    1070
0
    1000
PathStart
    1040
1.94289029309402E-16
    1000
ToolCompensation
    1002
{
    1070
0
    1040
0
    1070
0
    1002
}
       0
CIRCLE
       5
2032
     100
AcDbEntity
       8
1
     100
AcDbCircle
      10
-94
      20
36
      30
0
      40
4.24999999999999
    1001
FS_CYPCUT
    1000
Channel
    1070
1
    1000
LeadIn
    1002
{
    1070
3
    1040
0
    1040
1.5707963267949
    1040
2
    1040
1
    1070
0
    1040
0.5
    1070
0
    1002
}
    1000
LeadOut
    1002
{
    1070
0
    1040
0
    1040
0
    1040
0
    1070
0
    1002
}
    1000
IsFill
    1070
0
    1000
PathStart
    1040
0
    1000
ToolCompensation
    1002
{
    1070
0
    1040
0
    1070
0
    1002
}
       0
CIRCLE
       5
2033
     100
AcDbEntity
       8
1
     100
AcDbCircle
      10
-22
      20
36
      30
0
      40
4.24999999999999
    1001
FS_CYPCUT
    1000
Channel
    1070
1
    1000
LeadIn
    1002
{
    1070
3
    1040
0
    1040
1.5707963267949
    1040
2
    1040
1
    1070
0
    1040
0.5
    1070
0
    1002
}
    1000
LeadOut
    1002
{
    1070
0
    1040
0
    1040
0
    1040
0
    1070
0
    1002
}
    1000
IsFill
    1070
0
    1000
PathStart
    1040
0
    1000
ToolCompensation
    1002
{
    1070
0
    1040
0
    1070
0
    1002
}
       0
CIRCLE
       5
2034
     100
AcDbEntity
       8
1
     100
AcDbCircle
      10
-22
      20
-36
      30
0
      40
4.25
    1001
FS_CYPCUT
    1000
Channel
    1070
1
    1000
LeadIn
    1002
{
    1070
3
    1040
1.11022302462516E-16
    1040
1.5707963267949
    1040
2
    1040
1
    1070
0
    1040
0.5
    1070
0
    1002
}
    1000
LeadOut
    1002
{
    1070
0
    1040
0
    1040
0
    1040
0
    1070
0
    1002
}
    1000
IsFill
    1070
0
    1000
PathStart
    1040
1.11022302462516E-16
    1000
ToolCompensation
    1002
{
    1070
0
    1040
0
    1070
0
    1002
}
       0
CIRCLE
       5
2035
     100
AcDbEntity
       8
1
     100
AcDbCircle
      10
-7
      20
-55
      30
0
      40
4.25
    1001
FS_CYPCUT
    1000
Channel
    1070
1
    1000
LeadIn
    1002
{
    1070
3
    1040
5.55111512312578E-17
    1040
1.5707963267949
    1040
2
    1040
1
    1070
0
    1040
0.5
    1070
0
    1002
}
    1000
LeadOut
    1002
{
    1070
0
    1040
0
    1040
0
    1040
0
    1070
0
    1002
}
    1000
IsFill
    1070
0
    1000
PathStart
    1040
5.55111512312578E-17
    1000
ToolCompensation
    1002
{
    1070
0
    1040
0
    1070
0
    1002
}
       0
CIRCLE
       5
2036
     100
AcDbEntity
       8
1
     100
AcDbCircle
      10
-7
      20
55
      30
0
      40
4.25
    1001
FS_CYPCUT
    1000
Channel
    1070
1
    1000
LeadIn
    1002
{
    1070
3
    1040
5.55111512312578E-17
    1040
1.5707963267949
    1040
2
    1040
1
    1070
0
    1040
0.5
    1070
0
    1002
}
    1000
LeadOut
    1002
{
    1070
0
    1040
0
    1040
0
    1040
0
    1070
0
    1002
}
    1000
IsFill
    1070
0
    1000
PathStart
    1040
5.55111512312578E-17
    1000
ToolCompensation
    1002
{
    1070
0
    1040
0
    1070
0
    1002
}
       0
LWPOLYLINE
       5
2037
     100
AcDbEntity
       8
1
     100
AcDbPolyline
      90
4
      70
1
      10
40.5
      20
46.8
      42
0
      10
40.5
      20
40.2
      42
0
      10
19.5
      20
40.2
      42
0
      10
19.5
      20
46.8
      42
0
    1001
FS_CYPCUT
    1000
Channel
    1070
1
    1000
LeadIn
    1002
{
    1070
3
    1040
1.5
    1040
1.5707963267949
    1040
2
    1040
1
    1070
0
    1040
0.5
    1070
0
    1002
}
    1000
LeadOut
    1002
{
    1070
0
    1040
0
    1040
0
    1040
0
    1070
0
    1002
}
    1000
IsFill
    1070
0
    1000
PathStart
    1040
1.5
    1000
ToolCompensation
    1002
{
    1070
0
    1040
0
    1070
0
    1002
}
       0
LWPOLYLINE
       5
2038
     100
AcDbEntity
       8
1
     100
AcDbPolyline
      90
4
      70
1
      10
40.5
      20
-40.2
      42
0
      10
19.5
      20
-40.2
      42
0
      10
19.5
      20
-46.8
      42
0
      10
40.5
      20
-46.8
      42
0
    1001
FS_CYPCUT
    1000
Channel
    1070
1
    1000
LeadIn
    1002
{
    1070
3
    1040
0.5
    1040
1.5707963267949
    1040
2
    1040
1
    1070
0
    1040
0.5
    1070
0
    1002
}
    1000
LeadOut
    1002
{
    1070
0
    1040
0
    1040
0
    1040
0
    1070
0
    1002
}
    1000
IsFill
    1070
0
    1000
PathStart
    1040
0.5
    1000
ToolCompensation
    1002
{
    1070
0
    1040
0
    1070
0
    1002
}
       0
CIRCLE
       5
2039
     100
AcDbEntity
       8
1
     100
AcDbCircle
      10
75
      20
-55
      30
0
      40
4.24999999999999
    1001
FS_CYPCUT
    1000
Channel
    1070
1
    1000
LeadIn
    1002
{
    1070
3
    1040
0
    1040
1.5707963267949
    1040
2
    1040
1
    1070
0
    1040
0.5
    1070
0
    1002
}
    1000
LeadOut
    1002
{
    1070
0
    1040
0
    1040
0
    1040
0
    1070
0
    1002
}
    1000
IsFill
    1070
0
    1000
PathStart
    1040
0
    1000
ToolCompensation
    1002
{
    1070
0
    1040
0
    1070
0
    1002
}
       0
CIRCLE
       5
203A
     100
AcDbEntity
       8
1
     100
AcDbCircle
      10
75
      20
55
      30
0
      40
4.24999999999999
    1001
FS_CYPCUT
    1000
Channel
    1070
1
    1000
LeadIn
    1002
{
    1070
3
    1040
0
    1040
1.5707963267949
    1040
2
    1040
1
    1070
0
    1040
0.5
    1070
0
    1002
}
    1000
LeadOut
    1002
{
    1070
0
    1040
0
    1040
0
    1040
0
    1070
0
    1002
}
    1000
IsFill
    1070
0
    1000
PathStart
    1040
0
    1000
ToolCompensation
    1002
{
    1070
0
    1040
0
    1070
0
    1002
}
       0
LWPOLYLINE
       5
203B
     100
AcDbEntity
       8
1
     100
AcDbPolyline
      90
16
      70
1
      10
90
      20
73.79375
      42
0.414213562373101
      10
85
      20
78.79375
      42
0
      10
-28
      20
78.79375
      42
0.414213562373095
      10
-33
      20
73.79375
      42
0
      10
-33
      20
52
      42
-0.414213562373095
      10
-38
      20
47
      42
0
      10
-100
      20
47
      42
0.414213562373092
      10
-105
      20
42
      42
0
      10
-105
      20
-42
      42
0.414213562373099
      10
-100
      20
-47
      42
0
      10
-38
      20
-47
      42
-0.414213562373095
      10
-33
      20
-52
      42
0
      10
-33
      20
-73.79375
      42
0.414213562373095
      10
-28
      20
-78.79375
      42
0
      10
85
      20
-78.79375
      42
0.414213562373092
      10
90
      20
-73.79375
      42
0
    1001
FS_CYPCUT
    1000
Channel
    1070
1
    1000
LeadIn
    1002
{
    1070
3
    1040
15.5
    1040
1.5707963267949
    1040
2
    1040
1
    1070
0
    1040
0.5
    1070
0
    1002
}
    1000
LeadOut
    1002
{
    1070
0
    1040
0
    1040
0
    1040
0
    1070
0
    1002
}
    1000
IsFill
    1070
1
    1000
PathStart
    1040
15.5
    1000
ToolCompensation
    1002
{
    1070
0
    1040
0
    1070
0
    1002
}
    1000
MicroConnect
    1002
{
    1070
2
    1040
1.48978074
    1041
0.8
    1042
0
    1040
9.55376705
    1041
0.8
    1042
0
    1002
}
       0
ENDBLK
       5
203C
     330
2001
     100
AcDbEntity
       8
0
     100
AcDbBlockEnd
       0
BLOCK
       5
203D
     330
2002
     100
AcDbEntity
       8
0
     100
AcDbBlockBegin
       2
Part1704100610
      70
0
      10
-189.73666
      20
-204.851488
      30
0
       3
Part1704100610
       1

       4
CypCutBlock
       0
CIRCLE
       5
203E
     100
AcDbEntity
       8
1
     100
AcDbCircle
      10
-167.3320053068
      20
-90
      30
0
      40
6.00000000000001
    1001
FS_CYPCUT
    1000
Channel
    1070
1
    1000
LeadIn
    1002
{
    1070
3
    1040
0
    1040
1.5707963267949
    1040
0.5
    1040
0.5
    1070
0
    1040
0.5
    1070
0
    1002
}
    1000
LeadOut
    1002
{
    1070
0
    1040
0
    1040
0
    1040
0
    1070
0
    1002
}
    1000
IsFill
    1070
0
    1000
PathStart
    1040
0
    1000
ToolCompensation
    1002
{
    1070
0
    1040
0
    1070
0
    1002
}
       0
CIRCLE
       5
203F
     100
AcDbEntity
       8
1
     100
AcDbCircle
      10
-80
      20
-172.3368793961
      30
0
      40
6
    1001
FS_CYPCUT
    1000
Channel
    1070
1
    1000
LeadIn
    1002
{
    1070
3
    1040
0
    1040
1.5707963267949
    1040
0.5
    1040
0.5
    1070
0
    1040
0.5
    1070
0
    1002
}
    1000
LeadOut
    1002
{
    1070
0
    1040
0
    1040
0
    1040
0
    1070
0
    1002
}
    1000
IsFill
    1070
0
    1000
PathStart
    1040
0
    1000
ToolCompensation
    1002
{
    1070
0
    1040
0
    1070
0
    1002
}
       0
CIRCLE
       5
2040
     100
AcDbEntity
       8
1
     100
AcDbCircle
      10
80
      20
-172.3368793961
      30
0
      40
6.00000000000003
    1001
FS_CYPCUT
    1000
Channel
    1070
1
    1000
LeadIn
    1002
{
    1070
3
    1040
0
    1040
1.5707963267949
    1040
0.5
    1040
0.5
    1070
0
    1040
0.5
    1070
0
    1002
}
    1000
LeadOut
    1002
{
    1070
0
    1040
0
    1040
0
    1040
0
    1070
0
    1002
}
    1000
IsFill
    1070
0
    1000
PathStart
    1040
1
    1000
ToolCompensation
    1002
{
    1070
0
    1040
0
    1070
0
    1002
}
       0
CIRCLE
       5
2041
     100
AcDbEntity
       8
1
     100
AcDbCircle
      10
167.3320053068
      20
-90
      30
0
      40
6.00000000000001
    1001
FS_CYPCUT
    1000
Channel
    1070
1
    1000
LeadIn
    1002
{
    1070
3
    1040
0
    1040
1.5707963267949
    1040
0.5
    1040
0.5
    1070
0
    1040
0.5
    1070
0
    1002
}
    1000
LeadOut
    1002
{
    1070
0
    1040
0
    1040
0
    1040
0
    1070
0
    1002
}
    1000
IsFill
    1070
0
    1000
PathStart
    1040
0
    1000
ToolCompensation
    1002
{
    1070
0
    1040
0
    1070
0
    1002
}
       0
LWPOLYLINE
       5
2042
     100
AcDbEntity
       8
1
     100
AcDbPolyline
      90
12
      70
1
      10
133
      20
0
      42
0
      10
129.965380005602
      20
2.99999999992765
      42
0.400905769486172
      10
2.93378322918637
      20
129.966891614611
      42
0
      10
0
      20
133
      42
0
      10
-2.99999999992764
      20
129.965380005602
      42
0.400905769486172
      10
-129.966891614611
      20
2.93378322918637
      42
0
      10
-133
      20
0
      42
0
      10
-129.965380005602
      20
-2.99999999992766
      42
0.400905769486172
      10
-2.93378322918632
      20
-129.966891614611
      42
0
      10
0
      20
-133
      42
0
      10
2.99999999992765
      20
-129.965380005602
      42
0.400905769486172
      10
129.966891614611
      20
-2.93378322918633
      42
0
    1001
FS_CYPCUT
    1000
Channel
    1070
1
    1000
LeadIn
    1002
{
    1070
3
    1040
0
    1040
1.5707963267949
    1040
0.5
    1040
0.5
    1070
0
    1040
0.5
    1070
0
    1002
}
    1000
LeadOut
    1002
{
    1070
0
    1040
0
    1040
0
    1040
0
    1070
0
    1002
}
    1000
IsFill
    1070
0
    1000
PathStart
    1040
0
    1000
ToolCompensation
    1002
{
    1070
0
    1040
0
    1070
0
    1002
}
    1000
MicroConnect
    1002
{
    1070
2
    1040
4.4048366
    1041
0.6
    1042
0
    1040
10.5409315
    1041
0.6
    1042
0
    1002
}
       0
CIRCLE
       5
2043
     100
AcDbEntity
       8
1
     100
AcDbCircle
      10
167.3320053068
      20
90
      30
0
      40
6.00000000000003
    1001
FS_CYPCUT
    1000
Channel
    1070
1
    1000
LeadIn
    1002
{
    1070
3
    1040
0
    1040
1.5707963267949
    1040
0.5
    1040
0.5
    1070
0
    1040
0.5
    1070
0
    1002
}
    1000
LeadOut
    1002
{
    1070
0
    1040
0
    1040
0
    1040
0
    1070
0
    1002
}
    1000
IsFill
    1070
0
    1000
PathStart
    1040
1
    1000
ToolCompensation
    1002
{
    1070
0
    1040
0
    1070
0
    1002
}
       0
CIRCLE
       5
2044
     100
AcDbEntity
       8
1
     100
AcDbCircle
      10
80
      20
172.3368793961
      30
0
      40
6.00000000000003
    1001
FS_CYPCUT
    1000
Channel
    1070
1
    1000
LeadIn
    1002
{
    1070
3
    1040
0
    1040
1.5707963267949
    1040
0.5
    1040
0.5
    1070
0
    1040
0.5
    1070
0
    1002
}
    1000
LeadOut
    1002
{
    1070
0
    1040
0
    1040
0
    1040
0
    1070
0
    1002
}
    1000
IsFill
    1070
0
    1000
PathStart
    1040
1
    1000
ToolCompensation
    1002
{
    1070
0
    1040
0
    1070
0
    1002
}
       0
CIRCLE
       5
2045
     100
AcDbEntity
       8
1
     100
AcDbCircle
      10
-80
      20
172.3368793961
      30
0
      40
6
    1001
FS_CYPCUT
    1000
Channel
    1070
1
    1000
LeadIn
    1002
{
    1070
3
    1040
0
    1040
1.5707963267949
    1040
0.5
    1040
0.5
    1070
0
    1040
0.5
    1070
0
    1002
}
    1000
LeadOut
    1002
{
    1070
0
    1040
0
    1040
0
    1040
0
    1070
0
    1002
}
    1000
IsFill
    1070
0
    1000
PathStart
    1040
0
    1000
ToolCompensation
    1002
{
    1070
0
    1040
0
    1070
0
    1002
}
       0
CIRCLE
       5
2046
     100
AcDbEntity
       8
1
     100
AcDbCircle
      10
-167.3320053068
      20
90
      30
0
      40
6.00000000000003
    1001
FS_CYPCUT
    1000
Channel
    1070
1
    1000
LeadIn
    1002
{
    1070
3
    1040
0
    1040
1.5707963267949
    1040
0.5
    1040
0.5
    1070
0
    1040
0.5
    1070
0
    1002
}
    1000
LeadOut
    1002
{
    1070
0
    1040
0
    1040
0
    1040
0
    1070
0
    1002
}
    1000
IsFill
    1070
0
    1000
PathStart
    1040
1
    1000
ToolCompensation
    1002
{
    1070
0
    1040
0
    1070
0
    1002
}
       0
LWPOLYLINE
       5
2047
     100
AcDbEntity
       8
1
     100
AcDbPolyline
      90
32
      70
1
      10
204.309539385929
      20
48.5552480779315
      42
0.0650617347831467
      10
184.971948251399
      20
99.4252400554387
      42
0.213966066915621
      10
172.00150119253
      20
109.409070233091
      42
-0.298626276793073
      10
119.338404129656
      20
165.267075854709
      42
0.213966066916076
      10
110.13491558279
      20
178.802405938991
      42
0.0650617347831469
      10
60.490657473481
      20
201.099180402143
      42
0.213966066915617
      10
44.259532382469
      20
198.987323352667
      42
-0.298626276792599
      10
-32.4764752276682
      20
201.246464859809
      42
0.213966066915617
      10
-48.5552480779314
      20
204.309539385929
      42
0.0650617347831463
      10
-99.4252400555704
      20
184.971948251343
      42
0.213966066915617
      10
-109.409070233131
      20
172.00150119262
      42
-0.298626276792598
      10
-165.267075854743
      20
119.33840412965
      42
0.213966066915619
      10
-178.802405938918
      20
110.134915582913
      42
0.0182533898099952
      10
-186.359436211776
      20
96.7995895385324
      42
0.120342421892805
      10
-189.7366596101
      20
82.9710767473
      42
0
      10
-189.7366596101
      20
-82.9710767473
      42
0.120342421892803
      10
-186.359436211729
      20
-96.7995895386266
      42
0.00353541042897202
      10
-184.971948251399
      20
-99.4252400554388
      42
0.213966066915616
      10
-172.00150119262
      20
-109.409070233031
      42
-0.298626276793075
      10
-119.338404129702
      20
-165.26707585467
      42
0.213966066915621
      10
-110.134915583043
      20
-178.8024059389
      42
0.0650617347835846
      10
-60.490657473481
      20
-201.099180402143
      42
0.213966066915615
      10
-44.2595323824586
      20
-198.987323352715
      42
-0.298626276793075
      10
32.4764752276684
      20
-201.246464859879
      42
0.213966066915617
      10
48.5552480775748
      20
-204.309539386014
      42
0.0650617347835856
      10
99.4252400554704
      20
-184.971948251343
      42
0.213966066915618
      10
109.409070233091
      20
-172.00150119263
      42
-0.298626276793074
      10
165.267075854709
      20
-119.338404129657
      42
0.213966066915616
      10
178.8024059389
      20
-110.134915582943
      42
0.0650617347835846
      10
201.099180402153
      20
-60.4906574735506
      42
0.213966066915619
      10
198.987323352667
      20
-44.259532382469
      42
-0.298626276793074
      10
201.246464859879
      20
32.4764752276684
      42
0.213966066916073
    1001
FS_CYPCUT
    1000
Channel
    1070
1
    1000
LeadIn
    1002
{
    1070
3
    1040
14.5036157178111
    1040
1.5707963267949
    1040
0.5
    1040
0.5
    1070
0
    1040
0.5
    1070
0
    1002
}
    1000
LeadOut
    1002
{
    1070
0
    1040
0
    1040
0
    1040
0
    1070
0
    1002
}
    1000
IsFill
    1070
1
    1000
PathStart
    1040
14.5
    1000
ToolCompensation
    1002
{
    1070
0
    1040
0
    1070
0
    1002
}
    1000
MicroConnect
    1002
{
    1070
3
    1040
4.5
    1041
0.6
    1042
0
    1040
14.5
    1041
0.6
    1042
0
    1040
24.5
    1041
0.6
    1042
0
    1002
}
       0
ENDBLK
       5
2048
     330
2002
     100
AcDbEntity
       8
0
     100
AcDbBlockEnd
       0
BLOCK
       5
2049
     330
2003
     100
AcDbEntity
       8
0
     100
AcDbBlockBegin
       2
Part1597019131
      70
0
      10
-105
      20
-78.79375
      30
0
       3
Part1597019131
       1

       4
CypCutBlock
       0
CIRCLE
       5
204A
     100
AcDbEntity
       8
1
     100
AcDbCircle
      10
-94
      20
-36
      30
0
      40
4.25
    1001
FS_CYPCUT
    1000
Channel
    1070
1
    1000
LeadIn
    1002
{
    1070
3
    1040
1.94289029309402E-16
    1040
1.5707963267949
    1040
2
    1040
1
    1070
0
    1040
0.5
    1070
0
    1002
}
    1000
LeadOut
    1002
{
    1070
0
    1040
0
    1040
0
    1040
0
    1070
0
    1002
}
    1000
IsFill
    1070
0
    1000
PathStart
    1040
1.94289029309402E-16
    1000
ToolCompensation
    1002
{
    1070
0
    1040
0
    1070
0
    1002
}
       0
CIRCLE
       5
204B
     100
AcDbEntity
       8
1
     100
AcDbCircle
      10
-94
      20
36
      30
0
      40
4.24999999999999
    1001
FS_CYPCUT
    1000
Channel
    1070
1
    1000
LeadIn
    1002
{
    1070
3
    1040
0
    1040
1.5707963267949
    1040
2
    1040
1
    1070
0
    1040
0.5
    1070
0
    1002
}
    1000
LeadOut
    1002
{
    1070
0
    1040
0
    1040
0
    1040
0
    1070
0
    1002
}
    1000
IsFill
    1070
0
    1000
PathStart
    1040
0
    1000
ToolCompensation
    1002
{
    1070
0
    1040
0
    1070
0
    1002
}
       0
CIRCLE
       5
204C
     100
AcDbEntity
       8
1
     100
AcDbCircle
      10
-22
      20
36
      30
0
      40
4.24999999999999
    1001
FS_CYPCUT
    1000
Channel
    1070
1
    1000
LeadIn
    1002
{
    1070
3
    1040
0
    1040
1.5707963267949
    1040
2
    1040
1
    1070
0
    1040
0.5
    1070
0
    1002
}
    1000
LeadOut
    1002
{
    1070
0
    1040
0
    1040
0
    1040
0
    1070
0
    1002
}
    1000
IsFill
    1070
0
    1000
PathStart
    1040
0
    1000
ToolCompensation
    1002
{
    1070
0
    1040
0
    1070
0
    1002
}
       0
CIRCLE
       5
204D
     100
AcDbEntity
       8
1
     100
AcDbCircle
      10
-22
      20
-36
      30
0
      40
4.25
    1001
FS_CYPCUT
    1000
Channel
    1070
1
    1000
LeadIn
    1002
{
    1070
3
    1040
1.11022302462516E-16
    1040
1.5707963267949
    1040
2
    1040
1
    1070
0
    1040
0.5
    1070
0
    1002
}
    1000
LeadOut
    1002
{
    1070
0
    1040
0
    1040
0
    1040
0
    1070
0
    1002
}
    1000
IsFill
    1070
0
    1000
PathStart
    1040
1.11022302462516E-16
    1000
ToolCompensation
    1002
{
    1070
0
    1040
0
    1070
0
    1002
}
       0
CIRCLE
       5
204E
     100
AcDbEntity
       8
1
     100
AcDbCircle
      10
-7
      20
-55
      30
0
      40
4.25
    1001
FS_CYPCUT
    1000
Channel
    1070
1
    1000
LeadIn
    1002
{
    1070
3
    1040
5.55111512312578E-17
    1040
1.5707963267949
    1040
2
    1040
1
    1070
0
    1040
0.5
    1070
0
    1002
}
    1000
LeadOut
    1002
{
    1070
0
    1040
0
    1040
0
    1040
0
    1070
0
    1002
}
    1000
IsFill
    1070
0
    1000
PathStart
    1040
5.55111512312578E-17
    1000
ToolCompensation
    1002
{
    1070
0
    1040
0
    1070
0
    1002
}
       0
CIRCLE
       5
204F
     100
AcDbEntity
       8
1
     100
AcDbCircle
      10
-7
      20
55
      30
0
      40
4.25
    1001
FS_CYPCUT
    1000
Channel
    1070
1
    1000
LeadIn
    1002
{
    1070
3
    1040
5.55111512312578E-17
    1040
1.5707963267949
    1040
2
    1040
1
    1070
0
    1040
0.5
    1070
0
    1002
}
    1000
LeadOut
    1002
{
    1070
0
    1040
0
    1040
0
    1040
0
    1070
0
    1002
}
    1000
IsFill
    1070
0
    1000
PathStart
    1040
5.55111512312578E-17
    1000
ToolCompensation
    1002
{
    1070
0
    1040
0
    1070
0
    1002
}
       0
LWPOLYLINE
       5
2050
     100
AcDbEntity
       8
1
     100
AcDbPolyline
      90
4
      70
1
      10
40.5
      20
46.8
      42
0
      10
40.5
      20
40.2
      42
0
      10
19.5
      20
40.2
      42
0
      10
19.5
      20
46.8
      42
0
    1001
FS_CYPCUT
    1000
Channel
    1070
1
    1000
LeadIn
    1002
{
    1070
3
    1040
1.5
    1040
1.5707963267949
    1040
2
    1040
1
    1070
0
    1040
0.5
    1070
0
    1002
}
    1000
LeadOut
    1002
{
    1070
0
    1040
0
    1040
0
    1040
0
    1070
0
    1002
}
    1000
IsFill
    1070
0
    1000
PathStart
    1040
1.5
    1000
ToolCompensation
    1002
{
    1070
0
    1040
0
    1070
0
    1002
}
       0
LWPOLYLINE
       5
2051
     100
AcDbEntity
       8
1
     100
AcDbPolyline
      90
4
      70
1
      10
40.5
      20
-40.2
      42
0
      10
19.5
      20
-40.2
      42
0
      10
19.5
      20
-46.8
      42
0
      10
40.5
      20
-46.8
      42
0
    1001
FS_CYPCUT
    1000
Channel
    1070
1
    1000
LeadIn
    1002
{
    1070
3
    1040
0.5
    1040
1.5707963267949
    1040
2
    1040
1
    1070
0
    1040
0.5
    1070
0
    1002
}
    1000
LeadOut
    1002
{
    1070
0
    1040
0
    1040
0
    1040
0
    1070
0
    1002
}
    1000
IsFill
    1070
0
    1000
PathStart
    1040
0.5
    1000
ToolCompensation
    1002
{
    1070
0
    1040
0
    1070
0
    1002
}
       0
CIRCLE
       5
2052
     100
AcDbEntity
       8
1
     100
AcDbCircle
      10
75
      20
-55
      30
0
      40
4.24999999999999
    1001
FS_CYPCUT
    1000
Channel
    1070
1
    1000
LeadIn
    1002
{
    1070
3
    1040
0
    1040
1.5707963267949
    1040
2
    1040
1
    1070
0
    1040
0.5
    1070
0
    1002
}
    1000
LeadOut
    1002
{
    1070
0
    1040
0
    1040
0
    1040
0
    1070
0
    1002
}
    1000
IsFill
    1070
0
    1000
PathStart
    1040
0
    1000
ToolCompensation
    1002
{
    1070
0
    1040
0
    1070
0
    1002
}
       0
CIRCLE
       5
2053
     100
AcDbEntity
       8
1
     100
AcDbCircle
      10
75
      20
55
      30
0
      40
4.24999999999999
    1001
FS_CYPCUT
    1000
Channel
    1070
1
    1000
LeadIn
    1002
{
    1070
3
    1040
0
    1040
1.5707963267949
    1040
2
    1040
1
    1070
0
    1040
0.5
    1070
0
    1002
}
    1000
LeadOut
    1002
{
    1070
0
    1040
0
    1040
0
    1040
0
    1070
0
    1002
}
    1000
IsFill
    1070
0
    1000
PathStart
    1040
0
    1000
ToolCompensation
    1002
{
    1070
0
    1040
0
    1070
0
    1002
}
       0
LWPOLYLINE
       5
2054
     100
AcDbEntity
       8
1
     100
AcDbPolyline
      90
16
      70
1
      10
90
      20
73.79375
      42
0.414213562373101
      10
85
      20
78.79375
      42
0
      10
-28
      20
78.79375
      42
0.414213562373095
      10
-33
      20
73.79375
      42
0
      10
-33
      20
52
      42
-0.414213562373095
      10
-38
      20
47
      42
0
      10
-100
      20
47
      42
0.414213562373092
      10
-105
      20
42
      42
0
      10
-105
      20
-42
      42
0.414213562373099
      10
-100
      20
-47
      42
0
      10
-38
      20
-47
      42
-0.414213562373095
      10
-33
      20
-52
      42
0
      10
-33
      20
-73.79375
      42
0.414213562373095
      10
-28
      20
-78.79375
      42
0
      10
85
      20
-78.79375
      42
0.414213562373092
      10
90
      20
-73.79375
      42
0
    1001
FS_CYPCUT
    1000
Channel
    1070
1
    1000
LeadIn
    1002
{
    1070
3
    1040
15.5
    1040
1.5707963267949
    1040
2
    1040
1
    1070
0
    1040
0.5
    1070
0
    1002
}
    1000
LeadOut
    1002
{
    1070
0
    1040
0
    1040
0
    1040
0
    1070
0
    1002
}
    1000
IsFill
    1070
1
    1000
PathStart
    1040
15.5
    1000
ToolCompensation
    1002
{
    1070
0
    1040
0
    1070
0
    1002
}
    1000
MicroConnect
    1002
{
    1070
2
    1040
1.48978074
    1041
0.8
    1042
0
    1040
9.55376705
    1041
0.8
    1042
0
    1002
}
       0
ENDBLK
       5
2055
     330
2003
     100
AcDbEntity
       8
0
     100
AcDbBlockEnd
       0
BLOCK
       5
2056
     330
2004
     100
AcDbEntity
       8
0
     100
AcDbBlockBegin
       2
Part998661393
      70
0
      10
-189.73666
      20
-204.851488
      30
0
       3
Part998661393
       1

       4
CypCutBlock
       0
CIRCLE
       5
2057
     100
AcDbEntity
       8
1
     100
AcDbCircle
      10
-167.3320053068
      20
-90
      30
0
      40
6.00000000000001
    1001
FS_CYPCUT
    1000
Channel
    1070
1
    1000
LeadIn
    1002
{
    1070
3
    1040
0
    1040
1.5707963267949
    1040
0.5
    1040
0.5
    1070
0
    1040
0.5
    1070
0
    1002
}
    1000
LeadOut
    1002
{
    1070
0
    1040
0
    1040
0
    1040
0
    1070
0
    1002
}
    1000
IsFill
    1070
0
    1000
PathStart
    1040
0
    1000
ToolCompensation
    1002
{
    1070
0
    1040
0
    1070
0
    1002
}
       0
CIRCLE
       5
2058
     100
AcDbEntity
       8
1
     100
AcDbCircle
      10
-80
      20
-172.3368793961
      30
0
      40
6
    1001
FS_CYPCUT
    1000
Channel
    1070
1
    1000
LeadIn
    1002
{
    1070
3
    1040
0
    1040
1.5707963267949
    1040
0.5
    1040
0.5
    1070
0
    1040
0.5
    1070
0
    1002
}
    1000
LeadOut
    1002
{
    1070
0
    1040
0
    1040
0
    1040
0
    1070
0
    1002
}
    1000
IsFill
    1070
0
    1000
PathStart
    1040
0
    1000
ToolCompensation
    1002
{
    1070
0
    1040
0
    1070
0
    1002
}
       0
CIRCLE
       5
2059
     100
AcDbEntity
       8
1
     100
AcDbCircle
      10
80
      20
-172.3368793961
      30
0
      40
6.00000000000003
    1001
FS_CYPCUT
    1000
Channel
    1070
1
    1000
LeadIn
    1002
{
    1070
3
    1040
0
    1040
1.5707963267949
    1040
0.5
    1040
0.5
    1070
0
    1040
0.5
    1070
0
    1002
}
    1000
LeadOut
    1002
{
    1070
0
    1040
0
    1040
0
    1040
0
    1070
0
    1002
}
    1000
IsFill
    1070
0
    1000
PathStart
    1040
1
    1000
ToolCompensation
    1002
{
    1070
0
    1040
0
    1070
0
    1002
}
       0
CIRCLE
       5
205A
     100
AcDbEntity
       8
1
     100
AcDbCircle
      10
167.3320053068
      20
-90
      30
0
      40
6.00000000000001
    1001
FS_CYPCUT
    1000
Channel
    1070
1
    1000
LeadIn
    1002
{
    1070
3
    1040
0
    1040
1.5707963267949
    1040
0.5
    1040
0.5
    1070
0
    1040
0.5
    1070
0
    1002
}
    1000
LeadOut
    1002
{
    1070
0
    1040
0
    1040
0
    1040
0
    1070
0
    1002
}
    1000
IsFill
    1070
0
    1000
PathStart
    1040
0
    1000
ToolCompensation
    1002
{
    1070
0
    1040
0
    1070
0
    1002
}
       0
LWPOLYLINE
       5
205B
     100
AcDbEntity
       8
1
     100
AcDbPolyline
      90
12
      70
1
      10
133
      20
0
      42
0
      10
129.965380005602
      20
2.99999999992765
      42
0.400905769486172
      10
2.93378322918637
      20
129.966891614611
      42
0
      10
0
      20
133
      42
0
      10
-2.99999999992764
      20
129.965380005602
      42
0.400905769486172
      10
-129.966891614611
      20
2.93378322918637
      42
0
      10
-133
      20
0
      42
0
      10
-129.965380005602
      20
-2.99999999992766
      42
0.400905769486172
      10
-2.93378322918632
      20
-129.966891614611
      42
0
      10
0
      20
-133
      42
0
      10
2.99999999992765
      20
-129.965380005602
      42
0.400905769486172
      10
129.966891614611
      20
-2.93378322918633
      42
0
    1001
FS_CYPCUT
    1000
Channel
    1070
1
    1000
LeadIn
    1002
{
    1070
3
    1040
0
    1040
1.5707963267949
    1040
0.5
    1040
0.5
    1070
0
    1040
0.5
    1070
0
    1002
}
    1000
LeadOut
    1002
{
    1070
0
    1040
0
    1040
0
    1040
0
    1070
0
    1002
}
    1000
IsFill
    1070
0
    1000
PathStart
    1040
0
    1000
ToolCompensation
    1002
{
    1070
0
    1040
0
    1070
0
    1002
}
    1000
MicroConnect
    1002
{
    1070
2
    1040
4.4048366
    1041
0.6
    1042
0
    1040
10.5409315
    1041
0.6
    1042
0
    1002
}
       0
CIRCLE
       5
205C
     100
AcDbEntity
       8
1
     100
AcDbCircle
      10
167.3320053068
      20
90
      30
0
      40
6.00000000000003
    1001
FS_CYPCUT
    1000
Channel
    1070
1
    1000
LeadIn
    1002
{
    1070
3
    1040
0
    1040
1.5707963267949
    1040
0.5
    1040
0.5
    1070
0
    1040
0.5
    1070
0
    1002
}
    1000
LeadOut
    1002
{
    1070
0
    1040
0
    1040
0
    1040
0
    1070
0
    1002
}
    1000
IsFill
    1070
0
    1000
PathStart
    1040
1
    1000
ToolCompensation
    1002
{
    1070
0
    1040
0
    1070
0
    1002
}
       0
CIRCLE
       5
205D
     100
AcDbEntity
       8
1
     100
AcDbCircle
      10
80
      20
172.3368793961
      30
0
      40
6.00000000000003
    1001
FS_CYPCUT
    1000
Channel
    1070
1
    1000
LeadIn
    1002
{
    1070
3
    1040
0
    1040
1.5707963267949
    1040
0.5
    1040
0.5
    1070
0
    1040
0.5
    1070
0
    1002
}
    1000
LeadOut
    1002
{
    1070
0
    1040
0
    1040
0
    1040
0
    1070
0
    1002
}
    1000
IsFill
    1070
0
    1000
PathStart
    1040
1
    1000
ToolCompensation
    1002
{
    1070
0
    1040
0
    1070
0
    1002
}
       0
CIRCLE
       5
205E
     100
AcDbEntity
       8
1
     100
AcDbCircle
      10
-80
      20
172.3368793961
      30
0
      40
6
    1001
FS_CYPCUT
    1000
Channel
    1070
1
    1000
LeadIn
    1002
{
    1070
3
    1040
0
    1040
1.5707963267949
    1040
0.5
    1040
0.5
    1070
0
    1040
0.5
    1070
0
    1002
}
    1000
LeadOut
    1002
{
    1070
0
    1040
0
    1040
0
    1040
0
    1070
0
    1002
}
    1000
IsFill
    1070
0
    1000
PathStart
    1040
0
    1000
ToolCompensation
    1002
{
    1070
0
    1040
0
    1070
0
    1002
}
       0
CIRCLE
       5
205F
     100
AcDbEntity
       8
1
     100
AcDbCircle
      10
-167.3320053068
      20
90
      30
0
      40
6.00000000000003
    1001
FS_CYPCUT
    1000
Channel
    1070
1
    1000
LeadIn
    1002
{
    1070
3
    1040
0
    1040
1.5707963267949
    1040
0.5
    1040
0.5
    1070
0
    1040
0.5
    1070
0
    1002
}
    1000
LeadOut
    1002
{
    1070
0
    1040
0
    1040
0
    1040
0
    1070
0
    1002
}
    1000
IsFill
    1070
0
    1000
PathStart
    1040
1
    1000
ToolCompensation
    1002
{
    1070
0
    1040
0
    1070
0
    1002
}
       0
LWPOLYLINE
       5
2060
     100
AcDbEntity
       8
1
     100
AcDbPolyline
      90
32
      70
1
      10
204.309539385929
      20
48.5552480779315
      42
0.0650617347831467
      10
184.971948251399
      20
99.4252400554387
      42
0.213966066915621
      10
172.00150119253
      20
109.409070233091
      42
-0.298626276793073
      10
119.338404129656
      20
165.267075854709
      42
0.213966066916076
      10
110.13491558279
      20
178.802405938991
      42
0.0650617347831469
      10
60.490657473481
      20
201.099180402143
      42
0.213966066915617
      10
44.259532382469
      20
198.987323352667
      42
-0.298626276792599
      10
-32.4764752276682
      20
201.246464859809
      42
0.213966066915617
      10
-48.5552480779314
      20
204.309539385929
      42
0.0650617347831463
      10
-99.4252400555704
      20
184.971948251343
      42
0.213966066915617
      10
-109.409070233131
      20
172.00150119262
      42
-0.298626276792598
      10
-165.267075854743
      20
119.33840412965
      42
0.213966066915619
      10
-178.802405938918
      20
110.134915582913
      42
0.0182533898099952
      10
-186.359436211776
      20
96.7995895385324
      42
0.120342421892805
      10
-189.7366596101
      20
82.9710767473
      42
0
      10
-189.7366596101
      20
-82.9710767473
      42
0.120342421892803
      10
-186.359436211729
      20
-96.7995895386266
      42
0.00353541042897202
      10
-184.971948251399
      20
-99.4252400554388
      42
0.213966066915616
      10
-172.00150119262
      20
-109.409070233031
      42
-0.298626276793075
      10
-119.338404129702
      20
-165.26707585467
      42
0.213966066915621
      10
-110.134915583043
      20
-178.8024059389
      42
0.0650617347835846
      10
-60.490657473481
      20
-201.099180402143
      42
0.213966066915615
      10
-44.2595323824586
      20
-198.987323352715
      42
-0.298626276793075
      10
32.4764752276684
      20
-201.246464859879
      42
0.213966066915617
      10
48.5552480775748
      20
-204.309539386014
      42
0.0650617347835856
      10
99.4252400554704
      20
-184.971948251343
      42
0.213966066915618
      10
109.409070233091
      20
-172.00150119263
      42
-0.298626276793074
      10
165.267075854709
      20
-119.338404129657
      42
0.213966066915616
      10
178.8024059389
      20
-110.134915582943
      42
0.0650617347835846
      10
201.099180402153
      20
-60.4906574735506
      42
0.213966066915619
      10
198.987323352667
      20
-44.259532382469
      42
-0.298626276793074
      10
201.246464859879
      20
32.4764752276684
      42
0.213966066916073
    1001
FS_CYPCUT
    1000
Channel
    1070
1
    1000
LeadIn
    1002
{
    1070
3
    1040
14.5036157178111
    1040
1.5707963267949
    1040
0.5
    1040
0.5
    1070
0
    1040
0.5
    1070
0
    1002
}
    1000
LeadOut
    1002
{
    1070
0
    1040
0
    1040
0
    1040
0
    1070
0
    1002
}
    1000
IsFill
    1070
1
    1000
PathStart
    1040
14.5
    1000
ToolCompensation
    1002
{
    1070
0
    1040
0
    1070
0
    1002
}
    1000
MicroConnect
    1002
{
    1070
3
    1040
4.5
    1041
0.6
    1042
0
    1040
14.5
    1041
0.6
    1042
0
    1040
24.5
    1041
0.6
    1042
0
    1002
}
       0
ENDBLK
       5
2061
     330
2004
     100
AcDbEntity
       8
0
     100
AcDbBlockEnd
       0
BLOCK
       5
2062
     330
2005
     100
AcDbEntity
       8
0
     100
AcDbBlockBegin
       2
Part1743427848
      70
0
      10
-86.2530466
      20
179.488006
      30
0
       3
Part1743427848
       1

       4
CypCutBlock
       0
CIRCLE
       5
2063
     100
AcDbEntity
       8
1
     100
AcDbCircle
      10
-61.2533683553
      20
204.8873036054
      30
0
      40
2.89984235036404
    1001
FS_CYPCUT
    1000
Channel
    1070
1
    1000
LeadIn
    1002
{
    1070
3
    1040
2.77555756156289E-16
    1040
1.5707963267949
    1040
2
    1040
1
    1070
0
    1040
0.5
    1070
0
    1002
}
    1000
LeadOut
    1002
{
    1070
0
    1040
0
    1040
0
    1040
0
    1070
0
    1002
}
    1000
IsFill
    1070
0
    1000
PathStart
    1040
2.77555756156289E-16
    1000
ToolCompensation
    1002
{
    1070
0
    1040
0
    1070
0
    1002
}
       0
CIRCLE
       5
2064
     100
AcDbEntity
       8
1
     100
AcDbCircle
      10
-18.654428812
      20
204.8914348205
      30
0
      40
2.89984235036402
    1001
FS_CYPCUT
    1000
Channel
    1070
1
    1000
LeadIn
    1002
{
    1070
3
    1040
0
    1040
1.5707963267949
    1040
2
    1040
1
    1070
0
    1040
0.5
    1070
0
    1002
}
    1000
LeadOut
    1002
{
    1070
0
    1040
0
    1040
0
    1040
0
    1070
0
    1002
}
    1000
IsFill
    1070
0
    1000
PathStart
    1040
1
    1000
ToolCompensation
    1002
{
    1070
0
    1040
0
    1070
0
    1002
}
       0
LWPOLYLINE
       5
2065
     100
AcDbEntity
       8
1
     100
AcDbPolyline
      90
12
      70
1
      10
6.3446482953
      20
209.8935032245
      42
0
      10
0.0448051234
      20
209.8928922702
      42
0
      10
0.0448051234
      20
230.2909654144
      42
0
      10
-79.9532034087
      20
230.283207264
      42
0
      10
-79.9532034087
      20
209.8851341197
      42
0
      10
-86.2530465806
      20
209.8845231654
      42
0
      10
-86.2530465806
      20
199.8854677025
      42
0
      10
-79.9532034087
      20
199.8860786568
      42
0
      10
-79.9532034087
      20
179.4880055126
      42
0
      10
0.0448051234
      20
179.495763663
      42
0
      10
0.0448051234
      20
199.8938368073
      42
0
      10
6.3446482953
      20
199.8944477616
      42
0
    1001
FS_CYPCUT
    1000
Channel
    1070
1
    1000
LeadIn
    1002
{
    1070
3
    1040
2.5
    1040
1.5707963267949
    1040
2
    1040
1
    1070
0
    1040
0.5
    1070
0
    1002
}
    1000
LeadOut
    1002
{
    1070
0
    1040
0
    1040
0
    1040
0
    1070
0
    1002
}
    1000
IsFill
    1070
1
    1000
PathStart
    1040
2.5
    1000
ToolCompensation
    1002
{
    1070
0
    1040
0
    1070
0
    1002
}
    1000
MicroConnect
    1002
{
    1070
2
    1040
2.11793591
    1041
0.8
    1042
0
    1040
8.12929418
    1041
0.8
    1042
0
    1002
}
       0
ENDBLK
       5
2066
     330
2005
     100
AcDbEntity
       8
0
     100
AcDbBlockEnd
       0
BLOCK
       5
2067
     330
2006
     100
AcDbEntity
       8
0
     100
AcDbBlockBegin
       2
Part1932540081
      70
0
      10
-1.0658141E-14
      20
0
      30
0
       3
Part1932540081
       1

       4
CypCutBlock
       0
CIRCLE
       5
2068
     100
AcDbEntity
       8
1
     100
AcDbCircle
      10
40
      20
30
      30
0
      40
5.25000000000001
    1001
FS_CYPCUT
    1000
Channel
    1070
1
    1000
LeadIn
    1002
{
    1070
3
    1040
0
    1040
1.5707963267949
    1040
2
    1040
1
    1070
0
    1040
0.5
    1070
0
    1002
}
    1000
LeadOut
    1002
{
    1070
0
    1040
0
    1040
0
    1040
0
    1070
0
    1002
}
    1000
IsFill
    1070
0
    1000
PathStart
    1040
0
    1000
ToolCompensation
    1002
{
    1070
0
    1040
0
    1070
0
    1002
}
       0
CIRCLE
       5
2069
     100
AcDbEntity
       8
1
     100
AcDbCircle
      10
110
      20
30
      30
0
      40
2.59999999999999
    1001
FS_CYPCUT
    1000
Channel
    1070
1
    1000
LeadIn
    1002
{
    1070
3
    1040
3.05311331771918E-16
    1040
1.5707963267949
    1040
2
    1040
1
    1070
0
    1040
0.5
    1070
0
    1002
}
    1000
LeadOut
    1002
{
    1070
0
    1040
0
    1040
0
    1040
0
    1070
0
    1002
}
    1000
IsFill
    1070
0
    1000
PathStart
    1040
3.05311331771918E-16
    1000
ToolCompensation
    1002
{
    1070
0
    1040
0
    1070
0
    1002
}
       0
CIRCLE
       5
206A
     100
AcDbEntity
       8
1
     100
AcDbCircle
      10
290
      20
30
      30
0
      40
2.60000000000002
    1001
FS_CYPCUT
    1000
Channel
    1070
1
    1000
LeadIn
    1002
{
    1070
3
    1040
6.10622663543836E-16
    1040
1.5707963267949
    1040
2
    1040
1
    1070
0
    1040
0.5
    1070
0
    1002
}
    1000
LeadOut
    1002
{
    1070
0
    1040
0
    1040
0
    1040
0
    1070
0
    1002
}
    1000
IsFill
    1070
0
    1000
PathStart
    1040
6.10622663543836E-16
    1000
ToolCompensation
    1002
{
    1070
0
    1040
0
    1070
0
    1002
}
       0
LWPOLYLINE
       5
206B
     100
AcDbEntity
       8
1
     100
AcDbPolyline
      90
29
      70
1
      10
406.3
      20
40
      42
0
      10
406.3
      20
20
      42
0
      10
400
      20
20
      42
0
      10
400
      20
0
      42
0
      10
320.1
      20
0
      42
0
      10
320.1
      20
10.85
      42
0
      10
309.1
      20
10.85
      42
0
      10
309.1
      20
0
      42
0
      10
149.1
      20
0
      42
0
      10
149.1
      20
6.35
      42
0
      10
138.1
      20
6.35
      42
0
      10
138.1
      20
0
      42
0
      10
10
      20
8.88178419700125E-15
      42
-0.414213562373095
      10
0
      20
10
      42
0
      10
-1.06581410364015E-14
      20
50
      42
-0.414213562373095
      10
10
      20
60
      42
0
      10
180
      20
60
      42
-0.414213562373096
      10
183
      20
57
      42
0
      10
183
      20
56
      42
0.414213562373106
      10
186
      20
52.9999999999999
      42
0
      10
210.2135871688
      20
53
      42
0.0347880087362431
      10
215.7595009502
      20
53.386330133
      42
0
      10
260.2404990498
      20
59.613669867
      42
-0.0347880087362425
      10
265.7864128312
      20
60.0000000000072
      42
0
      10
395
      20
60
      42
0
      10
395
      20
57
      42
0
      10
397
      20
55
      42
0
      10
400
      20
55
      42
0
      10
400
      20
40
      42
0
    1001
FS_CYPCUT
    1000
Channel
    1070
1
    1000
LeadIn
    1002
{
    1070
3
    1040
15.5
    1040
1.5707963267949
    1040
2
    1040
1
    1070
0
    1040
0.5
    1070
0
    1002
}
    1000
LeadOut
    1002
{
    1070
0
    1040
0
    1040
0
    1040
0
    1070
0
    1002
}
    1000
IsFill
    1070
1
    1000
PathStart
    1040
15.5
    1000
ToolCompensation
    1002
{
    1070
0
    1040
0
    1070
0
    1002
}
    1000
MicroConnect
    1002
{
    1070
2
    1040
11.4289617
    1041
0.8
    1042
0
    1040
23.5062585
    1041
0.8
    1042
0
    1002
}
       0
ENDBLK
       5
206C
     330
2006
     100
AcDbEntity
       8
0
     100
AcDbBlockEnd
       0
BLOCK
       5
206D
     330
2007
     100
AcDbEntity
       8
0
     100
AcDbBlockBegin
       2
Part1883483843
      70
0
      10
-75
      20
-45
      30
0
       3
Part1883483843
       1

       4
CypCutBlock
       0
LWPOLYLINE
       5
206E
     100
AcDbEntity
       8
1
     100
AcDbPolyline
      90
4
      70
1
      10
6.99999999999999
      20
25.5
      42
1
      10
-6.99999999999999
      20
25.5
      42
0
      10
-7
      20
0.5
      42
1
      10
6.99999999999999
      20
0.499999999999998
      42
0
    1001
FS_CYPCUT
    1000
Channel
    1070
1
    1000
LeadIn
    1002
{
    1070
3
    1040
1.5
    1040
1.5707963267949
    1040
2
    1040
1
    1070
0
    1040
0.5
    1070
0
    1002
}
    1000
LeadOut
    1002
{
    1070
0
    1040
0
    1040
0
    1040
0
    1070
0
    1002
}
    1000
IsFill
    1070
0
    1000
PathStart
    1040
1.5
    1000
ToolCompensation
    1002
{
    1070
0
    1040
0
    1070
0
    1002
}
       0
LWPOLYLINE
       5
206F
     100
AcDbEntity
       8
1
     100
AcDbPolyline
      90
18
      70
1
      10
75
      20
19.1818861565
      42
0.348317662192296
      10
67.2807017543825
      20
28.9183331217722
      42
0.115557869073172
      10
-67.2807017542823
      20
28.9183331218198
      42
0.348317662192296
      10
-75
      20
19.1818861565
      42
0
      10
-75
      20
-35
      42
0.414213562373095
      10
-65
      20
-45
      42
0
      10
-65
      20
-34.8
      42
0
      10
-58.4
      20
-34.8
      42
0
      10
-58.4000000000326
      20
-45.0000000000537
      42
-0.0413680035590615
      10
-10
      20
-39.3311559539
      42
0
      10
-9.8983050847
      20
-42.3294318158
      42
-0.0169540243891605
      10
9.89830508492086
      20
-42.3294318157606
      42
0
      10
10
      20
-39.3311559539
      42
-0.0413680035590613
      10
58.4
      20
-45
      42
0
      10
58.4
      20
-34.8
      42
0
      10
65
      20
-34.8
      42
0
      10
65
      20
-45
      42
0.414213562373096
      10
75
      20
-35
      42
0
    1001
FS_CYPCUT
    1000
Channel
    1070
1
    1000
LeadIn
    1002
{
    1070
3
    1040
1.5
    1040
1.5707963267949
    1040
2
    1040
1
    1070
0
    1040
0.5
    1070
0
    1002
}
    1000
LeadOut
    1002
{
    1070
0
    1040
0
    1040
0
    1040
0
    1070
0
    1002
}
    1000
IsFill
    1070
1
    1000
PathStart
    1040
1.5
    1000
ToolCompensation
    1002
{
    1070
0
    1040
0
    1070
0
    1002
}
    1000
MicroConnect
    1002
{
    1070
2
    1040
3.46378187
    1041
0.8
    1042
0
    1040
17.5141534
    1041
0.8
    1042
0
    1002
}
       0
ENDBLK
       5
2070
     330
2007
     100
AcDbEntity
       8
0
     100
AcDbBlockEnd
       0
BLOCK
       5
2071
     330
2008
     100
AcDbEntity
       8
0
     100
AcDbBlockBegin
       2
Part278278128
      70
0
      10
-86.2530466
      20
179.488006
      30
0
       3
Part278278128
       1

       4
CypCutBlock
       0
CIRCLE
       5
2072
     100
AcDbEntity
       8
1
     100
AcDbCircle
      10
-61.2533683553
      20
204.8873036054
      30
0
      40
2.89984235036404
    1001
FS_CYPCUT
    1000
Channel
    1070
1
    1000
LeadIn
    1002
{
    1070
3
    1040
2.77555756156289E-16
    1040
1.5707963267949
    1040
2
    1040
1
    1070
0
    1040
0.5
    1070
0
    1002
}
    1000
LeadOut
    1002
{
    1070
0
    1040
0
    1040
0
    1040
0
    1070
0
    1002
}
    1000
IsFill
    1070
0
    1000
PathStart
    1040
2.77555756156289E-16
    1000
ToolCompensation
    1002
{
    1070
0
    1040
0
    1070
0
    1002
}
       0
CIRCLE
       5
2073
     100
AcDbEntity
       8
1
     100
AcDbCircle
      10
-18.654428812
      20
204.8914348205
      30
0
      40
2.89984235036402
    1001
FS_CYPCUT
    1000
Channel
    1070
1
    1000
LeadIn
    1002
{
    1070
3
    1040
0
    1040
1.5707963267949
    1040
2
    1040
1
    1070
0
    1040
0.5
    1070
0
    1002
}
    1000
LeadOut
    1002
{
    1070
0
    1040
0
    1040
0
    1040
0
    1070
0
    1002
}
    1000
IsFill
    1070
0
    1000
PathStart
    1040
1
    1000
ToolCompensation
    1002
{
    1070
0
    1040
0
    1070
0
    1002
}
       0
LWPOLYLINE
       5
2074
     100
AcDbEntity
       8
1
     100
AcDbPolyline
      90
12
      70
1
      10
6.3446482953
      20
209.8935032245
      42
0
      10
0.0448051234
      20
209.8928922702
      42
0
      10
0.0448051234
      20
230.2909654144
      42
0
      10
-79.9532034087
      20
230.283207264
      42
0
      10
-79.9532034087
      20
209.8851341197
      42
0
      10
-86.2530465806
      20
209.8845231654
      42
0
      10
-86.2530465806
      20
199.8854677025
      42
0
      10
-79.9532034087
      20
199.8860786568
      42
0
      10
-79.9532034087
      20
179.4880055126
      42
0
      10
0.0448051234
      20
179.495763663
      42
0
      10
0.0448051234
      20
199.8938368073
      42
0
      10
6.3446482953
      20
199.8944477616
      42
0
    1001
FS_CYPCUT
    1000
Channel
    1070
1
    1000
LeadIn
    1002
{
    1070
3
    1040
2.5
    1040
1.5707963267949
    1040
2
    1040
1
    1070
0
    1040
0.5
    1070
0
    1002
}
    1000
LeadOut
    1002
{
    1070
0
    1040
0
    1040
0
    1040
0
    1070
0
    1002
}
    1000
IsFill
    1070
1
    1000
PathStart
    1040
2.5
    1000
ToolCompensation
    1002
{
    1070
0
    1040
0
    1070
0
    1002
}
    1000
MicroConnect
    1002
{
    1070
2
    1040
2.11793591
    1041
0.8
    1042
0
    1040
8.12929418
    1041
0.8
    1042
0
    1002
}
       0
ENDBLK
       5
2075
     330
2008
     100
AcDbEntity
       8
0
     100
AcDbBlockEnd
       0
BLOCK
       5
2076
     330
2009
     100
AcDbEntity
       8
0
     100
AcDbBlockBegin
       2
Part1150866557
      70
0
      10
-32.5
      20
-32.5
      30
0
       3
Part1150866557
       1

       4
CypCutBlock
       0
CIRCLE
       5
2077
     100
AcDbEntity
       8
1
     100
AcDbCircle
      10
0
      20
0
      30
0
      40
30.25
    1001
FS_CYPCUT
    1000
Channel
    1070
1
    1000
LeadIn
    1002
{
    1070
3
    1040
0
    1040
1.5707963267949
    1040
1
    1040
1
    1070
0
    1040
0.5
    1070
0
    1002
}
    1000
LeadOut
    1002
{
    1070
0
    1040
0
    1040
0
    1040
0
    1070
0
    1002
}
    1000
IsFill
    1070
0
    1000
PathStart
    1040
0
    1000
ToolCompensation
    1002
{
    1070
0
    1040
0
    1070
0
    1002
}
       0
CIRCLE
       5
2078
     100
AcDbEntity
       8
1
     100
AcDbCircle
      10
0
      20
0
      30
0
      40
32.5
    1001
FS_CYPCUT
    1000
Channel
    1070
1
    1000
LeadIn
    1002
{
    1070
3
    1040
0.000458315137646714
    1040
1.5707963267949
    1040
1
    1040
1
    1070
0
    1040
0.5
    1070
0
    1002
}
    1000
LeadOut
    1002
{
    1070
0
    1040
0
    1040
0
    1040
0
    1070
0
    1002
}
    1000
IsFill
    1070
1
    1000
PathStart
    1040
0
    1000
ToolCompensation
    1002
{
    1070
0
    1040
0
    1070
0
    1002
}
    1000
MicroConnect
    1002
{
    1070
2
    1040
0.498909915
    1041
0.8
    1042
0
    1040
0.996540655
    1041
0.8
    1042
0
    1002
}
       0
ENDBLK
       5
2079
     330
2009
     100
AcDbEntity
       8
0
     100
AcDbBlockEnd
       0
BLOCK
       5
207A
     330
200A
     100
AcDbEntity
       8
0
     100
AcDbBlockBegin
       2
Part315220783
      70
0
      10
-86.2530466
      20
179.488006
      30
0
       3
Part315220783
       1

       4
CypCutBlock
       0
CIRCLE
       5
207B
     100
AcDbEntity
       8
1
     100
AcDbCircle
      10
-61.2533683553
      20
204.8873036054
      30
0
      40
2.89984235036404
    1001
FS_CYPCUT
    1000
Channel
    1070
1
    1000
LeadIn
    1002
{
    1070
3
    1040
2.77555756156289E-16
    1040
1.5707963267949
    1040
2
    1040
1
    1070
0
    1040
0.5
    1070
0
    1002
}
    1000
LeadOut
    1002
{
    1070
0
    1040
0
    1040
0
    1040
0
    1070
0
    1002
}
    1000
IsFill
    1070
0
    1000
PathStart
    1040
2.77555756156289E-16
    1000
ToolCompensation
    1002
{
    1070
0
    1040
0
    1070
0
    1002
}
       0
CIRCLE
       5
207C
     100
AcDbEntity
       8
1
     100
AcDbCircle
      10
-18.654428812
      20
204.8914348205
      30
0
      40
2.89984235036402
    1001
FS_CYPCUT
    1000
Channel
    1070
1
    1000
LeadIn
    1002
{
    1070
3
    1040
0
    1040
1.5707963267949
    1040
2
    1040
1
    1070
0
    1040
0.5
    1070
0
    1002
}
    1000
LeadOut
    1002
{
    1070
0
    1040
0
    1040
0
    1040
0
    1070
0
    1002
}
    1000
IsFill
    1070
0
    1000
PathStart
    1040
1
    1000
ToolCompensation
    1002
{
    1070
0
    1040
0
    1070
0
    1002
}
       0
LWPOLYLINE
       5
207D
     100
AcDbEntity
       8
1
     100
AcDbPolyline
      90
12
      70
1
      10
6.3446482953
      20
209.8935032245
      42
0
      10
0.0448051234
      20
209.8928922702
      42
0
      10
0.0448051234
      20
230.2909654144
      42
0
      10
-79.9532034087
      20
230.283207264
      42
0
      10
-79.9532034087
      20
209.8851341197
      42
0
      10
-86.2530465806
      20
209.8845231654
      42
0
      10
-86.2530465806
      20
199.8854677025
      42
0
      10
-79.9532034087
      20
199.8860786568
      42
0
      10
-79.9532034087
      20
179.4880055126
      42
0
      10
0.0448051234
      20
179.495763663
      42
0
      10
0.0448051234
      20
199.8938368073
      42
0
      10
6.3446482953
      20
199.8944477616
      42
0
    1001
FS_CYPCUT
    1000
Channel
    1070
1
    1000
LeadIn
    1002
{
    1070
3
    1040
2.5
    1040
1.5707963267949
    1040
2
    1040
1
    1070
0
    1040
0.5
    1070
0
    1002
}
    1000
LeadOut
    1002
{
    1070
0
    1040
0
    1040
0
    1040
0
    1070
0
    1002
}
    1000
IsFill
    1070
1
    1000
PathStart
    1040
2.5
    1000
ToolCompensation
    1002
{
    1070
0
    1040
0
    1070
0
    1002
}
    1000
MicroConnect
    1002
{
    1070
2
    1040
2.11793591
    1041
0.8
    1042
0
    1040
8.12929418
    1041
0.8
    1042
0
    1002
}
       0
ENDBLK
       5
207E
     330
200A
     100
AcDbEntity
       8
0
     100
AcDbBlockEnd
       0
BLOCK
       5
207F
     330
200B
     100
AcDbEntity
       8
0
     100
AcDbBlockBegin
       2
Part1193996722
      70
0
      10
-86.2530466
      20
179.488006
      30
0
       3
Part1193996722
       1

       4
CypCutBlock
       0
CIRCLE
       5
2080
     100
AcDbEntity
       8
1
     100
AcDbCircle
      10
-61.2533683553
      20
204.8873036054
      30
0
      40
2.89984235036404
    1001
FS_CYPCUT
    1000
Channel
    1070
1
    1000
LeadIn
    1002
{
    1070
3
    1040
2.77555756156289E-16
    1040
1.5707963267949
    1040
2
    1040
1
    1070
0
    1040
0.5
    1070
0
    1002
}
    1000
LeadOut
    1002
{
    1070
0
    1040
0
    1040
0
    1040
0
    1070
0
    1002
}
    1000
IsFill
    1070
0
    1000
PathStart
    1040
2.77555756156289E-16
    1000
ToolCompensation
    1002
{
    1070
0
    1040
0
    1070
0
    1002
}
       0
CIRCLE
       5
2081
     100
AcDbEntity
       8
1
     100
AcDbCircle
      10
-18.654428812
      20
204.8914348205
      30
0
      40
2.89984235036402
    1001
FS_CYPCUT
    1000
Channel
    1070
1
    1000
LeadIn
    1002
{
    1070
3
    1040
0
    1040
1.5707963267949
    1040
2
    1040
1
    1070
0
    1040
0.5
    1070
0
    1002
}
    1000
LeadOut
    1002
{
    1070
0
    1040
0
    1040
0
    1040
0
    1070
0
    1002
}
    1000
IsFill
    1070
0
    1000
PathStart
    1040
1
    1000
ToolCompensation
    1002
{
    1070
0
    1040
0
    1070
0
    1002
}
       0
LWPOLYLINE
       5
2082
     100
AcDbEntity
       8
1
     100
AcDbPolyline
      90
12
      70
1
      10
6.3446482953
      20
209.8935032245
      42
0
      10
0.0448051234
      20
209.8928922702
      42
0
      10
0.0448051234
      20
230.2909654144
      42
0
      10
-79.9532034087
      20
230.283207264
      42
0
      10
-79.9532034087
      20
209.8851341197
      42
0
      10
-86.2530465806
      20
209.8845231654
      42
0
      10
-86.2530465806
      20
199.8854677025
      42
0
      10
-79.9532034087
      20
199.8860786568
      42
0
      10
-79.9532034087
      20
179.4880055126
      42
0
      10
0.0448051234
      20
179.495763663
      42
0
      10
0.0448051234
      20
199.8938368073
      42
0
      10
6.3446482953
      20
199.8944477616
      42
0
    1001
FS_CYPCUT
    1000
Channel
    1070
1
    1000
LeadIn
    1002
{
    1070
3
    1040
2.5
    1040
1.5707963267949
    1040
2
    1040
1
    1070
0
    1040
0.5
    1070
0
    1002
}
    1000
LeadOut
    1002
{
    1070
0
    1040
0
    1040
0
    1040
0
    1070
0
    1002
}
    1000
IsFill
    1070
1
    1000
PathStart
    1040
2.5
    1000
ToolCompensation
    1002
{
    1070
0
    1040
0
    1070
0
    1002
}
    1000
MicroConnect
    1002
{
    1070
2
    1040
2.11793591
    1041
0.8
    1042
0
    1040
8.12929418
    1041
0.8
    1042
0
    1002
}
       0
ENDBLK
       5
2083
     330
200B
     100
AcDbEntity
       8
0
     100
AcDbBlockEnd
       0
BLOCK
       5
2084
     330
200C
     100
AcDbEntity
       8
0
     100
AcDbBlockBegin
       2
Part947723894
      70
0
      10
-32.5
      20
-32.5
      30
0
       3
Part947723894
       1

       4
CypCutBlock
       0
CIRCLE
       5
2085
     100
AcDbEntity
       8
1
     100
AcDbCircle
      10
0
      20
0
      30
0
      40
30.25
    1001
FS_CYPCUT
    1000
Channel
    1070
1
    1000
LeadIn
    1002
{
    1070
3
    1040
0
    1040
1.5707963267949
    1040
1
    1040
1
    1070
0
    1040
0.5
    1070
0
    1002
}
    1000
LeadOut
    1002
{
    1070
0
    1040
0
    1040
0
    1040
0
    1070
0
    1002
}
    1000
IsFill
    1070
0
    1000
PathStart
    1040
0
    1000
ToolCompensation
    1002
{
    1070
0
    1040
0
    1070
0
    1002
}
       0
CIRCLE
       5
2086
     100
AcDbEntity
       8
1
     100
AcDbCircle
      10
0
      20
0
      30
0
      40
32.5
    1001
FS_CYPCUT
    1000
Channel
    1070
1
    1000
LeadIn
    1002
{
    1070
3
    1040
0.000458315137646714
    1040
1.5707963267949
    1040
1
    1040
1
    1070
0
    1040
0.5
    1070
0
    1002
}
    1000
LeadOut
    1002
{
    1070
0
    1040
0
    1040
0
    1040
0
    1070
0
    1002
}
    1000
IsFill
    1070
1
    1000
PathStart
    1040
0
    1000
ToolCompensation
    1002
{
    1070
0
    1040
0
    1070
0
    1002
}
    1000
MicroConnect
    1002
{
    1070
2
    1040
0.498909915
    1041
0.8
    1042
0
    1040
0.996540655
    1041
0.8
    1042
0
    1002
}
       0
ENDBLK
       5
2087
     330
200C
     100
AcDbEntity
       8
0
     100
AcDbBlockEnd
       0
BLOCK
       5
2088
     330
200D
     100
AcDbEntity
       8
0
     100
AcDbBlockBegin
       2
Part1746981867
      70
0
      10
-86.5
      20
-86.5
      30
0
       3
Part1746981867
       1

       4
CypCutBlock
       0
LWPOLYLINE
       5
2089
     100
AcDbEntity
       8
1
     100
AcDbPolyline
      90
4
      70
1
      10
-68.4393598993455
      20
16.9205205761479
      42
0.121783493089402
      10
-68.4393598993455
      20
-16.9205205761479
      42
-0.999999999999996
      10
-77.1762994609627
      20
-19.0805870326771
      42
-0.121783493089402
      10
-77.1762994609093
      20
19.0805870326648
      42
-1
    1001
FS_CYPCUT
    1000
Channel
    1070
1
    1000
LeadIn
    1002
{
    1070
3
    1040
2.5
    1040
1.5707963267949
    1040
0.5
    1040
0.5
    1070
0
    1040
0.5
    1070
0
    1002
}
    1000
LeadOut
    1002
{
    1070
0
    1040
0
    1040
0
    1040
0
    1070
0
    1002
}
    1000
IsFill
    1070
0
    1000
PathStart
    1040
2.5
    1000
ToolCompensation
    1002
{
    1070
0
    1040
0
    1070
0
    1002
}
       0
LWPOLYLINE
       5
208A
     100
AcDbEntity
       8
1
     100
AcDbPolyline
      90
4
      70
1
      10
19.0805870326648
      20
77.1762994609093
      42
-1
      10
16.9205205761352
      20
68.4393598992907
      42
0.121783493089402
      10
-16.9205205761482
      20
68.4393598993465
      42
-1
      10
-19.0805870326648
      20
77.1762994610093
      42
-0.121783493089402
    1001
FS_CYPCUT
    1000
Channel
    1070
1
    1000
LeadIn
    1002
{
    1070
3
    1040
3.5
    1040
1.5707963267949
    1040
0.5
    1040
0.5
    1070
0
    1040
0.5
    1070
0
    1002
}
    1000
LeadOut
    1002
{
    1070
0
    1040
0
    1040
0
    1040
0
    1070
0
    1002
}
    1000
IsFill
    1070
0
    1000
PathStart
    1040
3.5
    1000
ToolCompensation
    1002
{
    1070
0
    1040
0
    1070
0
    1002
}
       0
LWPOLYLINE
       5
208B
     100
AcDbEntity
       8
1
     100
AcDbPolyline
      90
6
      70
1
      10
54
      20
0
      42
0
      10
51.494514551
      20
-0.7516456347
      42
-0.985509909313721
      10
-51.4945145509675
      20
-0.751645634721944
      42
0
      10
-54
      20
0
      42
0
      10
-51.4945145509675
      20
0.751645634721933
      42
-0.985509909313721
      10
51.4945145509675
      20
0.751645634721934
      42
0
    1001
FS_CYPCUT
    1000
Channel
    1070
1
    1000
LeadIn
    1002
{
    1070
3
    1040
1.50374324631768
    1040
1.5707963267949
    1040
0.5
    1040
0.5
    1070
0
    1040
0.5
    1070
0
    1002
}
    1000
LeadOut
    1002
{
    1070
0
    1040
0
    1040
0
    1040
0
    1070
0
    1002
}
    1000
IsFill
    1070
0
    1000
PathStart
    1040
1.5
    1000
ToolCompensation
    1002
{
    1070
0
    1040
0
    1070
0
    1002
}
    1000
MicroConnect
    1002
{
    1070
2
    1040
1.5
    1041
0.6
    1042
0
    1040
4.5
    1041
0.6
    1042
0
    1002
}
       0
LWPOLYLINE
       5
208C
     100
AcDbEntity
       8
1
     100
AcDbPolyline
      90
4
      70
1
      10
19.0805870326775
      20
-77.1762994609642
      42
-0.121783493089403
      10
-19.0805870326775
      20
-77.1762994609642
      42
-0.999999999999998
      10
-16.920520576135
      20
-68.4393598992899
      42
0.121783493089403
      10
16.9205205761477
      20
-68.4393598993448
      42
-1
    1001
FS_CYPCUT
    1000
Channel
    1070
1
    1000
LeadIn
    1002
{
    1070
3
    1040
0.500000000000001
    1040
1.5707963267949
    1040
0.5
    1040
0.5
    1070
0
    1040
0.5
    1070
0
    1002
}
    1000
LeadOut
    1002
{
    1070
0
    1040
0
    1040
0
    1040
0
    1070
0
    1002
}
    1000
IsFill
    1070
0
    1000
PathStart
    1040
0.500000000000001
    1000
ToolCompensation
    1002
{
    1070
0
    1040
0
    1070
0
    1002
}
       0
LWPOLYLINE
       5
208D
     100
AcDbEntity
       8
1
     100
AcDbPolyline
      90
4
      70
1
      10
77.1762994610109
      20
19.0805870326652
      42
1
      10
68.4393598993464
      20
16.9205205761481
      42
-0.121783493089403
      10
68.4393598993464
      20
-16.9205205761482
      42
1
      10
77.17629946101
      20
-19.0805870326649
      42
0.121783493089402
    1001
FS_CYPCUT
    1000
Channel
    1070
1
    1000
LeadIn
    1002
{
    1070
3
    1040
3.50000000000005
    1040
1.5707963267949
    1040
0.5
    1040
0.5
    1070
0
    1040
0.5
    1070
0
    1002
}
    1000
LeadOut
    1002
{
    1070
0
    1040
0
    1040
0
    1040
0
    1070
0
    1002
}
    1000
IsFill
    1070
0
    1000
PathStart
    1040
3.50000000000005
    1000
ToolCompensation
    1002
{
    1070
0
    1040
0
    1070
0
    1002
}
       0
CIRCLE
       5
208E
     100
AcDbEntity
       8
1
     100
AcDbCircle
      10
0
      20
0
      30
0
      40
86.5
    1001
FS_CYPCUT
    1000
Channel
    1070
1
    1000
LeadIn
    1002
{
    1070
3
    1040
0.00110396492318078
    1040
1.5707963267949
    1040
0.5
    1040
0.5
    1070
0
    1040
0.5
    1070
0
    1002
}
    1000
LeadOut
    1002
{
    1070
0
    1040
0
    1040
0
    1040
0
    1070
0
    1002
}
    1000
IsFill
    1070
1
    1000
PathStart
    1040
0
    1000
ToolCompensation
    1002
{
    1070
0
    1040
0
    1070
0
    1002
}
    1000
MicroConnect
    1002
{
    1070
2
    1040
0
    1041
0.6
    1042
0
    1040
0.498183242
    1041
0.6
    1042
0
    1002
}
       0
ENDBLK
       5
208F
     330
200D
     100
AcDbEntity
       8
0
     100
AcDbBlockEnd
       0
BLOCK
       5
2090
     330
200E
     100
AcDbEntity
       8
0
     100
AcDbBlockBegin
       2
Part1781340505
      70
0
      10
-189.73666
      20
-204.851488
      30
0
       3
Part1781340505
       1

       4
CypCutBlock
       0
CIRCLE
       5
2091
     100
AcDbEntity
       8
1
     100
AcDbCircle
      10
-167.3320053068
      20
-90
      30
0
      40
6.00000000000001
    1001
FS_CYPCUT
    1000
Channel
    1070
1
    1000
LeadIn
    1002
{
    1070
3
    1040
0
    1040
1.5707963267949
    1040
0.5
    1040
0.5
    1070
0
    1040
0.5
    1070
0
    1002
}
    1000
LeadOut
    1002
{
    1070
0
    1040
0
    1040
0
    1040
0
    1070
0
    1002
}
    1000
IsFill
    1070
0
    1000
PathStart
    1040
0
    1000
ToolCompensation
    1002
{
    1070
0
    1040
0
    1070
0
    1002
}
       0
CIRCLE
       5
2092
     100
AcDbEntity
       8
1
     100
AcDbCircle
      10
-80
      20
-172.3368793961
      30
0
      40
6
    1001
FS_CYPCUT
    1000
Channel
    1070
1
    1000
LeadIn
    1002
{
    1070
3
    1040
0
    1040
1.5707963267949
    1040
0.5
    1040
0.5
    1070
0
    1040
0.5
    1070
0
    1002
}
    1000
LeadOut
    1002
{
    1070
0
    1040
0
    1040
0
    1040
0
    1070
0
    1002
}
    1000
IsFill
    1070
0
    1000
PathStart
    1040
0
    1000
ToolCompensation
    1002
{
    1070
0
    1040
0
    1070
0
    1002
}
       0
CIRCLE
       5
2093
     100
AcDbEntity
       8
1
     100
AcDbCircle
      10
80
      20
-172.3368793961
      30
0
      40
6.00000000000003
    1001
FS_CYPCUT
    1000
Channel
    1070
1
    1000
LeadIn
    1002
{
    1070
3
    1040
0
    1040
1.5707963267949
    1040
0.5
    1040
0.5
    1070
0
    1040
0.5
    1070
0
    1002
}
    1000
LeadOut
    1002
{
    1070
0
    1040
0
    1040
0
    1040
0
    1070
0
    1002
}
    1000
IsFill
    1070
0
    1000
PathStart
    1040
1
    1000
ToolCompensation
    1002
{
    1070
0
    1040
0
    1070
0
    1002
}
       0
CIRCLE
       5
2094
     100
AcDbEntity
       8
1
     100
AcDbCircle
      10
167.3320053068
      20
-90
      30
0
      40
6.00000000000001
    1001
FS_CYPCUT
    1000
Channel
    1070
1
    1000
LeadIn
    1002
{
    1070
3
    1040
0
    1040
1.5707963267949
    1040
0.5
    1040
0.5
    1070
0
    1040
0.5
    1070
0
    1002
}
    1000
LeadOut
    1002
{
    1070
0
    1040
0
    1040
0
    1040
0
    1070
0
    1002
}
    1000
IsFill
    1070
0
    1000
PathStart
    1040
0
    1000
ToolCompensation
    1002
{
    1070
0
    1040
0
    1070
0
    1002
}
       0
LWPOLYLINE
       5
2095
     100
AcDbEntity
       8
1
     100
AcDbPolyline
      90
12
      70
1
      10
133
      20
0
      42
0
      10
129.965380005602
      20
2.99999999992765
      42
0.400905769486172
      10
2.93378322918637
      20
129.966891614611
      42
0
      10
0
      20
133
      42
0
      10
-2.99999999992764
      20
129.965380005602
      42
0.400905769486172
      10
-129.966891614611
      20
2.93378322918637
      42
0
      10
-133
      20
0
      42
0
      10
-129.965380005602
      20
-2.99999999992766
      42
0.400905769486172
      10
-2.93378322918632
      20
-129.966891614611
      42
0
      10
0
      20
-133
      42
0
      10
2.99999999992765
      20
-129.965380005602
      42
0.400905769486172
      10
129.966891614611
      20
-2.93378322918633
      42
0
    1001
FS_CYPCUT
    1000
Channel
    1070
1
    1000
LeadIn
    1002
{
    1070
3
    1040
0
    1040
1.5707963267949
    1040
0.5
    1040
0.5
    1070
0
    1040
0.5
    1070
0
    1002
}
    1000
LeadOut
    1002
{
    1070
0
    1040
0
    1040
0
    1040
0
    1070
0
    1002
}
    1000
IsFill
    1070
0
    1000
PathStart
    1040
0
    1000
ToolCompensation
    1002
{
    1070
0
    1040
0
    1070
0
    1002
}
    1000
MicroConnect
    1002
{
    1070
2
    1040
4.4048366
    1041
0.6
    1042
0
    1040
10.5409315
    1041
0.6
    1042
0
    1002
}
       0
CIRCLE
       5
2096
     100
AcDbEntity
       8
1
     100
AcDbCircle
      10
167.3320053068
      20
90
      30
0
      40
6.00000000000003
    1001
FS_CYPCUT
    1000
Channel
    1070
1
    1000
LeadIn
    1002
{
    1070
3
    1040
0
    1040
1.5707963267949
    1040
0.5
    1040
0.5
    1070
0
    1040
0.5
    1070
0
    1002
}
    1000
LeadOut
    1002
{
    1070
0
    1040
0
    1040
0
    1040
0
    1070
0
    1002
}
    1000
IsFill
    1070
0
    1000
PathStart
    1040
1
    1000
ToolCompensation
    1002
{
    1070
0
    1040
0
    1070
0
    1002
}
       0
CIRCLE
       5
2097
     100
AcDbEntity
       8
1
     100
AcDbCircle
      10
80
      20
172.3368793961
      30
0
      40
6.00000000000003
    1001
FS_CYPCUT
    1000
Channel
    1070
1
    1000
LeadIn
    1002
{
    1070
3
    1040
0
    1040
1.5707963267949
    1040
0.5
    1040
0.5
    1070
0
    1040
0.5
    1070
0
    1002
}
    1000
LeadOut
    1002
{
    1070
0
    1040
0
    1040
0
    1040
0
    1070
0
    1002
}
    1000
IsFill
    1070
0
    1000
PathStart
    1040
1
    1000
ToolCompensation
    1002
{
    1070
0
    1040
0
    1070
0
    1002
}
       0
CIRCLE
       5
2098
     100
AcDbEntity
       8
1
     100
AcDbCircle
      10
-80
      20
172.3368793961
      30
0
      40
6
    1001
FS_CYPCUT
    1000
Channel
    1070
1
    1000
LeadIn
    1002
{
    1070
3
    1040
0
    1040
1.5707963267949
    1040
0.5
    1040
0.5
    1070
0
    1040
0.5
    1070
0
    1002
}
    1000
LeadOut
    1002
{
    1070
0
    1040
0
    1040
0
    1040
0
    1070
0
    1002
}
    1000
IsFill
    1070
0
    1000
PathStart
    1040
0
    1000
ToolCompensation
    1002
{
    1070
0
    1040
0
    1070
0
    1002
}
       0
CIRCLE
       5
2099
     100
AcDbEntity
       8
1
     100
AcDbCircle
      10
-167.3320053068
      20
90
      30
0
      40
6.00000000000003
    1001
FS_CYPCUT
    1000
Channel
    1070
1
    1000
LeadIn
    1002
{
    1070
3
    1040
0
    1040
1.5707963267949
    1040
0.5
    1040
0.5
    1070
0
    1040
0.5
    1070
0
    1002
}
    1000
LeadOut
    1002
{
    1070
0
    1040
0
    1040
0
    1040
0
    1070
0
    1002
}
    1000
IsFill
    1070
0
    1000
PathStart
    1040
1
    1000
ToolCompensation
    1002
{
    1070
0
    1040
0
    1070
0
    1002
}
       0
LWPOLYLINE
       5
209A
     100
AcDbEntity
       8
1
     100
AcDbPolyline
      90
32
      70
1
      10
204.309539385929
      20
48.5552480779315
      42
0.0650617347831467
      10
184.971948251399
      20
99.4252400554387
      42
0.213966066915621
      10
172.00150119253
      20
109.409070233091
      42
-0.298626276793073
      10
119.338404129656
      20
165.267075854709
      42
0.213966066916076
      10
110.13491558279
      20
178.802405938991
      42
0.0650617347831469
      10
60.490657473481
      20
201.099180402143
      42
0.213966066915617
      10
44.259532382469
      20
198.987323352667
      42
-0.298626276792599
      10
-32.4764752276682
      20
201.246464859809
      42
0.213966066915617
      10
-48.5552480779314
      20
204.309539385929
      42
0.0650617347831463
      10
-99.4252400555704
      20
184.971948251343
      42
0.213966066915617
      10
-109.409070233131
      20
172.00150119262
      42
-0.298626276792598
      10
-165.267075854743
      20
119.33840412965
      42
0.213966066915619
      10
-178.802405938918
      20
110.134915582913
      42
0.0182533898099952
      10
-186.359436211776
      20
96.7995895385324
      42
0.120342421892805
      10
-189.7366596101
      20
82.9710767473
      42
0
      10
-189.7366596101
      20
-82.9710767473
      42
0.120342421892803
      10
-186.359436211729
      20
-96.7995895386266
      42
0.00353541042897202
      10
-184.971948251399
      20
-99.4252400554388
      42
0.213966066915616
      10
-172.00150119262
      20
-109.409070233031
      42
-0.298626276793075
      10
-119.338404129702
      20
-165.26707585467
      42
0.213966066915621
      10
-110.134915583043
      20
-178.8024059389
      42
0.0650617347835846
      10
-60.490657473481
      20
-201.099180402143
      42
0.213966066915615
      10
-44.2595323824586
      20
-198.987323352715
      42
-0.298626276793075
      10
32.4764752276684
      20
-201.246464859879
      42
0.213966066915617
      10
48.5552480775748
      20
-204.309539386014
      42
0.0650617347835856
      10
99.4252400554704
      20
-184.971948251343
      42
0.213966066915618
      10
109.409070233091
      20
-172.00150119263
      42
-0.298626276793074
      10
165.267075854709
      20
-119.338404129657
      42
0.213966066915616
      10
178.8024059389
      20
-110.134915582943
      42
0.0650617347835846
      10
201.099180402153
      20
-60.4906574735506
      42
0.213966066915619
      10
198.987323352667
      20
-44.259532382469
      42
-0.298626276793074
      10
201.246464859879
      20
32.4764752276684
      42
0.213966066916073
    1001
FS_CYPCUT
    1000
Channel
    1070
1
    1000
LeadIn
    1002
{
    1070
3
    1040
14.5036157178111
    1040
1.5707963267949
    1040
0.5
    1040
0.5
    1070
0
    1040
0.5
    1070
0
    1002
}
    1000
LeadOut
    1002
{
    1070
0
    1040
0
    1040
0
    1040
0
    1070
0
    1002
}
    1000
IsFill
    1070
1
    1000
PathStart
    1040
14.5
    1000
ToolCompensation
    1002
{
    1070
0
    1040
0
    1070
0
    1002
}
    1000
MicroConnect
    1002
{
    1070
3
    1040
4.5
    1041
0.6
    1042
0
    1040
14.5
    1041
0.6
    1042
0
    1040
24.5
    1041
0.6
    1042
0
    1002
}
       0
ENDBLK
       5
209B
     330
200E
     100
AcDbEntity
       8
0
     100
AcDbBlockEnd
       0
BLOCK
       5
209C
     330
200F
     100
AcDbEntity
       8
0
     100
AcDbBlockBegin
       2
Part1171960400
      70
0
      10
-32.5
      20
-32.5
      30
0
       3
Part1171960400
       1

       4
CypCutBlock
       0
CIRCLE
       5
209D
     100
AcDbEntity
       8
1
     100
AcDbCircle
      10
0
      20
0
      30
0
      40
30.25
    1001
FS_CYPCUT
    1000
Channel
    1070
1
    1000
LeadIn
    1002
{
    1070
3
    1040
0
    1040
1.5707963267949
    1040
1
    1040
1
    1070
0
    1040
0.5
    1070
0
    1002
}
    1000
LeadOut
    1002
{
    1070
0
    1040
0
    1040
0
    1040
0
    1070
0
    1002
}
    1000
IsFill
    1070
0
    1000
PathStart
    1040
0
    1000
ToolCompensation
    1002
{
    1070
0
    1040
0
    1070
0
    1002
}
       0
CIRCLE
       5
209E
     100
AcDbEntity
       8
1
     100
AcDbCircle
      10
0
      20
0
      30
0
      40
32.5
    1001
FS_CYPCUT
    1000
Channel
    1070
1
    1000
LeadIn
    1002
{
    1070
3
    1040
0.000458315137646714
    1040
1.5707963267949
    1040
1
    1040
1
    1070
0
    1040
0.5
    1070
0
    1002
}
    1000
LeadOut
    1002
{
    1070
0
    1040
0
    1040
0
    1040
0
    1070
0
    1002
}
    1000
IsFill
    1070
1
    1000
PathStart
    1040
0
    1000
ToolCompensation
    1002
{
    1070
0
    1040
0
    1070
0
    1002
}
    1000
MicroConnect
    1002
{
    1070
2
    1040
0.498909915
    1041
0.8
    1042
0
    1040
0.996540655
    1041
0.8
    1042
0
    1002
}
       0
ENDBLK
       5
209F
     330
200F
     100
AcDbEntity
       8
0
     100
AcDbBlockEnd
       0
BLOCK
       5
20A0
     330
2010
     100
AcDbEntity
       8
0
     100
AcDbBlockBegin
       2
Part831765462
      70
0
      10
-75
      20
-45
      30
0
       3
Part831765462
       1

       4
CypCutBlock
       0
LWPOLYLINE
       5
20A1
     100
AcDbEntity
       8
1
     100
AcDbPolyline
      90
4
      70
1
      10
6.99999999999999
      20
25.5
      42
1
      10
-6.99999999999999
      20
25.5
      42
0
      10
-7
      20
0.5
      42
1
      10
6.99999999999999
      20
0.499999999999998
      42
0
    1001
FS_CYPCUT
    1000
Channel
    1070
1
    1000
LeadIn
    1002
{
    1070
3
    1040
1.5
    1040
1.5707963267949
    1040
2
    1040
1
    1070
0
    1040
0.5
    1070
0
    1002
}
    1000
LeadOut
    1002
{
    1070
0
    1040
0
    1040
0
    1040
0
    1070
0
    1002
}
    1000
IsFill
    1070
0
    1000
PathStart
    1040
1.5
    1000
ToolCompensation
    1002
{
    1070
0
    1040
0
    1070
0
    1002
}
       0
LWPOLYLINE
       5
20A2
     100
AcDbEntity
       8
1
     100
AcDbPolyline
      90
18
      70
1
      10
75
      20
19.1818861565
      42
0.348317662192296
      10
67.2807017543825
      20
28.9183331217722
      42
0.115557869073172
      10
-67.2807017542823
      20
28.9183331218198
      42
0.348317662192296
      10
-75
      20
19.1818861565
      42
0
      10
-75
      20
-35
      42
0.414213562373095
      10
-65
      20
-45
      42
0
      10
-65
      20
-34.8
      42
0
      10
-58.4
      20
-34.8
      42
0
      10
-58.4000000000326
      20
-45.0000000000537
      42
-0.0413680035590615
      10
-10
      20
-39.3311559539
      42
0
      10
-9.8983050847
      20
-42.3294318158
      42
-0.0169540243891605
      10
9.89830508492086
      20
-42.3294318157606
      42
0
      10
10
      20
-39.3311559539
      42
-0.0413680035590613
      10
58.4
      20
-45
      42
0
      10
58.4
      20
-34.8
      42
0
      10
65
      20
-34.8
      42
0
      10
65
      20
-45
      42
0.414213562373096
      10
75
      20
-35
      42
0
    1001
FS_CYPCUT
    1000
Channel
    1070
1
    1000
LeadIn
    1002
{
    1070
3
    1040
1.5
    1040
1.5707963267949
    1040
2
    1040
1
    1070
0
    1040
0.5
    1070
0
    1002
}
    1000
LeadOut
    1002
{
    1070
0
    1040
0
    1040
0
    1040
0
    1070
0
    1002
}
    1000
IsFill
    1070
1
    1000
PathStart
    1040
1.5
    1000
ToolCompensation
    1002
{
    1070
0
    1040
0
    1070
0
    1002
}
    1000
MicroConnect
    1002
{
    1070
2
    1040
3.46378187
    1041
0.8
    1042
0
    1040
17.5141534
    1041
0.8
    1042
0
    1002
}
       0
ENDBLK
       5
20A3
     330
2010
     100
AcDbEntity
       8
0
     100
AcDbBlockEnd
       0
BLOCK
       5
20A4
     330
2011
     100
AcDbEntity
       8
0
     100
AcDbBlockBegin
       2
Part1027717223
      70
0
      10
-160
      20
-1.0658141E-14
      30
0
       3
Part1027717223
       1

       4
CypCutBlock
       0
CIRCLE
       5
20A5
     100
AcDbEntity
       8
1
     100
AcDbCircle
      10
-135
      20
23
      30
0
      40
5.5
    1001
FS_CYPCUT
    1000
Channel
    1070
1
    1000
LeadIn
    1002
{
    1070
3
    1040
0
    1040
1.5707963267949
    1040
2
    1040
1
    1070
0
    1040
0.5
    1070
0
    1002
}
    1000
LeadOut
    1002
{
    1070
0
    1040
0
    1040
0
    1040
0
    1070
0
    1002
}
    1000
IsFill
    1070
0
    1000
PathStart
    1040
1
    1000
ToolCompensation
    1002
{
    1070
0
    1040
0
    1070
0
    1002
}
       0
CIRCLE
       5
20A6
     100
AcDbEntity
       8
1
     100
AcDbCircle
      10
-135
      20
105
      30
0
      40
5.5
    1001
FS_CYPCUT
    1000
Channel
    1070
1
    1000
LeadIn
    1002
{
    1070
3
    1040
0
    1040
1.5707963267949
    1040
2
    1040
1
    1070
0
    1040
0.5
    1070
0
    1002
}
    1000
LeadOut
    1002
{
    1070
0
    1040
0
    1040
0
    1040
0
    1070
0
    1002
}
    1000
IsFill
    1070
0
    1000
PathStart
    1040
0
    1000
ToolCompensation
    1002
{
    1070
0
    1040
0
    1070
0
    1002
}
       0
LWPOLYLINE
       5
20A7
     100
AcDbEntity
       8
1
     100
AcDbPolyline
      90
8
      70
1
      10
-45
      20
80
      42
0.414213562373095
      10
-50
      20
85
      42
0
      10
-110
      20
85
      42
0.414213562373095
      10
-115
      20
80
      42
0
      10
-115
      20
40
      42
0.414213562373095
      10
-110
      20
35
      42
0
      10
-50
      20
35
      42
0.414213562373095
      10
-45
      20
40
      42
0
    1001
FS_CYPCUT
    1000
Channel
    1070
1
    1000
LeadIn
    1002
{
    1070
3
    1040
1.5
    1040
1.5707963267949
    1040
2
    1040
1
    1070
0
    1040
0.5
    1070
0
    1002
}
    1000
LeadOut
    1002
{
    1070
0
    1040
0
    1040
0
    1040
0
    1070
0
    1002
}
    1000
IsFill
    1070
0
    1000
PathStart
    1040
1.5
    1000
ToolCompensation
    1002
{
    1070
0
    1040
0
    1070
0
    1002
}
       0
CIRCLE
       5
20A8
     100
AcDbEntity
       8
1
     100
AcDbCircle
      10
-25
      20
105
      30
0
      40
5.49999999999999
    1001
FS_CYPCUT
    1000
Channel
    1070
1
    1000
LeadIn
    1002
{
    1070
3
    1040
0
    1040
1.5707963267949
    1040
2
    1040
1
    1070
0
    1040
0.5
    1070
0
    1002
}
    1000
LeadOut
    1002
{
    1070
0
    1040
0
    1040
0
    1040
0
    1070
0
    1002
}
    1000
IsFill
    1070
0
    1000
PathStart
    1040
1
    1000
ToolCompensation
    1002
{
    1070
0
    1040
0
    1070
0
    1002
}
       0
CIRCLE
       5
20A9
     100
AcDbEntity
       8
1
     100
AcDbCircle
      10
-25
      20
23
      30
0
      40
5.5
    1001
FS_CYPCUT
    1000
Channel
    1070
1
    1000
LeadIn
    1002
{
    1070
3
    1040
0
    1040
1.5707963267949
    1040
2
    1040
1
    1070
0
    1040
0.5
    1070
0
    1002
}
    1000
LeadOut
    1002
{
    1070
0
    1040
0
    1040
0
    1040
0
    1070
0
    1002
}
    1000
IsFill
    1070
0
    1000
PathStart
    1040
0
    1000
ToolCompensation
    1002
{
    1070
0
    1040
0
    1070
0
    1002
}
       0
LWPOLYLINE
       5
20AA
     100
AcDbEntity
       8
1
     100
AcDbPolyline
      90
24
      70
1
      10
0
      20
115
      42
0
      10
0
      20
94.5474144968
      42
-0.203601513502596
      10
-3.05754008763368
      20
87.3500364765953
      42
0.424813047065696
      10
-3.05754008758596
      20
32.6499635233586
      42
-0.203601513502598
      10
1.06581410364015E-14
      20
25.4525855032
      42
0
      10
0
      20
5
      42
-0.414213562373095
      10
-5
      20
0
      42
0
      10
-40.5118425974
      20
-1.06581410364015E-14
      42
-0.20293818209371
      10
-47.6915075797189
      20
3.03922340952446
      42
0.423309920037939
      10
-112.308492420315
      20
3.03922340955011
      42
-0.202938182093711
      10
-119.4881574026
      20
0
      42
0
      10
-155
      20
0
      42
-0.414213562373098
      10
-160
      20
5
      42
0
      10
-160
      20
25.4525855032
      42
-0.203601513502598
      10
-156.942459912366
      20
32.6499635234046
      42
0.42481304706518
      10
-156.942459912365
      20
87.3500364766312
      42
-0.203601513503047
      10
-160
      20
94.5474144968
      42
0
      10
-160
      20
115
      42
-0.414213562373098
      10
-155
      20
120
      42
0
      10
-119.4881574026
      20
120
      42
-0.202938182093712
      10
-112.308492420315
      20
116.96077659045
      42
0.423309920037939
      10
-47.6915075796847
      20
116.96077659045
      42
-0.202938182093711
      10
-40.5118425974
      20
120
      42
0
      10
-5
      20
120
      42
-0.414213562373099
    1001
FS_CYPCUT
    1000
Channel
    1070
1
    1000
LeadIn
    1002
{
    1070
3
    1040
8.5
    1040
1.5707963267949
    1040
2
    1040
1
    1070
0
    1040
0.5
    1070
0
    1002
}
    1000
LeadOut
    1002
{
    1070
0
    1040
0
    1040
0
    1040
0
    1070
0
    1002
}
    1000
IsFill
    1070
1
    1000
PathStart
    1040
8.5
    1000
ToolCompensation
    1002
{
    1070
0
    1040
0
    1070
0
    1002
}
    1000
MicroConnect
    1002
{
    1070
2
    1040
0.442427217
    1041
0.8
    1042
0
    1040
12.3565653
    1041
0.8
    1042
0
    1002
}
       0
ENDBLK
       5
20AB
     330
2011
     100
AcDbEntity
       8
0
     100
AcDbBlockEnd
       0
BLOCK
       5
20AC
     330
2012
     100
AcDbEntity
       8
0
     100
AcDbBlockBegin
       2
Part1628856280
      70
0
      10
-4.58218937
      20
-91.3821894
      30
0
       3
Part1628856280
       1

       4
CypCutBlock
       0
LINE
       5
20AD
     100
AcDbEntity
       8
2
     100
AcDbLine
      10
39.5339053144
      20
-59.3821893712
      30
0
      11
39.5339053144
      21
-10.5321893712
      31
0
    1001
FS_CYPCUT
    1000
Channel
    1070
2
    1000
LeadIn
    1002
{
    1070
3
    1040
0.0122824974411464
    1040
1.5707963267949
    1040
0.5
    1040
0.5
    1070
0
    1040
0.5
    1070
0
    1002
}
    1000
LeadOut
    1002
{
    1070
0
    1040
0
    1040
0
    1040
0
    1070
0
    1002
}
    1000
IsFill
    1070
0
    1000
PathStart
    1040
0
    1000
ToolCompensation
    1002
{
    1070
0
    1040
0
    1070
0
    1002
}
    1000
MicroConnect
    1002
{
    1070
1
    1040
0
    1041
0.6
    1042
0
    1002
}
       0
LWPOLYLINE
       5
20AE
     100
AcDbEntity
       8
1
     100
AcDbPolyline
      90
8
      70
1
      10
38
      20
73.85
      42
0.414213562373096
      10
35
      20
76.85
      42
0
      10
11
      20
76.85
      42
0.414213562373098
      10
7.99999999999999
      20
73.85
      42
0
      10
8.00000000000001
      20
43.85
      42
0.414213562373095
      10
11
      20
40.85
      42
0
      10
35
      20
40.85
      42
0.414213562373096
      10
38
      20
43.85
      42
0
    1001
FS_CYPCUT
    1000
Channel
    1070
1
    1000
LeadIn
    1002
{
    1070
3
    1040
3.5
    1040
1.5707963267949
    1040
0.5
    1040
0.5
    1070
0
    1040
0.5
    1070
0
    1002
}
    1000
LeadOut
    1002
{
    1070
0
    1040
0
    1040
0
    1040
0
    1070
0
    1002
}
    1000
IsFill
    1070
0
    1000
PathStart
    1040
3.5
    1000
ToolCompensation
    1002
{
    1070
0
    1040
0
    1070
0
    1002
}
       0
LWPOLYLINE
       5
20AF
     100
AcDbEntity
       8
1
     100
AcDbPolyline
      90
6
      70
1
      10
134.9447127456
      20
37.0958291968
      42
0
      10
76.532951161
      20
84.8872704933
      42
0.632719908898981
      10
70
      20
81.7914412965
      42
0
      10
70
      20
34
      42
0.414213562373092
      10
74
      20
30
      42
0
      10
132.4117615846
      20
30
      42
0.704838323350157
    1001
FS_CYPCUT
    1000
Channel
    1070
1
    1000
LeadIn
    1002
{
    1070
3
    1040
0.5
    1040
1.5707963267949
    1040
0.5
    1040
0.5
    1070
0
    1040
0.5
    1070
0
    1002
}
    1000
LeadOut
    1002
{
    1070
0
    1040
0
    1040
0
    1040
0
    1070
0
    1002
}
    1000
IsFill
    1070
0
    1000
PathStart
    1040
0.5
    1000
ToolCompensation
    1002
{
    1070
0
    1040
0
    1070
0
    1002
}
       0
CIRCLE
       5
20B0
     100
AcDbEntity
       8
1
     100
AcDbCircle
      10
111.5
      20
-22.9571893712
      30
0
      40
3.19999999999999
    1001
FS_CYPCUT
    1000
Channel
    1070
1
    1000
LeadIn
    1002
{
    1070
3
    1040
0
    1040
1.5707963267949
    1040
0.5
    1040
0.5
    1070
0
    1040
0.5
    1070
0
    1002
}
    1000
LeadOut
    1002
{
    1070
0
    1040
0
    1040
0
    1040
0
    1070
0
    1002
}
    1000
IsFill
    1070
0
    1000
PathStart
    1040
1
    1000
ToolCompensation
    1002
{
    1070
0
    1040
0
    1070
0
    1002
}
       0
LINE
       5
20B1
     100
AcDbEntity
       8
2
     100
AcDbLine
      10
44.8
      20
-5.2660946856
      30
0
      11
205
      21
-5.2660946856
      31
0
    1001
FS_CYPCUT
    1000
Channel
    1070
2
    1000
LeadIn
    1002
{
    1070
3
    1040
0
    1040
1.5707963267949
    1040
0.5
    1040
0.5
    1070
0
    1040
0.5
    1070
0
    1002
}
    1000
LeadOut
    1002
{
    1070
0
    1040
0
    1040
0
    1040
0
    1070
0
    1002
}
    1000
IsFill
    1070
0
    1000
PathStart
    1040
0
    1000
ToolCompensation
    1002
{
    1070
0
    1040
0
    1070
0
    1002
}
    1000
MicroConnect
    1002
{
    1070
1
    1040
1
    1041
0.6
    1042
0
    1002
}
       0
CIRCLE
       5
20B2
     100
AcDbEntity
       8
1
     100
AcDbCircle
      10
111.5
      20
-78.9571893712
      30
0
      40
3.19999999999999
    1001
FS_CYPCUT
    1000
Channel
    1070
1
    1000
LeadIn
    1002
{
    1070
3
    1040
0
    1040
1.5707963267949
    1040
0.5
    1040
0.5
    1070
0
    1040
0.5
    1070
0
    1002
}
    1000
LeadOut
    1002
{
    1070
0
    1040
0
    1040
0
    1040
0
    1070
0
    1002
}
    1000
IsFill
    1070
0
    1000
PathStart
    1040
0
    1000
ToolCompensation
    1002
{
    1070
0
    1040
0
    1070
0
    1002
}
       0
CIRCLE
       5
20B3
     100
AcDbEntity
       8
1
     100
AcDbCircle
      10
190.5
      20
-78.9571893712
      30
0
      40
3.20000000000002
    1001
FS_CYPCUT
    1000
Channel
    1070
1
    1000
LeadIn
    1002
{
    1070
3
    1040
0
    1040
1.5707963267949
    1040
0.5
    1040
0.5
    1070
0
    1040
0.5
    1070
0
    1002
}
    1000
LeadOut
    1002
{
    1070
0
    1040
0
    1040
0
    1040
0
    1070
0
    1002
}
    1000
IsFill
    1070
0
    1000
PathStart
    1040
1
    1000
ToolCompensation
    1002
{
    1070
0
    1040
0
    1070
0
    1002
}
       0
CIRCLE
       5
20B4
     100
AcDbEntity
       8
1
     100
AcDbCircle
      10
184
      20
-39.3821893712
      30
0
      40
6.00000000000006
    1001
FS_CYPCUT
    1000
Channel
    1070
1
    1000
LeadIn
    1002
{
    1070
3
    1040
2.4980018054066E-16
    1040
1.5707963267949
    1040
0.5
    1040
0.5
    1070
0
    1040
0.5
    1070
0
    1002
}
    1000
LeadOut
    1002
{
    1070
0
    1040
0
    1040
0
    1040
0
    1070
0
    1002
}
    1000
IsFill
    1070
0
    1000
PathStart
    1040
2.4980018054066E-16
    1000
ToolCompensation
    1002
{
    1070
0
    1040
0
    1070
0
    1002
}
       0
CIRCLE
       5
20B5
     100
AcDbEntity
       8
1
     100
AcDbCircle
      10
190.5
      20
-22.9571893712
      30
0
      40
3.20000000000002
    1001
FS_CYPCUT
    1000
Channel
    1070
1
    1000
LeadIn
    1002
{
    1070
3
    1040
0
    1040
1.5707963267949
    1040
0.5
    1040
0.5
    1070
0
    1040
0.5
    1070
0
    1002
}
    1000
LeadOut
    1002
{
    1070
0
    1040
0
    1040
0
    1040
0
    1070
0
    1002
}
    1000
IsFill
    1070
0
    1000
PathStart
    1040
1
    1000
ToolCompensation
    1002
{
    1070
0
    1040
0
    1070
0
    1002
}
       0
LWPOLYLINE
       5
20B6
     100
AcDbEntity
       8
1
     100
AcDbPolyline
      90
19
      70
1
      10
205
      20
20.261208724
      42
0.224949845407776
      10
201.332377902573
      20
28.0007817160333
      42
0
      10
42.7627441208726
      20
157.739572992033
      42
0.173131770096427
      10
36.4303662183
      20
160
      42
0
      10
2
      20
160
      42
0.41421356237311
      10
0
      20
158
      42
0
      10
3.5527136788005E-15
      20
10.35
      42
0.414213562373095
      10
10
      20
0.35
      42
0
      10
44.8
      20
0.35
      42
0
      10
44.8
      20
-10.5321893712
      42
0
      10
-2.5821893712
      20
-10.5321893712
      42
0.414213562373096
      10
-4.5821893712
      20
-12.5321893712
      42
0
      10
-4.5821893712
      20
-57.3821893712
      42
0.414213562373093
      10
-2.5821893712
      20
-59.3821893712
      42
0
      10
97
      20
-59.3821893712
      42
0
      10
97
      20
-81.3821893712
      42
0.414213562373094
      10
107
      20
-91.3821893712
      42
0
      10
195
      20
-91.3821893712001
      42
0.414213562373096
      10
205
      20
-81.3821893712
      42
0
    1001
FS_CYPCUT
    1000
Channel
    1070
1
    1000
LeadIn
    1002
{
    1070
3
    1040
1.5029285202245
    1040
1.5707963267949
    1040
0.5
    1040
0.5
    1070
0
    1040
0.5
    1070
0
    1002
}
    1000
LeadOut
    1002
{
    1070
0
    1040
0
    1040
0
    1040
0
    1070
0
    1002
}
    1000
IsFill
    1070
1
    1000
PathStart
    1040
1.5
    1000
ToolCompensation
    1002
{
    1070
0
    1040
0
    1070
0
    1002
}
    1000
MicroConnect
    1002
{
    1070
2
    1040
1.5
    1041
0.6
    1042
0
    1040
5.43770064
    1041
0.6
    1042
0
    1002
}
       0
ENDBLK
       5
20B7
     330
2012
     100
AcDbEntity
       8
0
     100
AcDbBlockEnd
       0
BLOCK
       5
20B8
     330
2013
     100
AcDbEntity
       8
0
     100
AcDbBlockBegin
       2
Part2035160478
      70
0
      10
-86.5
      20
-86.5
      30
0
       3
Part2035160478
       1

       4
CypCutBlock
       0
LWPOLYLINE
       5
20B9
     100
AcDbEntity
       8
1
     100
AcDbPolyline
      90
4
      70
1
      10
-68.4393598993455
      20
16.9205205761479
      42
0.121783493089402
      10
-68.4393598993455
      20
-16.9205205761479
      42
-0.999999999999996
      10
-77.1762994609627
      20
-19.0805870326771
      42
-0.121783493089402
      10
-77.1762994609093
      20
19.0805870326648
      42
-1
    1001
FS_CYPCUT
    1000
Channel
    1070
1
    1000
LeadIn
    1002
{
    1070
3
    1040
2.5
    1040
1.5707963267949
    1040
0.5
    1040
0.5
    1070
0
    1040
0.5
    1070
0
    1002
}
    1000
LeadOut
    1002
{
    1070
0
    1040
0
    1040
0
    1040
0
    1070
0
    1002
}
    1000
IsFill
    1070
0
    1000
PathStart
    1040
2.5
    1000
ToolCompensation
    1002
{
    1070
0
    1040
0
    1070
0
    1002
}
       0
LWPOLYLINE
       5
20BA
     100
AcDbEntity
       8
1
     100
AcDbPolyline
      90
4
      70
1
      10
19.0805870326648
      20
77.1762994609093
      42
-1
      10
16.9205205761352
      20
68.4393598992907
      42
0.121783493089402
      10
-16.9205205761482
      20
68.4393598993465
      42
-1
      10
-19.0805870326648
      20
77.1762994610093
      42
-0.121783493089402
    1001
FS_CYPCUT
    1000
Channel
    1070
1
    1000
LeadIn
    1002
{
    1070
3
    1040
3.5
    1040
1.5707963267949
    1040
0.5
    1040
0.5
    1070
0
    1040
0.5
    1070
0
    1002
}
    1000
LeadOut
    1002
{
    1070
0
    1040
0
    1040
0
    1040
0
    1070
0
    1002
}
    1000
IsFill
    1070
0
    1000
PathStart
    1040
3.5
    1000
ToolCompensation
    1002
{
    1070
0
    1040
0
    1070
0
    1002
}
       0
LWPOLYLINE
       5
20BB
     100
AcDbEntity
       8
1
     100
AcDbPolyline
      90
6
      70
1
      10
54
      20
0
      42
0
      10
51.494514551
      20
-0.7516456347
      42
-0.985509909313721
      10
-51.4945145509675
      20
-0.751645634721944
      42
0
      10
-54
      20
0
      42
0
      10
-51.4945145509675
      20
0.751645634721933
      42
-0.985509909313721
      10
51.4945145509675
      20
0.751645634721934
      42
0
    1001
FS_CYPCUT
    1000
Channel
    1070
1
    1000
LeadIn
    1002
{
    1070
3
    1040
1.50374324631768
    1040
1.5707963267949
    1040
0.5
    1040
0.5
    1070
0
    1040
0.5
    1070
0
    1002
}
    1000
LeadOut
    1002
{
    1070
0
    1040
0
    1040
0
    1040
0
    1070
0
    1002
}
    1000
IsFill
    1070
0
    1000
PathStart
    1040
1.5
    1000
ToolCompensation
    1002
{
    1070
0
    1040
0
    1070
0
    1002
}
    1000
MicroConnect
    1002
{
    1070
2
    1040
1.5
    1041
0.6
    1042
0
    1040
4.5
    1041
0.6
    1042
0
    1002
}
       0
LWPOLYLINE
       5
20BC
     100
AcDbEntity
       8
1
     100
AcDbPolyline
      90
4
      70
1
      10
19.0805870326775
      20
-77.1762994609642
      42
-0.121783493089403
      10
-19.0805870326775
      20
-77.1762994609642
      42
-0.999999999999998
      10
-16.920520576135
      20
-68.4393598992899
      42
0.121783493089403
      10
16.9205205761477
      20
-68.4393598993448
      42
-1
    1001
FS_CYPCUT
    1000
Channel
    1070
1
    1000
LeadIn
    1002
{
    1070
3
    1040
0.500000000000001
    1040
1.5707963267949
    1040
0.5
    1040
0.5
    1070
0
    1040
0.5
    1070
0
    1002
}
    1000
LeadOut
    1002
{
    1070
0
    1040
0
    1040
0
    1040
0
    1070
0
    1002
}
    1000
IsFill
    1070
0
    1000
PathStart
    1040
0.500000000000001
    1000
ToolCompensation
    1002
{
    1070
0
    1040
0
    1070
0
    1002
}
       0
LWPOLYLINE
       5
20BD
     100
AcDbEntity
       8
1
     100
AcDbPolyline
      90
4
      70
1
      10
77.1762994610109
      20
19.0805870326652
      42
1
      10
68.4393598993464
      20
16.9205205761481
      42
-0.121783493089403
      10
68.4393598993464
      20
-16.9205205761482
      42
1
      10
77.17629946101
      20
-19.0805870326649
      42
0.121783493089402
    1001
FS_CYPCUT
    1000
Channel
    1070
1
    1000
LeadIn
    1002
{
    1070
3
    1040
3.50000000000005
    1040
1.5707963267949
    1040
0.5
    1040
0.5
    1070
0
    1040
0.5
    1070
0
    1002
}
    1000
LeadOut
    1002
{
    1070
0
    1040
0
    1040
0
    1040
0
    1070
0
    1002
}
    1000
IsFill
    1070
0
    1000
PathStart
    1040
3.50000000000005
    1000
ToolCompensation
    1002
{
    1070
0
    1040
0
    1070
0
    1002
}
       0
CIRCLE
       5
20BE
     100
AcDbEntity
       8
1
     100
AcDbCircle
      10
0
      20
0
      30
0
      40
86.5
    1001
FS_CYPCUT
    1000
Channel
    1070
1
    1000
LeadIn
    1002
{
    1070
3
    1040
0.00110396492318078
    1040
1.5707963267949
    1040
0.5
    1040
0.5
    1070
0
    1040
0.5
    1070
0
    1002
}
    1000
LeadOut
    1002
{
    1070
0
    1040
0
    1040
0
    1040
0
    1070
0
    1002
}
    1000
IsFill
    1070
1
    1000
PathStart
    1040
0
    1000
ToolCompensation
    1002
{
    1070
0
    1040
0
    1070
0
    1002
}
    1000
MicroConnect
    1002
{
    1070
2
    1040
0
    1041
0.6
    1042
0
    1040
0.498183242
    1041
0.6
    1042
0
    1002
}
       0
ENDBLK
       5
20BF
     330
2013
     100
AcDbEntity
       8
0
     100
AcDbBlockEnd
       0
BLOCK
       5
20C0
     330
2014
     100
AcDbEntity
       8
0
     100
AcDbBlockBegin
       2
Part1925720260
      70
0
      10
-189.73666
      20
-204.851488
      30
0
       3
Part1925720260
       1

       4
CypCutBlock
       0
CIRCLE
       5
20C1
     100
AcDbEntity
       8
1
     100
AcDbCircle
      10
-167.3320053068
      20
-90
      30
0
      40
6.00000000000001
    1001
FS_CYPCUT
    1000
Channel
    1070
1
    1000
LeadIn
    1002
{
    1070
3
    1040
0
    1040
1.5707963267949
    1040
0.5
    1040
0.5
    1070
0
    1040
0.5
    1070
0
    1002
}
    1000
LeadOut
    1002
{
    1070
0
    1040
0
    1040
0
    1040
0
    1070
0
    1002
}
    1000
IsFill
    1070
0
    1000
PathStart
    1040
0
    1000
ToolCompensation
    1002
{
    1070
0
    1040
0
    1070
0
    1002
}
       0
CIRCLE
       5
20C2
     100
AcDbEntity
       8
1
     100
AcDbCircle
      10
-80
      20
-172.3368793961
      30
0
      40
6
    1001
FS_CYPCUT
    1000
Channel
    1070
1
    1000
LeadIn
    1002
{
    1070
3
    1040
0
    1040
1.5707963267949
    1040
0.5
    1040
0.5
    1070
0
    1040
0.5
    1070
0
    1002
}
    1000
LeadOut
    1002
{
    1070
0
    1040
0
    1040
0
    1040
0
    1070
0
    1002
}
    1000
IsFill
    1070
0
    1000
PathStart
    1040
0
    1000
ToolCompensation
    1002
{
    1070
0
    1040
0
    1070
0
    1002
}
       0
CIRCLE
       5
20C3
     100
AcDbEntity
       8
1
     100
AcDbCircle
      10
80
      20
-172.3368793961
      30
0
      40
6.00000000000003
    1001
FS_CYPCUT
    1000
Channel
    1070
1
    1000
LeadIn
    1002
{
    1070
3
    1040
0
    1040
1.5707963267949
    1040
0.5
    1040
0.5
    1070
0
    1040
0.5
    1070
0
    1002
}
    1000
LeadOut
    1002
{
    1070
0
    1040
0
    1040
0
    1040
0
    1070
0
    1002
}
    1000
IsFill
    1070
0
    1000
PathStart
    1040
1
    1000
ToolCompensation
    1002
{
    1070
0
    1040
0
    1070
0
    1002
}
       0
CIRCLE
       5
20C4
     100
AcDbEntity
       8
1
     100
AcDbCircle
      10
167.3320053068
      20
-90
      30
0
      40
6.00000000000001
    1001
FS_CYPCUT
    1000
Channel
    1070
1
    1000
LeadIn
    1002
{
    1070
3
    1040
0
    1040
1.5707963267949
    1040
0.5
    1040
0.5
    1070
0
    1040
0.5
    1070
0
    1002
}
    1000
LeadOut
    1002
{
    1070
0
    1040
0
    1040
0
    1040
0
    1070
0
    1002
}
    1000
IsFill
    1070
0
    1000
PathStart
    1040
0
    1000
ToolCompensation
    1002
{
    1070
0
    1040
0
    1070
0
    1002
}
       0
LWPOLYLINE
       5
20C5
     100
AcDbEntity
       8
1
     100
AcDbPolyline
      90
12
      70
1
      10
133
      20
0
      42
0
      10
129.965380005602
      20
2.99999999992765
      42
0.400905769486172
      10
2.93378322918637
      20
129.966891614611
      42
0
      10
0
      20
133
      42
0
      10
-2.99999999992764
      20
129.965380005602
      42
0.400905769486172
      10
-129.966891614611
      20
2.93378322918637
      42
0
      10
-133
      20
0
      42
0
      10
-129.965380005602
      20
-2.99999999992766
      42
0.400905769486172
      10
-2.93378322918632
      20
-129.966891614611
      42
0
      10
0
      20
-133
      42
0
      10
2.99999999992765
      20
-129.965380005602
      42
0.400905769486172
      10
129.966891614611
      20
-2.93378322918633
      42
0
    1001
FS_CYPCUT
    1000
Channel
    1070
1
    1000
LeadIn
    1002
{
    1070
3
    1040
0
    1040
1.5707963267949
    1040
0.5
    1040
0.5
    1070
0
    1040
0.5
    1070
0
    1002
}
    1000
LeadOut
    1002
{
    1070
0
    1040
0
    1040
0
    1040
0
    1070
0
    1002
}
    1000
IsFill
    1070
0
    1000
PathStart
    1040
0
    1000
ToolCompensation
    1002
{
    1070
0
    1040
0
    1070
0
    1002
}
    1000
MicroConnect
    1002
{
    1070
2
    1040
4.4048366
    1041
0.6
    1042
0
    1040
10.5409315
    1041
0.6
    1042
0
    1002
}
       0
CIRCLE
       5
20C6
     100
AcDbEntity
       8
1
     100
AcDbCircle
      10
167.3320053068
      20
90
      30
0
      40
6.00000000000003
    1001
FS_CYPCUT
    1000
Channel
    1070
1
    1000
LeadIn
    1002
{
    1070
3
    1040
0
    1040
1.5707963267949
    1040
0.5
    1040
0.5
    1070
0
    1040
0.5
    1070
0
    1002
}
    1000
LeadOut
    1002
{
    1070
0
    1040
0
    1040
0
    1040
0
    1070
0
    1002
}
    1000
IsFill
    1070
0
    1000
PathStart
    1040
1
    1000
ToolCompensation
    1002
{
    1070
0
    1040
0
    1070
0
    1002
}
       0
CIRCLE
       5
20C7
     100
AcDbEntity
       8
1
     100
AcDbCircle
      10
80
      20
172.3368793961
      30
0
      40
6.00000000000003
    1001
FS_CYPCUT
    1000
Channel
    1070
1
    1000
LeadIn
    1002
{
    1070
3
    1040
0
    1040
1.5707963267949
    1040
0.5
    1040
0.5
    1070
0
    1040
0.5
    1070
0
    1002
}
    1000
LeadOut
    1002
{
    1070
0
    1040
0
    1040
0
    1040
0
    1070
0
    1002
}
    1000
IsFill
    1070
0
    1000
PathStart
    1040
1
    1000
ToolCompensation
    1002
{
    1070
0
    1040
0
    1070
0
    1002
}
       0
CIRCLE
       5
20C8
     100
AcDbEntity
       8
1
     100
AcDbCircle
      10
-80
      20
172.3368793961
      30
0
      40
6
    1001
FS_CYPCUT
    1000
Channel
    1070
1
    1000
LeadIn
    1002
{
    1070
3
    1040
0
    1040
1.5707963267949
    1040
0.5
    1040
0.5
    1070
0
    1040
0.5
    1070
0
    1002
}
    1000
LeadOut
    1002
{
    1070
0
    1040
0
    1040
0
    1040
0
    1070
0
    1002
}
    1000
IsFill
    1070
0
    1000
PathStart
    1040
0
    1000
ToolCompensation
    1002
{
    1070
0
    1040
0
    1070
0
    1002
}
       0
CIRCLE
       5
20C9
     100
AcDbEntity
       8
1
     100
AcDbCircle
      10
-167.3320053068
      20
90
      30
0
      40
6.00000000000003
    1001
FS_CYPCUT
    1000
Channel
    1070
1
    1000
LeadIn
    1002
{
    1070
3
    1040
0
    1040
1.5707963267949
    1040
0.5
    1040
0.5
    1070
0
    1040
0.5
    1070
0
    1002
}
    1000
LeadOut
    1002
{
    1070
0
    1040
0
    1040
0
    1040
0
    1070
0
    1002
}
    1000
IsFill
    1070
0
    1000
PathStart
    1040
1
    1000
ToolCompensation
    1002
{
    1070
0
    1040
0
    1070
0
    1002
}
       0
LWPOLYLINE
       5
20CA
     100
AcDbEntity
       8
1
     100
AcDbPolyline
      90
32
      70
1
      10
204.309539385929
      20
48.5552480779315
      42
0.0650617347831467
      10
184.971948251399
      20
99.4252400554387
      42
0.213966066915621
      10
172.00150119253
      20
109.409070233091
      42
-0.298626276793073
      10
119.338404129656
      20
165.267075854709
      42
0.213966066916076
      10
110.13491558279
      20
178.802405938991
      42
0.0650617347831469
      10
60.490657473481
      20
201.099180402143
      42
0.213966066915617
      10
44.259532382469
      20
198.987323352667
      42
-0.298626276792599
      10
-32.4764752276682
      20
201.246464859809
      42
0.213966066915617
      10
-48.5552480779314
      20
204.309539385929
      42
0.0650617347831463
      10
-99.4252400555704
      20
184.971948251343
      42
0.213966066915617
      10
-109.409070233131
      20
172.00150119262
      42
-0.298626276792598
      10
-165.267075854743
      20
119.33840412965
      42
0.213966066915619
      10
-178.802405938918
      20
110.134915582913
      42
0.0182533898099952
      10
-186.359436211776
      20
96.7995895385324
      42
0.120342421892805
      10
-189.7366596101
      20
82.9710767473
      42
0
      10
-189.7366596101
      20
-82.9710767473
      42
0.120342421892803
      10
-186.359436211729
      20
-96.7995895386266
      42
0.00353541042897202
      10
-184.971948251399
      20
-99.4252400554388
      42
0.213966066915616
      10
-172.00150119262
      20
-109.409070233031
      42
-0.298626276793075
      10
-119.338404129702
      20
-165.26707585467
      42
0.213966066915621
      10
-110.134915583043
      20
-178.8024059389
      42
0.0650617347835846
      10
-60.490657473481
      20
-201.099180402143
      42
0.213966066915615
      10
-44.2595323824586
      20
-198.987323352715
      42
-0.298626276793075
      10
32.4764752276684
      20
-201.246464859879
      42
0.213966066915617
      10
48.5552480775748
      20
-204.309539386014
      42
0.0650617347835856
      10
99.4252400554704
      20
-184.971948251343
      42
0.213966066915618
      10
109.409070233091
      20
-172.00150119263
      42
-0.298626276793074
      10
165.267075854709
      20
-119.338404129657
      42
0.213966066915616
      10
178.8024059389
      20
-110.134915582943
      42
0.0650617347835846
      10
201.099180402153
      20
-60.4906574735506
      42
0.213966066915619
      10
198.987323352667
      20
-44.259532382469
      42
-0.298626276793074
      10
201.246464859879
      20
32.4764752276684
      42
0.213966066916073
    1001
FS_CYPCUT
    1000
Channel
    1070
1
    1000
LeadIn
    1002
{
    1070
3
    1040
14.5036157178111
    1040
1.5707963267949
    1040
0.5
    1040
0.5
    1070
0
    1040
0.5
    1070
0
    1002
}
    1000
LeadOut
    1002
{
    1070
0
    1040
0
    1040
0
    1040
0
    1070
0
    1002
}
    1000
IsFill
    1070
1
    1000
PathStart
    1040
14.5
    1000
ToolCompensation
    1002
{
    1070
0
    1040
0
    1070
0
    1002
}
    1000
MicroConnect
    1002
{
    1070
3
    1040
4.5
    1041
0.6
    1042
0
    1040
14.5
    1041
0.6
    1042
0
    1040
24.5
    1041
0.6
    1042
0
    1002
}
       0
ENDBLK
       5
20CB
     330
2014
     100
AcDbEntity
       8
0
     100
AcDbBlockEnd
       0
BLOCK
       5
20CC
     330
2015
     100
AcDbEntity
       8
0
     100
AcDbBlockBegin
       2
Part2021573954
      70
0
      10
-4.58218937
      20
-91.3821894
      30
0
       3
Part2021573954
       1

       4
CypCutBlock
       0
LINE
       5
20CD
     100
AcDbEntity
       8
2
     100
AcDbLine
      10
39.5339053144
      20
-59.3821893712
      30
0
      11
39.5339053144
      21
-10.5321893712
      31
0
    1001
FS_CYPCUT
    1000
Channel
    1070
2
    1000
LeadIn
    1002
{
    1070
3
    1040
0.0122824974411464
    1040
1.5707963267949
    1040
0.5
    1040
0.5
    1070
0
    1040
0.5
    1070
0
    1002
}
    1000
LeadOut
    1002
{
    1070
0
    1040
0
    1040
0
    1040
0
    1070
0
    1002
}
    1000
IsFill
    1070
0
    1000
PathStart
    1040
0
    1000
ToolCompensation
    1002
{
    1070
0
    1040
0
    1070
0
    1002
}
    1000
MicroConnect
    1002
{
    1070
1
    1040
0
    1041
0.6
    1042
0
    1002
}
       0
LWPOLYLINE
       5
20CE
     100
AcDbEntity
       8
1
     100
AcDbPolyline
      90
8
      70
1
      10
38
      20
73.85
      42
0.414213562373096
      10
35
      20
76.85
      42
0
      10
11
      20
76.85
      42
0.414213562373098
      10
7.99999999999999
      20
73.85
      42
0
      10
8.00000000000001
      20
43.85
      42
0.414213562373095
      10
11
      20
40.85
      42
0
      10
35
      20
40.85
      42
0.414213562373096
      10
38
      20
43.85
      42
0
    1001
FS_CYPCUT
    1000
Channel
    1070
1
    1000
LeadIn
    1002
{
    1070
3
    1040
3.5
    1040
1.5707963267949
    1040
0.5
    1040
0.5
    1070
0
    1040
0.5
    1070
0
    1002
}
    1000
LeadOut
    1002
{
    1070
0
    1040
0
    1040
0
    1040
0
    1070
0
    1002
}
    1000
IsFill
    1070
0
    1000
PathStart
    1040
3.5
    1000
ToolCompensation
    1002
{
    1070
0
    1040
0
    1070
0
    1002
}
       0
LWPOLYLINE
       5
20CF
     100
AcDbEntity
       8
1
     100
AcDbPolyline
      90
6
      70
1
      10
134.9447127456
      20
37.0958291968
      42
0
      10
76.532951161
      20
84.8872704933
      42
0.632719908898981
      10
70
      20
81.7914412965
      42
0
      10
70
      20
34
      42
0.414213562373092
      10
74
      20
30
      42
0
      10
132.4117615846
      20
30
      42
0.704838323350157
    1001
FS_CYPCUT
    1000
Channel
    1070
1
    1000
LeadIn
    1002
{
    1070
3
    1040
0.5
    1040
1.5707963267949
    1040
0.5
    1040
0.5
    1070
0
    1040
0.5
    1070
0
    1002
}
    1000
LeadOut
    1002
{
    1070
0
    1040
0
    1040
0
    1040
0
    1070
0
    1002
}
    1000
IsFill
    1070
0
    1000
PathStart
    1040
0.5
    1000
ToolCompensation
    1002
{
    1070
0
    1040
0
    1070
0
    1002
}
       0
CIRCLE
       5
20D0
     100
AcDbEntity
       8
1
     100
AcDbCircle
      10
111.5
      20
-22.9571893712
      30
0
      40
3.19999999999999
    1001
FS_CYPCUT
    1000
Channel
    1070
1
    1000
LeadIn
    1002
{
    1070
3
    1040
0
    1040
1.5707963267949
    1040
0.5
    1040
0.5
    1070
0
    1040
0.5
    1070
0
    1002
}
    1000
LeadOut
    1002
{
    1070
0
    1040
0
    1040
0
    1040
0
    1070
0
    1002
}
    1000
IsFill
    1070
0
    1000
PathStart
    1040
1
    1000
ToolCompensation
    1002
{
    1070
0
    1040
0
    1070
0
    1002
}
       0
LINE
       5
20D1
     100
AcDbEntity
       8
2
     100
AcDbLine
      10
44.8
      20
-5.2660946856
      30
0
      11
205
      21
-5.2660946856
      31
0
    1001
FS_CYPCUT
    1000
Channel
    1070
2
    1000
LeadIn
    1002
{
    1070
3
    1040
0
    1040
1.5707963267949
    1040
0.5
    1040
0.5
    1070
0
    1040
0.5
    1070
0
    1002
}
    1000
LeadOut
    1002
{
    1070
0
    1040
0
    1040
0
    1040
0
    1070
0
    1002
}
    1000
IsFill
    1070
0
    1000
PathStart
    1040
0
    1000
ToolCompensation
    1002
{
    1070
0
    1040
0
    1070
0
    1002
}
    1000
MicroConnect
    1002
{
    1070
1
    1040
1
    1041
0.6
    1042
0
    1002
}
       0
CIRCLE
       5
20D2
     100
AcDbEntity
       8
1
     100
AcDbCircle
      10
111.5
      20
-78.9571893712
      30
0
      40
3.19999999999999
    1001
FS_CYPCUT
    1000
Channel
    1070
1
    1000
LeadIn
    1002
{
    1070
3
    1040
0
    1040
1.5707963267949
    1040
0.5
    1040
0.5
    1070
0
    1040
0.5
    1070
0
    1002
}
    1000
LeadOut
    1002
{
    1070
0
    1040
0
    1040
0
    1040
0
    1070
0
    1002
}
    1000
IsFill
    1070
0
    1000
PathStart
    1040
0
    1000
ToolCompensation
    1002
{
    1070
0
    1040
0
    1070
0
    1002
}
       0
CIRCLE
       5
20D3
     100
AcDbEntity
       8
1
     100
AcDbCircle
      10
190.5
      20
-78.9571893712
      30
0
      40
3.20000000000002
    1001
FS_CYPCUT
    1000
Channel
    1070
1
    1000
LeadIn
    1002
{
    1070
3
    1040
0
    1040
1.5707963267949
    1040
0.5
    1040
0.5
    1070
0
    1040
0.5
    1070
0
    1002
}
    1000
LeadOut
    1002
{
    1070
0
    1040
0
    1040
0
    1040
0
    1070
0
    1002
}
    1000
IsFill
    1070
0
    1000
PathStart
    1040
1
    1000
ToolCompensation
    1002
{
    1070
0
    1040
0
    1070
0
    1002
}
       0
CIRCLE
       5
20D4
     100
AcDbEntity
       8
1
     100
AcDbCircle
      10
184
      20
-39.3821893712
      30
0
      40
6.00000000000006
    1001
FS_CYPCUT
    1000
Channel
    1070
1
    1000
LeadIn
    1002
{
    1070
3
    1040
2.4980018054066E-16
    1040
1.5707963267949
    1040
0.5
    1040
0.5
    1070
0
    1040
0.5
    1070
0
    1002
}
    1000
LeadOut
    1002
{
    1070
0
    1040
0
    1040
0
    1040
0
    1070
0
    1002
}
    1000
IsFill
    1070
0
    1000
PathStart
    1040
2.4980018054066E-16
    1000
ToolCompensation
    1002
{
    1070
0
    1040
0
    1070
0
    1002
}
       0
CIRCLE
       5
20D5
     100
AcDbEntity
       8
1
     100
AcDbCircle
      10
190.5
      20
-22.9571893712
      30
0
      40
3.20000000000002
    1001
FS_CYPCUT
    1000
Channel
    1070
1
    1000
LeadIn
    1002
{
    1070
3
    1040
0
    1040
1.5707963267949
    1040
0.5
    1040
0.5
    1070
0
    1040
0.5
    1070
0
    1002
}
    1000
LeadOut
    1002
{
    1070
0
    1040
0
    1040
0
    1040
0
    1070
0
    1002
}
    1000
IsFill
    1070
0
    1000
PathStart
    1040
1
    1000
ToolCompensation
    1002
{
    1070
0
    1040
0
    1070
0
    1002
}
       0
LWPOLYLINE
       5
20D6
     100
AcDbEntity
       8
1
     100
AcDbPolyline
      90
19
      70
1
      10
205
      20
20.261208724
      42
0.224949845407776
      10
201.332377902573
      20
28.0007817160333
      42
0
      10
42.7627441208726
      20
157.739572992033
      42
0.173131770096427
      10
36.4303662183
      20
160
      42
0
      10
2
      20
160
      42
0.41421356237311
      10
0
      20
158
      42
0
      10
3.5527136788005E-15
      20
10.35
      42
0.414213562373095
      10
10
      20
0.35
      42
0
      10
44.8
      20
0.35
      42
0
      10
44.8
      20
-10.5321893712
      42
0
      10
-2.5821893712
      20
-10.5321893712
      42
0.414213562373096
      10
-4.5821893712
      20
-12.5321893712
      42
0
      10
-4.5821893712
      20
-57.3821893712
      42
0.414213562373093
      10
-2.5821893712
      20
-59.3821893712
      42
0
      10
97
      20
-59.3821893712
      42
0
      10
97
      20
-81.3821893712
      42
0.414213562373094
      10
107
      20
-91.3821893712
      42
0
      10
195
      20
-91.3821893712001
      42
0.414213562373096
      10
205
      20
-81.3821893712
      42
0
    1001
FS_CYPCUT
    1000
Channel
    1070
1
    1000
LeadIn
    1002
{
    1070
3
    1040
1.5029285202245
    1040
1.5707963267949
    1040
0.5
    1040
0.5
    1070
0
    1040
0.5
    1070
0
    1002
}
    1000
LeadOut
    1002
{
    1070
0
    1040
0
    1040
0
    1040
0
    1070
0
    1002
}
    1000
IsFill
    1070
1
    1000
PathStart
    1040
1.5
    1000
ToolCompensation
    1002
{
    1070
0
    1040
0
    1070
0
    1002
}
    1000
MicroConnect
    1002
{
    1070
2
    1040
1.5
    1041
0.6
    1042
0
    1040
5.43770064
    1041
0.6
    1042
0
    1002
}
       0
ENDBLK
       5
20D7
     330
2015
     100
AcDbEntity
       8
0
     100
AcDbBlockEnd
       0
BLOCK
       5
20D8
     330
2016
     100
AcDbEntity
       8
0
     100
AcDbBlockBegin
       2
Part2051565134
      70
0
      10
-4.58218937
      20
-91.3821894
      30
0
       3
Part2051565134
       1

       4
CypCutBlock
       0
LINE
       5
20D9
     100
AcDbEntity
       8
2
     100
AcDbLine
      10
39.5339053144
      20
-59.3821893712
      30
0
      11
39.5339053144
      21
-10.5321893712
      31
0
    1001
FS_CYPCUT
    1000
Channel
    1070
2
    1000
LeadIn
    1002
{
    1070
3
    1040
0.0122824974411464
    1040
1.5707963267949
    1040
0.5
    1040
0.5
    1070
0
    1040
0.5
    1070
0
    1002
}
    1000
LeadOut
    1002
{
    1070
0
    1040
0
    1040
0
    1040
0
    1070
0
    1002
}
    1000
IsFill
    1070
0
    1000
PathStart
    1040
0
    1000
ToolCompensation
    1002
{
    1070
0
    1040
0
    1070
0
    1002
}
    1000
MicroConnect
    1002
{
    1070
1
    1040
0
    1041
0.6
    1042
0
    1002
}
       0
LWPOLYLINE
       5
20DA
     100
AcDbEntity
       8
1
     100
AcDbPolyline
      90
8
      70
1
      10
38
      20
73.85
      42
0.414213562373096
      10
35
      20
76.85
      42
0
      10
11
      20
76.85
      42
0.414213562373098
      10
7.99999999999999
      20
73.85
      42
0
      10
8.00000000000001
      20
43.85
      42
0.414213562373095
      10
11
      20
40.85
      42
0
      10
35
      20
40.85
      42
0.414213562373096
      10
38
      20
43.85
      42
0
    1001
FS_CYPCUT
    1000
Channel
    1070
1
    1000
LeadIn
    1002
{
    1070
3
    1040
3.5
    1040
1.5707963267949
    1040
0.5
    1040
0.5
    1070
0
    1040
0.5
    1070
0
    1002
}
    1000
LeadOut
    1002
{
    1070
0
    1040
0
    1040
0
    1040
0
    1070
0
    1002
}
    1000
IsFill
    1070
0
    1000
PathStart
    1040
3.5
    1000
ToolCompensation
    1002
{
    1070
0
    1040
0
    1070
0
    1002
}
       0
LWPOLYLINE
       5
20DB
     100
AcDbEntity
       8
1
     100
AcDbPolyline
      90
6
      70
1
      10
134.9447127456
      20
37.0958291968
      42
0
      10
76.532951161
      20
84.8872704933
      42
0.632719908898981
      10
70
      20
81.7914412965
      42
0
      10
70
      20
34
      42
0.414213562373092
      10
74
      20
30
      42
0
      10
132.4117615846
      20
30
      42
0.704838323350157
    1001
FS_CYPCUT
    1000
Channel
    1070
1
    1000
LeadIn
    1002
{
    1070
3
    1040
0.5
    1040
1.5707963267949
    1040
0.5
    1040
0.5
    1070
0
    1040
0.5
    1070
0
    1002
}
    1000
LeadOut
    1002
{
    1070
0
    1040
0
    1040
0
    1040
0
    1070
0
    1002
}
    1000
IsFill
    1070
0
    1000
PathStart
    1040
0.5
    1000
ToolCompensation
    1002
{
    1070
0
    1040
0
    1070
0
    1002
}
       0
CIRCLE
       5
20DC
     100
AcDbEntity
       8
1
     100
AcDbCircle
      10
111.5
      20
-22.9571893712
      30
0
      40
3.19999999999999
    1001
FS_CYPCUT
    1000
Channel
    1070
1
    1000
LeadIn
    1002
{
    1070
3
    1040
0
    1040
1.5707963267949
    1040
0.5
    1040
0.5
    1070
0
    1040
0.5
    1070
0
    1002
}
    1000
LeadOut
    1002
{
    1070
0
    1040
0
    1040
0
    1040
0
    1070
0
    1002
}
    1000
IsFill
    1070
0
    1000
PathStart
    1040
1
    1000
ToolCompensation
    1002
{
    1070
0
    1040
0
    1070
0
    1002
}
       0
LINE
       5
20DD
     100
AcDbEntity
       8
2
     100
AcDbLine
      10
44.8
      20
-5.2660946856
      30
0
      11
205
      21
-5.2660946856
      31
0
    1001
FS_CYPCUT
    1000
Channel
    1070
2
    1000
LeadIn
    1002
{
    1070
3
    1040
0
    1040
1.5707963267949
    1040
0.5
    1040
0.5
    1070
0
    1040
0.5
    1070
0
    1002
}
    1000
LeadOut
    1002
{
    1070
0
    1040
0
    1040
0
    1040
0
    1070
0
    1002
}
    1000
IsFill
    1070
0
    1000
PathStart
    1040
0
    1000
ToolCompensation
    1002
{
    1070
0
    1040
0
    1070
0
    1002
}
    1000
MicroConnect
    1002
{
    1070
1
    1040
1
    1041
0.6
    1042
0
    1002
}
       0
CIRCLE
       5
20DE
     100
AcDbEntity
       8
1
     100
AcDbCircle
      10
111.5
      20
-78.9571893712
      30
0
      40
3.19999999999999
    1001
FS_CYPCUT
    1000
Channel
    1070
1
    1000
LeadIn
    1002
{
    1070
3
    1040
0
    1040
1.5707963267949
    1040
0.5
    1040
0.5
    1070
0
    1040
0.5
    1070
0
    1002
}
    1000
LeadOut
    1002
{
    1070
0
    1040
0
    1040
0
    1040
0
    1070
0
    1002
}
    1000
IsFill
    1070
0
    1000
PathStart
    1040
0
    1000
ToolCompensation
    1002
{
    1070
0
    1040
0
    1070
0
    1002
}
       0
CIRCLE
       5
20DF
     100
AcDbEntity
       8
1
     100
AcDbCircle
      10
190.5
      20
-78.9571893712
      30
0
      40
3.20000000000002
    1001
FS_CYPCUT
    1000
Channel
    1070
1
    1000
LeadIn
    1002
{
    1070
3
    1040
0
    1040
1.5707963267949
    1040
0.5
    1040
0.5
    1070
0
    1040
0.5
    1070
0
    1002
}
    1000
LeadOut
    1002
{
    1070
0
    1040
0
    1040
0
    1040
0
    1070
0
    1002
}
    1000
IsFill
    1070
0
    1000
PathStart
    1040
1
    1000
ToolCompensation
    1002
{
    1070
0
    1040
0
    1070
0
    1002
}
       0
CIRCLE
       5
20E0
     100
AcDbEntity
       8
1
     100
AcDbCircle
      10
184
      20
-39.3821893712
      30
0
      40
6.00000000000006
    1001
FS_CYPCUT
    1000
Channel
    1070
1
    1000
LeadIn
    1002
{
    1070
3
    1040
2.4980018054066E-16
    1040
1.5707963267949
    1040
0.5
    1040
0.5
    1070
0
    1040
0.5
    1070
0
    1002
}
    1000
LeadOut
    1002
{
    1070
0
    1040
0
    1040
0
    1040
0
    1070
0
    1002
}
    1000
IsFill
    1070
0
    1000
PathStart
    1040
2.4980018054066E-16
    1000
ToolCompensation
    1002
{
    1070
0
    1040
0
    1070
0
    1002
}
       0
CIRCLE
       5
20E1
     100
AcDbEntity
       8
1
     100
AcDbCircle
      10
190.5
      20
-22.9571893712
      30
0
      40
3.20000000000002
    1001
FS_CYPCUT
    1000
Channel
    1070
1
    1000
LeadIn
    1002
{
    1070
3
    1040
0
    1040
1.5707963267949
    1040
0.5
    1040
0.5
    1070
0
    1040
0.5
    1070
0
    1002
}
    1000
LeadOut
    1002
{
    1070
0
    1040
0
    1040
0
    1040
0
    1070
0
    1002
}
    1000
IsFill
    1070
0
    1000
PathStart
    1040
1
    1000
ToolCompensation
    1002
{
    1070
0
    1040
0
    1070
0
    1002
}
       0
LWPOLYLINE
       5
20E2
     100
AcDbEntity
       8
1
     100
AcDbPolyline
      90
19
      70
1
      10
205
      20
20.261208724
      42
0.224949845407776
      10
201.332377902573
      20
28.0007817160333
      42
0
      10
42.7627441208726
      20
157.739572992033
      42
0.173131770096427
      10
36.4303662183
      20
160
      42
0
      10
2
      20
160
      42
0.41421356237311
      10
0
      20
158
      42
0
      10
3.5527136788005E-15
      20
10.35
      42
0.414213562373095
      10
10
      20
0.35
      42
0
      10
44.8
      20
0.35
      42
0
      10
44.8
      20
-10.5321893712
      42
0
      10
-2.5821893712
      20
-10.5321893712
      42
0.414213562373096
      10
-4.5821893712
      20
-12.5321893712
      42
0
      10
-4.5821893712
      20
-57.3821893712
      42
0.414213562373093
      10
-2.5821893712
      20
-59.3821893712
      42
0
      10
97
      20
-59.3821893712
      42
0
      10
97
      20
-81.3821893712
      42
0.414213562373094
      10
107
      20
-91.3821893712
      42
0
      10
195
      20
-91.3821893712001
      42
0.414213562373096
      10
205
      20
-81.3821893712
      42
0
    1001
FS_CYPCUT
    1000
Channel
    1070
1
    1000
LeadIn
    1002
{
    1070
3
    1040
1.5029285202245
    1040
1.5707963267949
    1040
0.5
    1040
0.5
    1070
0
    1040
0.5
    1070
0
    1002
}
    1000
LeadOut
    1002
{
    1070
0
    1040
0
    1040
0
    1040
0
    1070
0
    1002
}
    1000
IsFill
    1070
1
    1000
PathStart
    1040
1.5
    1000
ToolCompensation
    1002
{
    1070
0
    1040
0
    1070
0
    1002
}
    1000
MicroConnect
    1002
{
    1070
2
    1040
1.5
    1041
0.6
    1042
0
    1040
5.43770064
    1041
0.6
    1042
0
    1002
}
       0
ENDBLK
       5
20E3
     330
2016
     100
AcDbEntity
       8
0
     100
AcDbBlockEnd
       0
BLOCK
       5
20E4
     330
2017
     100
AcDbEntity
       8
0
     100
AcDbBlockBegin
       2
Part1828526655
      70
0
      10
-4.58218937
      20
-91.3821894
      30
0
       3
Part1828526655
       1

       4
CypCutBlock
       0
LINE
       5
20E5
     100
AcDbEntity
       8
2
     100
AcDbLine
      10
39.5339053144
      20
-59.3821893712
      30
0
      11
39.5339053144
      21
-10.5321893712
      31
0
    1001
FS_CYPCUT
    1000
Channel
    1070
2
    1000
LeadIn
    1002
{
    1070
3
    1040
0.0122824974411464
    1040
1.5707963267949
    1040
0.5
    1040
0.5
    1070
0
    1040
0.5
    1070
0
    1002
}
    1000
LeadOut
    1002
{
    1070
0
    1040
0
    1040
0
    1040
0
    1070
0
    1002
}
    1000
IsFill
    1070
0
    1000
PathStart
    1040
0
    1000
ToolCompensation
    1002
{
    1070
0
    1040
0
    1070
0
    1002
}
    1000
MicroConnect
    1002
{
    1070
1
    1040
0
    1041
0.6
    1042
0
    1002
}
       0
LWPOLYLINE
       5
20E6
     100
AcDbEntity
       8
1
     100
AcDbPolyline
      90
8
      70
1
      10
38
      20
73.85
      42
0.414213562373096
      10
35
      20
76.85
      42
0
      10
11
      20
76.85
      42
0.414213562373098
      10
7.99999999999999
      20
73.85
      42
0
      10
8.00000000000001
      20
43.85
      42
0.414213562373095
      10
11
      20
40.85
      42
0
      10
35
      20
40.85
      42
0.414213562373096
      10
38
      20
43.85
      42
0
    1001
FS_CYPCUT
    1000
Channel
    1070
1
    1000
LeadIn
    1002
{
    1070
3
    1040
3.5
    1040
1.5707963267949
    1040
0.5
    1040
0.5
    1070
0
    1040
0.5
    1070
0
    1002
}
    1000
LeadOut
    1002
{
    1070
0
    1040
0
    1040
0
    1040
0
    1070
0
    1002
}
    1000
IsFill
    1070
0
    1000
PathStart
    1040
3.5
    1000
ToolCompensation
    1002
{
    1070
0
    1040
0
    1070
0
    1002
}
       0
LWPOLYLINE
       5
20E7
     100
AcDbEntity
       8
1
     100
AcDbPolyline
      90
6
      70
1
      10
134.9447127456
      20
37.0958291968
      42
0
      10
76.532951161
      20
84.8872704933
      42
0.632719908898981
      10
70
      20
81.7914412965
      42
0
      10
70
      20
34
      42
0.414213562373092
      10
74
      20
30
      42
0
      10
132.4117615846
      20
30
      42
0.704838323350157
    1001
FS_CYPCUT
    1000
Channel
    1070
1
    1000
LeadIn
    1002
{
    1070
3
    1040
0.5
    1040
1.5707963267949
    1040
0.5
    1040
0.5
    1070
0
    1040
0.5
    1070
0
    1002
}
    1000
LeadOut
    1002
{
    1070
0
    1040
0
    1040
0
    1040
0
    1070
0
    1002
}
    1000
IsFill
    1070
0
    1000
PathStart
    1040
0.5
    1000
ToolCompensation
    1002
{
    1070
0
    1040
0
    1070
0
    1002
}
       0
CIRCLE
       5
20E8
     100
AcDbEntity
       8
1
     100
AcDbCircle
      10
111.5
      20
-22.9571893712
      30
0
      40
3.19999999999999
    1001
FS_CYPCUT
    1000
Channel
    1070
1
    1000
LeadIn
    1002
{
    1070
3
    1040
0
    1040
1.5707963267949
    1040
0.5
    1040
0.5
    1070
0
    1040
0.5
    1070
0
    1002
}
    1000
LeadOut
    1002
{
    1070
0
    1040
0
    1040
0
    1040
0
    1070
0
    1002
}
    1000
IsFill
    1070
0
    1000
PathStart
    1040
1
    1000
ToolCompensation
    1002
{
    1070
0
    1040
0
    1070
0
    1002
}
       0
LINE
       5
20E9
     100
AcDbEntity
       8
2
     100
AcDbLine
      10
44.8
      20
-5.2660946856
      30
0
      11
205
      21
-5.2660946856
      31
0
    1001
FS_CYPCUT
    1000
Channel
    1070
2
    1000
LeadIn
    1002
{
    1070
3
    1040
0
    1040
1.5707963267949
    1040
0.5
    1040
0.5
    1070
0
    1040
0.5
    1070
0
    1002
}
    1000
LeadOut
    1002
{
    1070
0
    1040
0
    1040
0
    1040
0
    1070
0
    1002
}
    1000
IsFill
    1070
0
    1000
PathStart
    1040
0
    1000
ToolCompensation
    1002
{
    1070
0
    1040
0
    1070
0
    1002
}
    1000
MicroConnect
    1002
{
    1070
1
    1040
1
    1041
0.6
    1042
0
    1002
}
       0
CIRCLE
       5
20EA
     100
AcDbEntity
       8
1
     100
AcDbCircle
      10
111.5
      20
-78.9571893712
      30
0
      40
3.19999999999999
    1001
FS_CYPCUT
    1000
Channel
    1070
1
    1000
LeadIn
    1002
{
    1070
3
    1040
0
    1040
1.5707963267949
    1040
0.5
    1040
0.5
    1070
0
    1040
0.5
    1070
0
    1002
}
    1000
LeadOut
    1002
{
    1070
0
    1040
0
    1040
0
    1040
0
    1070
0
    1002
}
    1000
IsFill
    1070
0
    1000
PathStart
    1040
0
    1000
ToolCompensation
    1002
{
    1070
0
    1040
0
    1070
0
    1002
}
       0
CIRCLE
       5
20EB
     100
AcDbEntity
       8
1
     100
AcDbCircle
      10
190.5
      20
-78.9571893712
      30
0
      40
3.20000000000002
    1001
FS_CYPCUT
    1000
Channel
    1070
1
    1000
LeadIn
    1002
{
    1070
3
    1040
0
    1040
1.5707963267949
    1040
0.5
    1040
0.5
    1070
0
    1040
0.5
    1070
0
    1002
}
    1000
LeadOut
    1002
{
    1070
0
    1040
0
    1040
0
    1040
0
    1070
0
    1002
}
    1000
IsFill
    1070
0
    1000
PathStart
    1040
1
    1000
ToolCompensation
    1002
{
    1070
0
    1040
0
    1070
0
    1002
}
       0
CIRCLE
       5
20EC
     100
AcDbEntity
       8
1
     100
AcDbCircle
      10
184
      20
-39.3821893712
      30
0
      40
6.00000000000006
    1001
FS_CYPCUT
    1000
Channel
    1070
1
    1000
LeadIn
    1002
{
    1070
3
    1040
2.4980018054066E-16
    1040
1.5707963267949
    1040
0.5
    1040
0.5
    1070
0
    1040
0.5
    1070
0
    1002
}
    1000
LeadOut
    1002
{
    1070
0
    1040
0
    1040
0
    1040
0
    1070
0
    1002
}
    1000
IsFill
    1070
0
    1000
PathStart
    1040
2.4980018054066E-16
    1000
ToolCompensation
    1002
{
    1070
0
    1040
0
    1070
0
    1002
}
       0
CIRCLE
       5
20ED
     100
AcDbEntity
       8
1
     100
AcDbCircle
      10
190.5
      20
-22.9571893712
      30
0
      40
3.20000000000002
    1001
FS_CYPCUT
    1000
Channel
    1070
1
    1000
LeadIn
    1002
{
    1070
3
    1040
0
    1040
1.5707963267949
    1040
0.5
    1040
0.5
    1070
0
    1040
0.5
    1070
0
    1002
}
    1000
LeadOut
    1002
{
    1070
0
    1040
0
    1040
0
    1040
0
    1070
0
    1002
}
    1000
IsFill
    1070
0
    1000
PathStart
    1040
1
    1000
ToolCompensation
    1002
{
    1070
0
    1040
0
    1070
0
    1002
}
       0
LWPOLYLINE
       5
20EE
     100
AcDbEntity
       8
1
     100
AcDbPolyline
      90
19
      70
1
      10
205
      20
20.261208724
      42
0.224949845407776
      10
201.332377902573
      20
28.0007817160333
      42
0
      10
42.7627441208726
      20
157.739572992033
      42
0.173131770096427
      10
36.4303662183
      20
160
      42
0
      10
2
      20
160
      42
0.41421356237311
      10
0
      20
158
      42
0
      10
3.5527136788005E-15
      20
10.35
      42
0.414213562373095
      10
10
      20
0.35
      42
0
      10
44.8
      20
0.35
      42
0
      10
44.8
      20
-10.5321893712
      42
0
      10
-2.5821893712
      20
-10.5321893712
      42
0.414213562373096
      10
-4.5821893712
      20
-12.5321893712
      42
0
      10
-4.5821893712
      20
-57.3821893712
      42
0.414213562373093
      10
-2.5821893712
      20
-59.3821893712
      42
0
      10
97
      20
-59.3821893712
      42
0
      10
97
      20
-81.3821893712
      42
0.414213562373094
      10
107
      20
-91.3821893712
      42
0
      10
195
      20
-91.3821893712001
      42
0.414213562373096
      10
205
      20
-81.3821893712
      42
0
    1001
FS_CYPCUT
    1000
Channel
    1070
1
    1000
LeadIn
    1002
{
    1070
3
    1040
1.5029285202245
    1040
1.5707963267949
    1040
0.5
    1040
0.5
    1070
0
    1040
0.5
    1070
0
    1002
}
    1000
LeadOut
    1002
{
    1070
0
    1040
0
    1040
0
    1040
0
    1070
0
    1002
}
    1000
IsFill
    1070
1
    1000
PathStart
    1040
1.5
    1000
ToolCompensation
    1002
{
    1070
0
    1040
0
    1070
0
    1002
}
    1000
MicroConnect
    1002
{
    1070
2
    1040
1.5
    1041
0.6
    1042
0
    1040
5.43770064
    1041
0.6
    1042
0
    1002
}
       0
ENDBLK
       5
20EF
     330
2017
     100
AcDbEntity
       8
0
     100
AcDbBlockEnd
       0
BLOCK
       5
20F0
     330
2018
     100
AcDbEntity
       8
0
     100
AcDbBlockBegin
       2
Part967312703
      70
0
      10
-4.58218937
      20
-91.3821894
      30
0
       3
Part967312703
       1

       4
CypCutBlock
       0
LINE
       5
20F1
     100
AcDbEntity
       8
2
     100
AcDbLine
      10
39.5339053144
      20
-59.3821893712
      30
0
      11
39.5339053144
      21
-10.5321893712
      31
0
    1001
FS_CYPCUT
    1000
Channel
    1070
2
    1000
LeadIn
    1002
{
    1070
3
    1040
0.0122824974411464
    1040
1.5707963267949
    1040
0.5
    1040
0.5
    1070
0
    1040
0.5
    1070
0
    1002
}
    1000
LeadOut
    1002
{
    1070
0
    1040
0
    1040
0
    1040
0
    1070
0
    1002
}
    1000
IsFill
    1070
0
    1000
PathStart
    1040
0
    1000
ToolCompensation
    1002
{
    1070
0
    1040
0
    1070
0
    1002
}
    1000
MicroConnect
    1002
{
    1070
1
    1040
0
    1041
0.6
    1042
0
    1002
}
       0
LWPOLYLINE
       5
20F2
     100
AcDbEntity
       8
1
     100
AcDbPolyline
      90
8
      70
1
      10
38
      20
73.85
      42
0.414213562373096
      10
35
      20
76.85
      42
0
      10
11
      20
76.85
      42
0.414213562373098
      10
7.99999999999999
      20
73.85
      42
0
      10
8.00000000000001
      20
43.85
      42
0.414213562373095
      10
11
      20
40.85
      42
0
      10
35
      20
40.85
      42
0.414213562373096
      10
38
      20
43.85
      42
0
    1001
FS_CYPCUT
    1000
Channel
    1070
1
    1000
LeadIn
    1002
{
    1070
3
    1040
3.5
    1040
1.5707963267949
    1040
0.5
    1040
0.5
    1070
0
    1040
0.5
    1070
0
    1002
}
    1000
LeadOut
    1002
{
    1070
0
    1040
0
    1040
0
    1040
0
    1070
0
    1002
}
    1000
IsFill
    1070
0
    1000
PathStart
    1040
3.5
    1000
ToolCompensation
    1002
{
    1070
0
    1040
0
    1070
0
    1002
}
       0
LWPOLYLINE
       5
20F3
     100
AcDbEntity
       8
1
     100
AcDbPolyline
      90
6
      70
1
      10
134.9447127456
      20
37.0958291968
      42
0
      10
76.532951161
      20
84.8872704933
      42
0.632719908898981
      10
70
      20
81.7914412965
      42
0
      10
70
      20
34
      42
0.414213562373092
      10
74
      20
30
      42
0
      10
132.4117615846
      20
30
      42
0.704838323350157
    1001
FS_CYPCUT
    1000
Channel
    1070
1
    1000
LeadIn
    1002
{
    1070
3
    1040
0.5
    1040
1.5707963267949
    1040
0.5
    1040
0.5
    1070
0
    1040
0.5
    1070
0
    1002
}
    1000
LeadOut
    1002
{
    1070
0
    1040
0
    1040
0
    1040
0
    1070
0
    1002
}
    1000
IsFill
    1070
0
    1000
PathStart
    1040
0.5
    1000
ToolCompensation
    1002
{
    1070
0
    1040
0
    1070
0
    1002
}
       0
CIRCLE
       5
20F4
     100
AcDbEntity
       8
1
     100
AcDbCircle
      10
111.5
      20
-22.9571893712
      30
0
      40
3.19999999999999
    1001
FS_CYPCUT
    1000
Channel
    1070
1
    1000
LeadIn
    1002
{
    1070
3
    1040
0
    1040
1.5707963267949
    1040
0.5
    1040
0.5
    1070
0
    1040
0.5
    1070
0
    1002
}
    1000
LeadOut
    1002
{
    1070
0
    1040
0
    1040
0
    1040
0
    1070
0
    1002
}
    1000
IsFill
    1070
0
    1000
PathStart
    1040
1
    1000
ToolCompensation
    1002
{
    1070
0
    1040
0
    1070
0
    1002
}
       0
LINE
       5
20F5
     100
AcDbEntity
       8
2
     100
AcDbLine
      10
44.8
      20
-5.2660946856
      30
0
      11
205
      21
-5.2660946856
      31
0
    1001
FS_CYPCUT
    1000
Channel
    1070
2
    1000
LeadIn
    1002
{
    1070
3
    1040
0
    1040
1.5707963267949
    1040
0.5
    1040
0.5
    1070
0
    1040
0.5
    1070
0
    1002
}
    1000
LeadOut
    1002
{
    1070
0
    1040
0
    1040
0
    1040
0
    1070
0
    1002
}
    1000
IsFill
    1070
0
    1000
PathStart
    1040
0
    1000
ToolCompensation
    1002
{
    1070
0
    1040
0
    1070
0
    1002
}
    1000
MicroConnect
    1002
{
    1070
1
    1040
1
    1041
0.6
    1042
0
    1002
}
       0
CIRCLE
       5
20F6
     100
AcDbEntity
       8
1
     100
AcDbCircle
      10
111.5
      20
-78.9571893712
      30
0
      40
3.19999999999999
    1001
FS_CYPCUT
    1000
Channel
    1070
1
    1000
LeadIn
    1002
{
    1070
3
    1040
0
    1040
1.5707963267949
    1040
0.5
    1040
0.5
    1070
0
    1040
0.5
    1070
0
    1002
}
    1000
LeadOut
    1002
{
    1070
0
    1040
0
    1040
0
    1040
0
    1070
0
    1002
}
    1000
IsFill
    1070
0
    1000
PathStart
    1040
0
    1000
ToolCompensation
    1002
{
    1070
0
    1040
0
    1070
0
    1002
}
       0
CIRCLE
       5
20F7
     100
AcDbEntity
       8
1
     100
AcDbCircle
      10
190.5
      20
-78.9571893712
      30
0
      40
3.20000000000002
    1001
FS_CYPCUT
    1000
Channel
    1070
1
    1000
LeadIn
    1002
{
    1070
3
    1040
0
    1040
1.5707963267949
    1040
0.5
    1040
0.5
    1070
0
    1040
0.5
    1070
0
    1002
}
    1000
LeadOut
    1002
{
    1070
0
    1040
0
    1040
0
    1040
0
    1070
0
    1002
}
    1000
IsFill
    1070
0
    1000
PathStart
    1040
1
    1000
ToolCompensation
    1002
{
    1070
0
    1040
0
    1070
0
    1002
}
       0
CIRCLE
       5
20F8
     100
AcDbEntity
       8
1
     100
AcDbCircle
      10
184
      20
-39.3821893712
      30
0
      40
6.00000000000006
    1001
FS_CYPCUT
    1000
Channel
    1070
1
    1000
LeadIn
    1002
{
    1070
3
    1040
2.4980018054066E-16
    1040
1.5707963267949
    1040
0.5
    1040
0.5
    1070
0
    1040
0.5
    1070
0
    1002
}
    1000
LeadOut
    1002
{
    1070
0
    1040
0
    1040
0
    1040
0
    1070
0
    1002
}
    1000
IsFill
    1070
0
    1000
PathStart
    1040
2.4980018054066E-16
    1000
ToolCompensation
    1002
{
    1070
0
    1040
0
    1070
0
    1002
}
       0
CIRCLE
       5
20F9
     100
AcDbEntity
       8
1
     100
AcDbCircle
      10
190.5
      20
-22.9571893712
      30
0
      40
3.20000000000002
    1001
FS_CYPCUT
    1000
Channel
    1070
1
    1000
LeadIn
    1002
{
    1070
3
    1040
0
    1040
1.5707963267949
    1040
0.5
    1040
0.5
    1070
0
    1040
0.5
    1070
0
    1002
}
    1000
LeadOut
    1002
{
    1070
0
    1040
0
    1040
0
    1040
0
    1070
0
    1002
}
    1000
IsFill
    1070
0
    1000
PathStart
    1040
1
    1000
ToolCompensation
    1002
{
    1070
0
    1040
0
    1070
0
    1002
}
       0
LWPOLYLINE
       5
20FA
     100
AcDbEntity
       8
1
     100
AcDbPolyline
      90
19
      70
1
      10
205
      20
20.261208724
      42
0.224949845407776
      10
201.332377902573
      20
28.0007817160333
      42
0
      10
42.7627441208726
      20
157.739572992033
      42
0.173131770096427
      10
36.4303662183
      20
160
      42
0
      10
2
      20
160
      42
0.41421356237311
      10
0
      20
158
      42
0
      10
3.5527136788005E-15
      20
10.35
      42
0.414213562373095
      10
10
      20
0.35
      42
0
      10
44.8
      20
0.35
      42
0
      10
44.8
      20
-10.5321893712
      42
0
      10
-2.5821893712
      20
-10.5321893712
      42
0.414213562373096
      10
-4.5821893712
      20
-12.5321893712
      42
0
      10
-4.5821893712
      20
-57.3821893712
      42
0.414213562373093
      10
-2.5821893712
      20
-59.3821893712
      42
0
      10
97
      20
-59.3821893712
      42
0
      10
97
      20
-81.3821893712
      42
0.414213562373094
      10
107
      20
-91.3821893712
      42
0
      10
195
      20
-91.3821893712001
      42
0.414213562373096
      10
205
      20
-81.3821893712
      42
0
    1001
FS_CYPCUT
    1000
Channel
    1070
1
    1000
LeadIn
    1002
{
    1070
3
    1040
1.5029285202245
    1040
1.5707963267949
    1040
0.5
    1040
0.5
    1070
0
    1040
0.5
    1070
0
    1002
}
    1000
LeadOut
    1002
{
    1070
0
    1040
0
    1040
0
    1040
0
    1070
0
    1002
}
    1000
IsFill
    1070
1
    1000
PathStart
    1040
1.5
    1000
ToolCompensation
    1002
{
    1070
0
    1040
0
    1070
0
    1002
}
    1000
MicroConnect
    1002
{
    1070
2
    1040
1.5
    1041
0.6
    1042
0
    1040
5.43770064
    1041
0.6
    1042
0
    1002
}
       0
ENDBLK
       5
20FB
     330
2018
     100
AcDbEntity
       8
0
     100
AcDbBlockEnd
       0
BLOCK
       5
20FC
     330
2019
     100
AcDbEntity
       8
0
     100
AcDbBlockBegin
       2
Part1185179674
      70
0
      10
-86.5
      20
-86.5
      30
0
       3
Part1185179674
       1

       4
CypCutBlock
       0
LWPOLYLINE
       5
20FD
     100
AcDbEntity
       8
1
     100
AcDbPolyline
      90
4
      70
1
      10
-68.4393598993455
      20
16.9205205761479
      42
0.121783493089402
      10
-68.4393598993455
      20
-16.9205205761479
      42
-0.999999999999996
      10
-77.1762994609627
      20
-19.0805870326771
      42
-0.121783493089402
      10
-77.1762994609093
      20
19.0805870326648
      42
-1
    1001
FS_CYPCUT
    1000
Channel
    1070
1
    1000
LeadIn
    1002
{
    1070
3
    1040
2.5
    1040
1.5707963267949
    1040
0.5
    1040
0.5
    1070
0
    1040
0.5
    1070
0
    1002
}
    1000
LeadOut
    1002
{
    1070
0
    1040
0
    1040
0
    1040
0
    1070
0
    1002
}
    1000
IsFill
    1070
0
    1000
PathStart
    1040
2.5
    1000
ToolCompensation
    1002
{
    1070
0
    1040
0
    1070
0
    1002
}
       0
LWPOLYLINE
       5
20FE
     100
AcDbEntity
       8
1
     100
AcDbPolyline
      90
4
      70
1
      10
19.0805870326648
      20
77.1762994609093
      42
-1
      10
16.9205205761352
      20
68.4393598992907
      42
0.121783493089402
      10
-16.9205205761482
      20
68.4393598993465
      42
-1
      10
-19.0805870326648
      20
77.1762994610093
      42
-0.121783493089402
    1001
FS_CYPCUT
    1000
Channel
    1070
1
    1000
LeadIn
    1002
{
    1070
3
    1040
3.5
    1040
1.5707963267949
    1040
0.5
    1040
0.5
    1070
0
    1040
0.5
    1070
0
    1002
}
    1000
LeadOut
    1002
{
    1070
0
    1040
0
    1040
0
    1040
0
    1070
0
    1002
}
    1000
IsFill
    1070
0
    1000
PathStart
    1040
3.5
    1000
ToolCompensation
    1002
{
    1070
0
    1040
0
    1070
0
    1002
}
       0
LWPOLYLINE
       5
20FF
     100
AcDbEntity
       8
1
     100
AcDbPolyline
      90
6
      70
1
      10
54
      20
0
      42
0
      10
51.494514551
      20
-0.7516456347
      42
-0.985509909313721
      10
-51.4945145509675
      20
-0.751645634721944
      42
0
      10
-54
      20
0
      42
0
      10
-51.4945145509675
      20
0.751645634721933
      42
-0.985509909313721
      10
51.4945145509675
      20
0.751645634721934
      42
0
    1001
FS_CYPCUT
    1000
Channel
    1070
1
    1000
LeadIn
    1002
{
    1070
3
    1040
1.50374324631768
    1040
1.5707963267949
    1040
0.5
    1040
0.5
    1070
0
    1040
0.5
    1070
0
    1002
}
    1000
LeadOut
    1002
{
    1070
0
    1040
0
    1040
0
    1040
0
    1070
0
    1002
}
    1000
IsFill
    1070
0
    1000
PathStart
    1040
1.5
    1000
ToolCompensation
    1002
{
    1070
0
    1040
0
    1070
0
    1002
}
    1000
MicroConnect
    1002
{
    1070
2
    1040
1.5
    1041
0.6
    1042
0
    1040
4.5
    1041
0.6
    1042
0
    1002
}
       0
LWPOLYLINE
       5
2100
     100
AcDbEntity
       8
1
     100
AcDbPolyline
      90
4
      70
1
      10
19.0805870326775
      20
-77.1762994609642
      42
-0.121783493089403
      10
-19.0805870326775
      20
-77.1762994609642
      42
-0.999999999999998
      10
-16.920520576135
      20
-68.4393598992899
      42
0.121783493089403
      10
16.9205205761477
      20
-68.4393598993448
      42
-1
    1001
FS_CYPCUT
    1000
Channel
    1070
1
    1000
LeadIn
    1002
{
    1070
3
    1040
0.500000000000001
    1040
1.5707963267949
    1040
0.5
    1040
0.5
    1070
0
    1040
0.5
    1070
0
    1002
}
    1000
LeadOut
    1002
{
    1070
0
    1040
0
    1040
0
    1040
0
    1070
0
    1002
}
    1000
IsFill
    1070
0
    1000
PathStart
    1040
0.500000000000001
    1000
ToolCompensation
    1002
{
    1070
0
    1040
0
    1070
0
    1002
}
       0
LWPOLYLINE
       5
2101
     100
AcDbEntity
       8
1
     100
AcDbPolyline
      90
4
      70
1
      10
77.1762994610109
      20
19.0805870326652
      42
1
      10
68.4393598993464
      20
16.9205205761481
      42
-0.121783493089403
      10
68.4393598993464
      20
-16.9205205761482
      42
1
      10
77.17629946101
      20
-19.0805870326649
      42
0.121783493089402
    1001
FS_CYPCUT
    1000
Channel
    1070
1
    1000
LeadIn
    1002
{
    1070
3
    1040
3.50000000000005
    1040
1.5707963267949
    1040
0.5
    1040
0.5
    1070
0
    1040
0.5
    1070
0
    1002
}
    1000
LeadOut
    1002
{
    1070
0
    1040
0
    1040
0
    1040
0
    1070
0
    1002
}
    1000
IsFill
    1070
0
    1000
PathStart
    1040
3.50000000000005
    1000
ToolCompensation
    1002
{
    1070
0
    1040
0
    1070
0
    1002
}
       0
CIRCLE
       5
2102
     100
AcDbEntity
       8
1
     100
AcDbCircle
      10
0
      20
0
      30
0
      40
86.5
    1001
FS_CYPCUT
    1000
Channel
    1070
1
    1000
LeadIn
    1002
{
    1070
3
    1040
0.00110396492318078
    1040
1.5707963267949
    1040
0.5
    1040
0.5
    1070
0
    1040
0.5
    1070
0
    1002
}
    1000
LeadOut
    1002
{
    1070
0
    1040
0
    1040
0
    1040
0
    1070
0
    1002
}
    1000
IsFill
    1070
1
    1000
PathStart
    1040
0
    1000
ToolCompensation
    1002
{
    1070
0
    1040
0
    1070
0
    1002
}
    1000
MicroConnect
    1002
{
    1070
2
    1040
0
    1041
0.6
    1042
0
    1040
0.498183242
    1041
0.6
    1042
0
    1002
}
       0
ENDBLK
       5
2103
     330
2019
     100
AcDbEntity
       8
0
     100
AcDbBlockEnd
       0
BLOCK
       5
2104
     330
201A
     100
AcDbEntity
       8
0
     100
AcDbBlockBegin
       2
Part2020617157
      70
0
      10
-4.58218937
      20
-91.3821894
      30
0
       3
Part2020617157
       1

       4
CypCutBlock
       0
LINE
       5
2105
     100
AcDbEntity
       8
2
     100
AcDbLine
      10
39.5339053144
      20
-59.3821893712
      30
0
      11
39.5339053144
      21
-10.5321893712
      31
0
    1001
FS_CYPCUT
    1000
Channel
    1070
2
    1000
LeadIn
    1002
{
    1070
3
    1040
0.0122824974411464
    1040
1.5707963267949
    1040
0.5
    1040
0.5
    1070
0
    1040
0.5
    1070
0
    1002
}
    1000
LeadOut
    1002
{
    1070
0
    1040
0
    1040
0
    1040
0
    1070
0
    1002
}
    1000
IsFill
    1070
0
    1000
PathStart
    1040
0
    1000
ToolCompensation
    1002
{
    1070
0
    1040
0
    1070
0
    1002
}
    1000
MicroConnect
    1002
{
    1070
1
    1040
0
    1041
0.6
    1042
0
    1002
}
       0
LWPOLYLINE
       5
2106
     100
AcDbEntity
       8
1
     100
AcDbPolyline
      90
8
      70
1
      10
38
      20
73.85
      42
0.414213562373096
      10
35
      20
76.85
      42
0
      10
11
      20
76.85
      42
0.414213562373098
      10
7.99999999999999
      20
73.85
      42
0
      10
8.00000000000001
      20
43.85
      42
0.414213562373095
      10
11
      20
40.85
      42
0
      10
35
      20
40.85
      42
0.414213562373096
      10
38
      20
43.85
      42
0
    1001
FS_CYPCUT
    1000
Channel
    1070
1
    1000
LeadIn
    1002
{
    1070
3
    1040
3.5
    1040
1.5707963267949
    1040
0.5
    1040
0.5
    1070
0
    1040
0.5
    1070
0
    1002
}
    1000
LeadOut
    1002
{
    1070
0
    1040
0
    1040
0
    1040
0
    1070
0
    1002
}
    1000
IsFill
    1070
0
    1000
PathStart
    1040
3.5
    1000
ToolCompensation
    1002
{
    1070
0
    1040
0
    1070
0
    1002
}
       0
LWPOLYLINE
       5
2107
     100
AcDbEntity
       8
1
     100
AcDbPolyline
      90
6
      70
1
      10
134.9447127456
      20
37.0958291968
      42
0
      10
76.532951161
      20
84.8872704933
      42
0.632719908898981
      10
70
      20
81.7914412965
      42
0
      10
70
      20
34
      42
0.414213562373092
      10
74
      20
30
      42
0
      10
132.4117615846
      20
30
      42
0.704838323350157
    1001
FS_CYPCUT
    1000
Channel
    1070
1
    1000
LeadIn
    1002
{
    1070
3
    1040
0.5
    1040
1.5707963267949
    1040
0.5
    1040
0.5
    1070
0
    1040
0.5
    1070
0
    1002
}
    1000
LeadOut
    1002
{
    1070
0
    1040
0
    1040
0
    1040
0
    1070
0
    1002
}
    1000
IsFill
    1070
0
    1000
PathStart
    1040
0.5
    1000
ToolCompensation
    1002
{
    1070
0
    1040
0
    1070
0
    1002
}
       0
CIRCLE
       5
2108
     100
AcDbEntity
       8
1
     100
AcDbCircle
      10
111.5
      20
-22.9571893712
      30
0
      40
3.19999999999999
    1001
FS_CYPCUT
    1000
Channel
    1070
1
    1000
LeadIn
    1002
{
    1070
3
    1040
0
    1040
1.5707963267949
    1040
0.5
    1040
0.5
    1070
0
    1040
0.5
    1070
0
    1002
}
    1000
LeadOut
    1002
{
    1070
0
    1040
0
    1040
0
    1040
0
    1070
0
    1002
}
    1000
IsFill
    1070
0
    1000
PathStart
    1040
1
    1000
ToolCompensation
    1002
{
    1070
0
    1040
0
    1070
0
    1002
}
       0
LINE
       5
2109
     100
AcDbEntity
       8
2
     100
AcDbLine
      10
44.8
      20
-5.2660946856
      30
0
      11
205
      21
-5.2660946856
      31
0
    1001
FS_CYPCUT
    1000
Channel
    1070
2
    1000
LeadIn
    1002
{
    1070
3
    1040
0
    1040
1.5707963267949
    1040
0.5
    1040
0.5
    1070
0
    1040
0.5
    1070
0
    1002
}
    1000
LeadOut
    1002
{
    1070
0
    1040
0
    1040
0
    1040
0
    1070
0
    1002
}
    1000
IsFill
    1070
0
    1000
PathStart
    1040
0
    1000
ToolCompensation
    1002
{
    1070
0
    1040
0
    1070
0
    1002
}
    1000
MicroConnect
    1002
{
    1070
1
    1040
1
    1041
0.6
    1042
0
    1002
}
       0
CIRCLE
       5
210A
     100
AcDbEntity
       8
1
     100
AcDbCircle
      10
111.5
      20
-78.9571893712
      30
0
      40
3.19999999999999
    1001
FS_CYPCUT
    1000
Channel
    1070
1
    1000
LeadIn
    1002
{
    1070
3
    1040
0
    1040
1.5707963267949
    1040
0.5
    1040
0.5
    1070
0
    1040
0.5
    1070
0
    1002
}
    1000
LeadOut
    1002
{
    1070
0
    1040
0
    1040
0
    1040
0
    1070
0
    1002
}
    1000
IsFill
    1070
0
    1000
PathStart
    1040
0
    1000
ToolCompensation
    1002
{
    1070
0
    1040
0
    1070
0
    1002
}
       0
CIRCLE
       5
210B
     100
AcDbEntity
       8
1
     100
AcDbCircle
      10
190.5
      20
-78.9571893712
      30
0
      40
3.20000000000002
    1001
FS_CYPCUT
    1000
Channel
    1070
1
    1000
LeadIn
    1002
{
    1070
3
    1040
0
    1040
1.5707963267949
    1040
0.5
    1040
0.5
    1070
0
    1040
0.5
    1070
0
    1002
}
    1000
LeadOut
    1002
{
    1070
0
    1040
0
    1040
0
    1040
0
    1070
0
    1002
}
    1000
IsFill
    1070
0
    1000
PathStart
    1040
1
    1000
ToolCompensation
    1002
{
    1070
0
    1040
0
    1070
0
    1002
}
       0
CIRCLE
       5
210C
     100
AcDbEntity
       8
1
     100
AcDbCircle
      10
184
      20
-39.3821893712
      30
0
      40
6.00000000000006
    1001
FS_CYPCUT
    1000
Channel
    1070
1
    1000
LeadIn
    1002
{
    1070
3
    1040
2.4980018054066E-16
    1040
1.5707963267949
    1040
0.5
    1040
0.5
    1070
0
    1040
0.5
    1070
0
    1002
}
    1000
LeadOut
    1002
{
    1070
0
    1040
0
    1040
0
    1040
0
    1070
0
    1002
}
    1000
IsFill
    1070
0
    1000
PathStart
    1040
2.4980018054066E-16
    1000
ToolCompensation
    1002
{
    1070
0
    1040
0
    1070
0
    1002
}
       0
CIRCLE
       5
210D
     100
AcDbEntity
       8
1
     100
AcDbCircle
      10
190.5
      20
-22.9571893712
      30
0
      40
3.20000000000002
    1001
FS_CYPCUT
    1000
Channel
    1070
1
    1000
LeadIn
    1002
{
    1070
3
    1040
0
    1040
1.5707963267949
    1040
0.5
    1040
0.5
    1070
0
    1040
0.5
    1070
0
    1002
}
    1000
LeadOut
    1002
{
    1070
0
    1040
0
    1040
0
    1040
0
    1070
0
    1002
}
    1000
IsFill
    1070
0
    1000
PathStart
    1040
1
    1000
ToolCompensation
    1002
{
    1070
0
    1040
0
    1070
0
    1002
}
       0
LWPOLYLINE
       5
210E
     100
AcDbEntity
       8
1
     100
AcDbPolyline
      90
19
      70
1
      10
205
      20
20.261208724
      42
0.224949845407776
      10
201.332377902573
      20
28.0007817160333
      42
0
      10
42.7627441208726
      20
157.739572992033
      42
0.173131770096427
      10
36.4303662183
      20
160
      42
0
      10
2
      20
160
      42
0.41421356237311
      10
0
      20
158
      42
0
      10
3.5527136788005E-15
      20
10.35
      42
0.414213562373095
      10
10
      20
0.35
      42
0
      10
44.8
      20
0.35
      42
0
      10
44.8
      20
-10.5321893712
      42
0
      10
-2.5821893712
      20
-10.5321893712
      42
0.414213562373096
      10
-4.5821893712
      20
-12.5321893712
      42
0
      10
-4.5821893712
      20
-57.3821893712
      42
0.414213562373093
      10
-2.5821893712
      20
-59.3821893712
      42
0
      10
97
      20
-59.3821893712
      42
0
      10
97
      20
-81.3821893712
      42
0.414213562373094
      10
107
      20
-91.3821893712
      42
0
      10
195
      20
-91.3821893712001
      42
0.414213562373096
      10
205
      20
-81.3821893712
      42
0
    1001
FS_CYPCUT
    1000
Channel
    1070
1
    1000
LeadIn
    1002
{
    1070
3
    1040
1.5029285202245
    1040
1.5707963267949
    1040
0.5
    1040
0.5
    1070
0
    1040
0.5
    1070
0
    1002
}
    1000
LeadOut
    1002
{
    1070
0
    1040
0
    1040
0
    1040
0
    1070
0
    1002
}
    1000
IsFill
    1070
1
    1000
PathStart
    1040
1.5
    1000
ToolCompensation
    1002
{
    1070
0
    1040
0
    1070
0
    1002
}
    1000
MicroConnect
    1002
{
    1070
2
    1040
1.5
    1041
0.6
    1042
0
    1040
5.43770064
    1041
0.6
    1042
0
    1002
}
       0
ENDBLK
       5
210F
     330
201A
     100
AcDbEntity
       8
0
     100
AcDbBlockEnd
       0
BLOCK
       5
2110
     330
201B
     100
AcDbEntity
       8
0
     100
AcDbBlockBegin
       2
Part1123497184
      70
0
      10
-4.58218937
      20
-91.3821894
      30
0
       3
Part1123497184
       1

       4
CypCutBlock
       0
LINE
       5
2111
     100
AcDbEntity
       8
2
     100
AcDbLine
      10
39.5339053144
      20
-59.3821893712
      30
0
      11
39.5339053144
      21
-10.5321893712
      31
0
    1001
FS_CYPCUT
    1000
Channel
    1070
2
    1000
LeadIn
    1002
{
    1070
3
    1040
0.0122824974411464
    1040
1.5707963267949
    1040
0.5
    1040
0.5
    1070
0
    1040
0.5
    1070
0
    1002
}
    1000
LeadOut
    1002
{
    1070
0
    1040
0
    1040
0
    1040
0
    1070
0
    1002
}
    1000
IsFill
    1070
0
    1000
PathStart
    1040
0
    1000
ToolCompensation
    1002
{
    1070
0
    1040
0
    1070
0
    1002
}
    1000
MicroConnect
    1002
{
    1070
1
    1040
0
    1041
0.6
    1042
0
    1002
}
       0
LWPOLYLINE
       5
2112
     100
AcDbEntity
       8
1
     100
AcDbPolyline
      90
8
      70
1
      10
38
      20
73.85
      42
0.414213562373096
      10
35
      20
76.85
      42
0
      10
11
      20
76.85
      42
0.414213562373098
      10
7.99999999999999
      20
73.85
      42
0
      10
8.00000000000001
      20
43.85
      42
0.414213562373095
      10
11
      20
40.85
      42
0
      10
35
      20
40.85
      42
0.414213562373096
      10
38
      20
43.85
      42
0
    1001
FS_CYPCUT
    1000
Channel
    1070
1
    1000
LeadIn
    1002
{
    1070
3
    1040
3.5
    1040
1.5707963267949
    1040
0.5
    1040
0.5
    1070
0
    1040
0.5
    1070
0
    1002
}
    1000
LeadOut
    1002
{
    1070
0
    1040
0
    1040
0
    1040
0
    1070
0
    1002
}
    1000
IsFill
    1070
0
    1000
PathStart
    1040
3.5
    1000
ToolCompensation
    1002
{
    1070
0
    1040
0
    1070
0
    1002
}
       0
LWPOLYLINE
       5
2113
     100
AcDbEntity
       8
1
     100
AcDbPolyline
      90
6
      70
1
      10
134.9447127456
      20
37.0958291968
      42
0
      10
76.532951161
      20
84.8872704933
      42
0.632719908898981
      10
70
      20
81.7914412965
      42
0
      10
70
      20
34
      42
0.414213562373092
      10
74
      20
30
      42
0
      10
132.4117615846
      20
30
      42
0.704838323350157
    1001
FS_CYPCUT
    1000
Channel
    1070
1
    1000
LeadIn
    1002
{
    1070
3
    1040
0.5
    1040
1.5707963267949
    1040
0.5
    1040
0.5
    1070
0
    1040
0.5
    1070
0
    1002
}
    1000
LeadOut
    1002
{
    1070
0
    1040
0
    1040
0
    1040
0
    1070
0
    1002
}
    1000
IsFill
    1070
0
    1000
PathStart
    1040
0.5
    1000
ToolCompensation
    1002
{
    1070
0
    1040
0
    1070
0
    1002
}
       0
CIRCLE
       5
2114
     100
AcDbEntity
       8
1
     100
AcDbCircle
      10
111.5
      20
-22.9571893712
      30
0
      40
3.19999999999999
    1001
FS_CYPCUT
    1000
Channel
    1070
1
    1000
LeadIn
    1002
{
    1070
3
    1040
0
    1040
1.5707963267949
    1040
0.5
    1040
0.5
    1070
0
    1040
0.5
    1070
0
    1002
}
    1000
LeadOut
    1002
{
    1070
0
    1040
0
    1040
0
    1040
0
    1070
0
    1002
}
    1000
IsFill
    1070
0
    1000
PathStart
    1040
1
    1000
ToolCompensation
    1002
{
    1070
0
    1040
0
    1070
0
    1002
}
       0
LINE
       5
2115
     100
AcDbEntity
       8
2
     100
AcDbLine
      10
44.8
      20
-5.2660946856
      30
0
      11
205
      21
-5.2660946856
      31
0
    1001
FS_CYPCUT
    1000
Channel
    1070
2
    1000
LeadIn
    1002
{
    1070
3
    1040
0
    1040
1.5707963267949
    1040
0.5
    1040
0.5
    1070
0
    1040
0.5
    1070
0
    1002
}
    1000
LeadOut
    1002
{
    1070
0
    1040
0
    1040
0
    1040
0
    1070
0
    1002
}
    1000
IsFill
    1070
0
    1000
PathStart
    1040
0
    1000
ToolCompensation
    1002
{
    1070
0
    1040
0
    1070
0
    1002
}
    1000
MicroConnect
    1002
{
    1070
1
    1040
1
    1041
0.6
    1042
0
    1002
}
       0
CIRCLE
       5
2116
     100
AcDbEntity
       8
1
     100
AcDbCircle
      10
111.5
      20
-78.9571893712
      30
0
      40
3.19999999999999
    1001
FS_CYPCUT
    1000
Channel
    1070
1
    1000
LeadIn
    1002
{
    1070
3
    1040
0
    1040
1.5707963267949
    1040
0.5
    1040
0.5
    1070
0
    1040
0.5
    1070
0
    1002
}
    1000
LeadOut
    1002
{
    1070
0
    1040
0
    1040
0
    1040
0
    1070
0
    1002
}
    1000
IsFill
    1070
0
    1000
PathStart
    1040
0
    1000
ToolCompensation
    1002
{
    1070
0
    1040
0
    1070
0
    1002
}
       0
CIRCLE
       5
2117
     100
AcDbEntity
       8
1
     100
AcDbCircle
      10
190.5
      20
-78.9571893712
      30
0
      40
3.20000000000002
    1001
FS_CYPCUT
    1000
Channel
    1070
1
    1000
LeadIn
    1002
{
    1070
3
    1040
0
    1040
1.5707963267949
    1040
0.5
    1040
0.5
    1070
0
    1040
0.5
    1070
0
    1002
}
    1000
LeadOut
    1002
{
    1070
0
    1040
0
    1040
0
    1040
0
    1070
0
    1002
}
    1000
IsFill
    1070
0
    1000
PathStart
    1040
1
    1000
ToolCompensation
    1002
{
    1070
0
    1040
0
    1070
0
    1002
}
       0
CIRCLE
       5
2118
     100
AcDbEntity
       8
1
     100
AcDbCircle
      10
184
      20
-39.3821893712
      30
0
      40
6.00000000000006
    1001
FS_CYPCUT
    1000
Channel
    1070
1
    1000
LeadIn
    1002
{
    1070
3
    1040
2.4980018054066E-16
    1040
1.5707963267949
    1040
0.5
    1040
0.5
    1070
0
    1040
0.5
    1070
0
    1002
}
    1000
LeadOut
    1002
{
    1070
0
    1040
0
    1040
0
    1040
0
    1070
0
    1002
}
    1000
IsFill
    1070
0
    1000
PathStart
    1040
2.4980018054066E-16
    1000
ToolCompensation
    1002
{
    1070
0
    1040
0
    1070
0
    1002
}
       0
CIRCLE
       5
2119
     100
AcDbEntity
       8
1
     100
AcDbCircle
      10
190.5
      20
-22.9571893712
      30
0
      40
3.20000000000002
    1001
FS_CYPCUT
    1000
Channel
    1070
1
    1000
LeadIn
    1002
{
    1070
3
    1040
0
    1040
1.5707963267949
    1040
0.5
    1040
0.5
    1070
0
    1040
0.5
    1070
0
    1002
}
    1000
LeadOut
    1002
{
    1070
0
    1040
0
    1040
0
    1040
0
    1070
0
    1002
}
    1000
IsFill
    1070
0
    1000
PathStart
    1040
1
    1000
ToolCompensation
    1002
{
    1070
0
    1040
0
    1070
0
    1002
}
       0
LWPOLYLINE
       5
211A
     100
AcDbEntity
       8
1
     100
AcDbPolyline
      90
19
      70
1
      10
205
      20
20.261208724
      42
0.224949845407776
      10
201.332377902573
      20
28.0007817160333
      42
0
      10
42.7627441208726
      20
157.739572992033
      42
0.173131770096427
      10
36.4303662183
      20
160
      42
0
      10
2
      20
160
      42
0.41421356237311
      10
0
      20
158
      42
0
      10
3.5527136788005E-15
      20
10.35
      42
0.414213562373095
      10
10
      20
0.35
      42
0
      10
44.8
      20
0.35
      42
0
      10
44.8
      20
-10.5321893712
      42
0
      10
-2.5821893712
      20
-10.5321893712
      42
0.414213562373096
      10
-4.5821893712
      20
-12.5321893712
      42
0
      10
-4.5821893712
      20
-57.3821893712
      42
0.414213562373093
      10
-2.5821893712
      20
-59.3821893712
      42
0
      10
97
      20
-59.3821893712
      42
0
      10
97
      20
-81.3821893712
      42
0.414213562373094
      10
107
      20
-91.3821893712
      42
0
      10
195
      20
-91.3821893712001
      42
0.414213562373096
      10
205
      20
-81.3821893712
      42
0
    1001
FS_CYPCUT
    1000
Channel
    1070
1
    1000
LeadIn
    1002
{
    1070
3
    1040
1.5029285202245
    1040
1.5707963267949
    1040
0.5
    1040
0.5
    1070
0
    1040
0.5
    1070
0
    1002
}
    1000
LeadOut
    1002
{
    1070
0
    1040
0
    1040
0
    1040
0
    1070
0
    1002
}
    1000
IsFill
    1070
1
    1000
PathStart
    1040
1.5
    1000
ToolCompensation
    1002
{
    1070
0
    1040
0
    1070
0
    1002
}
    1000
MicroConnect
    1002
{
    1070
2
    1040
1.5
    1041
0.6
    1042
0
    1040
5.43770064
    1041
0.6
    1042
0
    1002
}
       0
ENDBLK
       5
211B
     330
201B
     100
AcDbEntity
       8
0
     100
AcDbBlockEnd
       0
BLOCK
       5
211C
     330
201C
     100
AcDbEntity
       8
0
     100
AcDbBlockBegin
       2
Part1722219917
      70
0
      10
-4.58218937
      20
-91.3821894
      30
0
       3
Part1722219917
       1

       4
CypCutBlock
       0
LINE
       5
211D
     100
AcDbEntity
       8
2
     100
AcDbLine
      10
39.5339053144
      20
-59.3821893712
      30
0
      11
39.5339053144
      21
-10.5321893712
      31
0
    1001
FS_CYPCUT
    1000
Channel
    1070
2
    1000
LeadIn
    1002
{
    1070
3
    1040
0.0122824974411464
    1040
1.5707963267949
    1040
0.5
    1040
0.5
    1070
0
    1040
0.5
    1070
0
    1002
}
    1000
LeadOut
    1002
{
    1070
0
    1040
0
    1040
0
    1040
0
    1070
0
    1002
}
    1000
IsFill
    1070
0
    1000
PathStart
    1040
0
    1000
ToolCompensation
    1002
{
    1070
0
    1040
0
    1070
0
    1002
}
    1000
MicroConnect
    1002
{
    1070
1
    1040
0
    1041
0.6
    1042
0
    1002
}
       0
LWPOLYLINE
       5
211E
     100
AcDbEntity
       8
1
     100
AcDbPolyline
      90
8
      70
1
      10
38
      20
73.85
      42
0.414213562373096
      10
35
      20
76.85
      42
0
      10
11
      20
76.85
      42
0.414213562373098
      10
7.99999999999999
      20
73.85
      42
0
      10
8.00000000000001
      20
43.85
      42
0.414213562373095
      10
11
      20
40.85
      42
0
      10
35
      20
40.85
      42
0.414213562373096
      10
38
      20
43.85
      42
0
    1001
FS_CYPCUT
    1000
Channel
    1070
1
    1000
LeadIn
    1002
{
    1070
3
    1040
3.5
    1040
1.5707963267949
    1040
0.5
    1040
0.5
    1070
0
    1040
0.5
    1070
0
    1002
}
    1000
LeadOut
    1002
{
    1070
0
    1040
0
    1040
0
    1040
0
    1070
0
    1002
}
    1000
IsFill
    1070
0
    1000
PathStart
    1040
3.5
    1000
ToolCompensation
    1002
{
    1070
0
    1040
0
    1070
0
    1002
}
       0
LWPOLYLINE
       5
211F
     100
AcDbEntity
       8
1
     100
AcDbPolyline
      90
6
      70
1
      10
134.9447127456
      20
37.0958291968
      42
0
      10
76.532951161
      20
84.8872704933
      42
0.632719908898981
      10
70
      20
81.7914412965
      42
0
      10
70
      20
34
      42
0.414213562373092
      10
74
      20
30
      42
0
      10
132.4117615846
      20
30
      42
0.704838323350157
    1001
FS_CYPCUT
    1000
Channel
    1070
1
    1000
LeadIn
    1002
{
    1070
3
    1040
0.5
    1040
1.5707963267949
    1040
0.5
    1040
0.5
    1070
0
    1040
0.5
    1070
0
    1002
}
    1000
LeadOut
    1002
{
    1070
0
    1040
0
    1040
0
    1040
0
    1070
0
    1002
}
    1000
IsFill
    1070
0
    1000
PathStart
    1040
0.5
    1000
ToolCompensation
    1002
{
    1070
0
    1040
0
    1070
0
    1002
}
       0
CIRCLE
       5
2120
     100
AcDbEntity
       8
1
     100
AcDbCircle
      10
111.5
      20
-22.9571893712
      30
0
      40
3.19999999999999
    1001
FS_CYPCUT
    1000
Channel
    1070
1
    1000
LeadIn
    1002
{
    1070
3
    1040
0
    1040
1.5707963267949
    1040
0.5
    1040
0.5
    1070
0
    1040
0.5
    1070
0
    1002
}
    1000
LeadOut
    1002
{
    1070
0
    1040
0
    1040
0
    1040
0
    1070
0
    1002
}
    1000
IsFill
    1070
0
    1000
PathStart
    1040
1
    1000
ToolCompensation
    1002
{
    1070
0
    1040
0
    1070
0
    1002
}
       0
LINE
       5
2121
     100
AcDbEntity
       8
2
     100
AcDbLine
      10
44.8
      20
-5.2660946856
      30
0
      11
205
      21
-5.2660946856
      31
0
    1001
FS_CYPCUT
    1000
Channel
    1070
2
    1000
LeadIn
    1002
{
    1070
3
    1040
0
    1040
1.5707963267949
    1040
0.5
    1040
0.5
    1070
0
    1040
0.5
    1070
0
    1002
}
    1000
LeadOut
    1002
{
    1070
0
    1040
0
    1040
0
    1040
0
    1070
0
    1002
}
    1000
IsFill
    1070
0
    1000
PathStart
    1040
0
    1000
ToolCompensation
    1002
{
    1070
0
    1040
0
    1070
0
    1002
}
    1000
MicroConnect
    1002
{
    1070
1
    1040
1
    1041
0.6
    1042
0
    1002
}
       0
CIRCLE
       5
2122
     100
AcDbEntity
       8
1
     100
AcDbCircle
      10
111.5
      20
-78.9571893712
      30
0
      40
3.19999999999999
    1001
FS_CYPCUT
    1000
Channel
    1070
1
    1000
LeadIn
    1002
{
    1070
3
    1040
0
    1040
1.5707963267949
    1040
0.5
    1040
0.5
    1070
0
    1040
0.5
    1070
0
    1002
}
    1000
LeadOut
    1002
{
    1070
0
    1040
0
    1040
0
    1040
0
    1070
0
    1002
}
    1000
IsFill
    1070
0
    1000
PathStart
    1040
0
    1000
ToolCompensation
    1002
{
    1070
0
    1040
0
    1070
0
    1002
}
       0
CIRCLE
       5
2123
     100
AcDbEntity
       8
1
     100
AcDbCircle
      10
190.5
      20
-78.9571893712
      30
0
      40
3.20000000000002
    1001
FS_CYPCUT
    1000
Channel
    1070
1
    1000
LeadIn
    1002
{
    1070
3
    1040
0
    1040
1.5707963267949
    1040
0.5
    1040
0.5
    1070
0
    1040
0.5
    1070
0
    1002
}
    1000
LeadOut
    1002
{
    1070
0
    1040
0
    1040
0
    1040
0
    1070
0
    1002
}
    1000
IsFill
    1070
0
    1000
PathStart
    1040
1
    1000
ToolCompensation
    1002
{
    1070
0
    1040
0
    1070
0
    1002
}
       0
CIRCLE
       5
2124
     100
AcDbEntity
       8
1
     100
AcDbCircle
      10
184
      20
-39.3821893712
      30
0
      40
6.00000000000006
    1001
FS_CYPCUT
    1000
Channel
    1070
1
    1000
LeadIn
    1002
{
    1070
3
    1040
2.4980018054066E-16
    1040
1.5707963267949
    1040
0.5
    1040
0.5
    1070
0
    1040
0.5
    1070
0
    1002
}
    1000
LeadOut
    1002
{
    1070
0
    1040
0
    1040
0
    1040
0
    1070
0
    1002
}
    1000
IsFill
    1070
0
    1000
PathStart
    1040
2.4980018054066E-16
    1000
ToolCompensation
    1002
{
    1070
0
    1040
0
    1070
0
    1002
}
       0
CIRCLE
       5
2125
     100
AcDbEntity
       8
1
     100
AcDbCircle
      10
190.5
      20
-22.9571893712
      30
0
      40
3.20000000000002
    1001
FS_CYPCUT
    1000
Channel
    1070
1
    1000
LeadIn
    1002
{
    1070
3
    1040
0
    1040
1.5707963267949
    1040
0.5
    1040
0.5
    1070
0
    1040
0.5
    1070
0
    1002
}
    1000
LeadOut
    1002
{
    1070
0
    1040
0
    1040
0
    1040
0
    1070
0
    1002
}
    1000
IsFill
    1070
0
    1000
PathStart
    1040
1
    1000
ToolCompensation
    1002
{
    1070
0
    1040
0
    1070
0
    1002
}
       0
LWPOLYLINE
       5
2126
     100
AcDbEntity
       8
1
     100
AcDbPolyline
      90
19
      70
1
      10
205
      20
20.261208724
      42
0.224949845407776
      10
201.332377902573
      20
28.0007817160333
      42
0
      10
42.7627441208726
      20
157.739572992033
      42
0.173131770096427
      10
36.4303662183
      20
160
      42
0
      10
2
      20
160
      42
0.41421356237311
      10
0
      20
158
      42
0
      10
3.5527136788005E-15
      20
10.35
      42
0.414213562373095
      10
10
      20
0.35
      42
0
      10
44.8
      20
0.35
      42
0
      10
44.8
      20
-10.5321893712
      42
0
      10
-2.5821893712
      20
-10.5321893712
      42
0.414213562373096
      10
-4.5821893712
      20
-12.5321893712
      42
0
      10
-4.5821893712
      20
-57.3821893712
      42
0.414213562373093
      10
-2.5821893712
      20
-59.3821893712
      42
0
      10
97
      20
-59.3821893712
      42
0
      10
97
      20
-81.3821893712
      42
0.414213562373094
      10
107
      20
-91.3821893712
      42
0
      10
195
      20
-91.3821893712001
      42
0.414213562373096
      10
205
      20
-81.3821893712
      42
0
    1001
FS_CYPCUT
    1000
Channel
    1070
1
    1000
LeadIn
    1002
{
    1070
3
    1040
1.5029285202245
    1040
1.5707963267949
    1040
0.5
    1040
0.5
    1070
0
    1040
0.5
    1070
0
    1002
}
    1000
LeadOut
    1002
{
    1070
0
    1040
0
    1040
0
    1040
0
    1070
0
    1002
}
    1000
IsFill
    1070
1
    1000
PathStart
    1040
1.5
    1000
ToolCompensation
    1002
{
    1070
0
    1040
0
    1070
0
    1002
}
    1000
MicroConnect
    1002
{
    1070
2
    1040
1.5
    1041
0.6
    1042
0
    1040
5.43770064
    1041
0.6
    1042
0
    1002
}
       0
ENDBLK
       5
2127
     330
201C
     100
AcDbEntity
       8
0
     100
AcDbBlockEnd
       0
BLOCK
       5
2128
     330
201D
     100
AcDbEntity
       8
0
     100
AcDbBlockBegin
       2
Part1136670345
      70
0
      10
-86.5
      20
-86.5
      30
0
       3
Part1136670345
       1

       4
CypCutBlock
       0
LWPOLYLINE
       5
2129
     100
AcDbEntity
       8
1
     100
AcDbPolyline
      90
4
      70
1
      10
-68.4393598993455
      20
16.9205205761479
      42
0.121783493089402
      10
-68.4393598993455
      20
-16.9205205761479
      42
-0.999999999999996
      10
-77.1762994609627
      20
-19.0805870326771
      42
-0.121783493089402
      10
-77.1762994609093
      20
19.0805870326648
      42
-1
    1001
FS_CYPCUT
    1000
Channel
    1070
1
    1000
LeadIn
    1002
{
    1070
3
    1040
2.5
    1040
1.5707963267949
    1040
0.5
    1040
0.5
    1070
0
    1040
0.5
    1070
0
    1002
}
    1000
LeadOut
    1002
{
    1070
0
    1040
0
    1040
0
    1040
0
    1070
0
    1002
}
    1000
IsFill
    1070
0
    1000
PathStart
    1040
2.5
    1000
ToolCompensation
    1002
{
    1070
0
    1040
0
    1070
0
    1002
}
       0
LWPOLYLINE
       5
212A
     100
AcDbEntity
       8
1
     100
AcDbPolyline
      90
4
      70
1
      10
19.0805870326648
      20
77.1762994609093
      42
-1
      10
16.9205205761352
      20
68.4393598992907
      42
0.121783493089402
      10
-16.9205205761482
      20
68.4393598993465
      42
-1
      10
-19.0805870326648
      20
77.1762994610093
      42
-0.121783493089402
    1001
FS_CYPCUT
    1000
Channel
    1070
1
    1000
LeadIn
    1002
{
    1070
3
    1040
3.5
    1040
1.5707963267949
    1040
0.5
    1040
0.5
    1070
0
    1040
0.5
    1070
0
    1002
}
    1000
LeadOut
    1002
{
    1070
0
    1040
0
    1040
0
    1040
0
    1070
0
    1002
}
    1000
IsFill
    1070
0
    1000
PathStart
    1040
3.5
    1000
ToolCompensation
    1002
{
    1070
0
    1040
0
    1070
0
    1002
}
       0
LWPOLYLINE
       5
212B
     100
AcDbEntity
       8
1
     100
AcDbPolyline
      90
6
      70
1
      10
54
      20
0
      42
0
      10
51.494514551
      20
-0.7516456347
      42
-0.985509909313721
      10
-51.4945145509675
      20
-0.751645634721944
      42
0
      10
-54
      20
0
      42
0
      10
-51.4945145509675
      20
0.751645634721933
      42
-0.985509909313721
      10
51.4945145509675
      20
0.751645634721934
      42
0
    1001
FS_CYPCUT
    1000
Channel
    1070
1
    1000
LeadIn
    1002
{
    1070
3
    1040
1.50374324631768
    1040
1.5707963267949
    1040
0.5
    1040
0.5
    1070
0
    1040
0.5
    1070
0
    1002
}
    1000
LeadOut
    1002
{
    1070
0
    1040
0
    1040
0
    1040
0
    1070
0
    1002
}
    1000
IsFill
    1070
0
    1000
PathStart
    1040
1.5
    1000
ToolCompensation
    1002
{
    1070
0
    1040
0
    1070
0
    1002
}
    1000
MicroConnect
    1002
{
    1070
2
    1040
1.5
    1041
0.6
    1042
0
    1040
4.5
    1041
0.6
    1042
0
    1002
}
       0
LWPOLYLINE
       5
212C
     100
AcDbEntity
       8
1
     100
AcDbPolyline
      90
4
      70
1
      10
19.0805870326775
      20
-77.1762994609642
      42
-0.121783493089403
      10
-19.0805870326775
      20
-77.1762994609642
      42
-0.999999999999998
      10
-16.920520576135
      20
-68.4393598992899
      42
0.121783493089403
      10
16.9205205761477
      20
-68.4393598993448
      42
-1
    1001
FS_CYPCUT
    1000
Channel
    1070
1
    1000
LeadIn
    1002
{
    1070
3
    1040
0.500000000000001
    1040
1.5707963267949
    1040
0.5
    1040
0.5
    1070
0
    1040
0.5
    1070
0
    1002
}
    1000
LeadOut
    1002
{
    1070
0
    1040
0
    1040
0
    1040
0
    1070
0
    1002
}
    1000
IsFill
    1070
0
    1000
PathStart
    1040
0.500000000000001
    1000
ToolCompensation
    1002
{
    1070
0
    1040
0
    1070
0
    1002
}
       0
LWPOLYLINE
       5
212D
     100
AcDbEntity
       8
1
     100
AcDbPolyline
      90
4
      70
1
      10
77.1762994610109
      20
19.0805870326652
      42
1
      10
68.4393598993464
      20
16.9205205761481
      42
-0.121783493089403
      10
68.4393598993464
      20
-16.9205205761482
      42
1
      10
77.17629946101
      20
-19.0805870326649
      42
0.121783493089402
    1001
FS_CYPCUT
    1000
Channel
    1070
1
    1000
LeadIn
    1002
{
    1070
3
    1040
3.50000000000005
    1040
1.5707963267949
    1040
0.5
    1040
0.5
    1070
0
    1040
0.5
    1070
0
    1002
}
    1000
LeadOut
    1002
{
    1070
0
    1040
0
    1040
0
    1040
0
    1070
0
    1002
}
    1000
IsFill
    1070
0
    1000
PathStart
    1040
3.50000000000005
    1000
ToolCompensation
    1002
{
    1070
0
    1040
0
    1070
0
    1002
}
       0
CIRCLE
       5
212E
     100
AcDbEntity
       8
1
     100
AcDbCircle
      10
0
      20
0
      30
0
      40
86.5
    1001
FS_CYPCUT
    1000
Channel
    1070
1
    1000
LeadIn
    1002
{
    1070
3
    1040
0.00110396492318078
    1040
1.5707963267949
    1040
0.5
    1040
0.5
    1070
0
    1040
0.5
    1070
0
    1002
}
    1000
LeadOut
    1002
{
    1070
0
    1040
0
    1040
0
    1040
0
    1070
0
    1002
}
    1000
IsFill
    1070
1
    1000
PathStart
    1040
0
    1000
ToolCompensation
    1002
{
    1070
0
    1040
0
    1070
0
    1002
}
    1000
MicroConnect
    1002
{
    1070
2
    1040
0
    1041
0.6
    1042
0
    1040
0.498183242
    1041
0.6
    1042
0
    1002
}
       0
ENDBLK
       5
212F
     330
201D
     100
AcDbEntity
       8
0
     100
AcDbBlockEnd
       0
BLOCK
       5
2130
     330
201E
     100
AcDbEntity
       8
0
     100
AcDbBlockBegin
       2
Part1181491223
      70
0
      10
-80
      20
-80
      30
0
       3
Part1181491223
       1

       4
CypCutBlock
       0
CIRCLE
       5
2131
     100
AcDbEntity
       8
1
     100
AcDbCircle
      10
-70
      20
0
      30
0
      40
4.24999999999983
    1001
FS_CYPCUT
    1000
Channel
    1070
1
    1000
LeadIn
    1002
{
    1070
3
    1040
0
    1040
0.785398163397448
    1040
1
    1040
1
    1070
0
    1040
0.5
    1070
0
    1002
}
    1000
LeadOut
    1002
{
    1070
0
    1040
0
    1040
0
    1040
0
    1070
0
    1002
}
    1000
IsFill
    1070
0
    1000
PathStart
    1040
1
    1000
ToolCompensation
    1002
{
    1070
0
    1040
0
    1070
0
    1002
}
       0
CIRCLE
       5
2132
     100
AcDbEntity
       8
1
     100
AcDbCircle
      10
0
      20
70
      30
0
      40
4.2499999999998
    1001
FS_CYPCUT
    1000
Channel
    1070
1
    1000
LeadIn
    1002
{
    1070
3
    1040
0
    1040
0.785398163397448
    1040
1
    1040
1
    1070
0
    1040
0.5
    1070
0
    1002
}
    1000
LeadOut
    1002
{
    1070
0
    1040
0
    1040
0
    1040
0
    1070
0
    1002
}
    1000
IsFill
    1070
0
    1000
PathStart
    1040
1
    1000
ToolCompensation
    1002
{
    1070
0
    1040
0
    1070
0
    1002
}
       0
CIRCLE
       5
2133
     100
AcDbEntity
       8
1
     100
AcDbCircle
      10
70
      20
0
      30
0
      40
4.24999999999982
    1001
FS_CYPCUT
    1000
Channel
    1070
1
    1000
LeadIn
    1002
{
    1070
3
    1040
2.77555756156289E-17
    1040
0.785398163397448
    1040
1
    1040
1
    1070
0
    1040
0.5
    1070
0
    1002
}
    1000
LeadOut
    1002
{
    1070
0
    1040
0
    1040
0
    1040
0
    1070
0
    1002
}
    1000
IsFill
    1070
0
    1000
PathStart
    1040
2.77555756156289E-17
    1000
ToolCompensation
    1002
{
    1070
0
    1040
0
    1070
0
    1002
}
       0
LWPOLYLINE
       5
2134
     100
AcDbEntity
       8
1
     100
AcDbPolyline
      90
4
      70
1
      10
31.0299236875
      20
26.7872830004
      42
0
      10
29.2621567345
      20
25.0195160474
      42
-25.6276463061951
      10
25.0195160474
      20
29.2621567345
      42
0
      10
26.7872830004
      20
31.0299236875
      42
0
    1001
FS_CYPCUT
    1000
Channel
    1070
1
    1000
LeadIn
    1002
{
    1070
3
    1040
1.5
    1040
0.785398163397448
    1040
1
    1040
1
    1070
0
    1040
0.5
    1070
0
    1002
}
    1000
LeadOut
    1002
{
    1070
0
    1040
0
    1040
0
    1040
0
    1070
0
    1002
}
    1000
IsFill
    1070
0
    1000
PathStart
    1040
1.5
    1000
ToolCompensation
    1002
{
    1070
0
    1040
0
    1070
0
    1002
}
       0
CIRCLE
       5
2135
     100
AcDbEntity
       8
1
     100
AcDbCircle
      10
0
      20
-70
      30
0
      40
4.24999999999985
    1001
FS_CYPCUT
    1000
Channel
    1070
1
    1000
LeadIn
    1002
{
    1070
3
    1040
1.11022302462516E-16
    1040
0.785398163397448
    1040
1
    1040
1
    1070
0
    1040
0.5
    1070
0
    1002
}
    1000
LeadOut
    1002
{
    1070
0
    1040
0
    1040
0
    1040
0
    1070
0
    1002
}
    1000
IsFill
    1070
0
    1000
PathStart
    1040
1.11022302462516E-16
    1000
ToolCompensation
    1002
{
    1070
0
    1040
0
    1070
0
    1002
}
       0
CIRCLE
       5
2136
     100
AcDbEntity
       8
1
     100
AcDbCircle
      10
0
      20
0
      30
0
      40
80
    1001
FS_CYPCUT
    1000
Channel
    1070
1
    1000
LeadIn
    1002
{
    1070
3
    1040
0.000448562430918953
    1040
0.785398163397448
    1040
1
    1040
1
    1070
0
    1040
0.5
    1070
0
    1002
}
    1000
LeadOut
    1002
{
    1070
0
    1040
0
    1040
0
    1040
0
    1070
0
    1002
}
    1000
IsFill
    1070
1
    1000
PathStart
    1040
0
    1000
ToolCompensation
    1002
{
    1070
0
    1040
0
    1070
0
    1002
}
    1000
MicroConnect
    1002
{
    1070
2
    1040
0.496865256
    1041
0.8
    1042
0
    1040
0.998857013
    1041
0.8
    1042
0
    1002
}
       0
ENDBLK
       5
2137
     330
201E
     100
AcDbEntity
       8
0
     100
AcDbBlockEnd
       0
BLOCK
       5
2138
     330
201F
     100
AcDbEntity
       8
0
     100
AcDbBlockBegin
       2
Part2097295216
      70
0
      10
-1.0658141E-14
      20
0
      30
0
       3
Part2097295216
       1

       4
CypCutBlock
       0
CIRCLE
       5
2139
     100
AcDbEntity
       8
1
     100
AcDbCircle
      10
40
      20
30
      30
0
      40
5.25000000000001
    1001
FS_CYPCUT
    1000
Channel
    1070
1
    1000
LeadIn
    1002
{
    1070
3
    1040
0
    1040
1.5707963267949
    1040
2
    1040
1
    1070
0
    1040
0.5
    1070
0
    1002
}
    1000
LeadOut
    1002
{
    1070
0
    1040
0
    1040
0
    1040
0
    1070
0
    1002
}
    1000
IsFill
    1070
0
    1000
PathStart
    1040
0
    1000
ToolCompensation
    1002
{
    1070
0
    1040
0
    1070
0
    1002
}
       0
CIRCLE
       5
213A
     100
AcDbEntity
       8
1
     100
AcDbCircle
      10
110
      20
30
      30
0
      40
2.59999999999999
    1001
FS_CYPCUT
    1000
Channel
    1070
1
    1000
LeadIn
    1002
{
    1070
3
    1040
3.05311331771918E-16
    1040
1.5707963267949
    1040
2
    1040
1
    1070
0
    1040
0.5
    1070
0
    1002
}
    1000
LeadOut
    1002
{
    1070
0
    1040
0
    1040
0
    1040
0
    1070
0
    1002
}
    1000
IsFill
    1070
0
    1000
PathStart
    1040
3.05311331771918E-16
    1000
ToolCompensation
    1002
{
    1070
0
    1040
0
    1070
0
    1002
}
       0
CIRCLE
       5
213B
     100
AcDbEntity
       8
1
     100
AcDbCircle
      10
290
      20
30
      30
0
      40
2.60000000000002
    1001
FS_CYPCUT
    1000
Channel
    1070
1
    1000
LeadIn
    1002
{
    1070
3
    1040
6.10622663543836E-16
    1040
1.5707963267949
    1040
2
    1040
1
    1070
0
    1040
0.5
    1070
0
    1002
}
    1000
LeadOut
    1002
{
    1070
0
    1040
0
    1040
0
    1040
0
    1070
0
    1002
}
    1000
IsFill
    1070
0
    1000
PathStart
    1040
6.10622663543836E-16
    1000
ToolCompensation
    1002
{
    1070
0
    1040
0
    1070
0
    1002
}
       0
LWPOLYLINE
       5
213C
     100
AcDbEntity
       8
1
     100
AcDbPolyline
      90
29
      70
1
      10
406.3
      20
40
      42
0
      10
406.3
      20
20
      42
0
      10
400
      20
20
      42
0
      10
400
      20
0
      42
0
      10
320.1
      20
0
      42
0
      10
320.1
      20
10.85
      42
0
      10
309.1
      20
10.85
      42
0
      10
309.1
      20
0
      42
0
      10
149.1
      20
0
      42
0
      10
149.1
      20
6.35
      42
0
      10
138.1
      20
6.35
      42
0
      10
138.1
      20
0
      42
0
      10
10
      20
8.88178419700125E-15
      42
-0.414213562373095
      10
0
      20
10
      42
0
      10
-1.06581410364015E-14
      20
50
      42
-0.414213562373095
      10
10
      20
60
      42
0
      10
180
      20
60
      42
-0.414213562373096
      10
183
      20
57
      42
0
      10
183
      20
56
      42
0.414213562373106
      10
186
      20
52.9999999999999
      42
0
      10
210.2135871688
      20
53
      42
0.0347880087362431
      10
215.7595009502
      20
53.386330133
      42
0
      10
260.2404990498
      20
59.613669867
      42
-0.0347880087362425
      10
265.7864128312
      20
60.0000000000072
      42
0
      10
395
      20
60
      42
0
      10
395
      20
57
      42
0
      10
397
      20
55
      42
0
      10
400
      20
55
      42
0
      10
400
      20
40
      42
0
    1001
FS_CYPCUT
    1000
Channel
    1070
1
    1000
LeadIn
    1002
{
    1070
3
    1040
15.5
    1040
1.5707963267949
    1040
2
    1040
1
    1070
0
    1040
0.5
    1070
0
    1002
}
    1000
LeadOut
    1002
{
    1070
0
    1040
0
    1040
0
    1040
0
    1070
0
    1002
}
    1000
IsFill
    1070
1
    1000
PathStart
    1040
15.5
    1000
ToolCompensation
    1002
{
    1070
0
    1040
0
    1070
0
    1002
}
    1000
MicroConnect
    1002
{
    1070
2
    1040
11.4289617
    1041
0.8
    1042
0
    1040
23.5062585
    1041
0.8
    1042
0
    1002
}
       0
ENDBLK
       5
213D
     330
201F
     100
AcDbEntity
       8
0
     100
AcDbBlockEnd
       0
BLOCK
       5
213E
     330
2020
     100
AcDbEntity
       8
0
     100
AcDbBlockBegin
       2
Part1992369532
      70
0
      10
-1.0658141E-14
      20
0
      30
0
       3
Part1992369532
       1

       4
CypCutBlock
       0
CIRCLE
       5
213F
     100
AcDbEntity
       8
1
     100
AcDbCircle
      10
40
      20
30
      30
0
      40
5.25000000000001
    1001
FS_CYPCUT
    1000
Channel
    1070
1
    1000
LeadIn
    1002
{
    1070
3
    1040
0
    1040
1.5707963267949
    1040
2
    1040
1
    1070
0
    1040
0.5
    1070
0
    1002
}
    1000
LeadOut
    1002
{
    1070
0
    1040
0
    1040
0
    1040
0
    1070
0
    1002
}
    1000
IsFill
    1070
0
    1000
PathStart
    1040
0
    1000
ToolCompensation
    1002
{
    1070
0
    1040
0
    1070
0
    1002
}
       0
CIRCLE
       5
2140
     100
AcDbEntity
       8
1
     100
AcDbCircle
      10
110
      20
30
      30
0
      40
2.59999999999999
    1001
FS_CYPCUT
    1000
Channel
    1070
1
    1000
LeadIn
    1002
{
    1070
3
    1040
3.05311331771918E-16
    1040
1.5707963267949
    1040
2
    1040
1
    1070
0
    1040
0.5
    1070
0
    1002
}
    1000
LeadOut
    1002
{
    1070
0
    1040
0
    1040
0
    1040
0
    1070
0
    1002
}
    1000
IsFill
    1070
0
    1000
PathStart
    1040
3.05311331771918E-16
    1000
ToolCompensation
    1002
{
    1070
0
    1040
0
    1070
0
    1002
}
       0
CIRCLE
       5
2141
     100
AcDbEntity
       8
1
     100
AcDbCircle
      10
290
      20
30
      30
0
      40
2.60000000000002
    1001
FS_CYPCUT
    1000
Channel
    1070
1
    1000
LeadIn
    1002
{
    1070
3
    1040
6.10622663543836E-16
    1040
1.5707963267949
    1040
2
    1040
1
    1070
0
    1040
0.5
    1070
0
    1002
}
    1000
LeadOut
    1002
{
    1070
0
    1040
0
    1040
0
    1040
0
    1070
0
    1002
}
    1000
IsFill
    1070
0
    1000
PathStart
    1040
6.10622663543836E-16
    1000
ToolCompensation
    1002
{
    1070
0
    1040
0
    1070
0
    1002
}
       0
LWPOLYLINE
       5
2142
     100
AcDbEntity
       8
1
     100
AcDbPolyline
      90
29
      70
1
      10
406.3
      20
40
      42
0
      10
406.3
      20
20
      42
0
      10
400
      20
20
      42
0
      10
400
      20
0
      42
0
      10
320.1
      20
0
      42
0
      10
320.1
      20
10.85
      42
0
      10
309.1
      20
10.85
      42
0
      10
309.1
      20
0
      42
0
      10
149.1
      20
0
      42
0
      10
149.1
      20
6.35
      42
0
      10
138.1
      20
6.35
      42
0
      10
138.1
      20
0
      42
0
      10
10
      20
8.88178419700125E-15
      42
-0.414213562373095
      10
0
      20
10
      42
0
      10
-1.06581410364015E-14
      20
50
      42
-0.414213562373095
      10
10
      20
60
      42
0
      10
180
      20
60
      42
-0.414213562373096
      10
183
      20
57
      42
0
      10
183
      20
56
      42
0.414213562373106
      10
186
      20
52.9999999999999
      42
0
      10
210.2135871688
      20
53
      42
0.0347880087362431
      10
215.7595009502
      20
53.386330133
      42
0
      10
260.2404990498
      20
59.613669867
      42
-0.0347880087362425
      10
265.7864128312
      20
60.0000000000072
      42
0
      10
395
      20
60
      42
0
      10
395
      20
57
      42
0
      10
397
      20
55
      42
0
      10
400
      20
55
      42
0
      10
400
      20
40
      42
0
    1001
FS_CYPCUT
    1000
Channel
    1070
1
    1000
LeadIn
    1002
{
    1070
3
    1040
15.5
    1040
1.5707963267949
    1040
2
    1040
1
    1070
0
    1040
0.5
    1070
0
    1002
}
    1000
LeadOut
    1002
{
    1070
0
    1040
0
    1040
0
    1040
0
    1070
0
    1002
}
    1000
IsFill
    1070
1
    1000
PathStart
    1040
15.5
    1000
ToolCompensation
    1002
{
    1070
0
    1040
0
    1070
0
    1002
}
    1000
MicroConnect
    1002
{
    1070
2
    1040
11.4289617
    1041
0.8
    1042
0
    1040
23.5062585
    1041
0.8
    1042
0
    1002
}
       0
ENDBLK
       5
2143
     330
2020
     100
AcDbEntity
       8
0
     100
AcDbBlockEnd
       0
BLOCK
       5
2144
     330
2021
     100
AcDbEntity
       8
0
     100
AcDbBlockBegin
       2
Part211613949
      70
0
      10
0
      20
0
      30
0
       3
Part211613949
       1

       4
CypCutBlock
       0
LWPOLYLINE
       5
2145
     100
AcDbEntity
       8
1
     100
AcDbPolyline
      90
4
      70
1
      10
19
      20
52.5
      42
1
      10
8
      20
52.5
      42
0
      10
8
      20
27.5
      42
1
      10
19
      20
27.5
      42
0
    1001
FS_CYPCUT
    1000
Channel
    1070
1
    1000
LeadIn
    1002
{
    1070
3
    1040
1.5
    1040
1.5707963267949
    1040
0.5
    1040
0.5
    1070
0
    1040
0.5
    1070
0
    1002
}
    1000
LeadOut
    1002
{
    1070
0
    1040
0
    1040
0
    1040
0
    1070
0
    1002
}
    1000
IsFill
    1070
0
    1000
PathStart
    1040
1.5
    1000
ToolCompensation
    1002
{
    1070
0
    1040
0
    1070
0
    1002
}
       0
LWPOLYLINE
       5
2146
     100
AcDbEntity
       8
1
     100
AcDbPolyline
      90
8
      70
1
      10
75
      20
114
      42
0.414213562373096
      10
69
      20
120
      42
0
      10
51
      20
120
      42
0.414213562373093
      10
45
      20
114
      42
0
      10
45
      20
36
      42
0.414213562373096
      10
51
      20
30
      42
0
      10
69
      20
30
      42
0.414213562373097
      10
75
      20
36
      42
-0.0663930738474885
    1001
FS_CYPCUT
    1000
Channel
    1070
1
    1000
LeadIn
    1002
{
    1070
3
    1040
3.5
    1040
1.5707963267949
    1040
0.5
    1040
0.5
    1070
0
    1040
0.5
    1070
0
    1002
}
    1000
LeadOut
    1002
{
    1070
0
    1040
0
    1040
0
    1040
0
    1070
0
    1002
}
    1000
IsFill
    1070
0
    1000
PathStart
    1040
3.5
    1000
ToolCompensation
    1002
{
    1070
0
    1040
0
    1070
0
    1002
}
       0
LWPOLYLINE
       5
2147
     100
AcDbEntity
       8
1
     100
AcDbPolyline
      90
4
      70
1
      10
19
      20
122.5
      42
1
      10
8
      20
122.5
      42
0
      10
8
      20
97.5
      42
1
      10
19
      20
97.5
      42
0
    1001
FS_CYPCUT
    1000
Channel
    1070
1
    1000
LeadIn
    1002
{
    1070
3
    1040
1.5
    1040
1.5707963267949
    1040
0.5
    1040
0.5
    1070
0
    1040
0.5
    1070
0
    1002
}
    1000
LeadOut
    1002
{
    1070
0
    1040
0
    1040
0
    1040
0
    1070
0
    1002
}
    1000
IsFill
    1070
0
    1000
PathStart
    1040
1.5
    1000
ToolCompensation
    1002
{
    1070
0
    1040
0
    1070
0
    1002
}
       0
LWPOLYLINE
       5
2148
     100
AcDbEntity
       8
1
     100
AcDbPolyline
      90
16
      70
1
      10
108
      20
150
      42
0
      10
60
      20
150
      42
0
      10
60
      20
145
      42
0
      10
40
      20
145
      42
0
      10
40
      20
150
      42
0
      10
0
      20
150
      42
0
      10
0
      20
0
      42
0
      10
40
      20
0
      42
0
      10
40
      20
5
      42
0
      10
60
      20
5
      42
0
      10
60
      20
0
      42
0
      10
108
      20
0
      42
-0.055846499269278
      10
98.4763925975946
      20
64.9999999998252
      42
0
      10
101.476392597583
      20
65.0000000001771
      42
-0.0171282090511119
      10
101.4763925976
      20
85
      42
0
      10
98.4763925975946
      20
85.0000000001748
      42
-0.0558464992692781
    1001
FS_CYPCUT
    1000
Channel
    1070
1
    1000
LeadIn
    1002
{
    1070
3
    1040
5.504
    1040
1.5707963267949
    1040
0.5
    1040
0.5
    1070
0
    1040
0.5
    1070
0
    1002
}
    1000
LeadOut
    1002
{
    1070
0
    1040
0
    1040
0
    1040
0
    1070
0
    1002
}
    1000
IsFill
    1070
1
    1000
PathStart
    1040
5.5
    1000
ToolCompensation
    1002
{
    1070
0
    1040
0
    1070
0
    1002
}
    1000
MicroConnect
    1002
{
    1070
3
    1040
0.304369919
    1041
0.6
    1042
0
    1040
5.5
    1041
0.6
    1042
0
    1040
10.6346545
    1041
0.6
    1042
0
    1002
}
       0
ENDBLK
       5
2149
     330
2021
     100
AcDbEntity
       8
0
     100
AcDbBlockEnd
       0
BLOCK
       5
214A
     330
2022
     100
AcDbEntity
       8
0
     100
AcDbBlockBegin
       2
Part420311863
      70
0
      10
-1.0658141E-14
      20
0
      30
0
       3
Part420311863
       1

       4
CypCutBlock
       0
CIRCLE
       5
214B
     100
AcDbEntity
       8
1
     100
AcDbCircle
      10
40
      20
30
      30
0
      40
5.25000000000001
    1001
FS_CYPCUT
    1000
Channel
    1070
1
    1000
LeadIn
    1002
{
    1070
3
    1040
0
    1040
1.5707963267949
    1040
2
    1040
1
    1070
0
    1040
0.5
    1070
0
    1002
}
    1000
LeadOut
    1002
{
    1070
0
    1040
0
    1040
0
    1040
0
    1070
0
    1002
}
    1000
IsFill
    1070
0
    1000
PathStart
    1040
0
    1000
ToolCompensation
    1002
{
    1070
0
    1040
0
    1070
0
    1002
}
       0
CIRCLE
       5
214C
     100
AcDbEntity
       8
1
     100
AcDbCircle
      10
110
      20
30
      30
0
      40
2.59999999999999
    1001
FS_CYPCUT
    1000
Channel
    1070
1
    1000
LeadIn
    1002
{
    1070
3
    1040
3.05311331771918E-16
    1040
1.5707963267949
    1040
2
    1040
1
    1070
0
    1040
0.5
    1070
0
    1002
}
    1000
LeadOut
    1002
{
    1070
0
    1040
0
    1040
0
    1040
0
    1070
0
    1002
}
    1000
IsFill
    1070
0
    1000
PathStart
    1040
3.05311331771918E-16
    1000
ToolCompensation
    1002
{
    1070
0
    1040
0
    1070
0
    1002
}
       0
CIRCLE
       5
214D
     100
AcDbEntity
       8
1
     100
AcDbCircle
      10
290
      20
30
      30
0
      40
2.60000000000002
    1001
FS_CYPCUT
    1000
Channel
    1070
1
    1000
LeadIn
    1002
{
    1070
3
    1040
6.10622663543836E-16
    1040
1.5707963267949
    1040
2
    1040
1
    1070
0
    1040
0.5
    1070
0
    1002
}
    1000
LeadOut
    1002
{
    1070
0
    1040
0
    1040
0
    1040
0
    1070
0
    1002
}
    1000
IsFill
    1070
0
    1000
PathStart
    1040
6.10622663543836E-16
    1000
ToolCompensation
    1002
{
    1070
0
    1040
0
    1070
0
    1002
}
       0
LWPOLYLINE
       5
214E
     100
AcDbEntity
       8
1
     100
AcDbPolyline
      90
29
      70
1
      10
406.3
      20
40
      42
0
      10
406.3
      20
20
      42
0
      10
400
      20
20
      42
0
      10
400
      20
0
      42
0
      10
320.1
      20
0
      42
0
      10
320.1
      20
10.85
      42
0
      10
309.1
      20
10.85
      42
0
      10
309.1
      20
0
      42
0
      10
149.1
      20
0
      42
0
      10
149.1
      20
6.35
      42
0
      10
138.1
      20
6.35
      42
0
      10
138.1
      20
0
      42
0
      10
10
      20
8.88178419700125E-15
      42
-0.414213562373095
      10
0
      20
10
      42
0
      10
-1.06581410364015E-14
      20
50
      42
-0.414213562373095
      10
10
      20
60
      42
0
      10
180
      20
60
      42
-0.414213562373096
      10
183
      20
57
      42
0
      10
183
      20
56
      42
0.414213562373106
      10
186
      20
52.9999999999999
      42
0
      10
210.2135871688
      20
53
      42
0.0347880087362431
      10
215.7595009502
      20
53.386330133
      42
0
      10
260.2404990498
      20
59.613669867
      42
-0.0347880087362425
      10
265.7864128312
      20
60.0000000000072
      42
0
      10
395
      20
60
      42
0
      10
395
      20
57
      42
0
      10
397
      20
55
      42
0
      10
400
      20
55
      42
0
      10
400
      20
40
      42
0
    1001
FS_CYPCUT
    1000
Channel
    1070
1
    1000
LeadIn
    1002
{
    1070
3
    1040
15.5
    1040
1.5707963267949
    1040
2
    1040
1
    1070
0
    1040
0.5
    1070
0
    1002
}
    1000
LeadOut
    1002
{
    1070
0
    1040
0
    1040
0
    1040
0
    1070
0
    1002
}
    1000
IsFill
    1070
1
    1000
PathStart
    1040
15.5
    1000
ToolCompensation
    1002
{
    1070
0
    1040
0
    1070
0
    1002
}
    1000
MicroConnect
    1002
{
    1070
2
    1040
11.4289617
    1041
0.8
    1042
0
    1040
23.5062585
    1041
0.8
    1042
0
    1002
}
       0
ENDBLK
       5
214F
     330
2022
     100
AcDbEntity
       8
0
     100
AcDbBlockEnd
       0
BLOCK
       5
2150
     330
2023
     100
AcDbEntity
       8
0
     100
AcDbBlockBegin
       2
Part1667207923
      70
0
      10
0
      20
0
      30
0
       3
Part1667207923
       1

       4
CypCutBlock
       0
LWPOLYLINE
       5
2151
     100
AcDbEntity
       8
1
     100
AcDbPolyline
      90
4
      70
1
      10
19
      20
52.5
      42
1
      10
8
      20
52.5
      42
0
      10
8
      20
27.5
      42
1
      10
19
      20
27.5
      42
0
    1001
FS_CYPCUT
    1000
Channel
    1070
1
    1000
LeadIn
    1002
{
    1070
3
    1040
1.5
    1040
1.5707963267949
    1040
0.5
    1040
0.5
    1070
0
    1040
0.5
    1070
0
    1002
}
    1000
LeadOut
    1002
{
    1070
0
    1040
0
    1040
0
    1040
0
    1070
0
    1002
}
    1000
IsFill
    1070
0
    1000
PathStart
    1040
1.5
    1000
ToolCompensation
    1002
{
    1070
0
    1040
0
    1070
0
    1002
}
       0
LWPOLYLINE
       5
2152
     100
AcDbEntity
       8
1
     100
AcDbPolyline
      90
8
      70
1
      10
75
      20
114
      42
0.414213562373096
      10
69
      20
120
      42
0
      10
51
      20
120
      42
0.414213562373093
      10
45
      20
114
      42
0
      10
45
      20
36
      42
0.414213562373096
      10
51
      20
30
      42
0
      10
69
      20
30
      42
0.414213562373097
      10
75
      20
36
      42
-0.0663930738474885
    1001
FS_CYPCUT
    1000
Channel
    1070
1
    1000
LeadIn
    1002
{
    1070
3
    1040
3.5
    1040
1.5707963267949
    1040
0.5
    1040
0.5
    1070
0
    1040
0.5
    1070
0
    1002
}
    1000
LeadOut
    1002
{
    1070
0
    1040
0
    1040
0
    1040
0
    1070
0
    1002
}
    1000
IsFill
    1070
0
    1000
PathStart
    1040
3.5
    1000
ToolCompensation
    1002
{
    1070
0
    1040
0
    1070
0
    1002
}
       0
LWPOLYLINE
       5
2153
     100
AcDbEntity
       8
1
     100
AcDbPolyline
      90
4
      70
1
      10
19
      20
122.5
      42
1
      10
8
      20
122.5
      42
0
      10
8
      20
97.5
      42
1
      10
19
      20
97.5
      42
0
    1001
FS_CYPCUT
    1000
Channel
    1070
1
    1000
LeadIn
    1002
{
    1070
3
    1040
1.5
    1040
1.5707963267949
    1040
0.5
    1040
0.5
    1070
0
    1040
0.5
    1070
0
    1002
}
    1000
LeadOut
    1002
{
    1070
0
    1040
0
    1040
0
    1040
0
    1070
0
    1002
}
    1000
IsFill
    1070
0
    1000
PathStart
    1040
1.5
    1000
ToolCompensation
    1002
{
    1070
0
    1040
0
    1070
0
    1002
}
       0
LWPOLYLINE
       5
2154
     100
AcDbEntity
       8
1
     100
AcDbPolyline
      90
16
      70
1
      10
108
      20
150
      42
0
      10
60
      20
150
      42
0
      10
60
      20
145
      42
0
      10
40
      20
145
      42
0
      10
40
      20
150
      42
0
      10
0
      20
150
      42
0
      10
0
      20
0
      42
0
      10
40
      20
0
      42
0
      10
40
      20
5
      42
0
      10
60
      20
5
      42
0
      10
60
      20
0
      42
0
      10
108
      20
0
      42
-0.055846499269278
      10
98.4763925975946
      20
64.9999999998252
      42
0
      10
101.476392597583
      20
65.0000000001771
      42
-0.0171282090511119
      10
101.4763925976
      20
85
      42
0
      10
98.4763925975946
      20
85.0000000001748
      42
-0.0558464992692781
    1001
FS_CYPCUT
    1000
Channel
    1070
1
    1000
LeadIn
    1002
{
    1070
3
    1040
5.504
    1040
1.5707963267949
    1040
0.5
    1040
0.5
    1070
0
    1040
0.5
    1070
0
    1002
}
    1000
LeadOut
    1002
{
    1070
0
    1040
0
    1040
0
    1040
0
    1070
0
    1002
}
    1000
IsFill
    1070
1
    1000
PathStart
    1040
5.5
    1000
ToolCompensation
    1002
{
    1070
0
    1040
0
    1070
0
    1002
}
    1000
MicroConnect
    1002
{
    1070
3
    1040
0.304369919
    1041
0.6
    1042
0
    1040
5.5
    1041
0.6
    1042
0
    1040
10.6346545
    1041
0.6
    1042
0
    1002
}
       0
ENDBLK
       5
2155
     330
2023
     100
AcDbEntity
       8
0
     100
AcDbBlockEnd
       0
BLOCK
       5
2156
     330
2024
     100
AcDbEntity
       8
0
     100
AcDbBlockBegin
       2
Part997558067
      70
0
      10
-75
      20
-45
      30
0
       3
Part997558067
       1

       4
CypCutBlock
       0
LWPOLYLINE
       5
2157
     100
AcDbEntity
       8
1
     100
AcDbPolyline
      90
4
      70
1
      10
27.8205080757
      20
16.9378221735
      42
0
      10
-6.8205080757
      20
-3.0621778265
      42
-1
      10
-13.8205080757
      20
9.06217782649107
      42
0
      10
20.8205080757
      20
29.0621778265
      42
-1
    1001
FS_CYPCUT
    1000
Channel
    1070
1
    1000
LeadIn
    1002
{
    1070
3
    1040
0.5
    1040
1.5707963267949
    1040
2
    1040
1
    1070
0
    1040
0.5
    1070
0
    1002
}
    1000
LeadOut
    1002
{
    1070
0
    1040
0
    1040
0
    1040
0
    1070
0
    1002
}
    1000
IsFill
    1070
0
    1000
PathStart
    1040
0.5
    1000
ToolCompensation
    1002
{
    1070
0
    1040
0
    1070
0
    1002
}
       0
LWPOLYLINE
       5
2158
     100
AcDbEntity
       8
1
     100
AcDbPolyline
      90
18
      70
1
      10
75
      20
19.1818861565
      42
0
      10
75
      20
-35
      42
-0.414213562373096
      10
65
      20
-45
      42
0
      10
65
      20
-34.8
      42
0
      10
58.4
      20
-34.8
      42
0
      10
58.4
      20
-45
      42
0.0413680035590612
      10
10.000000000174
      20
-39.3311559538173
      42
0
      10
9.89830508492086
      20
-42.3294318157606
      42
0.0169540243891605
      10
-9.8983050847
      20
-42.3294318158
      42
0
      10
-10
      20
-39.3311559539
      42
0.0413680035590615
      10
-58.4
      20
-45
      42
0
      10
-58.4
      20
-34.8
      42
0
      10
-65
      20
-34.8
      42
0
      10
-65
      20
-45
      42
-0.414213562373096
      10
-75
      20
-35
      42
0
      10
-75
      20
19.1818861565
      42
-0.348317662192296
      10
-67.2807017542823
      20
28.9183331218198
      42
-0.115557869073172
      10
67.2807017543825
      20
28.9183331217722
      42
-0.348317662192296
    1001
FS_CYPCUT
    1000
Channel
    1070
1
    1000
LeadIn
    1002
{
    1070
3
    1040
16.5
    1040
1.5707963267949
    1040
2
    1040
1
    1070
0
    1040
0.5
    1070
0
    1002
}
    1000
LeadOut
    1002
{
    1070
0
    1040
0
    1040
0
    1040
0
    1070
0
    1002
}
    1000
IsFill
    1070
1
    1000
PathStart
    1040
16.5
    1000
ToolCompensation
    1002
{
    1070
0
    1040
0
    1070
0
    1002
}
    1000
MicroConnect
    1002
{
    1070
2
    1040
0.485846616
    1041
0.8
    1042
0
    1040
14.5693152
    1041
0.8
    1042
0
    1002
}
       0
ENDBLK
       5
2159
     330
2024
     100
AcDbEntity
       8
0
     100
AcDbBlockEnd
       0
BLOCK
       5
215A
     330
2025
     100
AcDbEntity
       8
0
     100
AcDbBlockBegin
       2
Part345634821
      70
0
      10
-160
      20
-1.0658141E-14
      30
0
       3
Part345634821
       1

       4
CypCutBlock
       0
CIRCLE
       5
215B
     100
AcDbEntity
       8
1
     100
AcDbCircle
      10
-135
      20
23
      30
0
      40
5.5
    1001
FS_CYPCUT
    1000
Channel
    1070
1
    1000
LeadIn
    1002
{
    1070
3
    1040
0
    1040
1.5707963267949
    1040
2
    1040
1
    1070
0
    1040
0.5
    1070
0
    1002
}
    1000
LeadOut
    1002
{
    1070
0
    1040
0
    1040
0
    1040
0
    1070
0
    1002
}
    1000
IsFill
    1070
0
    1000
PathStart
    1040
1
    1000
ToolCompensation
    1002
{
    1070
0
    1040
0
    1070
0
    1002
}
       0
CIRCLE
       5
215C
     100
AcDbEntity
       8
1
     100
AcDbCircle
      10
-135
      20
105
      30
0
      40
5.5
    1001
FS_CYPCUT
    1000
Channel
    1070
1
    1000
LeadIn
    1002
{
    1070
3
    1040
0
    1040
1.5707963267949
    1040
2
    1040
1
    1070
0
    1040
0.5
    1070
0
    1002
}
    1000
LeadOut
    1002
{
    1070
0
    1040
0
    1040
0
    1040
0
    1070
0
    1002
}
    1000
IsFill
    1070
0
    1000
PathStart
    1040
0
    1000
ToolCompensation
    1002
{
    1070
0
    1040
0
    1070
0
    1002
}
       0
LWPOLYLINE
       5
215D
     100
AcDbEntity
       8
1
     100
AcDbPolyline
      90
8
      70
1
      10
-45
      20
80
      42
0.414213562373095
      10
-50
      20
85
      42
0
      10
-110
      20
85
      42
0.414213562373095
      10
-115
      20
80
      42
0
      10
-115
      20
40
      42
0.414213562373095
      10
-110
      20
35
      42
0
      10
-50
      20
35
      42
0.414213562373095
      10
-45
      20
40
      42
0
    1001
FS_CYPCUT
    1000
Channel
    1070
1
    1000
LeadIn
    1002
{
    1070
3
    1040
1.5
    1040
1.5707963267949
    1040
2
    1040
1
    1070
0
    1040
0.5
    1070
0
    1002
}
    1000
LeadOut
    1002
{
    1070
0
    1040
0
    1040
0
    1040
0
    1070
0
    1002
}
    1000
IsFill
    1070
0
    1000
PathStart
    1040
1.5
    1000
ToolCompensation
    1002
{
    1070
0
    1040
0
    1070
0
    1002
}
       0
CIRCLE
       5
215E
     100
AcDbEntity
       8
1
     100
AcDbCircle
      10
-25
      20
105
      30
0
      40
5.49999999999999
    1001
FS_CYPCUT
    1000
Channel
    1070
1
    1000
LeadIn
    1002
{
    1070
3
    1040
0
    1040
1.5707963267949
    1040
2
    1040
1
    1070
0
    1040
0.5
    1070
0
    1002
}
    1000
LeadOut
    1002
{
    1070
0
    1040
0
    1040
0
    1040
0
    1070
0
    1002
}
    1000
IsFill
    1070
0
    1000
PathStart
    1040
1
    1000
ToolCompensation
    1002
{
    1070
0
    1040
0
    1070
0
    1002
}
       0
CIRCLE
       5
215F
     100
AcDbEntity
       8
1
     100
AcDbCircle
      10
-25
      20
23
      30
0
      40
5.5
    1001
FS_CYPCUT
    1000
Channel
    1070
1
    1000
LeadIn
    1002
{
    1070
3
    1040
0
    1040
1.5707963267949
    1040
2
    1040
1
    1070
0
    1040
0.5
    1070
0
    1002
}
    1000
LeadOut
    1002
{
    1070
0
    1040
0
    1040
0
    1040
0
    1070
0
    1002
}
    1000
IsFill
    1070
0
    1000
PathStart
    1040
0
    1000
ToolCompensation
    1002
{
    1070
0
    1040
0
    1070
0
    1002
}
       0
LWPOLYLINE
       5
2160
     100
AcDbEntity
       8
1
     100
AcDbPolyline
      90
24
      70
1
      10
0
      20
115
      42
0
      10
0
      20
94.5474144968
      42
-0.203601513502596
      10
-3.05754008763368
      20
87.3500364765953
      42
0.424813047065696
      10
-3.05754008758596
      20
32.6499635233586
      42
-0.203601513502598
      10
1.06581410364015E-14
      20
25.4525855032
      42
0
      10
0
      20
5
      42
-0.414213562373095
      10
-5
      20
0
      42
0
      10
-40.5118425974
      20
-1.06581410364015E-14
      42
-0.20293818209371
      10
-47.6915075797189
      20
3.03922340952446
      42
0.423309920037939
      10
-112.308492420315
      20
3.03922340955011
      42
-0.202938182093711
      10
-119.4881574026
      20
0
      42
0
      10
-155
      20
0
      42
-0.414213562373098
      10
-160
      20
5
      42
0
      10
-160
      20
25.4525855032
      42
-0.203601513502598
      10
-156.942459912366
      20
32.6499635234046
      42
0.42481304706518
      10
-156.942459912365
      20
87.3500364766312
      42
-0.203601513503047
      10
-160
      20
94.5474144968
      42
0
      10
-160
      20
115
      42
-0.414213562373098
      10
-155
      20
120
      42
0
      10
-119.4881574026
      20
120
      42
-0.202938182093712
      10
-112.308492420315
      20
116.96077659045
      42
0.423309920037939
      10
-47.6915075796847
      20
116.96077659045
      42
-0.202938182093711
      10
-40.5118425974
      20
120
      42
0
      10
-5
      20
120
      42
-0.414213562373099
    1001
FS_CYPCUT
    1000
Channel
    1070
1
    1000
LeadIn
    1002
{
    1070
3
    1040
8.5
    1040
1.5707963267949
    1040
2
    1040
1
    1070
0
    1040
0.5
    1070
0
    1002
}
    1000
LeadOut
    1002
{
    1070
0
    1040
0
    1040
0
    1040
0
    1070
0
    1002
}
    1000
IsFill
    1070
1
    1000
PathStart
    1040
8.5
    1000
ToolCompensation
    1002
{
    1070
0
    1040
0
    1070
0
    1002
}
    1000
MicroConnect
    1002
{
    1070
2
    1040
0.442427217
    1041
0.8
    1042
0
    1040
12.3565653
    1041
0.8
    1042
0
    1002
}
       0
ENDBLK
       5
2161
     330
2025
     100
AcDbEntity
       8
0
     100
AcDbBlockEnd
       0
BLOCK
       5
2162
     330
2026
     100
AcDbEntity
       8
0
     100
AcDbBlockBegin
       2
Part991227934
      70
0
      10
0
      20
0
      30
0
       3
Part991227934
       1

       4
CypCutBlock
       0
LWPOLYLINE
       5
2163
     100
AcDbEntity
       8
1
     100
AcDbPolyline
      90
4
      70
1
      10
19
      20
52.5
      42
1
      10
8
      20
52.5
      42
0
      10
8
      20
27.5
      42
1
      10
19
      20
27.5
      42
0
    1001
FS_CYPCUT
    1000
Channel
    1070
1
    1000
LeadIn
    1002
{
    1070
3
    1040
1.5
    1040
1.5707963267949
    1040
0.5
    1040
0.5
    1070
0
    1040
0.5
    1070
0
    1002
}
    1000
LeadOut
    1002
{
    1070
0
    1040
0
    1040
0
    1040
0
    1070
0
    1002
}
    1000
IsFill
    1070
0
    1000
PathStart
    1040
1.5
    1000
ToolCompensation
    1002
{
    1070
0
    1040
0
    1070
0
    1002
}
       0
LWPOLYLINE
       5
2164
     100
AcDbEntity
       8
1
     100
AcDbPolyline
      90
8
      70
1
      10
75
      20
114
      42
0.414213562373096
      10
69
      20
120
      42
0
      10
51
      20
120
      42
0.414213562373093
      10
45
      20
114
      42
0
      10
45
      20
36
      42
0.414213562373096
      10
51
      20
30
      42
0
      10
69
      20
30
      42
0.414213562373097
      10
75
      20
36
      42
-0.0663930738474885
    1001
FS_CYPCUT
    1000
Channel
    1070
1
    1000
LeadIn
    1002
{
    1070
3
    1040
3.5
    1040
1.5707963267949
    1040
0.5
    1040
0.5
    1070
0
    1040
0.5
    1070
0
    1002
}
    1000
LeadOut
    1002
{
    1070
0
    1040
0
    1040
0
    1040
0
    1070
0
    1002
}
    1000
IsFill
    1070
0
    1000
PathStart
    1040
3.5
    1000
ToolCompensation
    1002
{
    1070
0
    1040
0
    1070
0
    1002
}
       0
LWPOLYLINE
       5
2165
     100
AcDbEntity
       8
1
     100
AcDbPolyline
      90
4
      70
1
      10
19
      20
122.5
      42
1
      10
8
      20
122.5
      42
0
      10
8
      20
97.5
      42
1
      10
19
      20
97.5
      42
0
    1001
FS_CYPCUT
    1000
Channel
    1070
1
    1000
LeadIn
    1002
{
    1070
3
    1040
1.5
    1040
1.5707963267949
    1040
0.5
    1040
0.5
    1070
0
    1040
0.5
    1070
0
    1002
}
    1000
LeadOut
    1002
{
    1070
0
    1040
0
    1040
0
    1040
0
    1070
0
    1002
}
    1000
IsFill
    1070
0
    1000
PathStart
    1040
1.5
    1000
ToolCompensation
    1002
{
    1070
0
    1040
0
    1070
0
    1002
}
       0
LWPOLYLINE
       5
2166
     100
AcDbEntity
       8
1
     100
AcDbPolyline
      90
16
      70
1
      10
108
      20
150
      42
0
      10
60
      20
150
      42
0
      10
60
      20
145
      42
0
      10
40
      20
145
      42
0
      10
40
      20
150
      42
0
      10
0
      20
150
      42
0
      10
0
      20
0
      42
0
      10
40
      20
0
      42
0
      10
40
      20
5
      42
0
      10
60
      20
5
      42
0
      10
60
      20
0
      42
0
      10
108
      20
0
      42
-0.055846499269278
      10
98.4763925975946
      20
64.9999999998252
      42
0
      10
101.476392597583
      20
65.0000000001771
      42
-0.0171282090511119
      10
101.4763925976
      20
85
      42
0
      10
98.4763925975946
      20
85.0000000001748
      42
-0.0558464992692781
    1001
FS_CYPCUT
    1000
Channel
    1070
1
    1000
LeadIn
    1002
{
    1070
3
    1040
5.504
    1040
1.5707963267949
    1040
0.5
    1040
0.5
    1070
0
    1040
0.5
    1070
0
    1002
}
    1000
LeadOut
    1002
{
    1070
0
    1040
0
    1040
0
    1040
0
    1070
0
    1002
}
    1000
IsFill
    1070
1
    1000
PathStart
    1040
5.5
    1000
ToolCompensation
    1002
{
    1070
0
    1040
0
    1070
0
    1002
}
    1000
MicroConnect
    1002
{
    1070
3
    1040
0.304369919
    1041
0.6
    1042
0
    1040
5.5
    1041
0.6
    1042
0
    1040
10.6346545
    1041
0.6
    1042
0
    1002
}
       0
ENDBLK
       5
2167
     330
2026
     100
AcDbEntity
       8
0
     100
AcDbBlockEnd
       0
BLOCK
       5
2168
     330
2027
     100
AcDbEntity
       8
0
     100
AcDbBlockBegin
       2
Part753926666
      70
0
      10
-75
      20
-45
      30
0
       3
Part753926666
       1

       4
CypCutBlock
       0
LWPOLYLINE
       5
2169
     100
AcDbEntity
       8
1
     100
AcDbPolyline
      90
4
      70
1
      10
27.8205080757
      20
16.9378221735
      42
0
      10
-6.8205080757
      20
-3.0621778265
      42
-1
      10
-13.8205080757
      20
9.06217782649107
      42
0
      10
20.8205080757
      20
29.0621778265
      42
-1
    1001
FS_CYPCUT
    1000
Channel
    1070
1
    1000
LeadIn
    1002
{
    1070
3
    1040
0.5
    1040
1.5707963267949
    1040
2
    1040
1
    1070
0
    1040
0.5
    1070
0
    1002
}
    1000
LeadOut
    1002
{
    1070
0
    1040
0
    1040
0
    1040
0
    1070
0
    1002
}
    1000
IsFill
    1070
0
    1000
PathStart
    1040
0.5
    1000
ToolCompensation
    1002
{
    1070
0
    1040
0
    1070
0
    1002
}
       0
LWPOLYLINE
       5
216A
     100
AcDbEntity
       8
1
     100
AcDbPolyline
      90
18
      70
1
      10
75
      20
19.1818861565
      42
0
      10
75
      20
-35
      42
-0.414213562373096
      10
65
      20
-45
      42
0
      10
65
      20
-34.8
      42
0
      10
58.4
      20
-34.8
      42
0
      10
58.4
      20
-45
      42
0.0413680035590612
      10
10.000000000174
      20
-39.3311559538173
      42
0
      10
9.89830508492086
      20
-42.3294318157606
      42
0.0169540243891605
      10
-9.8983050847
      20
-42.3294318158
      42
0
      10
-10
      20
-39.3311559539
      42
0.0413680035590615
      10
-58.4
      20
-45
      42
0
      10
-58.4
      20
-34.8
      42
0
      10
-65
      20
-34.8
      42
0
      10
-65
      20
-45
      42
-0.414213562373096
      10
-75
      20
-35
      42
0
      10
-75
      20
19.1818861565
      42
-0.348317662192296
      10
-67.2807017542823
      20
28.9183331218198
      42
-0.115557869073172
      10
67.2807017543825
      20
28.9183331217722
      42
-0.348317662192296
    1001
FS_CYPCUT
    1000
Channel
    1070
1
    1000
LeadIn
    1002
{
    1070
3
    1040
16.5
    1040
1.5707963267949
    1040
2
    1040
1
    1070
0
    1040
0.5
    1070
0
    1002
}
    1000
LeadOut
    1002
{
    1070
0
    1040
0
    1040
0
    1040
0
    1070
0
    1002
}
    1000
IsFill
    1070
1
    1000
PathStart
    1040
16.5
    1000
ToolCompensation
    1002
{
    1070
0
    1040
0
    1070
0
    1002
}
    1000
MicroConnect
    1002
{
    1070
2
    1040
0.485846616
    1041
0.8
    1042
0
    1040
14.5693152
    1041
0.8
    1042
0
    1002
}
       0
ENDBLK
       5
216B
     330
2027
     100
AcDbEntity
       8
0
     100
AcDbBlockEnd
       0
BLOCK
       5
216C
     330
2028
     100
AcDbEntity
       8
0
     100
AcDbBlockBegin
       2
Part413020673
      70
0
      10
-75
      20
-45
      30
0
       3
Part413020673
       1

       4
CypCutBlock
       0
LWPOLYLINE
       5
216D
     100
AcDbEntity
       8
1
     100
AcDbPolyline
      90
4
      70
1
      10
27.8205080757
      20
16.9378221735
      42
0
      10
-6.8205080757
      20
-3.0621778265
      42
-1
      10
-13.8205080757
      20
9.06217782649107
      42
0
      10
20.8205080757
      20
29.0621778265
      42
-1
    1001
FS_CYPCUT
    1000
Channel
    1070
1
    1000
LeadIn
    1002
{
    1070
3
    1040
0.5
    1040
1.5707963267949
    1040
2
    1040
1
    1070
0
    1040
0.5
    1070
0
    1002
}
    1000
LeadOut
    1002
{
    1070
0
    1040
0
    1040
0
    1040
0
    1070
0
    1002
}
    1000
IsFill
    1070
0
    1000
PathStart
    1040
0.5
    1000
ToolCompensation
    1002
{
    1070
0
    1040
0
    1070
0
    1002
}
       0
LWPOLYLINE
       5
216E
     100
AcDbEntity
       8
1
     100
AcDbPolyline
      90
18
      70
1
      10
75
      20
19.1818861565
      42
0
      10
75
      20
-35
      42
-0.414213562373096
      10
65
      20
-45
      42
0
      10
65
      20
-34.8
      42
0
      10
58.4
      20
-34.8
      42
0
      10
58.4
      20
-45
      42
0.0413680035590612
      10
10.000000000174
      20
-39.3311559538173
      42
0
      10
9.89830508492086
      20
-42.3294318157606
      42
0.0169540243891605
      10
-9.8983050847
      20
-42.3294318158
      42
0
      10
-10
      20
-39.3311559539
      42
0.0413680035590615
      10
-58.4
      20
-45
      42
0
      10
-58.4
      20
-34.8
      42
0
      10
-65
      20
-34.8
      42
0
      10
-65
      20
-45
      42
-0.414213562373096
      10
-75
      20
-35
      42
0
      10
-75
      20
19.1818861565
      42
-0.348317662192296
      10
-67.2807017542823
      20
28.9183331218198
      42
-0.115557869073172
      10
67.2807017543825
      20
28.9183331217722
      42
-0.348317662192296
    1001
FS_CYPCUT
    1000
Channel
    1070
1
    1000
LeadIn
    1002
{
    1070
3
    1040
16.5
    1040
1.5707963267949
    1040
2
    1040
1
    1070
0
    1040
0.5
    1070
0
    1002
}
    1000
LeadOut
    1002
{
    1070
0
    1040
0
    1040
0
    1040
0
    1070
0
    1002
}
    1000
IsFill
    1070
1
    1000
PathStart
    1040
16.5
    1000
ToolCompensation
    1002
{
    1070
0
    1040
0
    1070
0
    1002
}
    1000
MicroConnect
    1002
{
    1070
2
    1040
0.485846616
    1041
0.8
    1042
0
    1040
14.5693152
    1041
0.8
    1042
0
    1002
}
       0
ENDBLK
       5
216F
     330
2028
     100
AcDbEntity
       8
0
     100
AcDbBlockEnd
       0
BLOCK
       5
2170
     330
2029
     100
AcDbEntity
       8
0
     100
AcDbBlockBegin
       2
Part1701659258
      70
0
      10
-80
      20
-80
      30
0
       3
Part1701659258
       1

       4
CypCutBlock
       0
CIRCLE
       5
2171
     100
AcDbEntity
       8
1
     100
AcDbCircle
      10
-70
      20
0
      30
0
      40
4.24999999999983
    1001
FS_CYPCUT
    1000
Channel
    1070
1
    1000
LeadIn
    1002
{
    1070
3
    1040
0
    1040
0.785398163397448
    1040
1
    1040
1
    1070
0
    1040
0.5
    1070
0
    1002
}
    1000
LeadOut
    1002
{
    1070
0
    1040
0
    1040
0
    1040
0
    1070
0
    1002
}
    1000
IsFill
    1070
0
    1000
PathStart
    1040
1
    1000
ToolCompensation
    1002
{
    1070
0
    1040
0
    1070
0
    1002
}
       0
CIRCLE
       5
2172
     100
AcDbEntity
       8
1
     100
AcDbCircle
      10
0
      20
70
      30
0
      40
4.2499999999998
    1001
FS_CYPCUT
    1000
Channel
    1070
1
    1000
LeadIn
    1002
{
    1070
3
    1040
0
    1040
0.785398163397448
    1040
1
    1040
1
    1070
0
    1040
0.5
    1070
0
    1002
}
    1000
LeadOut
    1002
{
    1070
0
    1040
0
    1040
0
    1040
0
    1070
0
    1002
}
    1000
IsFill
    1070
0
    1000
PathStart
    1040
1
    1000
ToolCompensation
    1002
{
    1070
0
    1040
0
    1070
0
    1002
}
       0
CIRCLE
       5
2173
     100
AcDbEntity
       8
1
     100
AcDbCircle
      10
70
      20
0
      30
0
      40
4.24999999999982
    1001
FS_CYPCUT
    1000
Channel
    1070
1
    1000
LeadIn
    1002
{
    1070
3
    1040
2.77555756156289E-17
    1040
0.785398163397448
    1040
1
    1040
1
    1070
0
    1040
0.5
    1070
0
    1002
}
    1000
LeadOut
    1002
{
    1070
0
    1040
0
    1040
0
    1040
0
    1070
0
    1002
}
    1000
IsFill
    1070
0
    1000
PathStart
    1040
2.77555756156289E-17
    1000
ToolCompensation
    1002
{
    1070
0
    1040
0
    1070
0
    1002
}
       0
LWPOLYLINE
       5
2174
     100
AcDbEntity
       8
1
     100
AcDbPolyline
      90
4
      70
1
      10
31.0299236875
      20
26.7872830004
      42
0
      10
29.2621567345
      20
25.0195160474
      42
-25.6276463061951
      10
25.0195160474
      20
29.2621567345
      42
0
      10
26.7872830004
      20
31.0299236875
      42
0
    1001
FS_CYPCUT
    1000
Channel
    1070
1
    1000
LeadIn
    1002
{
    1070
3
    1040
1.5
    1040
0.785398163397448
    1040
1
    1040
1
    1070
0
    1040
0.5
    1070
0
    1002
}
    1000
LeadOut
    1002
{
    1070
0
    1040
0
    1040
0
    1040
0
    1070
0
    1002
}
    1000
IsFill
    1070
0
    1000
PathStart
    1040
1.5
    1000
ToolCompensation
    1002
{
    1070
0
    1040
0
    1070
0
    1002
}
       0
CIRCLE
       5
2175
     100
AcDbEntity
       8
1
     100
AcDbCircle
      10
0
      20
-70
      30
0
      40
4.24999999999985
    1001
FS_CYPCUT
    1000
Channel
    1070
1
    1000
LeadIn
    1002
{
    1070
3
    1040
1.11022302462516E-16
    1040
0.785398163397448
    1040
1
    1040
1
    1070
0
    1040
0.5
    1070
0
    1002
}
    1000
LeadOut
    1002
{
    1070
0
    1040
0
    1040
0
    1040
0
    1070
0
    1002
}
    1000
IsFill
    1070
0
    1000
PathStart
    1040
1.11022302462516E-16
    1000
ToolCompensation
    1002
{
    1070
0
    1040
0
    1070
0
    1002
}
       0
CIRCLE
       5
2176
     100
AcDbEntity
       8
1
     100
AcDbCircle
      10
0
      20
0
      30
0
      40
80
    1001
FS_CYPCUT
    1000
Channel
    1070
1
    1000
LeadIn
    1002
{
    1070
3
    1040
0.000448562430918953
    1040
0.785398163397448
    1040
1
    1040
1
    1070
0
    1040
0.5
    1070
0
    1002
}
    1000
LeadOut
    1002
{
    1070
0
    1040
0
    1040
0
    1040
0
    1070
0
    1002
}
    1000
IsFill
    1070
1
    1000
PathStart
    1040
0
    1000
ToolCompensation
    1002
{
    1070
0
    1040
0
    1070
0
    1002
}
    1000
MicroConnect
    1002
{
    1070
2
    1040
0.496865256
    1041
0.8
    1042
0
    1040
0.998857013
    1041
0.8
    1042
0
    1002
}
       0
ENDBLK
       5
2177
     330
2029
     100
AcDbEntity
       8
0
     100
AcDbBlockEnd
       0
BLOCK
       5
2178
     330
202A
     100
AcDbEntity
       8
0
     100
AcDbBlockBegin
       2
Part101807156
      70
0
      10
-75
      20
-45
      30
0
       3
Part101807156
       1

       4
CypCutBlock
       0
LWPOLYLINE
       5
2179
     100
AcDbEntity
       8
1
     100
AcDbPolyline
      90
4
      70
1
      10
27.8205080757
      20
16.9378221735
      42
0
      10
-6.8205080757
      20
-3.0621778265
      42
-1
      10
-13.8205080757
      20
9.06217782649107
      42
0
      10
20.8205080757
      20
29.0621778265
      42
-1
    1001
FS_CYPCUT
    1000
Channel
    1070
1
    1000
LeadIn
    1002
{
    1070
3
    1040
0.5
    1040
1.5707963267949
    1040
2
    1040
1
    1070
0
    1040
0.5
    1070
0
    1002
}
    1000
LeadOut
    1002
{
    1070
0
    1040
0
    1040
0
    1040
0
    1070
0
    1002
}
    1000
IsFill
    1070
0
    1000
PathStart
    1040
0.5
    1000
ToolCompensation
    1002
{
    1070
0
    1040
0
    1070
0
    1002
}
       0
LWPOLYLINE
       5
217A
     100
AcDbEntity
       8
1
     100
AcDbPolyline
      90
18
      70
1
      10
75
      20
19.1818861565
      42
0
      10
75
      20
-35
      42
-0.414213562373096
      10
65
      20
-45
      42
0
      10
65
      20
-34.8
      42
0
      10
58.4
      20
-34.8
      42
0
      10
58.4
      20
-45
      42
0.0413680035590612
      10
10.000000000174
      20
-39.3311559538173
      42
0
      10
9.89830508492086
      20
-42.3294318157606
      42
0.0169540243891605
      10
-9.8983050847
      20
-42.3294318158
      42
0
      10
-10
      20
-39.3311559539
      42
0.0413680035590615
      10
-58.4
      20
-45
      42
0
      10
-58.4
      20
-34.8
      42
0
      10
-65
      20
-34.8
      42
0
      10
-65
      20
-45
      42
-0.414213562373096
      10
-75
      20
-35
      42
0
      10
-75
      20
19.1818861565
      42
-0.348317662192296
      10
-67.2807017542823
      20
28.9183331218198
      42
-0.115557869073172
      10
67.2807017543825
      20
28.9183331217722
      42
-0.348317662192296
    1001
FS_CYPCUT
    1000
Channel
    1070
1
    1000
LeadIn
    1002
{
    1070
3
    1040
16.5
    1040
1.5707963267949
    1040
2
    1040
1
    1070
0
    1040
0.5
    1070
0
    1002
}
    1000
LeadOut
    1002
{
    1070
0
    1040
0
    1040
0
    1040
0
    1070
0
    1002
}
    1000
IsFill
    1070
1
    1000
PathStart
    1040
16.5
    1000
ToolCompensation
    1002
{
    1070
0
    1040
0
    1070
0
    1002
}
    1000
MicroConnect
    1002
{
    1070
2
    1040
0.485846616
    1041
0.8
    1042
0
    1040
14.5693152
    1041
0.8
    1042
0
    1002
}
       0
ENDBLK
       5
217B
     330
202A
     100
AcDbEntity
       8
0
     100
AcDbBlockEnd
       0
BLOCK
       5
217C
     330
202B
     100
AcDbEntity
       8
0
     100
AcDbBlockBegin
       2
Part1747741336
      70
0
      10
0
      20
0
      30
0
       3
Part1747741336
       1

       4
CypCutBlock
       0
LWPOLYLINE
       5
217D
     100
AcDbEntity
       8
1
     100
AcDbPolyline
      90
4
      70
1
      10
19
      20
52.5
      42
1
      10
8
      20
52.5
      42
0
      10
8
      20
27.5
      42
1
      10
19
      20
27.5
      42
0
    1001
FS_CYPCUT
    1000
Channel
    1070
1
    1000
LeadIn
    1002
{
    1070
3
    1040
1.5
    1040
1.5707963267949
    1040
0.5
    1040
0.5
    1070
0
    1040
0.5
    1070
0
    1002
}
    1000
LeadOut
    1002
{
    1070
0
    1040
0
    1040
0
    1040
0
    1070
0
    1002
}
    1000
IsFill
    1070
0
    1000
PathStart
    1040
1.5
    1000
ToolCompensation
    1002
{
    1070
0
    1040
0
    1070
0
    1002
}
       0
LWPOLYLINE
       5
217E
     100
AcDbEntity
       8
1
     100
AcDbPolyline
      90
8
      70
1
      10
75
      20
114
      42
0.414213562373096
      10
69
      20
120
      42
0
      10
51
      20
120
      42
0.414213562373093
      10
45
      20
114
      42
0
      10
45
      20
36
      42
0.414213562373096
      10
51
      20
30
      42
0
      10
69
      20
30
      42
0.414213562373097
      10
75
      20
36
      42
-0.0663930738474885
    1001
FS_CYPCUT
    1000
Channel
    1070
1
    1000
LeadIn
    1002
{
    1070
3
    1040
3.5
    1040
1.5707963267949
    1040
0.5
    1040
0.5
    1070
0
    1040
0.5
    1070
0
    1002
}
    1000
LeadOut
    1002
{
    1070
0
    1040
0
    1040
0
    1040
0
    1070
0
    1002
}
    1000
IsFill
    1070
0
    1000
PathStart
    1040
3.5
    1000
ToolCompensation
    1002
{
    1070
0
    1040
0
    1070
0
    1002
}
       0
LWPOLYLINE
       5
217F
     100
AcDbEntity
       8
1
     100
AcDbPolyline
      90
4
      70
1
      10
19
      20
122.5
      42
1
      10
8
      20
122.5
      42
0
      10
8
      20
97.5
      42
1
      10
19
      20
97.5
      42
0
    1001
FS_CYPCUT
    1000
Channel
    1070
1
    1000
LeadIn
    1002
{
    1070
3
    1040
1.5
    1040
1.5707963267949
    1040
0.5
    1040
0.5
    1070
0
    1040
0.5
    1070
0
    1002
}
    1000
LeadOut
    1002
{
    1070
0
    1040
0
    1040
0
    1040
0
    1070
0
    1002
}
    1000
IsFill
    1070
0
    1000
PathStart
    1040
1.5
    1000
ToolCompensation
    1002
{
    1070
0
    1040
0
    1070
0
    1002
}
       0
LWPOLYLINE
       5
2180
     100
AcDbEntity
       8
1
     100
AcDbPolyline
      90
16
      70
1
      10
108
      20
150
      42
0
      10
60
      20
150
      42
0
      10
60
      20
145
      42
0
      10
40
      20
145
      42
0
      10
40
      20
150
      42
0
      10
0
      20
150
      42
0
      10
0
      20
0
      42
0
      10
40
      20
0
      42
0
      10
40
      20
5
      42
0
      10
60
      20
5
      42
0
      10
60
      20
0
      42
0
      10
108
      20
0
      42
-0.055846499269278
      10
98.4763925975946
      20
64.9999999998252
      42
0
      10
101.476392597583
      20
65.0000000001771
      42
-0.0171282090511119
      10
101.4763925976
      20
85
      42
0
      10
98.4763925975946
      20
85.0000000001748
      42
-0.0558464992692781
    1001
FS_CYPCUT
    1000
Channel
    1070
1
    1000
LeadIn
    1002
{
    1070
3
    1040
5.504
    1040
1.5707963267949
    1040
0.5
    1040
0.5
    1070
0
    1040
0.5
    1070
0
    1002
}
    1000
LeadOut
    1002
{
    1070
0
    1040
0
    1040
0
    1040
0
    1070
0
    1002
}
    1000
IsFill
    1070
1
    1000
PathStart
    1040
5.5
    1000
ToolCompensation
    1002
{
    1070
0
    1040
0
    1070
0
    1002
}
    1000
MicroConnect
    1002
{
    1070
3
    1040
0.304369919
    1041
0.6
    1042
0
    1040
5.5
    1041
0.6
    1042
0
    1040
10.6346545
    1041
0.6
    1042
0
    1002
}
       0
ENDBLK
       5
2181
     330
202B
     100
AcDbEntity
       8
0
     100
AcDbBlockEnd
       0
ENDSEC
       0
SECTION
       2
ENTITIES
       0
INSERT
       5
2182
     100
AcDbEntity
       8
1
     100
AcDbBlockReference
       2
Part772736127
      10
742.890995260664
      20
2055.12728486332
      30
0
      41
1
      42
1
      50
0
    1001
FS_CYPCUT
    1000
Channel
    1070
1
    1000
LeadIn
    1002
{
    1070
0
    1040
0
    1040
0
    1040
0
    1040
0
    1070
0
    1040
0
    1070
0
    1002
}
    1000
LeadOut
    1002
{
    1070
0
    1040
0
    1040
0
    1040
0
    1070
0
    1002
}
       0
INSERT
       5
2183
     100
AcDbEntity
       8
1
     100
AcDbBlockReference
       2
Part1965034596
      10
837.044695260664
      20
2147.15283486332
      30
0
      41
1
      42
1
      50
0
    1001
FS_CYPCUT
    1000
Channel
    1070
1
    1000
LeadIn
    1002
{
    1070
0
    1040
0
    1040
0
    1040
0
    1040
0
    1070
0
    1040
0
    1070
0
    1002
}
    1000
LeadOut
    1002
{
    1070
0
    1040
0
    1040
0
    1040
0
    1070
0
    1002
}
       0
LWPOLYLINE
       5
2184
     100
AcDbEntity
       8
1
     100
AcDbPolyline
      90
9
      70
1
      10
949.126695260664
      20
2307.73928486332
      42
0
      10
949.126695260664
      20
2355.73928486332
      42
0
      10
956.949343504564
      20
2355.73928486332
      42
-0.107606981433994
      10
961.106941107263
      20
2354.83402961922
      42
0
      10
1007.78429286334
      20
2333.49581167348
      42
-0.293523568849411
      10
1013.62669526066
      20
2324.40106691762
      42
0
      10
1013.62669526066
      20
2313.73928486332
      42
0
      10
959.126695260664
      20
2313.73928486332
      42
0
      10
959.126695260664
      20
2307.73928486332
      42
0
    1001
FS_CYPCUT
    1000
Channel
    1070
1
    1000
LeadIn
    1002
{
    1070
3
    1040
6.5
    1040
1.5707963267949
    1040
2
    1040
1
    1070
0
    1040
0.5
    1070
0
    1002
}
    1000
LeadOut
    1002
{
    1070
0
    1040
0
    1040
0
    1040
0
    1070
0
    1002
}
    1000
IsFill
    1070
0
    1000
PathStart
    1040
6.5
    1000
ToolCompensation
    1002
{
    1070
0
    1040
0
    1070
0
    1002
}
    1000
MicroConnect
    1002
{
    1070
2
    1040
0.497560976
    1041
0.8
    1042
0
    1040
4.72339643
    1041
0.8
    1042
0
    1002
}
       0
LWPOLYLINE
       5
2185
     100
AcDbEntity
       8
1
     100
AcDbPolyline
      90
9
      70
1
      10
881.626695260663
      20
2301.75038486332
      42
0
      10
881.626695260663
      20
2349.75038486332
      42
0
      10
889.449343504564
      20
2349.75038486332
      42
-0.107606981433994
      10
893.606941107264
      20
2348.84512961922
      42
0
      10
940.284292863342
      20
2327.50691167348
      42
-0.293523568849411
      10
946.126695260664
      20
2318.41216691762
      42
0
      10
946.126695260664
      20
2307.75038486332
      42
0
      10
891.626695260664
      20
2307.75038486332
      42
0
      10
891.626695260664
      20
2301.75038486332
      42
0
    1001
FS_CYPCUT
    1000
Channel
    1070
1
    1000
LeadIn
    1002
{
    1070
3
    1040
6.5
    1040
1.5707963267949
    1040
2
    1040
1
    1070
0
    1040
0.5
    1070
0
    1002
}
    1000
LeadOut
    1002
{
    1070
0
    1040
0
    1040
0
    1040
0
    1070
0
    1002
}
    1000
IsFill
    1070
0
    1000
PathStart
    1040
6.5
    1000
ToolCompensation
    1002
{
    1070
0
    1040
0
    1070
0
    1002
}
    1000
MicroConnect
    1002
{
    1070
2
    1040
0.497560976
    1041
0.8
    1042
0
    1040
4.72339643
    1041
0.8
    1042
0
    1002
}
       0
LWPOLYLINE
       5
2186
     100
AcDbEntity
       8
1
     100
AcDbPolyline
      90
9
      70
1
      10
884.616595260664
      20
2275.95568486332
      42
0
      10
836.616595260664
      20
2275.95568486332
      42
0
      10
836.616595260664
      20
2283.77833310722
      42
-0.107606981433994
      10
837.521850504764
      20
2287.93593070992
      42
0
      10
858.860068450506
      20
2334.613282466
      42
-0.293523568849411
      10
867.954813206364
      20
2340.45568486332
      42
0
      10
878.616595260664
      20
2340.45568486332
      42
0
      10
878.616595260664
      20
2285.95568486332
      42
0
      10
884.616595260664
      20
2285.95568486332
      42
0
    1001
FS_CYPCUT
    1000
Channel
    1070
1
    1000
LeadIn
    1002
{
    1070
3
    1040
6.5
    1040
1.5707963267949
    1040
2
    1040
1
    1070
0
    1040
0.5
    1070
0
    1002
}
    1000
LeadOut
    1002
{
    1070
0
    1040
0
    1040
0
    1040
0
    1070
0
    1002
}
    1000
IsFill
    1070
0
    1000
PathStart
    1040
6.5
    1000
ToolCompensation
    1002
{
    1070
0
    1040
0
    1070
0
    1002
}
    1000
MicroConnect
    1002
{
    1070
2
    1040
0.497560976
    1041
0.8
    1042
0
    1040
4.72339643
    1041
0.8
    1042
0
    1002
}
       0
INSERT
       5
2187
     100
AcDbEntity
       8
1
     100
AcDbBlockReference
       2
Part1704100610
      10
1152.59788426879
      20
2055.12892551989
      30
0
      41
1
      42
1
      50
90.0000001836389
    1001
FS_CYPCUT
    1000
Channel
    1070
1
    1000
LeadIn
    1002
{
    1070
0
    1040
0
    1040
0
    1040
0
    1040
0
    1070
0
    1040
0
    1070
0
    1002
}
    1000
LeadOut
    1002
{
    1070
0
    1040
0
    1040
0
    1040
0
    1070
0
    1002
}
       0
LWPOLYLINE
       5
2188
     100
AcDbEntity
       8
1
     100
AcDbPolyline
      90
9
      70
1
      10
1293.02509526066
      20
2275.95568486332
      42
0
      10
1245.02509526066
      20
2275.95568486332
      42
0
      10
1245.02509526066
      20
2283.77833310722
      42
-0.107606981433994
      10
1245.93035050476
      20
2287.93593070992
      42
0
      10
1267.26856845051
      20
2334.613282466
      42
-0.293523568849411
      10
1276.36331320636
      20
2340.45568486332
      42
0
      10
1287.02509526066
      20
2340.45568486332
      42
0
      10
1287.02509526066
      20
2285.95568486332
      42
0
      10
1293.02509526066
      20
2285.95568486332
      42
0
    1001
FS_CYPCUT
    1000
Channel
    1070
1
    1000
LeadIn
    1002
{
    1070
3
    1040
6.5
    1040
1.5707963267949
    1040
2
    1040
1
    1070
0
    1040
0.5
    1070
0
    1002
}
    1000
LeadOut
    1002
{
    1070
0
    1040
0
    1040
0
    1040
0
    1070
0
    1002
}
    1000
IsFill
    1070
0
    1000
PathStart
    1040
6.5
    1000
ToolCompensation
    1002
{
    1070
0
    1040
0
    1070
0
    1002
}
    1000
MicroConnect
    1002
{
    1070
2
    1040
0.497560976
    1041
0.8
    1042
0
    1040
4.72339643
    1041
0.8
    1042
0
    1002
}
       0
LWPOLYLINE
       5
2189
     100
AcDbEntity
       8
1
     100
AcDbPolyline
      90
9
      70
1
      10
1290.03519526066
      20
2301.75038486332
      42
0
      10
1290.03519526066
      20
2349.75038486332
      42
0
      10
1297.85784350456
      20
2349.75038486332
      42
-0.107606981433994
      10
1302.01544110726
      20
2348.84512961922
      42
0
      10
1348.69279286334
      20
2327.50691167348
      42
-0.293523568849411
      10
1354.53519526066
      20
2318.41216691762
      42
0
      10
1354.53519526066
      20
2307.75038486332
      42
0
      10
1300.03519526066
      20
2307.75038486332
      42
0
      10
1300.03519526066
      20
2301.75038486332
      42
0
    1001
FS_CYPCUT
    1000
Channel
    1070
1
    1000
LeadIn
    1002
{
    1070
3
    1040
6.5
    1040
1.5707963267949
    1040
2
    1040
1
    1070
0
    1040
0.5
    1070
0
    1002
}
    1000
LeadOut
    1002
{
    1070
0
    1040
0
    1040
0
    1040
0
    1070
0
    1002
}
    1000
IsFill
    1070
0
    1000
PathStart
    1040
6.5
    1000
ToolCompensation
    1002
{
    1070
0
    1040
0
    1070
0
    1002
}
    1000
MicroConnect
    1002
{
    1070
2
    1040
0.497560976
    1041
0.8
    1042
0
    1040
4.72339643
    1041
0.8
    1042
0
    1002
}
       0
LWPOLYLINE
       5
218A
     100
AcDbEntity
       8
1
     100
AcDbPolyline
      90
9
      70
1
      10
1357.53519526066
      20
2307.73928486332
      42
0
      10
1357.53519526066
      20
2355.73928486332
      42
0
      10
1365.35784350456
      20
2355.73928486332
      42
-0.107606981433994
      10
1369.51544110726
      20
2354.83402961922
      42
0
      10
1416.19279286334
      20
2333.49581167348
      42
-0.293523568849411
      10
1422.03519526066
      20
2324.40106691762
      42
0
      10
1422.03519526066
      20
2313.73928486332
      42
0
      10
1367.53519526066
      20
2313.73928486332
      42
0
      10
1367.53519526066
      20
2307.73928486332
      42
0
    1001
FS_CYPCUT
    1000
Channel
    1070
1
    1000
LeadIn
    1002
{
    1070
3
    1040
6.5
    1040
1.5707963267949
    1040
2
    1040
1
    1070
0
    1040
0.5
    1070
0
    1002
}
    1000
LeadOut
    1002
{
    1070
0
    1040
0
    1040
0
    1040
0
    1070
0
    1002
}
    1000
IsFill
    1070
0
    1000
PathStart
    1040
6.5
    1000
ToolCompensation
    1002
{
    1070
0
    1040
0
    1070
0
    1002
}
    1000
MicroConnect
    1002
{
    1070
2
    1040
0.497560976
    1041
0.8
    1042
0
    1040
4.72339643
    1041
0.8
    1042
0
    1002
}
       0
INSERT
       5
218B
     100
AcDbEntity
       8
1
     100
AcDbBlockReference
       2
Part1597019131
      10
1245.45319526066
      20
2147.15283486332
      30
0
      41
1
      42
1
      50
0
    1001
FS_CYPCUT
    1000
Channel
    1070
1
    1000
LeadIn
    1002
{
    1070
0
    1040
0
    1040
0
    1040
0
    1040
0
    1070
0
    1040
0
    1070
0
    1002
}
    1000
LeadOut
    1002
{
    1070
0
    1040
0
    1040
0
    1040
0
    1070
0
    1002
}
       0
INSERT
       5
218C
     100
AcDbEntity
       8
1
     100
AcDbBlockReference
       2
Part998661393
      10
1561.00638386879
      20
2055.12892551989
      30
0
      41
1
      42
1
      50
90.0000001836389
    1001
FS_CYPCUT
    1000
Channel
    1070
1
    1000
LeadIn
    1002
{
    1070
0
    1040
0
    1040
0
    1040
0
    1040
0
    1070
0
    1040
0
    1070
0
    1002
}
    1000
LeadOut
    1002
{
    1070
0
    1040
0
    1040
0
    1040
0
    1070
0
    1002
}
       0
LWPOLYLINE
       5
218D
     100
AcDbEntity
       8
1
     100
AcDbPolyline
      90
9
      70
1
      10
1169.21619526066
      20
2055.12888486332
      42
0
      10
1169.21619526066
      20
2103.12888486332
      42
0
      10
1177.03884350456
      20
2103.12888486332
      42
-0.107606981433994
      10
1181.19644110726
      20
2102.22362961922
      42
0
      10
1227.87379286334
      20
2080.88541167348
      42
-0.293523568849411
      10
1233.71619526066
      20
2071.79066691762
      42
0
      10
1233.71619526066
      20
2061.12888486332
      42
0
      10
1179.21619526066
      20
2061.12888486332
      42
0
      10
1179.21619526066
      20
2055.12888486332
      42
0
    1001
FS_CYPCUT
    1000
Channel
    1070
1
    1000
LeadIn
    1002
{
    1070
3
    1040
6.5
    1040
1.5707963267949
    1040
2
    1040
1
    1070
0
    1040
0.5
    1070
0
    1002
}
    1000
LeadOut
    1002
{
    1070
0
    1040
0
    1040
0
    1040
0
    1070
0
    1002
}
    1000
IsFill
    1070
1
    1000
PathStart
    1040
6.5
    1000
ToolCompensation
    1002
{
    1070
0
    1040
0
    1070
0
    1002
}
    1000
MicroConnect
    1002
{
    1070
2
    1040
0.497560976
    1041
0.8
    1042
0
    1040
4.72339643
    1041
0.8
    1042
0
    1002
}
       0
INSERT
       5
218E
     100
AcDbEntity
       8
1
     100
AcDbBlockReference
       2
Part1743427848
      10
1166.21604146066
      20
2105.93187886332
      30
0
      41
1
      42
1
      50
180
    1001
FS_CYPCUT
    1000
Channel
    1070
1
    1000
LeadIn
    1002
{
    1070
0
    1040
0
    1040
0
    1040
0
    1040
0
    1070
0
    1040
0
    1070
0
    1002
}
    1000
LeadOut
    1002
{
    1070
0
    1040
0
    1040
0
    1040
0
    1070
0
    1002
}
       0
INSERT
       5
218F
     100
AcDbEntity
       8
1
     100
AcDbBlockReference
       2
Part1932540081
      10
1493.76379526066
      20
2055.12888486332
      30
0
      41
1
      42
1
      50
0
    1001
FS_CYPCUT
    1000
Channel
    1070
1
    1000
LeadIn
    1002
{
    1070
0
    1040
0
    1040
0
    1040
0
    1040
0
    1070
0
    1040
0
    1070
0
    1002
}
    1000
LeadOut
    1002
{
    1070
0
    1040
0
    1040
0
    1040
0
    1070
0
    1002
}
       0
INSERT
       5
2190
     100
AcDbEntity
       8
1
     100
AcDbBlockReference
       2
Part1883483843
      10
1790.49099526066
      20
2196.91388486332
      30
0
      41
1
      42
1
      50
180
    1001
FS_CYPCUT
    1000
Channel
    1070
1
    1000
LeadIn
    1002
{
    1070
0
    1040
0
    1040
0
    1040
0
    1040
0
    1070
0
    1040
0
    1070
0
    1002
}
    1000
LeadOut
    1002
{
    1070
0
    1040
0
    1040
0
    1040
0
    1070
0
    1002
}
       0
INSERT
       5
2191
     100
AcDbEntity
       8
1
     100
AcDbBlockReference
       2
Part278278128
      10
1561.10040089384
      20
2210.73653139428
      30
0
      41
1
      42
1
      50
269.999999977959
    1001
FS_CYPCUT
    1000
Channel
    1070
1
    1000
LeadIn
    1002
{
    1070
0
    1040
0
    1040
0
    1040
0
    1040
0
    1070
0
    1040
0
    1070
0
    1002
}
    1000
LeadOut
    1002
{
    1070
0
    1040
0
    1040
0
    1040
0
    1070
0
    1002
}
       0
INSERT
       5
2192
     100
AcDbEntity
       8
1
     100
AcDbBlockReference
       2
Part1150866557
      10
1548.98589526066
      20
2213.73498486332
      30
0
      41
1
      42
1
      50
0
    1001
FS_CYPCUT
    1000
Channel
    1070
1
    1000
LeadIn
    1002
{
    1070
0
    1040
0
    1040
0
    1040
0
    1040
0
    1070
0
    1040
0
    1070
0
    1002
}
    1000
LeadOut
    1002
{
    1070
0
    1040
0
    1040
0
    1040
0
    1070
0
    1002
}
       0
INSERT
       5
2193
     100
AcDbEntity
       8
1
     100
AcDbBlockReference
       2
Part315220783
      10
1793.49054526066
      20
2118.11919086332
      30
0
      41
1
      42
1
      50
0
    1001
FS_CYPCUT
    1000
Channel
    1070
1
    1000
LeadIn
    1002
{
    1070
0
    1040
0
    1040
0
    1040
0
    1040
0
    1070
0
    1040
0
    1070
0
    1002
}
    1000
LeadOut
    1002
{
    1070
0
    1040
0
    1040
0
    1040
0
    1070
0
    1002
}
       0
INSERT
       5
2194
     100
AcDbEntity
       8
1
     100
AcDbBlockReference
       2
Part1193996722
      10
1882.78250089384
      20
2237.82263139428
      30
0
      41
1
      42
1
      50
269.999999977959
    1001
FS_CYPCUT
    1000
Channel
    1070
1
    1000
LeadIn
    1002
{
    1070
0
    1040
0
    1040
0
    1040
0
    1040
0
    1070
0
    1040
0
    1070
0
    1002
}
    1000
LeadOut
    1002
{
    1070
0
    1040
0
    1040
0
    1040
0
    1070
0
    1002
}
       0
LWPOLYLINE
       5
2195
     100
AcDbEntity
       8
1
     100
AcDbPolyline
      90
9
      70
1
      10
1862.78179526066
      20
2458.12718486332
      42
0
      10
1862.78179526066
      20
2410.12718486332
      42
0
      10
1854.95914701676
      20
2410.12718486332
      42
-0.107606981433994
      10
1850.80154941406
      20
2411.03244010742
      42
0
      10
1804.12419765799
      20
2432.37065805316
      42
-0.293523568849411
      10
1798.28179526066
      20
2441.46540280902
      42
0
      10
1798.28179526066
      20
2452.12718486332
      42
0
      10
1852.78179526066
      20
2452.12718486332
      42
0
      10
1852.78179526066
      20
2458.12718486332
      42
0
    1001
FS_CYPCUT
    1000
Channel
    1070
1
    1000
LeadIn
    1002
{
    1070
3
    1040
6.5
    1040
1.5707963267949
    1040
2
    1040
1
    1070
0
    1040
0.5
    1070
0
    1002
}
    1000
LeadOut
    1002
{
    1070
0
    1040
0
    1040
0
    1040
0
    1070
0
    1002
}
    1000
IsFill
    1070
0
    1000
PathStart
    1040
6.5
    1000
ToolCompensation
    1002
{
    1070
0
    1040
0
    1070
0
    1002
}
    1000
MicroConnect
    1002
{
    1070
2
    1040
0.497560976
    1041
0.8
    1042
0
    1040
4.72339643
    1041
0.8
    1042
0
    1002
}
       0
INSERT
       5
2196
     100
AcDbEntity
       8
1
     100
AcDbBlockReference
       2
Part947723894
      10
1710.36559526066
      20
2317.36088486332
      30
0
      41
1
      42
1
      50
0
    1001
FS_CYPCUT
    1000
Channel
    1070
1
    1000
LeadIn
    1002
{
    1070
0
    1040
0
    1040
0
    1040
0
    1040
0
    1070
0
    1040
0
    1070
0
    1002
}
    1000
LeadOut
    1002
{
    1070
0
    1040
0
    1040
0
    1040
0
    1070
0
    1002
}
       0
INSERT
       5
2197
     100
AcDbEntity
       8
1
     100
AcDbBlockReference
       2
Part1746981867
      10
1657.11739526066
      20
2279.34598486332
      30
0
      41
1
      42
1
      50
0
    1001
FS_CYPCUT
    1000
Channel
    1070
1
    1000
LeadIn
    1002
{
    1070
0
    1040
0
    1040
0
    1040
0
    1040
0
    1070
0
    1040
0
    1070
0
    1002
}
    1000
LeadOut
    1002
{
    1070
0
    1040
0
    1040
0
    1040
0
    1070
0
    1002
}
       0
LWPOLYLINE
       5
2198
     100
AcDbEntity
       8
1
     100
AcDbPolyline
      90
9
      70
1
      10
1623.10689526066
      20
2432.45068486332
      42
0
      10
1671.10689526066
      20
2432.45068486332
      42
0
      10
1671.10689526066
      20
2424.62803661942
      42
-0.107606981433994
      10
1670.20164001656
      20
2420.47043901672
      42
0
      10
1648.86342207082
      20
2373.79308726064
      42
-0.293523568849411
      10
1639.76867731496
      20
2367.95068486332
      42
0
      10
1629.10689526066
      20
2367.95068486332
      42
0
      10
1629.10689526066
      20
2422.45068486332
      42
0
      10
1623.10689526066
      20
2422.45068486332
      42
0
    1001
FS_CYPCUT
    1000
Channel
    1070
1
    1000
LeadIn
    1002
{
    1070
3
    1040
6.5
    1040
1.5707963267949
    1040
2
    1040
1
    1070
0
    1040
0.5
    1070
0
    1002
}
    1000
LeadOut
    1002
{
    1070
0
    1040
0
    1040
0
    1040
0
    1070
0
    1002
}
    1000
IsFill
    1070
0
    1000
PathStart
    1040
6.5
    1000
ToolCompensation
    1002
{
    1070
0
    1040
0
    1070
0
    1002
}
    1000
MicroConnect
    1002
{
    1070
2
    1040
0.497560976
    1041
0.8
    1042
0
    1040
4.72339643
    1041
0.8
    1042
0
    1002
}
       0
INSERT
       5
2199
     100
AcDbEntity
       8
1
     100
AcDbBlockReference
       2
Part1781340505
      10
1936.89715526066
      20
2611.04697286332
      30
0
      41
1
      42
1
      50
180
    1001
FS_CYPCUT
    1000
Channel
    1070
1
    1000
LeadIn
    1002
{
    1070
0
    1040
0
    1040
0
    1040
0
    1040
0
    1070
0
    1040
0
    1070
0
    1002
}
    1000
LeadOut
    1002
{
    1070
0
    1040
0
    1040
0
    1040
0
    1070
0
    1002
}
       0
LWPOLYLINE
       5
219A
     100
AcDbEntity
       8
1
     100
AcDbPolyline
      90
9
      70
1
      10
1179.56159526066
      20
2433.41308486332
      42
0
      10
1227.56159526066
      20
2433.41308486332
      42
0
      10
1227.56159526066
      20
2425.59043661942
      42
-0.107606981433994
      10
1226.65634001656
      20
2421.43283901672
      42
0
      10
1205.31812207082
      20
2374.75548726064
      42
-0.293523568849411
      10
1196.22337731496
      20
2368.91308486332
      42
0
      10
1185.56159526066
      20
2368.91308486332
      42
0
      10
1185.56159526066
      20
2423.41308486332
      42
0
      10
1179.56159526066
      20
2423.41308486332
      42
0
    1001
FS_CYPCUT
    1000
Channel
    1070
1
    1000
LeadIn
    1002
{
    1070
3
    1040
6.5
    1040
1.5707963267949
    1040
2
    1040
1
    1070
0
    1040
0.5
    1070
0
    1002
}
    1000
LeadOut
    1002
{
    1070
0
    1040
0
    1040
0
    1040
0
    1070
0
    1002
}
    1000
IsFill
    1070
1
    1000
PathStart
    1040
6.5
    1000
ToolCompensation
    1002
{
    1070
0
    1040
0
    1070
0
    1002
}
    1000
MicroConnect
    1002
{
    1070
2
    1040
0.497560976
    1041
0.8
    1042
0
    1040
4.72339643
    1041
0.8
    1042
0
    1002
}
       0
INSERT
       5
219B
     100
AcDbEntity
       8
1
     100
AcDbBlockReference
       2
Part1171960400
      10
1117.58729526066
      20
2345.40068486332
      30
0
      41
1
      42
1
      50
0
    1001
FS_CYPCUT
    1000
Channel
    1070
1
    1000
LeadIn
    1002
{
    1070
0
    1040
0
    1040
0
    1040
0
    1040
0
    1070
0
    1040
0
    1070
0
    1002
}
    1000
LeadOut
    1002
{
    1070
0
    1040
0
    1040
0
    1040
0
    1070
0
    1002
}
       0
LWPOLYLINE
       5
219C
     100
AcDbEntity
       8
1
     100
AcDbPolyline
      90
9
      70
1
      10
1130.44349526066
      20
2477.77588486332
      42
0
      10
1178.44349526066
      20
2477.77588486332
      42
0
      10
1178.44349526066
      20
2469.95323661942
      42
-0.107606981433994
      10
1177.53824001656
      20
2465.79563901672
      42
0
      10
1156.20002207082
      20
2419.11828726064
      42
-0.293523568849411
      10
1147.10527731496
      20
2413.27588486332
      42
0
      10
1136.44349526066
      20
2413.27588486332
      42
0
      10
1136.44349526066
      20
2467.77588486332
      42
0
      10
1130.44349526066
      20
2467.77588486332
      42
0
    1001
FS_CYPCUT
    1000
Channel
    1070
1
    1000
LeadIn
    1002
{
    1070
3
    1040
6.5
    1040
1.5707963267949
    1040
2
    1040
1
    1070
0
    1040
0.5
    1070
0
    1002
}
    1000
LeadOut
    1002
{
    1070
0
    1040
0
    1040
0
    1040
0
    1070
0
    1002
}
    1000
IsFill
    1070
1
    1000
PathStart
    1040
6.5
    1000
ToolCompensation
    1002
{
    1070
0
    1040
0
    1070
0
    1002
}
    1000
MicroConnect
    1002
{
    1070
2
    1040
0.497560976
    1041
0.8
    1042
0
    1040
4.72339643
    1041
0.8
    1042
0
    1002
}
       0
LWPOLYLINE
       5
219D
     100
AcDbEntity
       8
1
     100
AcDbPolyline
      90
9
      70
1
      10
1085.44339526066
      20
2436.85928486332
      42
0
      10
1133.44339526066
      20
2436.85928486332
      42
0
      10
1133.44339526066
      20
2429.03663661942
      42
-0.107606981433994
      10
1132.53814001656
      20
2424.87903901672
      42
0
      10
1111.19992207082
      20
2378.20168726064
      42
-0.293523568849411
      10
1102.10517731496
      20
2372.35928486332
      42
0
      10
1091.44339526066
      20
2372.35928486332
      42
0
      10
1091.44339526066
      20
2426.85928486332
      42
0
      10
1085.44339526066
      20
2426.85928486332
      42
0
    1001
FS_CYPCUT
    1000
Channel
    1070
1
    1000
LeadIn
    1002
{
    1070
3
    1040
6.5
    1040
1.5707963267949
    1040
2
    1040
1
    1070
0
    1040
0.5
    1070
0
    1002
}
    1000
LeadOut
    1002
{
    1070
0
    1040
0
    1040
0
    1040
0
    1070
0
    1002
}
    1000
IsFill
    1070
1
    1000
PathStart
    1040
6.5
    1000
ToolCompensation
    1002
{
    1070
0
    1040
0
    1070
0
    1002
}
    1000
MicroConnect
    1002
{
    1070
2
    1040
0.497560976
    1041
0.8
    1042
0
    1040
4.72339643
    1041
0.8
    1042
0
    1002
}
       0
INSERT
       5
219E
     100
AcDbEntity
       8
1
     100
AcDbBlockReference
       2
Part831765462
      10
742.897195289515
      20
2529.65248488063
      30
0
      41
1
      42
1
      50
269.999999977959
    1001
FS_CYPCUT
    1000
Channel
    1070
1
    1000
LeadIn
    1002
{
    1070
0
    1040
0
    1040
0
    1040
0
    1040
0
    1070
0
    1040
0
    1070
0
    1002
}
    1000
LeadOut
    1002
{
    1070
0
    1040
0
    1040
0
    1040
0
    1070
0
    1002
}
       0
INSERT
       5
219F
     100
AcDbEntity
       8
1
     100
AcDbBlockReference
       2
Part1027717223
      10
1320.65279577348
      20
2452.70178486332
      30
0
      41
1
      42
1
      50
90.0000001836389
    1001
FS_CYPCUT
    1000
Channel
    1070
1
    1000
LeadIn
    1002
{
    1070
0
    1040
0
    1040
0
    1040
0
    1040
0
    1070
0
    1040
0
    1070
0
    1002
}
    1000
LeadOut
    1002
{
    1070
0
    1040
0
    1040
0
    1040
0
    1070
0
    1002
}
       0
INSERT
       5
21A0
     100
AcDbEntity
       8
1
     100
AcDbBlockReference
       2
Part1628856280
      10
1546.79598500066
      20
2649.76037466332
      30
0
      41
1
      42
1
      50
180
    1001
FS_CYPCUT
    1000
Channel
    1070
1
    1000
LeadIn
    1002
{
    1070
0
    1040
0
    1040
0
    1040
0
    1040
0
    1070
0
    1040
0
    1070
0
    1002
}
    1000
LeadOut
    1002
{
    1070
0
    1040
0
    1040
0
    1040
0
    1070
0
    1002
}
       0
INSERT
       5
21A1
     100
AcDbEntity
       8
1
     100
AcDbBlockReference
       2
Part2035160478
      10
905.663195260663
      20
2516.95958486332
      30
0
      41
1
      42
1
      50
0
    1001
FS_CYPCUT
    1000
Channel
    1070
1
    1000
LeadIn
    1002
{
    1070
0
    1040
0
    1040
0
    1040
0
    1040
0
    1070
0
    1040
0
    1070
0
    1002
}
    1000
LeadOut
    1002
{
    1070
0
    1040
0
    1040
0
    1040
0
    1070
0
    1002
}
       0
INSERT
       5
21A2
     100
AcDbEntity
       8
1
     100
AcDbBlockReference
       2
Part1925720260
      10
790.854807733653
      20
2833.54574494213
      30
0
      41
1
      42
1
      50
269.999999977959
    1001
FS_CYPCUT
    1000
Channel
    1070
1
    1000
LeadIn
    1002
{
    1070
0
    1040
0
    1040
0
    1040
0
    1040
0
    1070
0
    1040
0
    1070
0
    1002
}
    1000
LeadOut
    1002
{
    1070
0
    1040
0
    1040
0
    1040
0
    1070
0
    1002
}
       0
INSERT
       5
21A3
     100
AcDbEntity
       8
1
     100
AcDbBlockReference
       2
Part2021573954
      10
1203.55480626066
      20
2652.76039586332
      30
0
      41
1
      42
1
      50
0
    1001
FS_CYPCUT
    1000
Channel
    1070
1
    1000
LeadIn
    1002
{
    1070
0
    1040
0
    1040
0
    1040
0
    1040
0
    1070
0
    1040
0
    1070
0
    1002
}
    1000
LeadOut
    1002
{
    1070
0
    1040
0
    1040
0
    1040
0
    1070
0
    1002
}
       0
INSERT
       5
21A4
     100
AcDbEntity
       8
1
     100
AcDbBlockReference
       2
Part2051565134
      10
1728.79728500066
      20
2945.85227466332
      30
0
      41
1
      42
1
      50
180
    1001
FS_CYPCUT
    1000
Channel
    1070
1
    1000
LeadIn
    1002
{
    1070
0
    1040
0
    1040
0
    1040
0
    1040
0
    1070
0
    1040
0
    1070
0
    1002
}
    1000
LeadOut
    1002
{
    1070
0
    1040
0
    1040
0
    1040
0
    1070
0
    1002
}
       0
INSERT
       5
21A5
     100
AcDbEntity
       8
1
     100
AcDbBlockReference
       2
Part1828526655
      10
1448.21390626066
      20
2595.82729586332
      30
0
      41
1
      42
1
      50
0
    1001
FS_CYPCUT
    1000
Channel
    1070
1
    1000
LeadIn
    1002
{
    1070
0
    1040
0
    1040
0
    1040
0
    1040
0
    1070
0
    1040
0
    1070
0
    1002
}
    1000
LeadOut
    1002
{
    1070
0
    1040
0
    1040
0
    1040
0
    1070
0
    1002
}
       0
INSERT
       5
21A6
     100
AcDbEntity
       8
1
     100
AcDbBlockReference
       2
Part967312703
      10
1936.89718400066
      20
2811.83027466332
      30
0
      41
1
      42
1
      50
180
    1001
FS_CYPCUT
    1000
Channel
    1070
1
    1000
LeadIn
    1002
{
    1070
0
    1040
0
    1040
0
    1040
0
    1040
0
    1070
0
    1040
0
    1070
0
    1002
}
    1000
LeadOut
    1002
{
    1070
0
    1040
0
    1040
0
    1040
0
    1070
0
    1002
}
       0
INSERT
       5
21A7
     100
AcDbEntity
       8
1
     100
AcDbBlockReference
       2
Part1185179674
      10
1763.89719526066
      20
2811.61308486332
      30
0
      41
1
      42
1
      50
0
    1001
FS_CYPCUT
    1000
Channel
    1070
1
    1000
LeadIn
    1002
{
    1070
0
    1040
0
    1040
0
    1040
0
    1040
0
    1070
0
    1040
0
    1070
0
    1002
}
    1000
LeadOut
    1002
{
    1070
0
    1040
0
    1040
0
    1040
0
    1070
0
    1002
}
       0
INSERT
       5
21A8
     100
AcDbEntity
       8
1
     100
AcDbBlockReference
       2
Part2020617157
      10
1454.38088500066
      20
3027.13237466332
      30
0
      41
1
      42
1
      50
180
    1001
FS_CYPCUT
    1000
Channel
    1070
1
    1000
LeadIn
    1002
{
    1070
0
    1040
0
    1040
0
    1040
0
    1040
0
    1070
0
    1040
0
    1070
0
    1002
}
    1000
LeadOut
    1002
{
    1070
0
    1040
0
    1040
0
    1040
0
    1070
0
    1002
}
       0
INSERT
       5
21A9
     100
AcDbEntity
       8
1
     100
AcDbBlockReference
       2
Part1123497184
      10
1209.72008500066
      20
3029.58217466332
      30
0
      41
1
      42
1
      50
180
    1001
FS_CYPCUT
    1000
Channel
    1070
1
    1000
LeadIn
    1002
{
    1070
0
    1040
0
    1040
0
    1040
0
    1040
0
    1070
0
    1040
0
    1070
0
    1002
}
    1000
LeadOut
    1002
{
    1070
0
    1040
0
    1040
0
    1040
0
    1070
0
    1002
}
       0
INSERT
       5
21AA
     100
AcDbEntity
       8
1
     100
AcDbBlockReference
       2
Part1722219917
      10
742.897205832426
      20
3000.26977466848
      30
0
      41
1
      42
1
      50
269.999999977959
    1001
FS_CYPCUT
    1000
Channel
    1070
1
    1000
LeadIn
    1002
{
    1070
0
    1040
0
    1040
0
    1040
0
    1040
0
    1070
0
    1040
0
    1070
0
    1002
}
    1000
LeadOut
    1002
{
    1070
0
    1040
0
    1040
0
    1040
0
    1070
0
    1002
}
       0
INSERT
       5
21AB
     100
AcDbEntity
       8
1
     100
AcDbBlockReference
       2
Part1136670345
      10
1603.82169526066
      20
2916.84568486332
      30
0
      41
1
      42
1
      50
0
    1001
FS_CYPCUT
    1000
Channel
    1070
1
    1000
LeadIn
    1002
{
    1070
0
    1040
0
    1040
0
    1040
0
    1040
0
    1070
0
    1040
0
    1070
0
    1002
}
    1000
LeadOut
    1002
{
    1070
0
    1040
0
    1040
0
    1040
0
    1070
0
    1002
}
       0
INSERT
       5
21AC
     100
AcDbEntity
       8
1
     100
AcDbBlockReference
       2
Part1181491223
      10
1767.17409526066
      20
2987.57578486332
      30
0
      41
1
      42
1
      50
0
    1001
FS_CYPCUT
    1000
Channel
    1070
1
    1000
LeadIn
    1002
{
    1070
0
    1040
0
    1040
0
    1040
0
    1040
0
    1070
0
    1040
0
    1070
0
    1002
}
    1000
LeadOut
    1002
{
    1070
0
    1040
0
    1040
0
    1040
0
    1070
0
    1002
}
       0
INSERT
       5
21AD
     100
AcDbEntity
       8
1
     100
AcDbBlockReference
       2
Part2097295216
      10
1152.19689526066
      20
3032.58218486332
      30
0
      41
1
      42
1
      50
0
    1001
FS_CYPCUT
    1000
Channel
    1070
1
    1000
LeadIn
    1002
{
    1070
0
    1040
0
    1040
0
    1040
0
    1040
0
    1070
0
    1040
0
    1070
0
    1002
}
    1000
LeadOut
    1002
{
    1070
0
    1040
0
    1040
0
    1040
0
    1070
0
    1002
}
       0
INSERT
       5
21AE
     100
AcDbEntity
       8
1
     100
AcDbBlockReference
       2
Part1992369532
      10
742.897095260663
      20
3032.58218486332
      30
0
      41
1
      42
1
      50
0
    1001
FS_CYPCUT
    1000
Channel
    1070
1
    1000
LeadIn
    1002
{
    1070
0
    1040
0
    1040
0
    1040
0
    1040
0
    1070
0
    1040
0
    1070
0
    1002
}
    1000
LeadOut
    1002
{
    1070
0
    1040
0
    1040
0
    1040
0
    1070
0
    1002
}
       0
INSERT
       5
21AF
     100
AcDbEntity
       8
1
     100
AcDbBlockReference
       2
Part211613949
      10
892.897095260663
      20
3158.60218486332
      30
0
      41
1
      42
1
      50
90.0000001836389
    1001
FS_CYPCUT
    1000
Channel
    1070
1
    1000
LeadIn
    1002
{
    1070
0
    1040
0
    1040
0
    1040
0
    1040
0
    1070
0
    1040
0
    1070
0
    1002
}
    1000
LeadOut
    1002
{
    1070
0
    1040
0
    1040
0
    1040
0
    1070
0
    1002
}
       0
INSERT
       5
21B0
     100
AcDbEntity
       8
1
     100
AcDbBlockReference
       2
Part420311863
      10
742.897195260664
      20
3095.59218486332
      30
0
      41
1
      42
1
      50
0
    1001
FS_CYPCUT
    1000
Channel
    1070
1
    1000
LeadIn
    1002
{
    1070
0
    1040
0
    1040
0
    1040
0
    1040
0
    1070
0
    1040
0
    1070
0
    1002
}
    1000
LeadOut
    1002
{
    1070
0
    1040
0
    1040
0
    1040
0
    1070
0
    1002
}
       0
INSERT
       5
21B1
     100
AcDbEntity
       8
1
     100
AcDbBlockReference
       2
Part1667207923
      10
1045.89709526066
      20
3158.60218486332
      30
0
      41
1
      42
1
      50
90.0000001836389
    1001
FS_CYPCUT
    1000
Channel
    1070
1
    1000
LeadIn
    1002
{
    1070
0
    1040
0
    1040
0
    1040
0
    1040
0
    1070
0
    1040
0
    1070
0
    1002
}
    1000
LeadOut
    1002
{
    1070
0
    1040
0
    1040
0
    1040
0
    1070
0
    1002
}
       0
INSERT
       5
21B2
     100
AcDbEntity
       8
1
     100
AcDbBlockReference
       2
Part997558067
      10
1130.60029550105
      20
3158.58868500755
      30
0
      41
1
      42
1
      50
90.0000001836389
    1001
FS_CYPCUT
    1000
Channel
    1070
1
    1000
LeadIn
    1002
{
    1070
0
    1040
0
    1040
0
    1040
0
    1040
0
    1070
0
    1040
0
    1070
0
    1002
}
    1000
LeadOut
    1002
{
    1070
0
    1040
0
    1040
0
    1040
0
    1070
0
    1002
}
       0
INSERT
       5
21B3
     100
AcDbEntity
       8
1
     100
AcDbBlockReference
       2
Part345634821
      10
1152.19729526066
      20
3095.58218486332
      30
0
      41
1
      42
1
      50
0
    1001
FS_CYPCUT
    1000
Channel
    1070
1
    1000
LeadIn
    1002
{
    1070
0
    1040
0
    1040
0
    1040
0
    1040
0
    1070
0
    1040
0
    1070
0
    1002
}
    1000
LeadOut
    1002
{
    1070
0
    1040
0
    1040
0
    1040
0
    1070
0
    1002
}
       0
INSERT
       5
21B4
     100
AcDbEntity
       8
1
     100
AcDbBlockReference
       2
Part991227934
      10
1465.19709526066
      20
3095.57978486332
      30
0
      41
1
      42
1
      50
90.0000001836389
    1001
FS_CYPCUT
    1000
Channel
    1070
1
    1000
LeadIn
    1002
{
    1070
0
    1040
0
    1040
0
    1040
0
    1040
0
    1070
0
    1040
0
    1070
0
    1002
}
    1000
LeadOut
    1002
{
    1070
0
    1040
0
    1040
0
    1040
0
    1070
0
    1002
}
       0
INSERT
       5
21B5
     100
AcDbEntity
       8
1
     100
AcDbBlockReference
       2
Part753926666
      10
1193.44909526066
      20
3215.89088486332
      30
0
      41
1
      42
1
      50
0
    1001
FS_CYPCUT
    1000
Channel
    1070
1
    1000
LeadIn
    1002
{
    1070
0
    1040
0
    1040
0
    1040
0
    1040
0
    1070
0
    1040
0
    1070
0
    1002
}
    1000
LeadOut
    1002
{
    1070
0
    1040
0
    1040
0
    1040
0
    1070
0
    1002
}
       0
INSERT
       5
21B6
     100
AcDbEntity
       8
1
     100
AcDbBlockReference
       2
Part413020673
      10
1370.89259526066
      20
3201.69518486332
      30
0
      41
1
      42
1
      50
0
    1001
FS_CYPCUT
    1000
Channel
    1070
1
    1000
LeadIn
    1002
{
    1070
0
    1040
0
    1040
0
    1040
0
    1040
0
    1070
0
    1040
0
    1070
0
    1002
}
    1000
LeadOut
    1002
{
    1070
0
    1040
0
    1040
0
    1040
0
    1070
0
    1002
}
       0
INSERT
       5
21B7
     100
AcDbEntity
       8
1
     100
AcDbBlockReference
       2
Part1701659258
      10
1526.50859526066
      20
3070.64158486332
      30
0
      41
1
      42
1
      50
0
    1001
FS_CYPCUT
    1000
Channel
    1070
1
    1000
LeadIn
    1002
{
    1070
0
    1040
0
    1040
0
    1040
0
    1040
0
    1070
0
    1040
0
    1070
0
    1002
}
    1000
LeadOut
    1002
{
    1070
0
    1040
0
    1040
0
    1040
0
    1070
0
    1002
}
       0
INSERT
       5
21B8
     100
AcDbEntity
       8
1
     100
AcDbBlockReference
       2
Part101807156
      10
1557.40169526066
      20
3229.39028486332
      30
0
      41
1
      42
1
      50
0
    1001
FS_CYPCUT
    1000
Channel
    1070
1
    1000
LeadIn
    1002
{
    1070
0
    1040
0
    1040
0
    1040
0
    1040
0
    1070
0
    1040
0
    1070
0
    1002
}
    1000
LeadOut
    1002
{
    1070
0
    1040
0
    1040
0
    1040
0
    1070
0
    1002
}
       0
INSERT
       5
21B9
     100
AcDbEntity
       8
1
     100
AcDbBlockReference
       2
Part1747741336
      10
1746.22459526066
      20
3250.48038486332
      30
0
      41
1
      42
1
      50
269.999999977959
    1001
FS_CYPCUT
    1000
Channel
    1070
1
    1000
LeadIn
    1002
{
    1070
0
    1040
0
    1040
0
    1040
0
    1040
0
    1070
0
    1040
0
    1070
0
    1002
}
    1000
LeadOut
    1002
{
    1070
0
    1040
0
    1040
0
    1040
0
    1070
0
    1002
}
       0
ENDSEC
  0
SECTION
  2
OBJECTS
  0
DICTIONARY
  5
111
330
0
100
AcDbDictionary
281
     1
  3
ACAD_COLOR
350
120
  3
ACAD_GROUP
350
112
  3
ACAD_LAYOUT
350
11E
  3
ACAD_MATERIAL
350
11F
  3
ACAD_MLINESTYLE
350
11B
  3
ACAD_PLOTSETTINGS
350
11D
  3
ACAD_PLOTSTYLENAME
350
113
  3
ACAD_TABLESTYLE
350
121
  3
AcDbVariableDictionary
350
135
  0
DICTIONARY
  5
120
102
{ACAD_REACTORS
330
111
102
}
330
111
100
AcDbDictionary
281
     1
  0
DICTIONARY
  5
112
102
{ACAD_REACTORS
330
111
102
}
330
111
100
AcDbDictionary
281
     1
  0
DICTIONARY
  5
11E
102
{ACAD_REACTORS
330
111
102
}
330
111
100
AcDbDictionary
281
     1
  3
Model
350
12A
  3
布局1
350
126
  0
DICTIONARY
  5
11F
102
{ACAD_REACTORS
330
111
102
}
330
111
100
AcDbDictionary
281
     1
  0
DICTIONARY
  5
11B
102
{ACAD_REACTORS
330
111
102
}
330
111
100
AcDbDictionary
281
     1
  3
Standard
350
11C
  0
DICTIONARY
  5
11D
102
{ACAD_REACTORS
330
111
102
}
330
111
100
AcDbDictionary
281
     1
  0
ACDBDICTIONARYWDFLT
  5
113
102
{ACAD_REACTORS
330
111
102
}
330
111
100
AcDbDictionary
281
     1
  3
Normal
350
114
100
AcDbDictionaryWithDefault
340
114
  0
DICTIONARY
  5
121
102
{ACAD_REACTORS
330
111
102
}
330
111
100
AcDbDictionary
281
     1
  3
Standard
350
122
  0
DICTIONARY
  5
135
102
{ACAD_REACTORS
330
111
102
}
330
111
100
AcDbDictionary
281
     1
  3
CTABLESTYLE
350
136
  0
LAYOUT
  5
12A
102
{ACAD_REACTORS
330
11E
102
}
330
11E
100
AcDbPlotSettings
  1

  2
发送至 OneNote 2010
  4

  6

 40
0.0
 41
0.0
 42
0.0
 43
0.0
 44
0.0
 45
0.0
 46
0.0
 47
0.0
 48
0.0
 49
0.0
140
0.0
141
0.0
142
1.0
143
1.0
 70
  1712
 72
     0
 73
     0
 74
     0
  7

 75
     0
147
1.0
 76
     0
 77
     2
 78
   300
148
0.0
149
0.0
100
AcDbLayout
  1
Model
 70
     1
 71
     0
 10
0.0
 20
0.0
 11
12.0
 21
9.0
 12
0.0
 22
0.0
 32
0.0
 14
0.0
 24
0.0
 34
0.0
 15
0.0
 25
0.0
 35
0.0
146
0.0
 13
0.0
 23
0.0
 33
0.0
 16
1.0
 26
0.0
 36
0.0
 17
0.0
 27
1.0
 37
0.0
 76
     0
330
127
  0
LAYOUT
  5
126
102
{ACAD_REACTORS
330
11E
102
}
330
11E
100
AcDbPlotSettings
  1

  2
发送至 OneNote 2010
  4

  6

 40
0.0
 41
0.0
 42
0.0
 43
0.0
 44
0.0
 45
0.0
 46
0.0
 47
0.0
 48
0.0
 49
0.0
140
0.0
141
0.0
142
1.0
143
1.0
 70
   688
 72
     0
 73
     0
 74
     5
  7

 75
    16
147
1.0
 76
     0
 77
     2
 78
   300
148
0.0
149
0.0
100
AcDbLayout
  1
布局1
 70
     1
 71
     1
 10
0.0
 20
0.0
 11
12.0
 21
9.0
 12
0.0
 22
0.0
 32
0.0
 14
0.0
 24
0.0
 34
0.0
 15
0.0
 25
0.0
 35
0.0
146
0.0
 13
0.0
 23
0.0
 33
0.0
 16
1.0
 26
0.0
 36
0.0
 17
0.0
 27
1.0
 37
0.0
 76
     0
330
123
  0
MLINESTYLE
  5
11C
102
{ACAD_REACTORS
330
11B
102
}
330
11B
100
AcDbMlineStyle
  2
STANDARD
 70
     0
  3

 62
   256
 51
90.0
 52
90.0
 71
     2
 49
0.5
 62
   256
  6
BYLAYER
 49
-0.5
 62
   256
  6
BYLAYER
  0
ACDBPLACEHOLDER
  5
114
102
{ACAD_REACTORS
330
113
102
}
330
113
  0
TABLESTYLE
  5
122
102
{ACAD_REACTORS
330
121
102
}
330
121
100
AcDbTableStyle
  3
Standard
 70
     0
 71
     0
 40
0.06
 41
0.06
280
     0
281
     0
  7
STANDARD
140
0.18
170
     2
 62
     0
 63
     7
283
     0
274
    -2
284
     1
 64
     0
275
    -2
285
     1
 65
     0
276
    -2
286
     1
 66
     0
277
    -2
287
     1
 67
     0
278
    -2
288
     1
 68
     0
279
    -2
289
     1
 69
     0
  7
STANDARD
140
0.25
170
     5
 62
     0
 63
     7
283
     0
274
    -2
284
     1
 64
     0
275
    -2
285
     1
 65
     0
276
    -2
286
     1
 66
     0
277
    -2
287
     1
 67
     0
278
    -2
288
     1
 68
     0
279
    -2
289
     1
 69
     0
  7
STANDARD
140
0.18
170
     5
 62
     0
 63
     7
283
     0
274
    -2
284
     1
 64
     0
275
    -2
285
     1
 65
     0
276
    -2
286
     1
 66
     0
277
    -2
287
     1
 67
     0
278
    -2
288
     1
 68
     0
279
    -2
289
     1
 69
     0
  0
DICTIONARYVAR
  5
136
102
{ACAD_REACTORS
330
135
102
}
330
135
100
DictionaryVariables
280
     0
  1
STANDARD
  0
ENDSEC
  0
EOF
