  0
SECTION
  2
HEADER
  9
$ACADVER
  1
AC1018
  9
$ACADMAINTVER
 70
    77
  9
$DWGCODEPAGE
  3
ANSI_936
  9
$INSBASE
 10
0.0
 20
0.0
 30
0.0
  9
$EXTMIN
 10
1452.60663526203
 20
4236.96682464206
 30
0.0
  9
$EXTMAX
 10
2648.60689139997
 20
5736.61952471095
 30
0.0
  9
$LIMMIN
 10
0.0
 20
0.0
  9
$LIMMAX
 10
420.0
 20
297.0
  9
$ORTHOMODE
 70
     0
  9
$REGENMODE
 70
     1
  9
$FILLMODE
 70
     1
  9
$QTEXTMODE
 70
     0
  9
$MIRRTEXT
 70
     0
  9
$LTSCALE
 40
1.0
  9
$ATTMODE
 70
     1
  9
$TEXTSIZE
 40
2.5
  9
$TRACEWID
 40
1.0
  9
$TEXTSTYLE
  7
STANDARD
  9
$CLAYER
  8
0
  9
$CELTYPE
  6
ByLayer
  9
$CECOLOR
 62
   256
  9
$CELTSCALE
 40
1.0
  9
$DISPSILH
 70
     0
  9
$DIMSCALE
 40
1.0
  9
$DIMASZ
 40
2.5
  9
$DIMEXO
 40
0.625
  9
$DIMDLI
 40
3.75
  9
$DIMRND
 40
0.0
  9
$DIMDLE
 40
0.0
  9
$DIMEXE
 40
1.25
  9
$DIMTP
 40
0.0
  9
$DIMTM
 40
0.0
  9
$DIMTXT
 40
2.5
  9
$DIMCEN
 40
2.5
  9
$DIMTSZ
 40
0.0
  9
$DIMTOL
 70
     0
  9
$DIMLIM
 70
     0
  9
$DIMTIH
 70
     0
  9
$DIMTOH
 70
     0
  9
$DIMSE1
 70
     0
  9
$DIMSE2
 70
     0
  9
$DIMTAD
 70
     1
  9
$DIMZIN
 70
     8
  9
$DIMBLK
  1

  9
$DIMASO
 70
     1
  9
$DIMSHO
 70
     1
  9
$DIMPOST
  1

  9
$DIMAPOST
  1

  9
$DIMALT
 70
     0
  9
$DIMALTD
 70
     3
  9
$DIMALTF
 40
0.03937007874016
  9
$DIMLFAC
 40
1.0
  9
$DIMTOFL
 70
     1
  9
$DIMTVP
 40
0.0
  9
$DIMTIX
 70
     0
  9
$DIMSOXD
 70
     0
  9
$DIMSAH
 70
     0
  9
$DIMBLK1
  1

  9
$DIMBLK2
  1

  9
$DIMSTYLE
  2
ISO-25
  9
$DIMCLRD
 70
     0
  9
$DIMCLRE
 70
     0
  9
$DIMCLRT
 70
     0
  9
$DIMTFAC
 40
1.0
  9
$DIMGAP
 40
0.625
  9
$DIMJUST
 70
     0
  9
$DIMSD1
 70
     0
  9
$DIMSD2
 70
     0
  9
$DIMTOLJ
 70
     1
  9
$DIMTZIN
 70
     0
  9
$DIMALTZ
 70
     0
  9
$DIMALTTZ
 70
     0
  9
$DIMUPT
 70
     0
  9
$DIMDEC
 70
     4
  9
$DIMTDEC
 70
     4
  9
$DIMALTU
 70
     2
  9
$DIMALTTD
 70
     2
  9
$DIMTXSTY
  7
STANDARD
  9
$DIMAUNIT
 70
     0
  9
$DIMADEC
 70
     0
  9
$DIMALTRND
 40
0.0
  9
$DIMAZIN
 70
     0
  9
$DIMDSEP
 70
    46
  9
$DIMATFIT
 70
     3
  9
$DIMFRAC
 70
     0
  9
$DIMLDRBLK
  1

  9
$DIMLUNIT
 70
     2
  9
$DIMLWD
 70
    -2
  9
$DIMLWE
 70
    -2
  9
$DIMTMOVE
 70
     0
  9
$LUNITS
 70
     2
  9
$LUPREC
 70
     4
  9
$SKETCHINC
 40
1.0
  9
$FILLETRAD
 40
0.0
  9
$AUNITS
 70
     0
  9
$AUPREC
 70
     0
  9
$MENU
  1
.
  9
$ELEVATION
 40
0.0
  9
$PELEVATION
 40
0.0
  9
$THICKNESS
 40
0.0
  9
$LIMCHECK
 70
     0
  9
$CHAMFERA
 40
0.0
  9
$CHAMFERB
 40
0.0
  9
$CHAMFERC
 40
0.0
  9
$CHAMFERD
 40
0.0
  9
$SKPOLY
 70
     0
  9
$TDCREATE
 40
2456997.676706910
  9
$TDUCREATE
 40
2456997.343373576
  9
$TDUPDATE
 40
2456997.680113438
  9
$TDUUPDATE
 40
2456997.346780104
  9
$TDINDWG
 40
0.0010312963
  9
$TDUSRTIMER
 40
0.0010311806
  9
$USRTIMER
 70
     1
  9
$ANGBASE
 50
0.0
  9
$ANGDIR
 70
     0
  9
$PDMODE
 70
     0
  9
$PDSIZE
 40
0.0
  9
$PLINEWID
 40
0.0
  9
$SPLFRAME
 70
     0
  9
$SPLINETYPE
 70
     6
  9
$SPLINESEGS
 70
     8
  9
$HANDSEED
  5
2609
  9
$SURFTAB1
 70
     6
  9
$SURFTAB2
 70
     6
  9
$SURFTYPE
 70
     6
  9
$SURFU
 70
     6
  9
$SURFV
 70
     6
  9
$UCSBASE
  2

  9
$UCSNAME
  2

  9
$UCSORG
 10
0.0
 20
0.0
 30
0.0
  9
$UCSXDIR
 10
1.0
 20
0.0
 30
0.0
  9
$UCSYDIR
 10
0.0
 20
1.0
 30
0.0
  9
$UCSORTHOREF
  2

  9
$UCSORTHOVIEW
 70
     0
  9
$UCSORGTOP
 10
0.0
 20
0.0
 30
0.0
  9
$UCSORGBOTTOM
 10
0.0
 20
0.0
 30
0.0
  9
$UCSORGLEFT
 10
0.0
 20
0.0
 30
0.0
  9
$UCSORGRIGHT
 10
0.0
 20
0.0
 30
0.0
  9
$UCSORGFRONT
 10
0.0
 20
0.0
 30
0.0
  9
$UCSORGBACK
 10
0.0
 20
0.0
 30
0.0
  9
$PUCSBASE
  2

  9
$PUCSNAME
  2

  9
$PUCSORG
 10
0.0
 20
0.0
 30
0.0
  9
$PUCSXDIR
 10
1.0
 20
0.0
 30
0.0
  9
$PUCSYDIR
 10
0.0
 20
1.0
 30
0.0
  9
$PUCSORTHOREF
  2

  9
$PUCSORTHOVIEW
 70
     0
  9
$PUCSORGTOP
 10
0.0
 20
0.0
 30
0.0
  9
$PUCSORGBOTTOM
 10
0.0
 20
0.0
 30
0.0
  9
$PUCSORGLEFT
 10
0.0
 20
0.0
 30
0.0
  9
$PUCSORGRIGHT
 10
0.0
 20
0.0
 30
0.0
  9
$PUCSORGFRONT
 10
0.0
 20
0.0
 30
0.0
  9
$PUCSORGBACK
 10
0.0
 20
0.0
 30
0.0
  9
$USERI1
 70
     0
  9
$USERI2
 70
     0
  9
$USERI3
 70
     0
  9
$USERI4
 70
     0
  9
$USERI5
 70
     0
  9
$USERR1
 40
0.0
  9
$USERR2
 40
0.0
  9
$USERR3
 40
0.0
  9
$USERR4
 40
0.0
  9
$USERR5
 40
0.0
  9
$WORLDVIEW
 70
     1
  9
$SHADEDGE
 70
     3
  9
$SHADEDIF
 70
    70
  9
$TILEMODE
 70
     1
  9
$MAXACTVP
 70
    64
  9
$PINSBASE
 10
0.0
 20
0.0
 30
0.0
  9
$PLIMCHECK
 70
     0
  9
$PEXTMIN
 10
0.0
 20
0.0
 30
0.0
  9
$PEXTMAX
 10
0.0
 20
0.0
 30
0.0
  9
$PLIMMIN
 10
0.0
 20
0.0
  9
$PLIMMAX
 10
12.0
 20
9.0
  9
$UNITMODE
 70
     0
  9
$VISRETAIN
 70
     1
  9
$PLINEGEN
 70
     0
  9
$PSLTSCALE
 70
     1
  9
$TREEDEPTH
 70
  3020
  9
$CMLSTYLE
  2
Standard
  9
$CMLJUST
 70
     0
  9
$CMLSCALE
 40
1.0
  9
$PROXYGRAPHICS
 70
     1
  9
$MEASUREMENT
 70
     1
  9
$CELWEIGHT
370
    -1
  9
$ENDCAPS
280
     0
  9
$JOINSTYLE
280
     0
  9
$LWDISPLAY
290
     0
  9
$INSUNITS
 70
     0
  9
$HYPERLINKBASE
  1

  9
$STYLESHEET
  1

  9
$XEDIT
290
     1
  9
$CEPSNTYPE
380
     0
  9
$PSTYLEMODE
290
     1
  9
$FINGERPRINTGUID
  2
{1F2D6530-6BF2-4D5E-922F-A9C54F637010}
  9
$VERSIONGUID
  2
{15AD9CB5-51D1-451C-B472-5DB36EFAD6AD}
  9
$EXTNAMES
290
     1
  9
$PSVPSCALE
 40
0.0
  9
$OLESTARTUP
290
     0
  9
$SORTENTS
280
   127
  9
$INDEXCTL
280
     0
  9
$HIDETEXT
280
     0
  9
$XCLIPFRAME
290
     0
  9
$HALOGAP
280
     0
  9
$OBSCOLOR
 70
   257
  9
$OBSLTYPE
280
     0
  9
$INTERSECTIONDISPLAY
280
     0
  9
$INTERSECTIONCOLOR
 70
   257
  9
$DIMASSOC
280
     1
  9
$PROJECTNAME
  1

  0
ENDSEC
  0
SECTION
  2
CLASSES
  0
CLASS
  1
ACDBDICTIONARYWDFLT
  2
AcDbDictionaryWithDefault
  3
ObjectDBX Classes
 90
        0
 91
        1
280
     0
281
     0
  0
CLASS
  1
TABLESTYLE
  2
AcDbTableStyle
  3
ObjectDBX Classes
 90
     2047
 91
        1
280
     0
281
     0
  0
CLASS
  1
DICTIONARYVAR
  2
AcDbDictionaryVar
  3
ObjectDBX Classes
 90
        0
 91
        1
280
     0
281
     0
  0
ENDSEC
  0
SECTION
  2
TABLES
  0
TABLE
  2
VPORT
  5
10D
330
0
100
AcDbSymbolTable
 70
     2
  0
VPORT
  5
137
330
10D
100
AcDbSymbolTableRecord
100
AcDbViewportTableRecord
  2
*Active
 70
     0
 10
0.0
 20
0.0
 11
1.0
 21
1.0
 12
2050.606763331
 22
4986.7931746765
 13
0.0
 23
0.0
 14
10.0
 24
10.0
 15
10.0
 25
10.0
 16
0.0
 26
0.0
 36
1.0
 17
0.0
 27
0.0
 37
0.0
 40
551.708552688342
 41
2.435135135135135
 42
50.0
 43
0.0
 44
0.0
 50
0.0
 51
0.0
 71
     0
 72
  1000
 73
     1
 74
     3
 75
     0
 76
     0
 77
     0
 78
     0
281
     0
 65
     1
110
0.0
120
0.0
130
0.0
111
1.0
121
0.0
131
0.0
112
0.0
122
1.0
132
0.0
 79
     0
146
0.0
  0
ENDTAB
  0
TABLE
  2
LTYPE
  5
10A
330
0
100
AcDbSymbolTable
 70
     1
  0
LTYPE
  5
118
330
10A
100
AcDbSymbolTableRecord
100
AcDbLinetypeTableRecord
  2
ByBlock
 70
     0
  3

 72
    65
 73
     0
 40
0.0
  0
LTYPE
  5
119
330
10A
100
AcDbSymbolTableRecord
100
AcDbLinetypeTableRecord
  2
ByLayer
 70
     0
  3

 72
    65
 73
     0
 40
0.0
  0
LTYPE
  5
11A
330
10A
100
AcDbSymbolTableRecord
100
AcDbLinetypeTableRecord
  2
CONTINUOUS
 70
     0
  3
Solid line
 72
    65
 73
     0
 40
0.0
  0
ENDTAB
  0
TABLE
  2
LAYER
  5
107
330
0
100
AcDbSymbolTable
 70
     1
  0
LAYER
  5
115
330
107
100
AcDbSymbolTableRecord
100
AcDbLayerTableRecord
  2
0
 70
     0
 62
     7
  6
CONTINUOUS
370
    -3
390
114
  0
ENDTAB
  0
TABLE
  2
STYLE
  5
108
330
0
100
AcDbSymbolTable
 70
     1
  0
STYLE
  5
116
330
108
100
AcDbSymbolTableRecord
100
AcDbTextStyleTableRecord
  2
STANDARD
 70
     0
 40
0.0
 41
1.0
 50
0.0
 71
     0
 42
2.5
  3
txt
  4
gbcbig.shx
  0
ENDTAB
  0
TABLE
  2
VIEW
  5
10B
330
0
100
AcDbSymbolTable
 70
     0
  0
ENDTAB
  0
TABLE
  2
UCS
  5
10C
330
0
100
AcDbSymbolTable
 70
     0
  0
ENDTAB
  0
TABLE
  2
APPID
  5
10E
330
0
100
AcDbSymbolTable
 70
     2
  0
APPID
  5
117
330
10E
100
AcDbSymbolTableRecord
100
AcDbRegAppTableRecord
  2
ACAD
 70
     0
  0
APPID
  5
12C
330
10E
100
AcDbSymbolTableRecord
100
AcDbRegAppTableRecord
  2
ACAD_PSEXT
 70
     0
  0
APPID
  5
112C
330
10E
100
AcDbSymbolTableRecord
100
AcDbRegAppTableRecord
  2
FS_CYPCUT
 70
     0
  0
ENDTAB
  0
TABLE
  2
DIMSTYLE
  5
10F
330
0
100
AcDbSymbolTable
 70
     1
100
AcDbDimStyleTable
 71
     0
  0
DIMSTYLE
105
12D
330
10F
100
AcDbSymbolTableRecord
100
AcDbDimStyleTableRecord
  2
ISO-25
 70
     0
 41
2.5
 42
0.625
 43
3.75
 44
1.25
 73
     0
 74
     0
 77
     1
 78
     8
140
2.5
141
2.5
143
0.03937007874016
147
0.625
171
     3
172
     1
274
     3
279
     2
284
     8
285
     8
286
     8
340
116
  0
ENDTAB
  0
TABLE
  2
BLOCK_RECORD
  5
106
330
0
100
AcDbSymbolTable
 70
     2
  0
BLOCK_RECORD
  5
127
330
106
100
AcDbSymbolTableRecord
100
AcDbBlockTableRecord
  2
*Model_Space
340
12A
  0
BLOCK_RECORD
  5
123
330
106
100
AcDbSymbolTableRecord
100
AcDbBlockTableRecord
  2
*Paper_Space
340
126
  0
BLOCK_RECORD
  5
130
330
106
100
AcDbSymbolTableRecord
100
AcDbBlockTableRecord
  2
$MODEL_SPACE
340
0
  0
BLOCK_RECORD
  5
132
330
106
100
AcDbSymbolTableRecord
100
AcDbBlockTableRecord
  2
$PAPER_SPACE
340
0
       0
BLOCK_RECORD
       5
2000
     330
106
     100
AcDbSymbolTableRecord
     100
AcDbBlockTableRecord
       2
Part1519018104
       0
BLOCK_RECORD
       5
2001
     330
106
     100
AcDbSymbolTableRecord
     100
AcDbBlockTableRecord
       2
Part680143328
       0
BLOCK_RECORD
       5
2002
     330
106
     100
AcDbSymbolTableRecord
     100
AcDbBlockTableRecord
       2
Part1531876194
       0
BLOCK_RECORD
       5
2003
     330
106
     100
AcDbSymbolTableRecord
     100
AcDbBlockTableRecord
       2
Part645245156
       0
BLOCK_RECORD
       5
2004
     330
106
     100
AcDbSymbolTableRecord
     100
AcDbBlockTableRecord
       2
Part328370418
       0
BLOCK_RECORD
       5
2005
     330
106
     100
AcDbSymbolTableRecord
     100
AcDbBlockTableRecord
       2
Part1029178374
       0
BLOCK_RECORD
       5
2006
     330
106
     100
AcDbSymbolTableRecord
     100
AcDbBlockTableRecord
       2
Part1849591903
       0
BLOCK_RECORD
       5
2007
     330
106
     100
AcDbSymbolTableRecord
     100
AcDbBlockTableRecord
       2
Part905521357
       0
BLOCK_RECORD
       5
2008
     330
106
     100
AcDbSymbolTableRecord
     100
AcDbBlockTableRecord
       2
Part1275967164
       0
BLOCK_RECORD
       5
2009
     330
106
     100
AcDbSymbolTableRecord
     100
AcDbBlockTableRecord
       2
Part1761570336
       0
BLOCK_RECORD
       5
200A
     330
106
     100
AcDbSymbolTableRecord
     100
AcDbBlockTableRecord
       2
Part986589861
       0
BLOCK_RECORD
       5
200B
     330
106
     100
AcDbSymbolTableRecord
     100
AcDbBlockTableRecord
       2
Part1261060681
       0
BLOCK_RECORD
       5
200C
     330
106
     100
AcDbSymbolTableRecord
     100
AcDbBlockTableRecord
       2
Part1966091067
       0
BLOCK_RECORD
       5
200D
     330
106
     100
AcDbSymbolTableRecord
     100
AcDbBlockTableRecord
       2
Part1511770155
       0
BLOCK_RECORD
       5
200E
     330
106
     100
AcDbSymbolTableRecord
     100
AcDbBlockTableRecord
       2
Part818906941
       0
BLOCK_RECORD
       5
200F
     330
106
     100
AcDbSymbolTableRecord
     100
AcDbBlockTableRecord
       2
Part132516952
       0
BLOCK_RECORD
       5
2010
     330
106
     100
AcDbSymbolTableRecord
     100
AcDbBlockTableRecord
       2
Part992336606
       0
BLOCK_RECORD
       5
2011
     330
106
     100
AcDbSymbolTableRecord
     100
AcDbBlockTableRecord
       2
Part846832247
       0
BLOCK_RECORD
       5
2012
     330
106
     100
AcDbSymbolTableRecord
     100
AcDbBlockTableRecord
       2
Part744883633
       0
BLOCK_RECORD
       5
2013
     330
106
     100
AcDbSymbolTableRecord
     100
AcDbBlockTableRecord
       2
Part2073051738
       0
BLOCK_RECORD
       5
2014
     330
106
     100
AcDbSymbolTableRecord
     100
AcDbBlockTableRecord
       2
Part988051913
       0
BLOCK_RECORD
       5
2015
     330
106
     100
AcDbSymbolTableRecord
     100
AcDbBlockTableRecord
       2
Part894841110
       0
BLOCK_RECORD
       5
2016
     330
106
     100
AcDbSymbolTableRecord
     100
AcDbBlockTableRecord
       2
Part1323622216
       0
BLOCK_RECORD
       5
2017
     330
106
     100
AcDbSymbolTableRecord
     100
AcDbBlockTableRecord
       2
Part1758779061
       0
BLOCK_RECORD
       5
2018
     330
106
     100
AcDbSymbolTableRecord
     100
AcDbBlockTableRecord
       2
CommonPart1477271637
       0
BLOCK_RECORD
       5
2019
     330
106
     100
AcDbSymbolTableRecord
     100
AcDbBlockTableRecord
       2
Part951799850
       0
BLOCK_RECORD
       5
201A
     330
106
     100
AcDbSymbolTableRecord
     100
AcDbBlockTableRecord
       2
Part888655469
       0
BLOCK_RECORD
       5
201B
     330
106
     100
AcDbSymbolTableRecord
     100
AcDbBlockTableRecord
       2
Part1142136226
       0
BLOCK_RECORD
       5
201C
     330
106
     100
AcDbSymbolTableRecord
     100
AcDbBlockTableRecord
       2
Part1018614131
       0
BLOCK_RECORD
       5
201D
     330
106
     100
AcDbSymbolTableRecord
     100
AcDbBlockTableRecord
       2
Part912819903
       0
BLOCK_RECORD
       5
201E
     330
106
     100
AcDbSymbolTableRecord
     100
AcDbBlockTableRecord
       2
Part599336924
       0
BLOCK_RECORD
       5
201F
     330
106
     100
AcDbSymbolTableRecord
     100
AcDbBlockTableRecord
       2
Part343790305
       0
BLOCK_RECORD
       5
2020
     330
106
     100
AcDbSymbolTableRecord
     100
AcDbBlockTableRecord
       2
CommonPart141338637
       0
BLOCK_RECORD
       5
2021
     330
106
     100
AcDbSymbolTableRecord
     100
AcDbBlockTableRecord
       2
CommonPart2092661145
       0
BLOCK_RECORD
       5
2022
     330
106
     100
AcDbSymbolTableRecord
     100
AcDbBlockTableRecord
       2
CommonPart223872127
       0
BLOCK_RECORD
       5
2023
     330
106
     100
AcDbSymbolTableRecord
     100
AcDbBlockTableRecord
       2
Part638729970
       0
BLOCK_RECORD
       5
2024
     330
106
     100
AcDbSymbolTableRecord
     100
AcDbBlockTableRecord
       2
Part1200916012
       0
BLOCK_RECORD
       5
2025
     330
106
     100
AcDbSymbolTableRecord
     100
AcDbBlockTableRecord
       2
Part1716603691
       0
BLOCK_RECORD
       5
2026
     330
106
     100
AcDbSymbolTableRecord
     100
AcDbBlockTableRecord
       2
Part676705652
       0
BLOCK_RECORD
       5
2027
     330
106
     100
AcDbSymbolTableRecord
     100
AcDbBlockTableRecord
       2
Part935482328
       0
BLOCK_RECORD
       5
2028
     330
106
     100
AcDbSymbolTableRecord
     100
AcDbBlockTableRecord
       2
Part2125304579
       0
BLOCK_RECORD
       5
2029
     330
106
     100
AcDbSymbolTableRecord
     100
AcDbBlockTableRecord
       2
Part995971909
       0
BLOCK_RECORD
       5
202A
     330
106
     100
AcDbSymbolTableRecord
     100
AcDbBlockTableRecord
       2
CommonPart1143974567
       0
BLOCK_RECORD
       5
202B
     330
106
     100
AcDbSymbolTableRecord
     100
AcDbBlockTableRecord
       2
Part662790077
       0
BLOCK_RECORD
       5
202C
     330
106
     100
AcDbSymbolTableRecord
     100
AcDbBlockTableRecord
       2
Part1309636942
       0
BLOCK_RECORD
       5
202D
     330
106
     100
AcDbSymbolTableRecord
     100
AcDbBlockTableRecord
       2
Part507024904
       0
BLOCK_RECORD
       5
202E
     330
106
     100
AcDbSymbolTableRecord
     100
AcDbBlockTableRecord
       2
Part265080373
       0
BLOCK_RECORD
       5
202F
     330
106
     100
AcDbSymbolTableRecord
     100
AcDbBlockTableRecord
       2
Part128714420
       0
BLOCK_RECORD
       5
2030
     330
106
     100
AcDbSymbolTableRecord
     100
AcDbBlockTableRecord
       2
Part1376891641
       0
BLOCK_RECORD
       5
2031
     330
106
     100
AcDbSymbolTableRecord
     100
AcDbBlockTableRecord
       2
Part2059821617
       0
BLOCK_RECORD
       5
2032
     330
106
     100
AcDbSymbolTableRecord
     100
AcDbBlockTableRecord
       2
Part863318918
       0
BLOCK_RECORD
       5
2033
     330
106
     100
AcDbSymbolTableRecord
     100
AcDbBlockTableRecord
       2
Part783515171
       0
BLOCK_RECORD
       5
2034
     330
106
     100
AcDbSymbolTableRecord
     100
AcDbBlockTableRecord
       2
Part173456599
       0
BLOCK_RECORD
       5
2035
     330
106
     100
AcDbSymbolTableRecord
     100
AcDbBlockTableRecord
       2
Part1782408295
       0
BLOCK_RECORD
       5
2036
     330
106
     100
AcDbSymbolTableRecord
     100
AcDbBlockTableRecord
       2
Part1453748921
       0
BLOCK_RECORD
       5
2037
     330
106
     100
AcDbSymbolTableRecord
     100
AcDbBlockTableRecord
       2
Part1782064545
       0
BLOCK_RECORD
       5
2038
     330
106
     100
AcDbSymbolTableRecord
     100
AcDbBlockTableRecord
       2
Part1515863508
       0
BLOCK_RECORD
       5
2039
     330
106
     100
AcDbSymbolTableRecord
     100
AcDbBlockTableRecord
       2
Part1900088367
       0
BLOCK_RECORD
       5
203A
     330
106
     100
AcDbSymbolTableRecord
     100
AcDbBlockTableRecord
       2
CommonPart
       0
BLOCK_RECORD
       5
203B
     330
106
     100
AcDbSymbolTableRecord
     100
AcDbBlockTableRecord
       2
Part1822416826
       0
BLOCK_RECORD
       5
203C
     330
106
     100
AcDbSymbolTableRecord
     100
AcDbBlockTableRecord
       2
Part301119582
       0
BLOCK_RECORD
       5
203D
     330
106
     100
AcDbSymbolTableRecord
     100
AcDbBlockTableRecord
       2
Part1683212966
       0
BLOCK_RECORD
       5
203E
     330
106
     100
AcDbSymbolTableRecord
     100
AcDbBlockTableRecord
       2
Part882002832
       0
BLOCK_RECORD
       5
203F
     330
106
     100
AcDbSymbolTableRecord
     100
AcDbBlockTableRecord
       2
Part1129454218
       0
BLOCK_RECORD
       5
2040
     330
106
     100
AcDbSymbolTableRecord
     100
AcDbBlockTableRecord
       2
Part455976257
       0
BLOCK_RECORD
       5
2041
     330
106
     100
AcDbSymbolTableRecord
     100
AcDbBlockTableRecord
       2
Part464869939
       0
BLOCK_RECORD
       5
2042
     330
106
     100
AcDbSymbolTableRecord
     100
AcDbBlockTableRecord
       2
Part1407599215
       0
BLOCK_RECORD
       5
2043
     330
106
     100
AcDbSymbolTableRecord
     100
AcDbBlockTableRecord
       2
CommonPart70715535
       0
BLOCK_RECORD
       5
2044
     330
106
     100
AcDbSymbolTableRecord
     100
AcDbBlockTableRecord
       2
CommonPart1484453542
       0
BLOCK_RECORD
       5
2045
     330
106
     100
AcDbSymbolTableRecord
     100
AcDbBlockTableRecord
       2
Part184803086
       0
BLOCK_RECORD
       5
2046
     330
106
     100
AcDbSymbolTableRecord
     100
AcDbBlockTableRecord
       2
Part579523912
  0
ENDTAB
  0
ENDSEC
  0
SECTION
  2
BLOCKS
  0
BLOCK
  5
128
330
127
100
AcDbEntity
  8
0
100
AcDbBlockBegin
  2
*Model_Space
 70
     0
 10
0.0
 20
0.0
 30
0.0
  3
*Model_Space
  1

  0
ENDBLK
  5
129
330
127
100
AcDbEntity
  8
0
100
AcDbBlockEnd
  0
BLOCK
  5
124
330
123
100
AcDbEntity
 67
     1
  8
0
100
AcDbBlockBegin
  2
*Paper_Space
 70
     0
 10
0.0
 20
0.0
 30
0.0
  3
*Paper_Space
  1

  0
ENDBLK
  5
125
330
123
100
AcDbEntity
 67
     1
  8
0
100
AcDbBlockEnd
  0
BLOCK
  5
131
330
130
100
AcDbEntity
  8
0
100
AcDbBlockBegin
  2
$MODEL_SPACE
 70
     0
 10
0.0
 20
0.0
 30
0.0
  3
$MODEL_SPACE
  1

  0
ENDBLK
  5
21
330
130
100
AcDbEntity
  8
0
100
AcDbBlockEnd
  0
BLOCK
  5
133
330
132
100
AcDbEntity
  8
0
100
AcDbBlockBegin
  2
$PAPER_SPACE
 70
     0
 10
0.0
 20
0.0
 30
0.0
  3
$PAPER_SPACE
  1

  0
ENDBLK
  5
D5
330
132
100
AcDbEntity
  8
0
100
AcDbBlockEnd
       0
BLOCK
       5
2047
     330
2000
     100
AcDbEntity
       8
0
     100
AcDbBlockBegin
       2
Part1519018104
      70
0
      10
-12.5
      20
-24
      30
0
       3
Part1519018104
       1

       4
CypCutBlock
       0
LWPOLYLINE
       5
2048
     100
AcDbEntity
       8
1
     100
AcDbPolyline
      90
4
      70
1
      10
4.25
      20
11.5
      42
0
      10
4.25
      20
-3.5
      42
-1
      10
-4.25
      20
-3.5
      42
0
      10
-4.25
      20
11.5
      42
-1
    1001
FS_CYPCUT
    1000
Channel
    1070
1
    1000
LeadIn
    1002
{
    1070
3
    1040
0.5
    1040
1.5707963267949
    1040
1
    1040
1
    1070
0
    1040
0.5
    1070
0
    1002
}
    1000
LeadOut
    1002
{
    1070
0
    1040
0
    1040
0
    1040
0
    1070
0
    1002
}
    1000
IsFill
    1070
0
    1000
PathStart
    1040
0.5
    1000
ToolCompensation
    1002
{
    1070
0
    1040
0
    1070
0
    1002
}
       0
LWPOLYLINE
       5
2049
     100
AcDbEntity
       8
1
     100
AcDbPolyline
      90
10
      70
1
      10
12.5
      20
15.5
      42
0
      10
12.5
      20
-17.5
      42
0
      10
4.5
      20
-17.5
      42
0
      10
4.5
      20
-24
      42
0
      10
-4.5
      20
-24
      42
0
      10
-4.5
      20
-17.5
      42
0
      10
-12.5
      20
-17.5
      42
0
      10
-12.5
      20
15.5
      42
-0.414213562373096
      10
-10.5
      20
17.5
      42
0
      10
10.5
      20
17.5
      42
-0.414213562373095
    1001
FS_CYPCUT
    1000
Channel
    1070
1
    1000
LeadIn
    1002
{
    1070
3
    1040
0.5
    1040
1.5707963267949
    1040
1
    1040
1
    1070
0
    1040
0.5
    1070
0
    1002
}
    1000
LeadOut
    1002
{
    1070
0
    1040
0
    1040
0
    1040
0
    1070
0
    1002
}
    1000
IsFill
    1070
1
    1000
PathStart
    1040
0.5
    1000
ToolCompensation
    1002
{
    1070
0
    1040
0
    1070
0
    1002
}
    1000
MicroConnect
    1002
{
    1070
1
    1040
3.44536598
    1041
0.8
    1042
0
    1002
}
       0
ENDBLK
       5
204A
     330
2000
     100
AcDbEntity
       8
0
     100
AcDbBlockEnd
       0
BLOCK
       5
204B
     330
2001
     100
AcDbEntity
       8
0
     100
AcDbBlockBegin
       2
Part680143328
      70
0
      10
-12.5
      20
-24
      30
0
       3
Part680143328
       1

       4
CypCutBlock
       0
LWPOLYLINE
       5
204C
     100
AcDbEntity
       8
1
     100
AcDbPolyline
      90
4
      70
1
      10
4.25
      20
11.5
      42
0
      10
4.25
      20
-3.5
      42
-1
      10
-4.25
      20
-3.5
      42
0
      10
-4.25
      20
11.5
      42
-1
    1001
FS_CYPCUT
    1000
Channel
    1070
1
    1000
LeadIn
    1002
{
    1070
3
    1040
0.5
    1040
1.5707963267949
    1040
1
    1040
1
    1070
0
    1040
0.5
    1070
0
    1002
}
    1000
LeadOut
    1002
{
    1070
0
    1040
0
    1040
0
    1040
0
    1070
0
    1002
}
    1000
IsFill
    1070
0
    1000
PathStart
    1040
0.5
    1000
ToolCompensation
    1002
{
    1070
0
    1040
0
    1070
0
    1002
}
       0
LWPOLYLINE
       5
204D
     100
AcDbEntity
       8
1
     100
AcDbPolyline
      90
10
      70
1
      10
12.5
      20
15.5
      42
0
      10
12.5
      20
-17.5
      42
0
      10
4.5
      20
-17.5
      42
0
      10
4.5
      20
-24
      42
0
      10
-4.5
      20
-24
      42
0
      10
-4.5
      20
-17.5
      42
0
      10
-12.5
      20
-17.5
      42
0
      10
-12.5
      20
15.5
      42
-0.414213562373096
      10
-10.5
      20
17.5
      42
0
      10
10.5
      20
17.5
      42
-0.414213562373095
    1001
FS_CYPCUT
    1000
Channel
    1070
1
    1000
LeadIn
    1002
{
    1070
3
    1040
0.5
    1040
1.5707963267949
    1040
1
    1040
1
    1070
0
    1040
0.5
    1070
0
    1002
}
    1000
LeadOut
    1002
{
    1070
0
    1040
0
    1040
0
    1040
0
    1070
0
    1002
}
    1000
IsFill
    1070
1
    1000
PathStart
    1040
0.5
    1000
ToolCompensation
    1002
{
    1070
0
    1040
0
    1070
0
    1002
}
    1000
MicroConnect
    1002
{
    1070
1
    1040
3.44536598
    1041
0.8
    1042
0
    1002
}
       0
ENDBLK
       5
204E
     330
2001
     100
AcDbEntity
       8
0
     100
AcDbBlockEnd
       0
BLOCK
       5
204F
     330
2002
     100
AcDbEntity
       8
0
     100
AcDbBlockBegin
       2
Part1531876194
      70
0
      10
-12.5
      20
-24
      30
0
       3
Part1531876194
       1

       4
CypCutBlock
       0
LWPOLYLINE
       5
2050
     100
AcDbEntity
       8
1
     100
AcDbPolyline
      90
4
      70
1
      10
4.25
      20
11.5
      42
0
      10
4.25
      20
-3.5
      42
-1
      10
-4.25
      20
-3.5
      42
0
      10
-4.25
      20
11.5
      42
-1
    1001
FS_CYPCUT
    1000
Channel
    1070
1
    1000
LeadIn
    1002
{
    1070
3
    1040
0.5
    1040
1.5707963267949
    1040
1
    1040
1
    1070
0
    1040
0.5
    1070
0
    1002
}
    1000
LeadOut
    1002
{
    1070
0
    1040
0
    1040
0
    1040
0
    1070
0
    1002
}
    1000
IsFill
    1070
0
    1000
PathStart
    1040
0.5
    1000
ToolCompensation
    1002
{
    1070
0
    1040
0
    1070
0
    1002
}
       0
LWPOLYLINE
       5
2051
     100
AcDbEntity
       8
1
     100
AcDbPolyline
      90
10
      70
1
      10
12.5
      20
15.5
      42
0
      10
12.5
      20
-17.5
      42
0
      10
4.5
      20
-17.5
      42
0
      10
4.5
      20
-24
      42
0
      10
-4.5
      20
-24
      42
0
      10
-4.5
      20
-17.5
      42
0
      10
-12.5
      20
-17.5
      42
0
      10
-12.5
      20
15.5
      42
-0.414213562373096
      10
-10.5
      20
17.5
      42
0
      10
10.5
      20
17.5
      42
-0.414213562373095
    1001
FS_CYPCUT
    1000
Channel
    1070
1
    1000
LeadIn
    1002
{
    1070
3
    1040
0.5
    1040
1.5707963267949
    1040
1
    1040
1
    1070
0
    1040
0.5
    1070
0
    1002
}
    1000
LeadOut
    1002
{
    1070
0
    1040
0
    1040
0
    1040
0
    1070
0
    1002
}
    1000
IsFill
    1070
1
    1000
PathStart
    1040
0.5
    1000
ToolCompensation
    1002
{
    1070
0
    1040
0
    1070
0
    1002
}
    1000
MicroConnect
    1002
{
    1070
1
    1040
3.44536598
    1041
0.8
    1042
0
    1002
}
       0
ENDBLK
       5
2052
     330
2002
     100
AcDbEntity
       8
0
     100
AcDbBlockEnd
       0
BLOCK
       5
2053
     330
2003
     100
AcDbEntity
       8
0
     100
AcDbBlockBegin
       2
Part645245156
      70
0
      10
-12.5
      20
-24
      30
0
       3
Part645245156
       1

       4
CypCutBlock
       0
LWPOLYLINE
       5
2054
     100
AcDbEntity
       8
1
     100
AcDbPolyline
      90
4
      70
1
      10
4.25
      20
11.5
      42
0
      10
4.25
      20
-3.5
      42
-1
      10
-4.25
      20
-3.5
      42
0
      10
-4.25
      20
11.5
      42
-1
    1001
FS_CYPCUT
    1000
Channel
    1070
1
    1000
LeadIn
    1002
{
    1070
3
    1040
0.5
    1040
1.5707963267949
    1040
1
    1040
1
    1070
0
    1040
0.5
    1070
0
    1002
}
    1000
LeadOut
    1002
{
    1070
0
    1040
0
    1040
0
    1040
0
    1070
0
    1002
}
    1000
IsFill
    1070
0
    1000
PathStart
    1040
0.5
    1000
ToolCompensation
    1002
{
    1070
0
    1040
0
    1070
0
    1002
}
       0
LWPOLYLINE
       5
2055
     100
AcDbEntity
       8
1
     100
AcDbPolyline
      90
10
      70
1
      10
12.5
      20
15.5
      42
0
      10
12.5
      20
-17.5
      42
0
      10
4.5
      20
-17.5
      42
0
      10
4.5
      20
-24
      42
0
      10
-4.5
      20
-24
      42
0
      10
-4.5
      20
-17.5
      42
0
      10
-12.5
      20
-17.5
      42
0
      10
-12.5
      20
15.5
      42
-0.414213562373096
      10
-10.5
      20
17.5
      42
0
      10
10.5
      20
17.5
      42
-0.414213562373095
    1001
FS_CYPCUT
    1000
Channel
    1070
1
    1000
LeadIn
    1002
{
    1070
3
    1040
0.5
    1040
1.5707963267949
    1040
1
    1040
1
    1070
0
    1040
0.5
    1070
0
    1002
}
    1000
LeadOut
    1002
{
    1070
0
    1040
0
    1040
0
    1040
0
    1070
0
    1002
}
    1000
IsFill
    1070
1
    1000
PathStart
    1040
0.5
    1000
ToolCompensation
    1002
{
    1070
0
    1040
0
    1070
0
    1002
}
    1000
MicroConnect
    1002
{
    1070
1
    1040
3.44536598
    1041
0.8
    1042
0
    1002
}
       0
ENDBLK
       5
2056
     330
2003
     100
AcDbEntity
       8
0
     100
AcDbBlockEnd
       0
BLOCK
       5
2057
     330
2004
     100
AcDbEntity
       8
0
     100
AcDbBlockBegin
       2
Part328370418
      70
0
      10
-65.5524037
      20
-46.45
      30
0
       3
Part328370418
       1

       4
CypCutBlock
       0
CIRCLE
       5
2058
     100
AcDbEntity
       8
1
     100
AcDbCircle
      10
-53.033008589
      20
-24.6931164497
      30
0
      40
5.75000000000025
    1001
FS_CYPCUT
    1000
Channel
    1070
1
    1000
LeadIn
    1002
{
    1070
3
    1040
0
    1040
1.5707963267949
    1040
1
    1040
1
    1070
0
    1040
0.5
    1070
0
    1002
}
    1000
LeadOut
    1002
{
    1070
0
    1040
0
    1040
0
    1040
0
    1070
0
    1002
}
    1000
IsFill
    1070
0
    1000
PathStart
    1040
0
    1000
ToolCompensation
    1002
{
    1070
0
    1040
0
    1070
0
    1002
}
       0
LWPOLYLINE
       5
2059
     100
AcDbEntity
       8
1
     100
AcDbPolyline
      90
4
      70
1
      10
-49.5
      20
4.75
      42
0
      10
-56
      20
4.75
      42
0
      10
-56
      20
-4.75
      42
0
      10
-49.5
      20
-4.75
      42
0
    1001
FS_CYPCUT
    1000
Channel
    1070
1
    1000
LeadIn
    1002
{
    1070
3
    1040
1.5
    1040
1.5707963267949
    1040
1
    1040
1
    1070
0
    1040
0.5
    1070
0
    1002
}
    1000
LeadOut
    1002
{
    1070
0
    1040
0
    1040
0
    1040
0
    1070
0
    1002
}
    1000
IsFill
    1070
0
    1000
PathStart
    1040
1.5
    1000
ToolCompensation
    1002
{
    1070
0
    1040
0
    1070
0
    1002
}
       0
CIRCLE
       5
205A
     100
AcDbEntity
       8
1
     100
AcDbCircle
      10
-41.3657466994
      20
41.3657466994
      30
0
      40
5.75000000000106
    1001
FS_CYPCUT
    1000
Channel
    1070
1
    1000
LeadIn
    1002
{
    1070
3
    1040
0
    1040
1.5707963267949
    1040
1
    1040
1
    1070
0
    1040
0.5
    1070
0
    1002
}
    1000
LeadOut
    1002
{
    1070
0
    1040
0
    1040
0
    1040
0
    1070
0
    1002
}
    1000
IsFill
    1070
0
    1000
PathStart
    1040
0
    1000
ToolCompensation
    1002
{
    1070
0
    1040
0
    1070
0
    1002
}
       0
CIRCLE
       5
205B
     100
AcDbEntity
       8
1
     100
AcDbCircle
      10
0
      20
0
      30
0
      40
28.6
    1001
FS_CYPCUT
    1000
Channel
    1070
1
    1000
LeadIn
    1002
{
    1070
3
    1040
0
    1040
1.5707963267949
    1040
1
    1040
1
    1070
0
    1040
0.5
    1070
0
    1002
}
    1000
LeadOut
    1002
{
    1070
0
    1040
0
    1040
0
    1040
0
    1070
0
    1002
}
    1000
IsFill
    1070
0
    1000
PathStart
    1040
1
    1000
ToolCompensation
    1002
{
    1070
0
    1040
0
    1070
0
    1002
}
       0
CIRCLE
       5
205C
     100
AcDbEntity
       8
1
     100
AcDbCircle
      10
41.3657466994
      20
41.3657466994
      30
0
      40
5.74999999999999
    1001
FS_CYPCUT
    1000
Channel
    1070
1
    1000
LeadIn
    1002
{
    1070
3
    1040
0
    1040
1.5707963267949
    1040
1
    1040
1
    1070
0
    1040
0.5
    1070
0
    1002
}
    1000
LeadOut
    1002
{
    1070
0
    1040
0
    1040
0
    1040
0
    1070
0
    1002
}
    1000
IsFill
    1070
0
    1000
PathStart
    1040
0
    1000
ToolCompensation
    1002
{
    1070
0
    1040
0
    1070
0
    1002
}
       0
CIRCLE
       5
205D
     100
AcDbEntity
       8
1
     100
AcDbCircle
      10
53.033008589
      20
-24.6931164497
      30
0
      40
5.75000000000026
    1001
FS_CYPCUT
    1000
Channel
    1070
1
    1000
LeadIn
    1002
{
    1070
3
    1040
0
    1040
1.5707963267949
    1040
1
    1040
1
    1070
0
    1040
0.5
    1070
0
    1002
}
    1000
LeadOut
    1002
{
    1070
0
    1040
0
    1040
0
    1040
0
    1070
0
    1002
}
    1000
IsFill
    1070
0
    1000
PathStart
    1040
1
    1000
ToolCompensation
    1002
{
    1070
0
    1040
0
    1070
0
    1002
}
       0
LWPOLYLINE
       5
205E
     100
AcDbEntity
       8
1
     100
AcDbPolyline
      90
8
      70
1
      10
59.954586605673
      20
-36.004212699688
      42
0.182860138040648
      10
55.4881539542929
      20
47.8085481922624
      42
0.187364482628871
      10
47.808548192239
      20
55.4881539543464
      42
0.21051151088183
      10
-47.8085481922628
      20
55.488153954294
      42
0.187364482628871
      10
-55.4881539543464
      20
47.808548192239
      42
0.182860138040648
      10
-59.9545866057107
      20
-36.004212699687
      42
0.326489132590465
      10
-45.6626606793
      20
-46.45
      42
0
      10
45.6626606793
      20
-46.45
      42
0.326489132590466
    1001
FS_CYPCUT
    1000
Channel
    1070
1
    1000
LeadIn
    1002
{
    1070
3
    1040
2.5
    1040
1.5707963267949
    1040
1
    1040
1
    1070
0
    1040
0.5
    1070
0
    1002
}
    1000
LeadOut
    1002
{
    1070
0
    1040
0
    1040
0
    1040
0
    1070
0
    1002
}
    1000
IsFill
    1070
1
    1000
PathStart
    1040
2.5
    1000
ToolCompensation
    1002
{
    1070
0
    1040
0
    1070
0
    1002
}
    1000
MicroConnect
    1002
{
    1070
2
    1040
0.1169245
    1041
0.8
    1042
0
    1040
4.88958178
    1041
0.8
    1042
0
    1002
}
       0
ENDBLK
       5
205F
     330
2004
     100
AcDbEntity
       8
0
     100
AcDbBlockEnd
       0
BLOCK
       5
2060
     330
2005
     100
AcDbEntity
       8
0
     100
AcDbBlockBegin
       2
Part1029178374
      70
0
      10
-162.5
      20
-162.5
      30
0
       3
Part1029178374
       1

       4
CypCutBlock
       0
CIRCLE
       5
2061
     100
AcDbEntity
       8
1
     100
AcDbCircle
      10
-51.1919928337
      20
-137.5316049849
      30
0
      40
6
    1001
FS_CYPCUT
    1000
Channel
    1070
1
    1000
LeadIn
    1002
{
    1070
3
    1040
1.38777878078145E-16
    1040
1.5707963267949
    1040
1
    1040
1
    1070
0
    1040
0.5
    1070
0
    1002
}
    1000
LeadOut
    1002
{
    1070
0
    1040
0
    1040
0
    1040
0
    1070
0
    1002
}
    1000
IsFill
    1070
0
    1000
PathStart
    1040
1.38777878078145E-16
    1000
ToolCompensation
    1002
{
    1070
0
    1040
0
    1070
0
    1002
}
       0
CIRCLE
       5
2062
     100
AcDbEntity
       8
1
     100
AcDbCircle
      10
-128.6581678929
      20
-70.5878058481
      30
0
      40
6
    1001
FS_CYPCUT
    1000
Channel
    1070
1
    1000
LeadIn
    1002
{
    1070
3
    1040
0
    1040
1.5707963267949
    1040
1
    1040
1
    1070
0
    1040
0.5
    1070
0
    1002
}
    1000
LeadOut
    1002
{
    1070
0
    1040
0
    1040
0
    1040
0
    1070
0
    1002
}
    1000
IsFill
    1070
0
    1000
PathStart
    1040
0
    1000
ToolCompensation
    1002
{
    1070
0
    1040
0
    1070
0
    1002
}
       0
CIRCLE
       5
2063
     100
AcDbEntity
       8
1
     100
AcDbCircle
      10
-143.4997080568
      20
30.7147568378
      30
0
      40
6.00000000000001
    1001
FS_CYPCUT
    1000
Channel
    1070
1
    1000
LeadIn
    1002
{
    1070
3
    1040
5.55111512312578E-17
    1040
1.5707963267949
    1040
1
    1040
1
    1070
0
    1040
0.5
    1070
0
    1002
}
    1000
LeadOut
    1002
{
    1070
0
    1040
0
    1040
0
    1040
0
    1070
0
    1002
}
    1000
IsFill
    1070
0
    1000
PathStart
    1040
5.55111512312578E-17
    1000
ToolCompensation
    1002
{
    1070
0
    1040
0
    1070
0
    1002
}
       0
CIRCLE
       5
2064
     100
AcDbEntity
       8
1
     100
AcDbCircle
      10
-88.4924623116
      20
117.0668467758
      30
0
      40
5.99999999999993
    1001
FS_CYPCUT
    1000
Channel
    1070
1
    1000
LeadIn
    1002
{
    1070
3
    1040
0
    1040
1.5707963267949
    1040
1
    1040
1
    1070
0
    1040
0.5
    1070
0
    1002
}
    1000
LeadOut
    1002
{
    1070
0
    1040
0
    1040
0
    1040
0
    1070
0
    1002
}
    1000
IsFill
    1070
0
    1000
PathStart
    1040
0
    1000
ToolCompensation
    1002
{
    1070
0
    1040
0
    1070
0
    1002
}
       0
CIRCLE
       5
2065
     100
AcDbEntity
       8
1
     100
AcDbCircle
      10
0
      20
0
      30
0
      40
100
    1001
FS_CYPCUT
    1000
Channel
    1070
1
    1000
LeadIn
    1002
{
    1070
3
    1040
0
    1040
1.5707963267949
    1040
1
    1040
1
    1070
0
    1040
0.5
    1070
0
    1002
}
    1000
LeadOut
    1002
{
    1070
0
    1040
0
    1040
0
    1040
0
    1070
0
    1002
}
    1000
IsFill
    1070
0
    1000
PathStart
    1040
0
    1000
ToolCompensation
    1002
{
    1070
0
    1040
0
    1070
0
    1002
}
       0
CIRCLE
       5
2066
     100
AcDbEntity
       8
1
     100
AcDbCircle
      10
88.4924623116
      20
117.0668467758
      30
0
      40
5.99999999999993
    1001
FS_CYPCUT
    1000
Channel
    1070
1
    1000
LeadIn
    1002
{
    1070
3
    1040
0
    1040
1.5707963267949
    1040
1
    1040
1
    1070
0
    1040
0.5
    1070
0
    1002
}
    1000
LeadOut
    1002
{
    1070
0
    1040
0
    1040
0
    1040
0
    1070
0
    1002
}
    1000
IsFill
    1070
0
    1000
PathStart
    1040
0
    1000
ToolCompensation
    1002
{
    1070
0
    1040
0
    1070
0
    1002
}
       0
CIRCLE
       5
2067
     100
AcDbEntity
       8
1
     100
AcDbCircle
      10
143.4997080568
      20
30.7147568378
      30
0
      40
6.00000000000001
    1001
FS_CYPCUT
    1000
Channel
    1070
1
    1000
LeadIn
    1002
{
    1070
3
    1040
0
    1040
1.5707963267949
    1040
1
    1040
1
    1070
0
    1040
0.5
    1070
0
    1002
}
    1000
LeadOut
    1002
{
    1070
0
    1040
0
    1040
0
    1040
0
    1070
0
    1002
}
    1000
IsFill
    1070
0
    1000
PathStart
    1040
1
    1000
ToolCompensation
    1002
{
    1070
0
    1040
0
    1070
0
    1002
}
       0
CIRCLE
       5
2068
     100
AcDbEntity
       8
1
     100
AcDbCircle
      10
128.6581678929
      20
-70.5878058481
      30
0
      40
5.99999999999999
    1001
FS_CYPCUT
    1000
Channel
    1070
1
    1000
LeadIn
    1002
{
    1070
3
    1040
2.4980018054066E-16
    1040
1.5707963267949
    1040
1
    1040
1
    1070
0
    1040
0.5
    1070
0
    1002
}
    1000
LeadOut
    1002
{
    1070
0
    1040
0
    1040
0
    1040
0
    1070
0
    1002
}
    1000
IsFill
    1070
0
    1000
PathStart
    1040
2.4980018054066E-16
    1000
ToolCompensation
    1002
{
    1070
0
    1040
0
    1070
0
    1002
}
       0
CIRCLE
       5
2069
     100
AcDbEntity
       8
1
     100
AcDbCircle
      10
51.1919928337
      20
-137.5316049849
      30
0
      40
6
    1001
FS_CYPCUT
    1000
Channel
    1070
1
    1000
LeadIn
    1002
{
    1070
3
    1040
1.38777878078145E-16
    1040
1.5707963267949
    1040
1
    1040
1
    1070
0
    1040
0.5
    1070
0
    1002
}
    1000
LeadOut
    1002
{
    1070
0
    1040
0
    1040
0
    1040
0
    1070
0
    1002
}
    1000
IsFill
    1070
0
    1000
PathStart
    1040
1.38777878078145E-16
    1000
ToolCompensation
    1002
{
    1070
0
    1040
0
    1070
0
    1002
}
       0
LWPOLYLINE
       5
206A
     100
AcDbEntity
       8
1
     100
AcDbPolyline
      90
4
      70
1
      10
88.1702897806543
      20
136.499999999997
      42
0.144368914370154
      10
74.6056298144
      20
140.5
      42
0
      10
-74.6056298144
      20
140.5
      42
0.144368914370152
      10
-88.1702897806545
      20
136.499999999997
      42
3.39116499156145
    1001
FS_CYPCUT
    1000
Channel
    1070
1
    1000
LeadIn
    1002
{
    1070
3
    1040
3.5
    1040
1.5707963267949
    1040
1
    1040
1
    1070
0
    1040
0.5
    1070
0
    1002
}
    1000
LeadOut
    1002
{
    1070
0
    1040
0
    1040
0
    1040
0
    1070
0
    1002
}
    1000
IsFill
    1070
1
    1000
PathStart
    1040
3.5
    1000
ToolCompensation
    1002
{
    1070
0
    1040
0
    1070
0
    1002
}
    1000
MicroConnect
    1002
{
    1070
2
    1040
3.19732089
    1041
0.8
    1042
0
    1040
3.79367165
    1041
0.8
    1042
0
    1002
}
       0
ENDBLK
       5
206B
     330
2005
     100
AcDbEntity
       8
0
     100
AcDbBlockEnd
       0
BLOCK
       5
206C
     330
2006
     100
AcDbEntity
       8
0
     100
AcDbBlockBegin
       2
Part1849591903
      70
0
      10
-12.5
      20
-24
      30
0
       3
Part1849591903
       1

       4
CypCutBlock
       0
LWPOLYLINE
       5
206D
     100
AcDbEntity
       8
1
     100
AcDbPolyline
      90
4
      70
1
      10
4.25
      20
11.5
      42
0
      10
4.25
      20
-3.5
      42
-1
      10
-4.25
      20
-3.5
      42
0
      10
-4.25
      20
11.5
      42
-1
    1001
FS_CYPCUT
    1000
Channel
    1070
1
    1000
LeadIn
    1002
{
    1070
3
    1040
0.5
    1040
1.5707963267949
    1040
1
    1040
1
    1070
0
    1040
0.5
    1070
0
    1002
}
    1000
LeadOut
    1002
{
    1070
0
    1040
0
    1040
0
    1040
0
    1070
0
    1002
}
    1000
IsFill
    1070
0
    1000
PathStart
    1040
0.5
    1000
ToolCompensation
    1002
{
    1070
0
    1040
0
    1070
0
    1002
}
       0
LWPOLYLINE
       5
206E
     100
AcDbEntity
       8
1
     100
AcDbPolyline
      90
10
      70
1
      10
12.5
      20
15.5
      42
0
      10
12.5
      20
-17.5
      42
0
      10
4.5
      20
-17.5
      42
0
      10
4.5
      20
-24
      42
0
      10
-4.5
      20
-24
      42
0
      10
-4.5
      20
-17.5
      42
0
      10
-12.5
      20
-17.5
      42
0
      10
-12.5
      20
15.5
      42
-0.414213562373096
      10
-10.5
      20
17.5
      42
0
      10
10.5
      20
17.5
      42
-0.414213562373095
    1001
FS_CYPCUT
    1000
Channel
    1070
1
    1000
LeadIn
    1002
{
    1070
3
    1040
0.5
    1040
1.5707963267949
    1040
1
    1040
1
    1070
0
    1040
0.5
    1070
0
    1002
}
    1000
LeadOut
    1002
{
    1070
0
    1040
0
    1040
0
    1040
0
    1070
0
    1002
}
    1000
IsFill
    1070
1
    1000
PathStart
    1040
0.5
    1000
ToolCompensation
    1002
{
    1070
0
    1040
0
    1070
0
    1002
}
    1000
MicroConnect
    1002
{
    1070
1
    1040
3.44536598
    1041
0.8
    1042
0
    1002
}
       0
ENDBLK
       5
206F
     330
2006
     100
AcDbEntity
       8
0
     100
AcDbBlockEnd
       0
BLOCK
       5
2070
     330
2007
     100
AcDbEntity
       8
0
     100
AcDbBlockBegin
       2
Part905521357
      70
0
      10
-430
      20
-248.5
      30
0
       3
Part905521357
       1

       4
CypCutBlock
       0
CIRCLE
       5
2071
     100
AcDbEntity
       8
1
     100
AcDbCircle
      10
-416.685856452
      20
-212.3727663892
      30
0
      40
3.39999999999998
    1001
FS_CYPCUT
    1000
Channel
    1070
1
    1000
LeadIn
    1002
{
    1070
0
    1040
0
    1040
0
    1040
0
    1040
0
    1070
0
    1040
0
    1070
0
    1002
}
    1000
LeadOut
    1002
{
    1070
0
    1040
0
    1040
0
    1040
0
    1070
0
    1002
}
    1000
IsFill
    1070
0
    1000
PathStart
    1040
0
    1000
ToolCompensation
    1002
{
    1070
0
    1040
0
    1070
0
    1002
}
       0
CIRCLE
       5
2072
     100
AcDbEntity
       8
1
     100
AcDbCircle
      10
-403.5444209725
      20
-164.1306408811
      30
0
      40
3.39999999999998
    1001
FS_CYPCUT
    1000
Channel
    1070
1
    1000
LeadIn
    1002
{
    1070
0
    1040
0
    1040
0
    1040
0
    1040
0
    1070
0
    1040
0
    1070
0
    1002
}
    1000
LeadOut
    1002
{
    1070
0
    1040
0
    1040
0
    1040
0
    1070
0
    1002
}
    1000
IsFill
    1070
0
    1000
PathStart
    1040
0
    1000
ToolCompensation
    1002
{
    1070
0
    1040
0
    1070
0
    1002
}
       0
CIRCLE
       5
2073
     100
AcDbEntity
       8
1
     100
AcDbCircle
      10
-336.0054452612
      20
-182.5286505526
      30
0
      40
3.39999999999998
    1001
FS_CYPCUT
    1000
Channel
    1070
1
    1000
LeadIn
    1002
{
    1070
0
    1040
0
    1040
0
    1040
0
    1040
0
    1070
0
    1040
0
    1070
0
    1002
}
    1000
LeadOut
    1002
{
    1070
0
    1040
0
    1040
0
    1040
0
    1070
0
    1002
}
    1000
IsFill
    1070
0
    1000
PathStart
    1040
0
    1000
ToolCompensation
    1002
{
    1070
0
    1040
0
    1070
0
    1002
}
       0
CIRCLE
       5
2074
     100
AcDbEntity
       8
1
     100
AcDbCircle
      10
-349.1468807407
      20
-230.7707760606
      30
0
      40
3.40000000000003
    1001
FS_CYPCUT
    1000
Channel
    1070
1
    1000
LeadIn
    1002
{
    1070
0
    1040
0
    1040
0
    1040
0
    1040
0
    1070
0
    1040
0
    1070
0
    1002
}
    1000
LeadOut
    1002
{
    1070
0
    1040
0
    1040
0
    1040
0
    1070
0
    1002
}
    1000
IsFill
    1070
0
    1000
PathStart
    1040
0
    1000
ToolCompensation
    1002
{
    1070
0
    1040
0
    1070
0
    1002
}
       0
CIRCLE
       5
2075
     100
AcDbEntity
       8
1
     100
AcDbCircle
      10
-265.6987654454
      20
75.5667209156
      30
0
      40
3.39999999999998
    1001
FS_CYPCUT
    1000
Channel
    1070
1
    1000
LeadIn
    1002
{
    1070
0
    1040
0
    1040
0
    1040
0
    1040
0
    1070
0
    1040
0
    1070
0
    1002
}
    1000
LeadOut
    1002
{
    1070
0
    1040
0
    1040
0
    1040
0
    1070
0
    1002
}
    1000
IsFill
    1070
0
    1000
PathStart
    1040
0
    1000
ToolCompensation
    1002
{
    1070
0
    1040
0
    1070
0
    1002
}
       0
CIRCLE
       5
2076
     100
AcDbEntity
       8
1
     100
AcDbCircle
      10
-251.2431864179
      20
128.6330589745
      30
0
      40
3.40000000000001
    1001
FS_CYPCUT
    1000
Channel
    1070
1
    1000
LeadIn
    1002
{
    1070
0
    1040
0
    1040
0
    1040
0
    1040
0
    1070
0
    1040
0
    1070
0
    1002
}
    1000
LeadOut
    1002
{
    1070
0
    1040
0
    1040
0
    1040
0
    1070
0
    1002
}
    1000
IsFill
    1070
0
    1000
PathStart
    1040
0
    1000
ToolCompensation
    1002
{
    1070
0
    1040
0
    1070
0
    1002
}
       0
CIRCLE
       5
2077
     100
AcDbEntity
       8
1
     100
AcDbCircle
      10
-318.7821621292
      20
147.0310686459
      30
0
      40
3.39999999999998
    1001
FS_CYPCUT
    1000
Channel
    1070
1
    1000
LeadIn
    1002
{
    1070
0
    1040
0
    1040
0
    1040
0
    1040
0
    1070
0
    1040
0
    1070
0
    1002
}
    1000
LeadOut
    1002
{
    1070
0
    1040
0
    1040
0
    1040
0
    1070
0
    1002
}
    1000
IsFill
    1070
0
    1000
PathStart
    1040
0
    1000
ToolCompensation
    1002
{
    1070
0
    1040
0
    1070
0
    1002
}
       0
CIRCLE
       5
2078
     100
AcDbEntity
       8
1
     100
AcDbCircle
      10
-333.2377411567
      20
93.964730587
      30
0
      40
3.40000000000001
    1001
FS_CYPCUT
    1000
Channel
    1070
1
    1000
LeadIn
    1002
{
    1070
0
    1040
0
    1040
0
    1040
0
    1040
0
    1070
0
    1040
0
    1070
0
    1002
}
    1000
LeadOut
    1002
{
    1070
0
    1040
0
    1040
0
    1040
0
    1070
0
    1002
}
    1000
IsFill
    1070
0
    1000
PathStart
    1040
0
    1000
ToolCompensation
    1002
{
    1070
0
    1040
0
    1070
0
    1002
}
       0
CIRCLE
       5
2079
     100
AcDbEntity
       8
1
     100
AcDbCircle
      10
-136.5
      20
92
      30
0
      40
2.50000000000001
    1001
FS_CYPCUT
    1000
Channel
    1070
1
    1000
LeadIn
    1002
{
    1070
0
    1040
0
    1040
0
    1040
0
    1040
0
    1070
0
    1040
0
    1070
0
    1002
}
    1000
LeadOut
    1002
{
    1070
0
    1040
0
    1040
0
    1040
0
    1070
0
    1002
}
    1000
IsFill
    1070
0
    1000
PathStart
    1040
0
    1000
ToolCompensation
    1002
{
    1070
0
    1040
0
    1070
0
    1002
}
       0
CIRCLE
       5
207A
     100
AcDbEntity
       8
1
     100
AcDbCircle
      10
-80
      20
-18.5
      30
0
      40
8.49999999999999
    1001
FS_CYPCUT
    1000
Channel
    1070
1
    1000
LeadIn
    1002
{
    1070
0
    1040
0
    1040
0
    1040
0
    1040
0
    1070
0
    1040
0
    1070
0
    1002
}
    1000
LeadOut
    1002
{
    1070
0
    1040
0
    1040
0
    1040
0
    1070
0
    1002
}
    1000
IsFill
    1070
0
    1000
PathStart
    1040
0
    1000
ToolCompensation
    1002
{
    1070
0
    1040
0
    1070
0
    1002
}
       0
CIRCLE
       5
207B
     100
AcDbEntity
       8
1
     100
AcDbCircle
      10
-85
      20
-132.5
      30
0
      40
5.10000000000005
    1001
FS_CYPCUT
    1000
Channel
    1070
1
    1000
LeadIn
    1002
{
    1070
0
    1040
0
    1040
0
    1040
0
    1040
0
    1070
0
    1040
0
    1070
0
    1002
}
    1000
LeadOut
    1002
{
    1070
0
    1040
0
    1040
0
    1040
0
    1070
0
    1002
}
    1000
IsFill
    1070
0
    1000
PathStart
    1040
0
    1000
ToolCompensation
    1002
{
    1070
0
    1040
0
    1070
0
    1002
}
       0
LWPOLYLINE
       5
207C
     100
AcDbEntity
       8
1
     100
AcDbPolyline
      90
4
      70
1
      10
45
      20
-92.5
      42
0
      10
45
      20
-137.5
      42
-1
      10
-45
      20
-137.5
      42
0
      10
-45
      20
-92.5
      42
-1
    1001
FS_CYPCUT
    1000
Channel
    1070
1
    1000
LeadIn
    1002
{
    1070
0
    1040
0
    1040
0
    1040
0
    1040
0
    1070
0
    1040
0
    1070
0
    1002
}
    1000
LeadOut
    1002
{
    1070
0
    1040
0
    1040
0
    1040
0
    1070
0
    1002
}
    1000
IsFill
    1070
0
    1000
PathStart
    1040
0
    1000
ToolCompensation
    1002
{
    1070
0
    1040
0
    1070
0
    1002
}
       0
LWPOLYLINE
       5
207D
     100
AcDbEntity
       8
1
     100
AcDbPolyline
      90
4
      70
1
      10
10
      20
40.9213114181
      42
0
      10
10
      20
32.7213114181
      42
0
      10
-10
      20
32.7213114181
      42
0
      10
-10
      20
40.9213114181
      42
0
    1001
FS_CYPCUT
    1000
Channel
    1070
1
    1000
LeadIn
    1002
{
    1070
0
    1040
0
    1040
0
    1040
0
    1040
0
    1070
0
    1040
0
    1070
0
    1002
}
    1000
LeadOut
    1002
{
    1070
0
    1040
0
    1040
0
    1040
0
    1070
0
    1002
}
    1000
IsFill
    1070
0
    1000
PathStart
    1040
0
    1000
ToolCompensation
    1002
{
    1070
0
    1040
0
    1070
0
    1002
}
       0
CIRCLE
       5
207E
     100
AcDbEntity
       8
1
     100
AcDbCircle
      10
136.5
      20
92
      30
0
      40
2.50000000000001
    1001
FS_CYPCUT
    1000
Channel
    1070
1
    1000
LeadIn
    1002
{
    1070
0
    1040
0
    1040
0
    1040
0
    1040
0
    1070
0
    1040
0
    1070
0
    1002
}
    1000
LeadOut
    1002
{
    1070
0
    1040
0
    1040
0
    1040
0
    1070
0
    1002
}
    1000
IsFill
    1070
0
    1000
PathStart
    1040
0
    1000
ToolCompensation
    1002
{
    1070
0
    1040
0
    1070
0
    1002
}
       0
CIRCLE
       5
207F
     100
AcDbEntity
       8
1
     100
AcDbCircle
      10
85
      20
-132.5
      30
0
      40
5.09999999999999
    1001
FS_CYPCUT
    1000
Channel
    1070
1
    1000
LeadIn
    1002
{
    1070
0
    1040
0
    1040
0
    1040
0
    1040
0
    1070
0
    1040
0
    1070
0
    1002
}
    1000
LeadOut
    1002
{
    1070
0
    1040
0
    1040
0
    1040
0
    1070
0
    1002
}
    1000
IsFill
    1070
0
    1000
PathStart
    1040
0
    1000
ToolCompensation
    1002
{
    1070
0
    1040
0
    1070
0
    1002
}
       0
LWPOLYLINE
       5
2080
     100
AcDbEntity
       8
1
     100
AcDbPolyline
      90
16
      70
1
      10
430
      20
239.7818391183
      42
0.577557064973052
      10
422.497314365709
      20
244.110414474686
      42
-0.0903762366452009
      10
137.555546892166
      20
142.045824926886
      42
0.367042084123708
      10
125
      20
127.2463435507
      42
0
      10
125
      20
105
      42
-0.414213562373096
      10
110
      20
90
      42
0
      10
-110
      20
89.9999999999999
      42
-0.414213562373095
      10
-125
      20
105
      42
0
      10
-125
      20
127.2463435507
      42
0.367042084123709
      10
-137.555546891646
      20
142.045824926784
      42
-0.090376236645201
      10
-422.497314365709
      20
244.110414474686
      42
0.577557064973062
      10
-430
      20
239.7818391183
      42
0
      10
-430
      20
-243.5
      42
0.414213562373105
      10
-425
      20
-248.5
      42
0
      10
425
      20
-248.5
      42
0.414213562373092
      10
430
      20
-243.5
      42
0
    1001
FS_CYPCUT
    1000
Channel
    1070
1
    1000
LeadIn
    1002
{
    1070
0
    1040
0
    1040
0
    1040
0
    1040
0
    1070
0
    1040
0
    1070
0
    1002
}
    1000
LeadOut
    1002
{
    1070
0
    1040
0
    1040
0
    1040
0
    1070
0
    1002
}
    1000
IsFill
    1070
1
    1000
PathStart
    1040
0
    1000
ToolCompensation
    1002
{
    1070
0
    1040
0
    1070
0
    1002
}
    1000
MicroConnect
    1002
{
    1070
3
    1040
11.4883762
    1041
0.8
    1042
0
    1040
13.5312421
    1041
0.8
    1042
0
    1040
15.5031701
    1041
0.8
    1042
0
    1002
}
       0
ENDBLK
       5
2081
     330
2007
     100
AcDbEntity
       8
0
     100
AcDbBlockEnd
       0
BLOCK
       5
2082
     330
2008
     100
AcDbEntity
       8
0
     100
AcDbBlockBegin
       2
Part1275967164
      70
0
      10
-65.5524037
      20
-46.45
      30
0
       3
Part1275967164
       1

       4
CypCutBlock
       0
CIRCLE
       5
2083
     100
AcDbEntity
       8
1
     100
AcDbCircle
      10
-53.033008589
      20
-24.6931164497
      30
0
      40
5.75000000000025
    1001
FS_CYPCUT
    1000
Channel
    1070
1
    1000
LeadIn
    1002
{
    1070
3
    1040
0
    1040
1.5707963267949
    1040
1
    1040
1
    1070
0
    1040
0.5
    1070
0
    1002
}
    1000
LeadOut
    1002
{
    1070
0
    1040
0
    1040
0
    1040
0
    1070
0
    1002
}
    1000
IsFill
    1070
0
    1000
PathStart
    1040
0
    1000
ToolCompensation
    1002
{
    1070
0
    1040
0
    1070
0
    1002
}
       0
LWPOLYLINE
       5
2084
     100
AcDbEntity
       8
1
     100
AcDbPolyline
      90
4
      70
1
      10
-49.5
      20
4.75
      42
0
      10
-56
      20
4.75
      42
0
      10
-56
      20
-4.75
      42
0
      10
-49.5
      20
-4.75
      42
0
    1001
FS_CYPCUT
    1000
Channel
    1070
1
    1000
LeadIn
    1002
{
    1070
3
    1040
1.5
    1040
1.5707963267949
    1040
1
    1040
1
    1070
0
    1040
0.5
    1070
0
    1002
}
    1000
LeadOut
    1002
{
    1070
0
    1040
0
    1040
0
    1040
0
    1070
0
    1002
}
    1000
IsFill
    1070
0
    1000
PathStart
    1040
1.5
    1000
ToolCompensation
    1002
{
    1070
0
    1040
0
    1070
0
    1002
}
       0
CIRCLE
       5
2085
     100
AcDbEntity
       8
1
     100
AcDbCircle
      10
-41.3657466994
      20
41.3657466994
      30
0
      40
5.75000000000106
    1001
FS_CYPCUT
    1000
Channel
    1070
1
    1000
LeadIn
    1002
{
    1070
3
    1040
0
    1040
1.5707963267949
    1040
1
    1040
1
    1070
0
    1040
0.5
    1070
0
    1002
}
    1000
LeadOut
    1002
{
    1070
0
    1040
0
    1040
0
    1040
0
    1070
0
    1002
}
    1000
IsFill
    1070
0
    1000
PathStart
    1040
0
    1000
ToolCompensation
    1002
{
    1070
0
    1040
0
    1070
0
    1002
}
       0
CIRCLE
       5
2086
     100
AcDbEntity
       8
1
     100
AcDbCircle
      10
0
      20
0
      30
0
      40
28.6
    1001
FS_CYPCUT
    1000
Channel
    1070
1
    1000
LeadIn
    1002
{
    1070
3
    1040
0
    1040
1.5707963267949
    1040
1
    1040
1
    1070
0
    1040
0.5
    1070
0
    1002
}
    1000
LeadOut
    1002
{
    1070
0
    1040
0
    1040
0
    1040
0
    1070
0
    1002
}
    1000
IsFill
    1070
0
    1000
PathStart
    1040
1
    1000
ToolCompensation
    1002
{
    1070
0
    1040
0
    1070
0
    1002
}
       0
CIRCLE
       5
2087
     100
AcDbEntity
       8
1
     100
AcDbCircle
      10
41.3657466994
      20
41.3657466994
      30
0
      40
5.74999999999999
    1001
FS_CYPCUT
    1000
Channel
    1070
1
    1000
LeadIn
    1002
{
    1070
3
    1040
0
    1040
1.5707963267949
    1040
1
    1040
1
    1070
0
    1040
0.5
    1070
0
    1002
}
    1000
LeadOut
    1002
{
    1070
0
    1040
0
    1040
0
    1040
0
    1070
0
    1002
}
    1000
IsFill
    1070
0
    1000
PathStart
    1040
0
    1000
ToolCompensation
    1002
{
    1070
0
    1040
0
    1070
0
    1002
}
       0
CIRCLE
       5
2088
     100
AcDbEntity
       8
1
     100
AcDbCircle
      10
53.033008589
      20
-24.6931164497
      30
0
      40
5.75000000000026
    1001
FS_CYPCUT
    1000
Channel
    1070
1
    1000
LeadIn
    1002
{
    1070
3
    1040
0
    1040
1.5707963267949
    1040
1
    1040
1
    1070
0
    1040
0.5
    1070
0
    1002
}
    1000
LeadOut
    1002
{
    1070
0
    1040
0
    1040
0
    1040
0
    1070
0
    1002
}
    1000
IsFill
    1070
0
    1000
PathStart
    1040
1
    1000
ToolCompensation
    1002
{
    1070
0
    1040
0
    1070
0
    1002
}
       0
LWPOLYLINE
       5
2089
     100
AcDbEntity
       8
1
     100
AcDbPolyline
      90
8
      70
1
      10
59.954586605673
      20
-36.004212699688
      42
0.182860138040648
      10
55.4881539542929
      20
47.8085481922624
      42
0.187364482628871
      10
47.808548192239
      20
55.4881539543464
      42
0.21051151088183
      10
-47.8085481922628
      20
55.488153954294
      42
0.187364482628871
      10
-55.4881539543464
      20
47.808548192239
      42
0.182860138040648
      10
-59.9545866057107
      20
-36.004212699687
      42
0.326489132590465
      10
-45.6626606793
      20
-46.45
      42
0
      10
45.6626606793
      20
-46.45
      42
0.326489132590466
    1001
FS_CYPCUT
    1000
Channel
    1070
1
    1000
LeadIn
    1002
{
    1070
3
    1040
2.5
    1040
1.5707963267949
    1040
1
    1040
1
    1070
0
    1040
0.5
    1070
0
    1002
}
    1000
LeadOut
    1002
{
    1070
0
    1040
0
    1040
0
    1040
0
    1070
0
    1002
}
    1000
IsFill
    1070
1
    1000
PathStart
    1040
2.5
    1000
ToolCompensation
    1002
{
    1070
0
    1040
0
    1070
0
    1002
}
    1000
MicroConnect
    1002
{
    1070
2
    1040
0.1169245
    1041
0.8
    1042
0
    1040
4.88958178
    1041
0.8
    1042
0
    1002
}
       0
ENDBLK
       5
208A
     330
2008
     100
AcDbEntity
       8
0
     100
AcDbBlockEnd
       0
BLOCK
       5
208B
     330
2009
     100
AcDbEntity
       8
0
     100
AcDbBlockBegin
       2
Part1761570336
      70
0
      10
-162.5
      20
-162.5
      30
0
       3
Part1761570336
       1

       4
CypCutBlock
       0
CIRCLE
       5
208C
     100
AcDbEntity
       8
1
     100
AcDbCircle
      10
-51.1919928337
      20
-137.5316049849
      30
0
      40
6
    1001
FS_CYPCUT
    1000
Channel
    1070
1
    1000
LeadIn
    1002
{
    1070
3
    1040
1.38777878078145E-16
    1040
1.5707963267949
    1040
1
    1040
1
    1070
0
    1040
0.5
    1070
0
    1002
}
    1000
LeadOut
    1002
{
    1070
0
    1040
0
    1040
0
    1040
0
    1070
0
    1002
}
    1000
IsFill
    1070
0
    1000
PathStart
    1040
1.38777878078145E-16
    1000
ToolCompensation
    1002
{
    1070
0
    1040
0
    1070
0
    1002
}
       0
CIRCLE
       5
208D
     100
AcDbEntity
       8
1
     100
AcDbCircle
      10
-128.6581678929
      20
-70.5878058481
      30
0
      40
6
    1001
FS_CYPCUT
    1000
Channel
    1070
1
    1000
LeadIn
    1002
{
    1070
3
    1040
0
    1040
1.5707963267949
    1040
1
    1040
1
    1070
0
    1040
0.5
    1070
0
    1002
}
    1000
LeadOut
    1002
{
    1070
0
    1040
0
    1040
0
    1040
0
    1070
0
    1002
}
    1000
IsFill
    1070
0
    1000
PathStart
    1040
0
    1000
ToolCompensation
    1002
{
    1070
0
    1040
0
    1070
0
    1002
}
       0
CIRCLE
       5
208E
     100
AcDbEntity
       8
1
     100
AcDbCircle
      10
-143.4997080568
      20
30.7147568378
      30
0
      40
6.00000000000001
    1001
FS_CYPCUT
    1000
Channel
    1070
1
    1000
LeadIn
    1002
{
    1070
3
    1040
5.55111512312578E-17
    1040
1.5707963267949
    1040
1
    1040
1
    1070
0
    1040
0.5
    1070
0
    1002
}
    1000
LeadOut
    1002
{
    1070
0
    1040
0
    1040
0
    1040
0
    1070
0
    1002
}
    1000
IsFill
    1070
0
    1000
PathStart
    1040
5.55111512312578E-17
    1000
ToolCompensation
    1002
{
    1070
0
    1040
0
    1070
0
    1002
}
       0
CIRCLE
       5
208F
     100
AcDbEntity
       8
1
     100
AcDbCircle
      10
-88.4924623116
      20
117.0668467758
      30
0
      40
5.99999999999993
    1001
FS_CYPCUT
    1000
Channel
    1070
1
    1000
LeadIn
    1002
{
    1070
3
    1040
0
    1040
1.5707963267949
    1040
1
    1040
1
    1070
0
    1040
0.5
    1070
0
    1002
}
    1000
LeadOut
    1002
{
    1070
0
    1040
0
    1040
0
    1040
0
    1070
0
    1002
}
    1000
IsFill
    1070
0
    1000
PathStart
    1040
0
    1000
ToolCompensation
    1002
{
    1070
0
    1040
0
    1070
0
    1002
}
       0
CIRCLE
       5
2090
     100
AcDbEntity
       8
1
     100
AcDbCircle
      10
0
      20
0
      30
0
      40
100
    1001
FS_CYPCUT
    1000
Channel
    1070
1
    1000
LeadIn
    1002
{
    1070
3
    1040
0
    1040
1.5707963267949
    1040
1
    1040
1
    1070
0
    1040
0.5
    1070
0
    1002
}
    1000
LeadOut
    1002
{
    1070
0
    1040
0
    1040
0
    1040
0
    1070
0
    1002
}
    1000
IsFill
    1070
0
    1000
PathStart
    1040
0
    1000
ToolCompensation
    1002
{
    1070
0
    1040
0
    1070
0
    1002
}
       0
CIRCLE
       5
2091
     100
AcDbEntity
       8
1
     100
AcDbCircle
      10
88.4924623116
      20
117.0668467758
      30
0
      40
5.99999999999993
    1001
FS_CYPCUT
    1000
Channel
    1070
1
    1000
LeadIn
    1002
{
    1070
3
    1040
0
    1040
1.5707963267949
    1040
1
    1040
1
    1070
0
    1040
0.5
    1070
0
    1002
}
    1000
LeadOut
    1002
{
    1070
0
    1040
0
    1040
0
    1040
0
    1070
0
    1002
}
    1000
IsFill
    1070
0
    1000
PathStart
    1040
0
    1000
ToolCompensation
    1002
{
    1070
0
    1040
0
    1070
0
    1002
}
       0
CIRCLE
       5
2092
     100
AcDbEntity
       8
1
     100
AcDbCircle
      10
143.4997080568
      20
30.7147568378
      30
0
      40
6.00000000000001
    1001
FS_CYPCUT
    1000
Channel
    1070
1
    1000
LeadIn
    1002
{
    1070
3
    1040
0
    1040
1.5707963267949
    1040
1
    1040
1
    1070
0
    1040
0.5
    1070
0
    1002
}
    1000
LeadOut
    1002
{
    1070
0
    1040
0
    1040
0
    1040
0
    1070
0
    1002
}
    1000
IsFill
    1070
0
    1000
PathStart
    1040
1
    1000
ToolCompensation
    1002
{
    1070
0
    1040
0
    1070
0
    1002
}
       0
CIRCLE
       5
2093
     100
AcDbEntity
       8
1
     100
AcDbCircle
      10
128.6581678929
      20
-70.5878058481
      30
0
      40
5.99999999999999
    1001
FS_CYPCUT
    1000
Channel
    1070
1
    1000
LeadIn
    1002
{
    1070
3
    1040
2.4980018054066E-16
    1040
1.5707963267949
    1040
1
    1040
1
    1070
0
    1040
0.5
    1070
0
    1002
}
    1000
LeadOut
    1002
{
    1070
0
    1040
0
    1040
0
    1040
0
    1070
0
    1002
}
    1000
IsFill
    1070
0
    1000
PathStart
    1040
2.4980018054066E-16
    1000
ToolCompensation
    1002
{
    1070
0
    1040
0
    1070
0
    1002
}
       0
CIRCLE
       5
2094
     100
AcDbEntity
       8
1
     100
AcDbCircle
      10
51.1919928337
      20
-137.5316049849
      30
0
      40
6
    1001
FS_CYPCUT
    1000
Channel
    1070
1
    1000
LeadIn
    1002
{
    1070
3
    1040
1.38777878078145E-16
    1040
1.5707963267949
    1040
1
    1040
1
    1070
0
    1040
0.5
    1070
0
    1002
}
    1000
LeadOut
    1002
{
    1070
0
    1040
0
    1040
0
    1040
0
    1070
0
    1002
}
    1000
IsFill
    1070
0
    1000
PathStart
    1040
1.38777878078145E-16
    1000
ToolCompensation
    1002
{
    1070
0
    1040
0
    1070
0
    1002
}
       0
LWPOLYLINE
       5
2095
     100
AcDbEntity
       8
1
     100
AcDbPolyline
      90
4
      70
1
      10
88.1702897806543
      20
136.499999999997
      42
0.144368914370154
      10
74.6056298144
      20
140.5
      42
0
      10
-74.6056298144
      20
140.5
      42
0.144368914370152
      10
-88.1702897806545
      20
136.499999999997
      42
3.39116499156145
    1001
FS_CYPCUT
    1000
Channel
    1070
1
    1000
LeadIn
    1002
{
    1070
3
    1040
3.5
    1040
1.5707963267949
    1040
1
    1040
1
    1070
0
    1040
0.5
    1070
0
    1002
}
    1000
LeadOut
    1002
{
    1070
0
    1040
0
    1040
0
    1040
0
    1070
0
    1002
}
    1000
IsFill
    1070
1
    1000
PathStart
    1040
3.5
    1000
ToolCompensation
    1002
{
    1070
0
    1040
0
    1070
0
    1002
}
    1000
MicroConnect
    1002
{
    1070
2
    1040
3.19732089
    1041
0.8
    1042
0
    1040
3.79367165
    1041
0.8
    1042
0
    1002
}
       0
ENDBLK
       5
2096
     330
2009
     100
AcDbEntity
       8
0
     100
AcDbBlockEnd
       0
BLOCK
       5
2097
     330
200A
     100
AcDbEntity
       8
0
     100
AcDbBlockBegin
       2
Part986589861
      70
0
      10
-140
      20
-111.74
      30
0
       3
Part986589861
       1

       4
CypCutBlock
       0
CIRCLE
       5
2098
     100
AcDbEntity
       8
1
     100
AcDbCircle
      10
-60.1658333276
      20
-72.76
      30
0
      40
5.09999999999999
    1001
FS_CYPCUT
    1000
Channel
    1070
1
    1000
LeadIn
    1002
{
    1070
3
    1040
0
    1040
1.5707963267949
    1040
1
    1040
1
    1070
0
    1040
0.5
    1070
0
    1002
}
    1000
LeadOut
    1002
{
    1070
0
    1040
0
    1040
0
    1040
0
    1070
0
    1002
}
    1000
IsFill
    1070
0
    1000
PathStart
    1040
1
    1000
ToolCompensation
    1002
{
    1070
0
    1040
0
    1070
0
    1002
}
       0
CIRCLE
       5
2099
     100
AcDbEntity
       8
1
     100
AcDbCircle
      10
-60.1658333276
      20
37.24
      30
0
      40
5.09999999999999
    1001
FS_CYPCUT
    1000
Channel
    1070
1
    1000
LeadIn
    1002
{
    1070
3
    1040
0
    1040
1.5707963267949
    1040
1
    1040
1
    1070
0
    1040
0.5
    1070
0
    1002
}
    1000
LeadOut
    1002
{
    1070
0
    1040
0
    1040
0
    1040
0
    1070
0
    1002
}
    1000
IsFill
    1070
0
    1000
PathStart
    1040
0
    1000
ToolCompensation
    1002
{
    1070
0
    1040
0
    1070
0
    1002
}
       0
CIRCLE
       5
209A
     100
AcDbEntity
       8
1
     100
AcDbCircle
      10
60.8341666724
      20
37.24
      30
0
      40
5.09999999999999
    1001
FS_CYPCUT
    1000
Channel
    1070
1
    1000
LeadIn
    1002
{
    1070
3
    1040
0
    1040
1.5707963267949
    1040
1
    1040
1
    1070
0
    1040
0.5
    1070
0
    1002
}
    1000
LeadOut
    1002
{
    1070
0
    1040
0
    1040
0
    1040
0
    1070
0
    1002
}
    1000
IsFill
    1070
0
    1000
PathStart
    1040
0
    1000
ToolCompensation
    1002
{
    1070
0
    1040
0
    1070
0
    1002
}
       0
CIRCLE
       5
209B
     100
AcDbEntity
       8
1
     100
AcDbCircle
      10
60.8341666724
      20
-72.76
      30
0
      40
5.09999999999998
    1001
FS_CYPCUT
    1000
Channel
    1070
1
    1000
LeadIn
    1002
{
    1070
3
    1040
0
    1040
1.5707963267949
    1040
1
    1040
1
    1070
0
    1040
0.5
    1070
0
    1002
}
    1000
LeadOut
    1002
{
    1070
0
    1040
0
    1040
0
    1040
0
    1070
0
    1002
}
    1000
IsFill
    1070
0
    1000
PathStart
    1040
0
    1000
ToolCompensation
    1002
{
    1070
0
    1040
0
    1070
0
    1002
}
       0
LWPOLYLINE
       5
209C
     100
AcDbEntity
       8
1
     100
AcDbPolyline
      90
28
      70
1
      10
140
      20
101.74
      42
0.41421356237309
      10
130
      20
111.74
      42
0
      10
67
      20
111.74
      42
0.414213562373103
      10
65
      20
109.74
      42
0
      10
65
      20
107.39
      42
-0.4142135623731
      10
63
      20
105.39
      42
0
      10
-63
      20
105.39
      42
-0.4142135623731
      10
-65
      20
107.39
      42
0
      10
-65
      20
109.74
      42
0.414213562373093
      10
-67
      20
111.74
      42
0
      10
-130
      20
111.74
      42
0.414213562373099
      10
-140
      20
101.74
      42
0
      10
-140
      20
-101.74
      42
0.414213562373095
      10
-130
      20
-111.74
      42
0
      10
58.5
      20
-111.74
      42
0.414213562373076
      10
59.5
      20
-110.74
      42
0
      10
59.5
      20
-105.39
      42
0
      10
77.5
      20
-105.39
      42
0
      10
77.5
      20
-110.74
      42
0.414213562373091
      10
78.5
      20
-111.74
      42
0
      10
101.5
      20
-111.74
      42
0.414213562373099
      10
102.5
      20
-110.74
      42
0
      10
102.5
      20
-105.39
      42
0
      10
120.5
      20
-105.39
      42
0
      10
120.5
      20
-110.74
      42
0.414213562373099
      10
121.5
      20
-111.74
      42
0
      10
130
      20
-111.74
      42
0.414213562373098
      10
140
      20
-101.74
      42
0
    1001
FS_CYPCUT
    1000
Channel
    1070
1
    1000
LeadIn
    1002
{
    1070
3
    1040
11.5
    1040
1.5707963267949
    1040
1
    1040
1
    1070
0
    1040
0.5
    1070
0
    1002
}
    1000
LeadOut
    1002
{
    1070
0
    1040
0
    1040
0
    1040
0
    1070
0
    1002
}
    1000
IsFill
    1070
1
    1000
PathStart
    1040
11.5
    1000
ToolCompensation
    1002
{
    1070
0
    1040
0
    1070
0
    1002
}
    1000
MicroConnect
    1002
{
    1070
2
    1040
5.46777728
    1041
0.8
    1042
0
    1040
13.6174789
    1041
0.8
    1042
0
    1002
}
       0
ENDBLK
       5
209D
     330
200A
     100
AcDbEntity
       8
0
     100
AcDbBlockEnd
       0
BLOCK
       5
209E
     330
200B
     100
AcDbEntity
       8
0
     100
AcDbBlockBegin
       2
Part1261060681
      70
0
      10
-90
      20
-53
      30
0
       3
Part1261060681
       1

       4
CypCutBlock
       0
LWPOLYLINE
       5
209F
     100
AcDbEntity
       8
1
     100
AcDbPolyline
      90
8
      70
1
      10
-45
      20
-23
      42
0
      10
-45
      20
-30
      42
-0.414213562373096
      10
-48
      20
-33
      42
0
      10
-61
      20
-33
      42
-0.414213562373096
      10
-64
      20
-30
      42
0
      10
-64
      20
-23
      42
-0.414213562373096
      10
-61
      20
-20
      42
0
      10
-48
      20
-20
      42
-0.414213562373093
    1001
FS_CYPCUT
    1000
Channel
    1070
1
    1000
LeadIn
    1002
{
    1070
3
    1040
2.5
    1040
1.5707963267949
    1040
1
    1040
1
    1070
0
    1040
0.5
    1070
0
    1002
}
    1000
LeadOut
    1002
{
    1070
0
    1040
0
    1040
0
    1040
0
    1070
0
    1002
}
    1000
IsFill
    1070
0
    1000
PathStart
    1040
2.5
    1000
ToolCompensation
    1002
{
    1070
0
    1040
0
    1070
0
    1002
}
       0
CIRCLE
       5
20A0
     100
AcDbEntity
       8
1
     100
AcDbCircle
      10
-17
      20
-45
      30
0
      40
4.5
    1001
FS_CYPCUT
    1000
Channel
    1070
1
    1000
LeadIn
    1002
{
    1070
3
    1040
0
    1040
1.5707963267949
    1040
1
    1040
1
    1070
0
    1040
0.5
    1070
0
    1002
}
    1000
LeadOut
    1002
{
    1070
0
    1040
0
    1040
0
    1040
0
    1070
0
    1002
}
    1000
IsFill
    1070
0
    1000
PathStart
    1040
1
    1000
ToolCompensation
    1002
{
    1070
0
    1040
0
    1070
0
    1002
}
       0
CIRCLE
       5
20A1
     100
AcDbEntity
       8
1
     100
AcDbCircle
      10
-17
      20
-20
      30
0
      40
4.49999999999999
    1001
FS_CYPCUT
    1000
Channel
    1070
1
    1000
LeadIn
    1002
{
    1070
3
    1040
0
    1040
1.5707963267949
    1040
1
    1040
1
    1070
0
    1040
0.5
    1070
0
    1002
}
    1000
LeadOut
    1002
{
    1070
0
    1040
0
    1040
0
    1040
0
    1070
0
    1002
}
    1000
IsFill
    1070
0
    1000
PathStart
    1040
0
    1000
ToolCompensation
    1002
{
    1070
0
    1040
0
    1070
0
    1002
}
       0
CIRCLE
       5
20A2
     100
AcDbEntity
       8
1
     100
AcDbCircle
      10
17
      20
-20
      30
0
      40
4.49999999999999
    1001
FS_CYPCUT
    1000
Channel
    1070
1
    1000
LeadIn
    1002
{
    1070
3
    1040
0
    1040
1.5707963267949
    1040
1
    1040
1
    1070
0
    1040
0.5
    1070
0
    1002
}
    1000
LeadOut
    1002
{
    1070
0
    1040
0
    1040
0
    1040
0
    1070
0
    1002
}
    1000
IsFill
    1070
0
    1000
PathStart
    1040
0
    1000
ToolCompensation
    1002
{
    1070
0
    1040
0
    1070
0
    1002
}
       0
CIRCLE
       5
20A3
     100
AcDbEntity
       8
1
     100
AcDbCircle
      10
17
      20
-45
      30
0
      40
4.50000000000001
    1001
FS_CYPCUT
    1000
Channel
    1070
1
    1000
LeadIn
    1002
{
    1070
3
    1040
0
    1040
1.5707963267949
    1040
1
    1040
1
    1070
0
    1040
0.5
    1070
0
    1002
}
    1000
LeadOut
    1002
{
    1070
0
    1040
0
    1040
0
    1040
0
    1070
0
    1002
}
    1000
IsFill
    1070
0
    1000
PathStart
    1040
0
    1000
ToolCompensation
    1002
{
    1070
0
    1040
0
    1070
0
    1002
}
       0
LWPOLYLINE
       5
20A4
     100
AcDbEntity
       8
1
     100
AcDbPolyline
      90
8
      70
1
      10
64
      20
-23
      42
0.414213562373096
      10
61
      20
-20
      42
0
      10
48
      20
-20
      42
0.414213562373094
      10
45
      20
-23
      42
0
      10
45
      20
-30
      42
0.414213562373095
      10
48
      20
-33
      42
0
      10
61
      20
-33
      42
0.414213562373095
      10
64
      20
-30
      42
0
    1001
FS_CYPCUT
    1000
Channel
    1070
1
    1000
LeadIn
    1002
{
    1070
3
    1040
1.5
    1040
1.5707963267949
    1040
1
    1040
1
    1070
0
    1040
0.5
    1070
0
    1002
}
    1000
LeadOut
    1002
{
    1070
0
    1040
0
    1040
0
    1040
0
    1070
0
    1002
}
    1000
IsFill
    1070
0
    1000
PathStart
    1040
1.5
    1000
ToolCompensation
    1002
{
    1070
0
    1040
0
    1070
0
    1002
}
       0
LWPOLYLINE
       5
20A5
     100
AcDbEntity
       8
1
     100
AcDbPolyline
      90
20
      70
1
      10
90
      20
-46
      42
0
      10
90
      20
-51
      42
-0.414213562373099
      10
88
      20
-53
      42
0
      10
-88
      20
-53
      42
-0.414213562373099
      10
-90
      20
-51
      42
0
      10
-90
      20
-46
      42
0
      10
-84
      20
-46
      42
0
      10
-84
      20
-5
      42
-0.414213562373095
      10
-79
      20
0
      42
0
      10
-50
      20
0
      42
0
      10
-50
      20
4.7625
      42
0
      10
-30
      20
4.7625
      42
0
      10
-30
      20
0
      42
0
      10
30
      20
0
      42
0
      10
30
      20
4.7625
      42
0
      10
50
      20
4.7625
      42
0
      10
50
      20
0
      42
0
      10
79
      20
-1.24344978758018E-14
      42
-0.414213562373095
      10
84
      20
-5
      42
0
      10
84
      20
-46
      42
0
    1001
FS_CYPCUT
    1000
Channel
    1070
1
    1000
LeadIn
    1002
{
    1070
3
    1040
2.5
    1040
1.5707963267949
    1040
1
    1040
1
    1070
0
    1040
0.5
    1070
0
    1002
}
    1000
LeadOut
    1002
{
    1070
0
    1040
0
    1040
0
    1040
0
    1070
0
    1002
}
    1000
IsFill
    1070
1
    1000
PathStart
    1040
2.5
    1000
ToolCompensation
    1002
{
    1070
0
    1040
0
    1070
0
    1002
}
    1000
MicroConnect
    1002
{
    1070
2
    1040
4.47075948
    1041
0.8
    1042
0
    1040
16.8388536
    1041
0.8
    1042
0
    1002
}
       0
ENDBLK
       5
20A6
     330
200B
     100
AcDbEntity
       8
0
     100
AcDbBlockEnd
       0
BLOCK
       5
20A7
     330
200C
     100
AcDbEntity
       8
0
     100
AcDbBlockBegin
       2
Part1966091067
      70
0
      10
-140
      20
-111.74
      30
0
       3
Part1966091067
       1

       4
CypCutBlock
       0
CIRCLE
       5
20A8
     100
AcDbEntity
       8
1
     100
AcDbCircle
      10
-60.1658333276
      20
-72.76
      30
0
      40
5.09999999999999
    1001
FS_CYPCUT
    1000
Channel
    1070
1
    1000
LeadIn
    1002
{
    1070
3
    1040
0
    1040
1.5707963267949
    1040
1
    1040
1
    1070
0
    1040
0.5
    1070
0
    1002
}
    1000
LeadOut
    1002
{
    1070
0
    1040
0
    1040
0
    1040
0
    1070
0
    1002
}
    1000
IsFill
    1070
0
    1000
PathStart
    1040
1
    1000
ToolCompensation
    1002
{
    1070
0
    1040
0
    1070
0
    1002
}
       0
CIRCLE
       5
20A9
     100
AcDbEntity
       8
1
     100
AcDbCircle
      10
-60.1658333276
      20
37.24
      30
0
      40
5.09999999999999
    1001
FS_CYPCUT
    1000
Channel
    1070
1
    1000
LeadIn
    1002
{
    1070
3
    1040
0
    1040
1.5707963267949
    1040
1
    1040
1
    1070
0
    1040
0.5
    1070
0
    1002
}
    1000
LeadOut
    1002
{
    1070
0
    1040
0
    1040
0
    1040
0
    1070
0
    1002
}
    1000
IsFill
    1070
0
    1000
PathStart
    1040
0
    1000
ToolCompensation
    1002
{
    1070
0
    1040
0
    1070
0
    1002
}
       0
CIRCLE
       5
20AA
     100
AcDbEntity
       8
1
     100
AcDbCircle
      10
60.8341666724
      20
37.24
      30
0
      40
5.09999999999999
    1001
FS_CYPCUT
    1000
Channel
    1070
1
    1000
LeadIn
    1002
{
    1070
3
    1040
0
    1040
1.5707963267949
    1040
1
    1040
1
    1070
0
    1040
0.5
    1070
0
    1002
}
    1000
LeadOut
    1002
{
    1070
0
    1040
0
    1040
0
    1040
0
    1070
0
    1002
}
    1000
IsFill
    1070
0
    1000
PathStart
    1040
0
    1000
ToolCompensation
    1002
{
    1070
0
    1040
0
    1070
0
    1002
}
       0
CIRCLE
       5
20AB
     100
AcDbEntity
       8
1
     100
AcDbCircle
      10
60.8341666724
      20
-72.76
      30
0
      40
5.09999999999998
    1001
FS_CYPCUT
    1000
Channel
    1070
1
    1000
LeadIn
    1002
{
    1070
3
    1040
0
    1040
1.5707963267949
    1040
1
    1040
1
    1070
0
    1040
0.5
    1070
0
    1002
}
    1000
LeadOut
    1002
{
    1070
0
    1040
0
    1040
0
    1040
0
    1070
0
    1002
}
    1000
IsFill
    1070
0
    1000
PathStart
    1040
0
    1000
ToolCompensation
    1002
{
    1070
0
    1040
0
    1070
0
    1002
}
       0
LWPOLYLINE
       5
20AC
     100
AcDbEntity
       8
1
     100
AcDbPolyline
      90
28
      70
1
      10
140
      20
101.74
      42
0.41421356237309
      10
130
      20
111.74
      42
0
      10
67
      20
111.74
      42
0.414213562373103
      10
65
      20
109.74
      42
0
      10
65
      20
107.39
      42
-0.4142135623731
      10
63
      20
105.39
      42
0
      10
-63
      20
105.39
      42
-0.4142135623731
      10
-65
      20
107.39
      42
0
      10
-65
      20
109.74
      42
0.414213562373093
      10
-67
      20
111.74
      42
0
      10
-130
      20
111.74
      42
0.414213562373099
      10
-140
      20
101.74
      42
0
      10
-140
      20
-101.74
      42
0.414213562373095
      10
-130
      20
-111.74
      42
0
      10
58.5
      20
-111.74
      42
0.414213562373076
      10
59.5
      20
-110.74
      42
0
      10
59.5
      20
-105.39
      42
0
      10
77.5
      20
-105.39
      42
0
      10
77.5
      20
-110.74
      42
0.414213562373091
      10
78.5
      20
-111.74
      42
0
      10
101.5
      20
-111.74
      42
0.414213562373099
      10
102.5
      20
-110.74
      42
0
      10
102.5
      20
-105.39
      42
0
      10
120.5
      20
-105.39
      42
0
      10
120.5
      20
-110.74
      42
0.414213562373099
      10
121.5
      20
-111.74
      42
0
      10
130
      20
-111.74
      42
0.414213562373098
      10
140
      20
-101.74
      42
0
    1001
FS_CYPCUT
    1000
Channel
    1070
1
    1000
LeadIn
    1002
{
    1070
3
    1040
11.5
    1040
1.5707963267949
    1040
1
    1040
1
    1070
0
    1040
0.5
    1070
0
    1002
}
    1000
LeadOut
    1002
{
    1070
0
    1040
0
    1040
0
    1040
0
    1070
0
    1002
}
    1000
IsFill
    1070
1
    1000
PathStart
    1040
11.5
    1000
ToolCompensation
    1002
{
    1070
0
    1040
0
    1070
0
    1002
}
    1000
MicroConnect
    1002
{
    1070
2
    1040
5.46777728
    1041
0.8
    1042
0
    1040
13.6174789
    1041
0.8
    1042
0
    1002
}
       0
ENDBLK
       5
20AD
     330
200C
     100
AcDbEntity
       8
0
     100
AcDbBlockEnd
       0
BLOCK
       5
20AE
     330
200D
     100
AcDbEntity
       8
0
     100
AcDbBlockBegin
       2
Part1511770155
      70
0
      10
-140
      20
-111.74
      30
0
       3
Part1511770155
       1

       4
CypCutBlock
       0
CIRCLE
       5
20AF
     100
AcDbEntity
       8
1
     100
AcDbCircle
      10
-60.1658333276
      20
-72.76
      30
0
      40
5.09999999999999
    1001
FS_CYPCUT
    1000
Channel
    1070
1
    1000
LeadIn
    1002
{
    1070
3
    1040
0
    1040
1.5707963267949
    1040
1
    1040
1
    1070
0
    1040
0.5
    1070
0
    1002
}
    1000
LeadOut
    1002
{
    1070
0
    1040
0
    1040
0
    1040
0
    1070
0
    1002
}
    1000
IsFill
    1070
0
    1000
PathStart
    1040
1
    1000
ToolCompensation
    1002
{
    1070
0
    1040
0
    1070
0
    1002
}
       0
CIRCLE
       5
20B0
     100
AcDbEntity
       8
1
     100
AcDbCircle
      10
-60.1658333276
      20
37.24
      30
0
      40
5.09999999999999
    1001
FS_CYPCUT
    1000
Channel
    1070
1
    1000
LeadIn
    1002
{
    1070
3
    1040
0
    1040
1.5707963267949
    1040
1
    1040
1
    1070
0
    1040
0.5
    1070
0
    1002
}
    1000
LeadOut
    1002
{
    1070
0
    1040
0
    1040
0
    1040
0
    1070
0
    1002
}
    1000
IsFill
    1070
0
    1000
PathStart
    1040
0
    1000
ToolCompensation
    1002
{
    1070
0
    1040
0
    1070
0
    1002
}
       0
CIRCLE
       5
20B1
     100
AcDbEntity
       8
1
     100
AcDbCircle
      10
60.8341666724
      20
37.24
      30
0
      40
5.09999999999999
    1001
FS_CYPCUT
    1000
Channel
    1070
1
    1000
LeadIn
    1002
{
    1070
3
    1040
0
    1040
1.5707963267949
    1040
1
    1040
1
    1070
0
    1040
0.5
    1070
0
    1002
}
    1000
LeadOut
    1002
{
    1070
0
    1040
0
    1040
0
    1040
0
    1070
0
    1002
}
    1000
IsFill
    1070
0
    1000
PathStart
    1040
0
    1000
ToolCompensation
    1002
{
    1070
0
    1040
0
    1070
0
    1002
}
       0
CIRCLE
       5
20B2
     100
AcDbEntity
       8
1
     100
AcDbCircle
      10
60.8341666724
      20
-72.76
      30
0
      40
5.09999999999998
    1001
FS_CYPCUT
    1000
Channel
    1070
1
    1000
LeadIn
    1002
{
    1070
3
    1040
0
    1040
1.5707963267949
    1040
1
    1040
1
    1070
0
    1040
0.5
    1070
0
    1002
}
    1000
LeadOut
    1002
{
    1070
0
    1040
0
    1040
0
    1040
0
    1070
0
    1002
}
    1000
IsFill
    1070
0
    1000
PathStart
    1040
0
    1000
ToolCompensation
    1002
{
    1070
0
    1040
0
    1070
0
    1002
}
       0
LWPOLYLINE
       5
20B3
     100
AcDbEntity
       8
1
     100
AcDbPolyline
      90
28
      70
1
      10
140
      20
101.74
      42
0.41421356237309
      10
130
      20
111.74
      42
0
      10
67
      20
111.74
      42
0.414213562373103
      10
65
      20
109.74
      42
0
      10
65
      20
107.39
      42
-0.4142135623731
      10
63
      20
105.39
      42
0
      10
-63
      20
105.39
      42
-0.4142135623731
      10
-65
      20
107.39
      42
0
      10
-65
      20
109.74
      42
0.414213562373093
      10
-67
      20
111.74
      42
0
      10
-130
      20
111.74
      42
0.414213562373099
      10
-140
      20
101.74
      42
0
      10
-140
      20
-101.74
      42
0.414213562373095
      10
-130
      20
-111.74
      42
0
      10
58.5
      20
-111.74
      42
0.414213562373076
      10
59.5
      20
-110.74
      42
0
      10
59.5
      20
-105.39
      42
0
      10
77.5
      20
-105.39
      42
0
      10
77.5
      20
-110.74
      42
0.414213562373091
      10
78.5
      20
-111.74
      42
0
      10
101.5
      20
-111.74
      42
0.414213562373099
      10
102.5
      20
-110.74
      42
0
      10
102.5
      20
-105.39
      42
0
      10
120.5
      20
-105.39
      42
0
      10
120.5
      20
-110.74
      42
0.414213562373099
      10
121.5
      20
-111.74
      42
0
      10
130
      20
-111.74
      42
0.414213562373098
      10
140
      20
-101.74
      42
0
    1001
FS_CYPCUT
    1000
Channel
    1070
1
    1000
LeadIn
    1002
{
    1070
3
    1040
11.5
    1040
1.5707963267949
    1040
1
    1040
1
    1070
0
    1040
0.5
    1070
0
    1002
}
    1000
LeadOut
    1002
{
    1070
0
    1040
0
    1040
0
    1040
0
    1070
0
    1002
}
    1000
IsFill
    1070
1
    1000
PathStart
    1040
11.5
    1000
ToolCompensation
    1002
{
    1070
0
    1040
0
    1070
0
    1002
}
    1000
MicroConnect
    1002
{
    1070
2
    1040
5.46777728
    1041
0.8
    1042
0
    1040
13.6174789
    1041
0.8
    1042
0
    1002
}
       0
ENDBLK
       5
20B4
     330
200D
     100
AcDbEntity
       8
0
     100
AcDbBlockEnd
       0
BLOCK
       5
20B5
     330
200E
     100
AcDbEntity
       8
0
     100
AcDbBlockBegin
       2
Part818906941
      70
0
      10
-63.6500561
      20
-47.192458
      30
0
       3
Part818906941
       1

       4
CypCutBlock
       0
CIRCLE
       5
20B6
     100
AcDbEntity
       8
1
     100
AcDbCircle
      10
-50.6615716051
      20
-29.2494720038
      30
0
      40
6
    1001
FS_CYPCUT
    1000
Channel
    1070
1
    1000
LeadIn
    1002
{
    1070
3
    1040
0
    1040
1.5707963267949
    1040
1
    1040
1
    1070
0
    1040
0.5
    1070
0
    1002
}
    1000
LeadOut
    1002
{
    1070
0
    1040
0
    1040
0
    1040
0
    1070
0
    1002
}
    1000
IsFill
    1070
0
    1000
PathStart
    1040
0
    1000
ToolCompensation
    1002
{
    1070
0
    1040
0
    1070
0
    1002
}
       0
CIRCLE
       5
20B7
     100
AcDbEntity
       8
1
     100
AcDbCircle
      10
-41.365
      20
41.365
      30
0
      40
6.00000000000002
    1001
FS_CYPCUT
    1000
Channel
    1070
1
    1000
LeadIn
    1002
{
    1070
3
    1040
0
    1040
1.5707963267949
    1040
1
    1040
1
    1070
0
    1040
0.5
    1070
0
    1002
}
    1000
LeadOut
    1002
{
    1070
0
    1040
0
    1040
0
    1040
0
    1070
0
    1002
}
    1000
IsFill
    1070
0
    1000
PathStart
    1040
0
    1000
ToolCompensation
    1002
{
    1070
0
    1040
0
    1070
0
    1002
}
       0
CIRCLE
       5
20B8
     100
AcDbEntity
       8
1
     100
AcDbCircle
      10
0
      20
0
      30
0
      40
42.45
    1001
FS_CYPCUT
    1000
Channel
    1070
1
    1000
LeadIn
    1002
{
    1070
3
    1040
0
    1040
1.5707963267949
    1040
1
    1040
1
    1070
0
    1040
0.5
    1070
0
    1002
}
    1000
LeadOut
    1002
{
    1070
0
    1040
0
    1040
0
    1040
0
    1070
0
    1002
}
    1000
IsFill
    1070
0
    1000
PathStart
    1040
0
    1000
ToolCompensation
    1002
{
    1070
0
    1040
0
    1070
0
    1002
}
       0
CIRCLE
       5
20B9
     100
AcDbEntity
       8
1
     100
AcDbCircle
      10
41.365
      20
41.365
      30
0
      40
5.99999999999999
    1001
FS_CYPCUT
    1000
Channel
    1070
1
    1000
LeadIn
    1002
{
    1070
3
    1040
0
    1040
1.5707963267949
    1040
1
    1040
1
    1070
0
    1040
0.5
    1070
0
    1002
}
    1000
LeadOut
    1002
{
    1070
0
    1040
0
    1040
0
    1040
0
    1070
0
    1002
}
    1000
IsFill
    1070
0
    1000
PathStart
    1040
0
    1000
ToolCompensation
    1002
{
    1070
0
    1040
0
    1070
0
    1002
}
       0
CIRCLE
       5
20BA
     100
AcDbEntity
       8
1
     100
AcDbCircle
      10
50.6615716051
      20
-29.2494720038
      30
0
      40
6
    1001
FS_CYPCUT
    1000
Channel
    1070
1
    1000
LeadIn
    1002
{
    1070
3
    1040
0
    1040
1.5707963267949
    1040
1
    1040
1
    1070
0
    1040
0.5
    1070
0
    1002
}
    1000
LeadOut
    1002
{
    1070
0
    1040
0
    1040
0
    1040
0
    1070
0
    1002
}
    1000
IsFill
    1070
0
    1000
PathStart
    1040
0
    1000
ToolCompensation
    1002
{
    1070
0
    1040
0
    1070
0
    1002
}
       0
LWPOLYLINE
       5
20BB
     100
AcDbEntity
       8
1
     100
AcDbPolyline
      90
16
      70
1
      10
63.5461887877519
      20
-32.4904541545049
      42
-0.420853937967136
      10
54.8634266613783
      20
-43.8541207980111
      42
-0.0295884652391378
      10
1.49999999979386
      20
-47.1924580174273
      42
0
      10
1.5
      20
-44.1949460967
      42
0
      10
-1.5
      20
-44.1949460967
      42
0
      10
-1.5
      20
-47.1924580174
      42
-0.0295884652391379
      10
-54.8634266613783
      20
-43.8541207980112
      42
-0.420853937967136
      10
-63.5461887878
      20
-32.4904541545
      42
0
      10
-52.6088163312
      20
42.8025530042
      42
-0.372566297861683
      10
-42.7126836846
      20
51.365
      42
0
      10
-1.5
      20
51.365
      42
0
      10
-1.5
      20
48.365
      42
0
      10
1.5
      20
48.365
      42
0
      10
1.5
      20
51.365
      42
0
      10
42.7126836846
      20
51.365
      42
-0.372566297861683
      10
52.6088163312
      20
42.8025530042
      42
0
    1001
FS_CYPCUT
    1000
Channel
    1070
1
    1000
LeadIn
    1002
{
    1070
3
    1040
7.5
    1040
1.5707963267949
    1040
1
    1040
1
    1070
0
    1040
0.5
    1070
0
    1002
}
    1000
LeadOut
    1002
{
    1070
0
    1040
0
    1040
0
    1040
0
    1070
0
    1002
}
    1000
IsFill
    1070
1
    1000
PathStart
    1040
7.5
    1000
ToolCompensation
    1002
{
    1070
0
    1040
0
    1070
0
    1002
}
    1000
MicroConnect
    1002
{
    1070
2
    1040
1.32923305
    1041
0.8
    1042
0
    1040
13.8684197
    1041
0.8
    1042
0
    1002
}
       0
ENDBLK
       5
20BC
     330
200E
     100
AcDbEntity
       8
0
     100
AcDbBlockEnd
       0
BLOCK
       5
20BD
     330
200F
     100
AcDbEntity
       8
0
     100
AcDbBlockBegin
       2
Part132516952
      70
0
      10
-65.5524037
      20
-46.45
      30
0
       3
Part132516952
       1

       4
CypCutBlock
       0
CIRCLE
       5
20BE
     100
AcDbEntity
       8
1
     100
AcDbCircle
      10
-53.033008589
      20
-24.6931164497
      30
0
      40
5.75000000000025
    1001
FS_CYPCUT
    1000
Channel
    1070
1
    1000
LeadIn
    1002
{
    1070
3
    1040
0
    1040
1.5707963267949
    1040
1
    1040
1
    1070
0
    1040
0.5
    1070
0
    1002
}
    1000
LeadOut
    1002
{
    1070
0
    1040
0
    1040
0
    1040
0
    1070
0
    1002
}
    1000
IsFill
    1070
0
    1000
PathStart
    1040
0
    1000
ToolCompensation
    1002
{
    1070
0
    1040
0
    1070
0
    1002
}
       0
LWPOLYLINE
       5
20BF
     100
AcDbEntity
       8
1
     100
AcDbPolyline
      90
4
      70
1
      10
-49.5
      20
4.75
      42
0
      10
-56
      20
4.75
      42
0
      10
-56
      20
-4.75
      42
0
      10
-49.5
      20
-4.75
      42
0
    1001
FS_CYPCUT
    1000
Channel
    1070
1
    1000
LeadIn
    1002
{
    1070
3
    1040
1.5
    1040
1.5707963267949
    1040
1
    1040
1
    1070
0
    1040
0.5
    1070
0
    1002
}
    1000
LeadOut
    1002
{
    1070
0
    1040
0
    1040
0
    1040
0
    1070
0
    1002
}
    1000
IsFill
    1070
0
    1000
PathStart
    1040
1.5
    1000
ToolCompensation
    1002
{
    1070
0
    1040
0
    1070
0
    1002
}
       0
CIRCLE
       5
20C0
     100
AcDbEntity
       8
1
     100
AcDbCircle
      10
-41.3657466994
      20
41.3657466994
      30
0
      40
5.75000000000106
    1001
FS_CYPCUT
    1000
Channel
    1070
1
    1000
LeadIn
    1002
{
    1070
3
    1040
0
    1040
1.5707963267949
    1040
1
    1040
1
    1070
0
    1040
0.5
    1070
0
    1002
}
    1000
LeadOut
    1002
{
    1070
0
    1040
0
    1040
0
    1040
0
    1070
0
    1002
}
    1000
IsFill
    1070
0
    1000
PathStart
    1040
0
    1000
ToolCompensation
    1002
{
    1070
0
    1040
0
    1070
0
    1002
}
       0
CIRCLE
       5
20C1
     100
AcDbEntity
       8
1
     100
AcDbCircle
      10
0
      20
0
      30
0
      40
28.6
    1001
FS_CYPCUT
    1000
Channel
    1070
1
    1000
LeadIn
    1002
{
    1070
3
    1040
0
    1040
1.5707963267949
    1040
1
    1040
1
    1070
0
    1040
0.5
    1070
0
    1002
}
    1000
LeadOut
    1002
{
    1070
0
    1040
0
    1040
0
    1040
0
    1070
0
    1002
}
    1000
IsFill
    1070
0
    1000
PathStart
    1040
1
    1000
ToolCompensation
    1002
{
    1070
0
    1040
0
    1070
0
    1002
}
       0
CIRCLE
       5
20C2
     100
AcDbEntity
       8
1
     100
AcDbCircle
      10
41.3657466994
      20
41.3657466994
      30
0
      40
5.74999999999999
    1001
FS_CYPCUT
    1000
Channel
    1070
1
    1000
LeadIn
    1002
{
    1070
3
    1040
0
    1040
1.5707963267949
    1040
1
    1040
1
    1070
0
    1040
0.5
    1070
0
    1002
}
    1000
LeadOut
    1002
{
    1070
0
    1040
0
    1040
0
    1040
0
    1070
0
    1002
}
    1000
IsFill
    1070
0
    1000
PathStart
    1040
0
    1000
ToolCompensation
    1002
{
    1070
0
    1040
0
    1070
0
    1002
}
       0
CIRCLE
       5
20C3
     100
AcDbEntity
       8
1
     100
AcDbCircle
      10
53.033008589
      20
-24.6931164497
      30
0
      40
5.75000000000026
    1001
FS_CYPCUT
    1000
Channel
    1070
1
    1000
LeadIn
    1002
{
    1070
3
    1040
0
    1040
1.5707963267949
    1040
1
    1040
1
    1070
0
    1040
0.5
    1070
0
    1002
}
    1000
LeadOut
    1002
{
    1070
0
    1040
0
    1040
0
    1040
0
    1070
0
    1002
}
    1000
IsFill
    1070
0
    1000
PathStart
    1040
1
    1000
ToolCompensation
    1002
{
    1070
0
    1040
0
    1070
0
    1002
}
       0
LWPOLYLINE
       5
20C4
     100
AcDbEntity
       8
1
     100
AcDbPolyline
      90
8
      70
1
      10
59.954586605673
      20
-36.004212699688
      42
0.182860138040648
      10
55.4881539542929
      20
47.8085481922624
      42
0.187364482628871
      10
47.808548192239
      20
55.4881539543464
      42
0.21051151088183
      10
-47.8085481922628
      20
55.488153954294
      42
0.187364482628871
      10
-55.4881539543464
      20
47.808548192239
      42
0.182860138040648
      10
-59.9545866057107
      20
-36.004212699687
      42
0.326489132590465
      10
-45.6626606793
      20
-46.45
      42
0
      10
45.6626606793
      20
-46.45
      42
0.326489132590466
    1001
FS_CYPCUT
    1000
Channel
    1070
1
    1000
LeadIn
    1002
{
    1070
3
    1040
2.5
    1040
1.5707963267949
    1040
1
    1040
1
    1070
0
    1040
0.5
    1070
0
    1002
}
    1000
LeadOut
    1002
{
    1070
0
    1040
0
    1040
0
    1040
0
    1070
0
    1002
}
    1000
IsFill
    1070
1
    1000
PathStart
    1040
2.5
    1000
ToolCompensation
    1002
{
    1070
0
    1040
0
    1070
0
    1002
}
    1000
MicroConnect
    1002
{
    1070
2
    1040
0.1169245
    1041
0.8
    1042
0
    1040
4.88958178
    1041
0.8
    1042
0
    1002
}
       0
ENDBLK
       5
20C5
     330
200F
     100
AcDbEntity
       8
0
     100
AcDbBlockEnd
       0
BLOCK
       5
20C6
     330
2010
     100
AcDbEntity
       8
0
     100
AcDbBlockBegin
       2
Part992336606
      70
0
      10
-140
      20
-111.74
      30
0
       3
Part992336606
       1

       4
CypCutBlock
       0
CIRCLE
       5
20C7
     100
AcDbEntity
       8
1
     100
AcDbCircle
      10
-60.1658333276
      20
-72.76
      30
0
      40
5.09999999999999
    1001
FS_CYPCUT
    1000
Channel
    1070
1
    1000
LeadIn
    1002
{
    1070
3
    1040
0
    1040
1.5707963267949
    1040
1
    1040
1
    1070
0
    1040
0.5
    1070
0
    1002
}
    1000
LeadOut
    1002
{
    1070
0
    1040
0
    1040
0
    1040
0
    1070
0
    1002
}
    1000
IsFill
    1070
0
    1000
PathStart
    1040
1
    1000
ToolCompensation
    1002
{
    1070
0
    1040
0
    1070
0
    1002
}
       0
CIRCLE
       5
20C8
     100
AcDbEntity
       8
1
     100
AcDbCircle
      10
-60.1658333276
      20
37.24
      30
0
      40
5.09999999999999
    1001
FS_CYPCUT
    1000
Channel
    1070
1
    1000
LeadIn
    1002
{
    1070
3
    1040
0
    1040
1.5707963267949
    1040
1
    1040
1
    1070
0
    1040
0.5
    1070
0
    1002
}
    1000
LeadOut
    1002
{
    1070
0
    1040
0
    1040
0
    1040
0
    1070
0
    1002
}
    1000
IsFill
    1070
0
    1000
PathStart
    1040
0
    1000
ToolCompensation
    1002
{
    1070
0
    1040
0
    1070
0
    1002
}
       0
CIRCLE
       5
20C9
     100
AcDbEntity
       8
1
     100
AcDbCircle
      10
60.8341666724
      20
37.24
      30
0
      40
5.09999999999999
    1001
FS_CYPCUT
    1000
Channel
    1070
1
    1000
LeadIn
    1002
{
    1070
3
    1040
0
    1040
1.5707963267949
    1040
1
    1040
1
    1070
0
    1040
0.5
    1070
0
    1002
}
    1000
LeadOut
    1002
{
    1070
0
    1040
0
    1040
0
    1040
0
    1070
0
    1002
}
    1000
IsFill
    1070
0
    1000
PathStart
    1040
0
    1000
ToolCompensation
    1002
{
    1070
0
    1040
0
    1070
0
    1002
}
       0
CIRCLE
       5
20CA
     100
AcDbEntity
       8
1
     100
AcDbCircle
      10
60.8341666724
      20
-72.76
      30
0
      40
5.09999999999998
    1001
FS_CYPCUT
    1000
Channel
    1070
1
    1000
LeadIn
    1002
{
    1070
3
    1040
0
    1040
1.5707963267949
    1040
1
    1040
1
    1070
0
    1040
0.5
    1070
0
    1002
}
    1000
LeadOut
    1002
{
    1070
0
    1040
0
    1040
0
    1040
0
    1070
0
    1002
}
    1000
IsFill
    1070
0
    1000
PathStart
    1040
0
    1000
ToolCompensation
    1002
{
    1070
0
    1040
0
    1070
0
    1002
}
       0
LWPOLYLINE
       5
20CB
     100
AcDbEntity
       8
1
     100
AcDbPolyline
      90
28
      70
1
      10
140
      20
101.74
      42
0.41421356237309
      10
130
      20
111.74
      42
0
      10
67
      20
111.74
      42
0.414213562373103
      10
65
      20
109.74
      42
0
      10
65
      20
107.39
      42
-0.4142135623731
      10
63
      20
105.39
      42
0
      10
-63
      20
105.39
      42
-0.4142135623731
      10
-65
      20
107.39
      42
0
      10
-65
      20
109.74
      42
0.414213562373093
      10
-67
      20
111.74
      42
0
      10
-130
      20
111.74
      42
0.414213562373099
      10
-140
      20
101.74
      42
0
      10
-140
      20
-101.74
      42
0.414213562373095
      10
-130
      20
-111.74
      42
0
      10
58.5
      20
-111.74
      42
0.414213562373076
      10
59.5
      20
-110.74
      42
0
      10
59.5
      20
-105.39
      42
0
      10
77.5
      20
-105.39
      42
0
      10
77.5
      20
-110.74
      42
0.414213562373091
      10
78.5
      20
-111.74
      42
0
      10
101.5
      20
-111.74
      42
0.414213562373099
      10
102.5
      20
-110.74
      42
0
      10
102.5
      20
-105.39
      42
0
      10
120.5
      20
-105.39
      42
0
      10
120.5
      20
-110.74
      42
0.414213562373099
      10
121.5
      20
-111.74
      42
0
      10
130
      20
-111.74
      42
0.414213562373098
      10
140
      20
-101.74
      42
0
    1001
FS_CYPCUT
    1000
Channel
    1070
1
    1000
LeadIn
    1002
{
    1070
3
    1040
11.5
    1040
1.5707963267949
    1040
1
    1040
1
    1070
0
    1040
0.5
    1070
0
    1002
}
    1000
LeadOut
    1002
{
    1070
0
    1040
0
    1040
0
    1040
0
    1070
0
    1002
}
    1000
IsFill
    1070
1
    1000
PathStart
    1040
11.5
    1000
ToolCompensation
    1002
{
    1070
0
    1040
0
    1070
0
    1002
}
    1000
MicroConnect
    1002
{
    1070
2
    1040
5.46777728
    1041
0.8
    1042
0
    1040
13.6174789
    1041
0.8
    1042
0
    1002
}
       0
ENDBLK
       5
20CC
     330
2010
     100
AcDbEntity
       8
0
     100
AcDbBlockEnd
       0
BLOCK
       5
20CD
     330
2011
     100
AcDbEntity
       8
0
     100
AcDbBlockBegin
       2
Part846832247
      70
0
      10
-65.5524037
      20
-46.45
      30
0
       3
Part846832247
       1

       4
CypCutBlock
       0
CIRCLE
       5
20CE
     100
AcDbEntity
       8
1
     100
AcDbCircle
      10
-53.033008589
      20
-24.6931164497
      30
0
      40
5.75000000000025
    1001
FS_CYPCUT
    1000
Channel
    1070
1
    1000
LeadIn
    1002
{
    1070
3
    1040
0
    1040
1.5707963267949
    1040
1
    1040
1
    1070
0
    1040
0.5
    1070
0
    1002
}
    1000
LeadOut
    1002
{
    1070
0
    1040
0
    1040
0
    1040
0
    1070
0
    1002
}
    1000
IsFill
    1070
0
    1000
PathStart
    1040
0
    1000
ToolCompensation
    1002
{
    1070
0
    1040
0
    1070
0
    1002
}
       0
LWPOLYLINE
       5
20CF
     100
AcDbEntity
       8
1
     100
AcDbPolyline
      90
4
      70
1
      10
-49.5
      20
4.75
      42
0
      10
-56
      20
4.75
      42
0
      10
-56
      20
-4.75
      42
0
      10
-49.5
      20
-4.75
      42
0
    1001
FS_CYPCUT
    1000
Channel
    1070
1
    1000
LeadIn
    1002
{
    1070
3
    1040
1.5
    1040
1.5707963267949
    1040
1
    1040
1
    1070
0
    1040
0.5
    1070
0
    1002
}
    1000
LeadOut
    1002
{
    1070
0
    1040
0
    1040
0
    1040
0
    1070
0
    1002
}
    1000
IsFill
    1070
0
    1000
PathStart
    1040
1.5
    1000
ToolCompensation
    1002
{
    1070
0
    1040
0
    1070
0
    1002
}
       0
CIRCLE
       5
20D0
     100
AcDbEntity
       8
1
     100
AcDbCircle
      10
-41.3657466994
      20
41.3657466994
      30
0
      40
5.75000000000106
    1001
FS_CYPCUT
    1000
Channel
    1070
1
    1000
LeadIn
    1002
{
    1070
3
    1040
0
    1040
1.5707963267949
    1040
1
    1040
1
    1070
0
    1040
0.5
    1070
0
    1002
}
    1000
LeadOut
    1002
{
    1070
0
    1040
0
    1040
0
    1040
0
    1070
0
    1002
}
    1000
IsFill
    1070
0
    1000
PathStart
    1040
0
    1000
ToolCompensation
    1002
{
    1070
0
    1040
0
    1070
0
    1002
}
       0
CIRCLE
       5
20D1
     100
AcDbEntity
       8
1
     100
AcDbCircle
      10
0
      20
0
      30
0
      40
28.6
    1001
FS_CYPCUT
    1000
Channel
    1070
1
    1000
LeadIn
    1002
{
    1070
3
    1040
0
    1040
1.5707963267949
    1040
1
    1040
1
    1070
0
    1040
0.5
    1070
0
    1002
}
    1000
LeadOut
    1002
{
    1070
0
    1040
0
    1040
0
    1040
0
    1070
0
    1002
}
    1000
IsFill
    1070
0
    1000
PathStart
    1040
1
    1000
ToolCompensation
    1002
{
    1070
0
    1040
0
    1070
0
    1002
}
       0
CIRCLE
       5
20D2
     100
AcDbEntity
       8
1
     100
AcDbCircle
      10
41.3657466994
      20
41.3657466994
      30
0
      40
5.74999999999999
    1001
FS_CYPCUT
    1000
Channel
    1070
1
    1000
LeadIn
    1002
{
    1070
3
    1040
0
    1040
1.5707963267949
    1040
1
    1040
1
    1070
0
    1040
0.5
    1070
0
    1002
}
    1000
LeadOut
    1002
{
    1070
0
    1040
0
    1040
0
    1040
0
    1070
0
    1002
}
    1000
IsFill
    1070
0
    1000
PathStart
    1040
0
    1000
ToolCompensation
    1002
{
    1070
0
    1040
0
    1070
0
    1002
}
       0
CIRCLE
       5
20D3
     100
AcDbEntity
       8
1
     100
AcDbCircle
      10
53.033008589
      20
-24.6931164497
      30
0
      40
5.75000000000026
    1001
FS_CYPCUT
    1000
Channel
    1070
1
    1000
LeadIn
    1002
{
    1070
3
    1040
0
    1040
1.5707963267949
    1040
1
    1040
1
    1070
0
    1040
0.5
    1070
0
    1002
}
    1000
LeadOut
    1002
{
    1070
0
    1040
0
    1040
0
    1040
0
    1070
0
    1002
}
    1000
IsFill
    1070
0
    1000
PathStart
    1040
1
    1000
ToolCompensation
    1002
{
    1070
0
    1040
0
    1070
0
    1002
}
       0
LWPOLYLINE
       5
20D4
     100
AcDbEntity
       8
1
     100
AcDbPolyline
      90
8
      70
1
      10
59.954586605673
      20
-36.004212699688
      42
0.182860138040648
      10
55.4881539542929
      20
47.8085481922624
      42
0.187364482628871
      10
47.808548192239
      20
55.4881539543464
      42
0.21051151088183
      10
-47.8085481922628
      20
55.488153954294
      42
0.187364482628871
      10
-55.4881539543464
      20
47.808548192239
      42
0.182860138040648
      10
-59.9545866057107
      20
-36.004212699687
      42
0.326489132590465
      10
-45.6626606793
      20
-46.45
      42
0
      10
45.6626606793
      20
-46.45
      42
0.326489132590466
    1001
FS_CYPCUT
    1000
Channel
    1070
1
    1000
LeadIn
    1002
{
    1070
3
    1040
2.5
    1040
1.5707963267949
    1040
1
    1040
1
    1070
0
    1040
0.5
    1070
0
    1002
}
    1000
LeadOut
    1002
{
    1070
0
    1040
0
    1040
0
    1040
0
    1070
0
    1002
}
    1000
IsFill
    1070
1
    1000
PathStart
    1040
2.5
    1000
ToolCompensation
    1002
{
    1070
0
    1040
0
    1070
0
    1002
}
    1000
MicroConnect
    1002
{
    1070
2
    1040
0.1169245
    1041
0.8
    1042
0
    1040
4.88958178
    1041
0.8
    1042
0
    1002
}
       0
ENDBLK
       5
20D5
     330
2011
     100
AcDbEntity
       8
0
     100
AcDbBlockEnd
       0
BLOCK
       5
20D6
     330
2012
     100
AcDbEntity
       8
0
     100
AcDbBlockBegin
       2
Part744883633
      70
0
      10
-65.5524037
      20
-46.45
      30
0
       3
Part744883633
       1

       4
CypCutBlock
       0
CIRCLE
       5
20D7
     100
AcDbEntity
       8
1
     100
AcDbCircle
      10
-53.033008589
      20
-24.6931164497
      30
0
      40
5.75000000000025
    1001
FS_CYPCUT
    1000
Channel
    1070
1
    1000
LeadIn
    1002
{
    1070
3
    1040
0
    1040
1.5707963267949
    1040
1
    1040
1
    1070
0
    1040
0.5
    1070
0
    1002
}
    1000
LeadOut
    1002
{
    1070
0
    1040
0
    1040
0
    1040
0
    1070
0
    1002
}
    1000
IsFill
    1070
0
    1000
PathStart
    1040
0
    1000
ToolCompensation
    1002
{
    1070
0
    1040
0
    1070
0
    1002
}
       0
LWPOLYLINE
       5
20D8
     100
AcDbEntity
       8
1
     100
AcDbPolyline
      90
4
      70
1
      10
-49.5
      20
4.75
      42
0
      10
-56
      20
4.75
      42
0
      10
-56
      20
-4.75
      42
0
      10
-49.5
      20
-4.75
      42
0
    1001
FS_CYPCUT
    1000
Channel
    1070
1
    1000
LeadIn
    1002
{
    1070
3
    1040
1.5
    1040
1.5707963267949
    1040
1
    1040
1
    1070
0
    1040
0.5
    1070
0
    1002
}
    1000
LeadOut
    1002
{
    1070
0
    1040
0
    1040
0
    1040
0
    1070
0
    1002
}
    1000
IsFill
    1070
0
    1000
PathStart
    1040
1.5
    1000
ToolCompensation
    1002
{
    1070
0
    1040
0
    1070
0
    1002
}
       0
CIRCLE
       5
20D9
     100
AcDbEntity
       8
1
     100
AcDbCircle
      10
-41.3657466994
      20
41.3657466994
      30
0
      40
5.75000000000106
    1001
FS_CYPCUT
    1000
Channel
    1070
1
    1000
LeadIn
    1002
{
    1070
3
    1040
0
    1040
1.5707963267949
    1040
1
    1040
1
    1070
0
    1040
0.5
    1070
0
    1002
}
    1000
LeadOut
    1002
{
    1070
0
    1040
0
    1040
0
    1040
0
    1070
0
    1002
}
    1000
IsFill
    1070
0
    1000
PathStart
    1040
0
    1000
ToolCompensation
    1002
{
    1070
0
    1040
0
    1070
0
    1002
}
       0
CIRCLE
       5
20DA
     100
AcDbEntity
       8
1
     100
AcDbCircle
      10
0
      20
0
      30
0
      40
28.6
    1001
FS_CYPCUT
    1000
Channel
    1070
1
    1000
LeadIn
    1002
{
    1070
3
    1040
0
    1040
1.5707963267949
    1040
1
    1040
1
    1070
0
    1040
0.5
    1070
0
    1002
}
    1000
LeadOut
    1002
{
    1070
0
    1040
0
    1040
0
    1040
0
    1070
0
    1002
}
    1000
IsFill
    1070
0
    1000
PathStart
    1040
1
    1000
ToolCompensation
    1002
{
    1070
0
    1040
0
    1070
0
    1002
}
       0
CIRCLE
       5
20DB
     100
AcDbEntity
       8
1
     100
AcDbCircle
      10
41.3657466994
      20
41.3657466994
      30
0
      40
5.74999999999999
    1001
FS_CYPCUT
    1000
Channel
    1070
1
    1000
LeadIn
    1002
{
    1070
3
    1040
0
    1040
1.5707963267949
    1040
1
    1040
1
    1070
0
    1040
0.5
    1070
0
    1002
}
    1000
LeadOut
    1002
{
    1070
0
    1040
0
    1040
0
    1040
0
    1070
0
    1002
}
    1000
IsFill
    1070
0
    1000
PathStart
    1040
0
    1000
ToolCompensation
    1002
{
    1070
0
    1040
0
    1070
0
    1002
}
       0
CIRCLE
       5
20DC
     100
AcDbEntity
       8
1
     100
AcDbCircle
      10
53.033008589
      20
-24.6931164497
      30
0
      40
5.75000000000026
    1001
FS_CYPCUT
    1000
Channel
    1070
1
    1000
LeadIn
    1002
{
    1070
3
    1040
0
    1040
1.5707963267949
    1040
1
    1040
1
    1070
0
    1040
0.5
    1070
0
    1002
}
    1000
LeadOut
    1002
{
    1070
0
    1040
0
    1040
0
    1040
0
    1070
0
    1002
}
    1000
IsFill
    1070
0
    1000
PathStart
    1040
1
    1000
ToolCompensation
    1002
{
    1070
0
    1040
0
    1070
0
    1002
}
       0
LWPOLYLINE
       5
20DD
     100
AcDbEntity
       8
1
     100
AcDbPolyline
      90
8
      70
1
      10
59.954586605673
      20
-36.004212699688
      42
0.182860138040648
      10
55.4881539542929
      20
47.8085481922624
      42
0.187364482628871
      10
47.808548192239
      20
55.4881539543464
      42
0.21051151088183
      10
-47.8085481922628
      20
55.488153954294
      42
0.187364482628871
      10
-55.4881539543464
      20
47.808548192239
      42
0.182860138040648
      10
-59.9545866057107
      20
-36.004212699687
      42
0.326489132590465
      10
-45.6626606793
      20
-46.45
      42
0
      10
45.6626606793
      20
-46.45
      42
0.326489132590466
    1001
FS_CYPCUT
    1000
Channel
    1070
1
    1000
LeadIn
    1002
{
    1070
3
    1040
2.5
    1040
1.5707963267949
    1040
1
    1040
1
    1070
0
    1040
0.5
    1070
0
    1002
}
    1000
LeadOut
    1002
{
    1070
0
    1040
0
    1040
0
    1040
0
    1070
0
    1002
}
    1000
IsFill
    1070
1
    1000
PathStart
    1040
2.5
    1000
ToolCompensation
    1002
{
    1070
0
    1040
0
    1070
0
    1002
}
    1000
MicroConnect
    1002
{
    1070
2
    1040
0.1169245
    1041
0.8
    1042
0
    1040
4.88958178
    1041
0.8
    1042
0
    1002
}
       0
ENDBLK
       5
20DE
     330
2012
     100
AcDbEntity
       8
0
     100
AcDbBlockEnd
       0
BLOCK
       5
20DF
     330
2013
     100
AcDbEntity
       8
0
     100
AcDbBlockBegin
       2
Part2073051738
      70
0
      10
-140
      20
-111.74
      30
0
       3
Part2073051738
       1

       4
CypCutBlock
       0
CIRCLE
       5
20E0
     100
AcDbEntity
       8
1
     100
AcDbCircle
      10
-60.1658333276
      20
-72.76
      30
0
      40
5.09999999999999
    1001
FS_CYPCUT
    1000
Channel
    1070
1
    1000
LeadIn
    1002
{
    1070
3
    1040
0
    1040
1.5707963267949
    1040
1
    1040
1
    1070
0
    1040
0.5
    1070
0
    1002
}
    1000
LeadOut
    1002
{
    1070
0
    1040
0
    1040
0
    1040
0
    1070
0
    1002
}
    1000
IsFill
    1070
0
    1000
PathStart
    1040
1
    1000
ToolCompensation
    1002
{
    1070
0
    1040
0
    1070
0
    1002
}
       0
CIRCLE
       5
20E1
     100
AcDbEntity
       8
1
     100
AcDbCircle
      10
-60.1658333276
      20
37.24
      30
0
      40
5.09999999999999
    1001
FS_CYPCUT
    1000
Channel
    1070
1
    1000
LeadIn
    1002
{
    1070
3
    1040
0
    1040
1.5707963267949
    1040
1
    1040
1
    1070
0
    1040
0.5
    1070
0
    1002
}
    1000
LeadOut
    1002
{
    1070
0
    1040
0
    1040
0
    1040
0
    1070
0
    1002
}
    1000
IsFill
    1070
0
    1000
PathStart
    1040
0
    1000
ToolCompensation
    1002
{
    1070
0
    1040
0
    1070
0
    1002
}
       0
CIRCLE
       5
20E2
     100
AcDbEntity
       8
1
     100
AcDbCircle
      10
60.8341666724
      20
37.24
      30
0
      40
5.09999999999999
    1001
FS_CYPCUT
    1000
Channel
    1070
1
    1000
LeadIn
    1002
{
    1070
3
    1040
0
    1040
1.5707963267949
    1040
1
    1040
1
    1070
0
    1040
0.5
    1070
0
    1002
}
    1000
LeadOut
    1002
{
    1070
0
    1040
0
    1040
0
    1040
0
    1070
0
    1002
}
    1000
IsFill
    1070
0
    1000
PathStart
    1040
0
    1000
ToolCompensation
    1002
{
    1070
0
    1040
0
    1070
0
    1002
}
       0
CIRCLE
       5
20E3
     100
AcDbEntity
       8
1
     100
AcDbCircle
      10
60.8341666724
      20
-72.76
      30
0
      40
5.09999999999998
    1001
FS_CYPCUT
    1000
Channel
    1070
1
    1000
LeadIn
    1002
{
    1070
3
    1040
0
    1040
1.5707963267949
    1040
1
    1040
1
    1070
0
    1040
0.5
    1070
0
    1002
}
    1000
LeadOut
    1002
{
    1070
0
    1040
0
    1040
0
    1040
0
    1070
0
    1002
}
    1000
IsFill
    1070
0
    1000
PathStart
    1040
0
    1000
ToolCompensation
    1002
{
    1070
0
    1040
0
    1070
0
    1002
}
       0
LWPOLYLINE
       5
20E4
     100
AcDbEntity
       8
1
     100
AcDbPolyline
      90
28
      70
1
      10
140
      20
101.74
      42
0.41421356237309
      10
130
      20
111.74
      42
0
      10
67
      20
111.74
      42
0.414213562373103
      10
65
      20
109.74
      42
0
      10
65
      20
107.39
      42
-0.4142135623731
      10
63
      20
105.39
      42
0
      10
-63
      20
105.39
      42
-0.4142135623731
      10
-65
      20
107.39
      42
0
      10
-65
      20
109.74
      42
0.414213562373093
      10
-67
      20
111.74
      42
0
      10
-130
      20
111.74
      42
0.414213562373099
      10
-140
      20
101.74
      42
0
      10
-140
      20
-101.74
      42
0.414213562373095
      10
-130
      20
-111.74
      42
0
      10
58.5
      20
-111.74
      42
0.414213562373076
      10
59.5
      20
-110.74
      42
0
      10
59.5
      20
-105.39
      42
0
      10
77.5
      20
-105.39
      42
0
      10
77.5
      20
-110.74
      42
0.414213562373091
      10
78.5
      20
-111.74
      42
0
      10
101.5
      20
-111.74
      42
0.414213562373099
      10
102.5
      20
-110.74
      42
0
      10
102.5
      20
-105.39
      42
0
      10
120.5
      20
-105.39
      42
0
      10
120.5
      20
-110.74
      42
0.414213562373099
      10
121.5
      20
-111.74
      42
0
      10
130
      20
-111.74
      42
0.414213562373098
      10
140
      20
-101.74
      42
0
    1001
FS_CYPCUT
    1000
Channel
    1070
1
    1000
LeadIn
    1002
{
    1070
3
    1040
11.5
    1040
1.5707963267949
    1040
1
    1040
1
    1070
0
    1040
0.5
    1070
0
    1002
}
    1000
LeadOut
    1002
{
    1070
0
    1040
0
    1040
0
    1040
0
    1070
0
    1002
}
    1000
IsFill
    1070
1
    1000
PathStart
    1040
11.5
    1000
ToolCompensation
    1002
{
    1070
0
    1040
0
    1070
0
    1002
}
    1000
MicroConnect
    1002
{
    1070
2
    1040
5.46777728
    1041
0.8
    1042
0
    1040
13.6174789
    1041
0.8
    1042
0
    1002
}
       0
ENDBLK
       5
20E5
     330
2013
     100
AcDbEntity
       8
0
     100
AcDbBlockEnd
       0
BLOCK
       5
20E6
     330
2014
     100
AcDbEntity
       8
0
     100
AcDbBlockBegin
       2
Part988051913
      70
0
      10
-97
      20
-222
      30
0
       3
Part988051913
       1

       4
CypCutBlock
       0
LWPOLYLINE
       5
20E7
     100
AcDbEntity
       8
1
     100
AcDbPolyline
      90
8
      70
1
      10
-62.9999999999999
      20
-143
      42
0.414213562373098
      10
-68.5
      20
-137.5
      42
0
      10
-71.5
      20
-137.5
      42
0.414213562373096
      10
-77
      20
-143
      42
0
      10
-77
      20
-177
      42
0.414213562373097
      10
-71.5
      20
-182.5
      42
0
      10
-68.5
      20
-182.5
      42
0.414213562373102
      10
-63
      20
-177
      42
0
    1001
FS_CYPCUT
    1000
Channel
    1070
1
    1000
LeadIn
    1002
{
    1070
3
    1040
3.5
    1040
1.5707963267949
    1040
1
    1040
1
    1070
0
    1040
0.5
    1070
0
    1002
}
    1000
LeadOut
    1002
{
    1070
0
    1040
0
    1040
0
    1040
0
    1070
0
    1002
}
    1000
IsFill
    1070
0
    1000
PathStart
    1040
3.5
    1000
ToolCompensation
    1002
{
    1070
0
    1040
0
    1070
0
    1002
}
       0
LWPOLYLINE
       5
20E8
     100
AcDbEntity
       8
1
     100
AcDbPolyline
      90
8
      70
1
      10
77
      20
-143
      42
0
      10
77
      20
-177
      42
-0.414213562373102
      10
71.5
      20
-182.5
      42
0
      10
68.5
      20
-182.5
      42
-0.414213562373096
      10
63
      20
-177
      42
0
      10
63
      20
-143
      42
-0.414213562373096
      10
68.5
      20
-137.5
      42
0
      10
71.5
      20
-137.5
      42
-0.414213562373092
    1001
FS_CYPCUT
    1000
Channel
    1070
1
    1000
LeadIn
    1002
{
    1070
3
    1040
0.5
    1040
1.5707963267949
    1040
1
    1040
1
    1070
0
    1040
0.5
    1070
0
    1002
}
    1000
LeadOut
    1002
{
    1070
0
    1040
0
    1040
0
    1040
0
    1070
0
    1002
}
    1000
IsFill
    1070
0
    1000
PathStart
    1040
0.5
    1000
ToolCompensation
    1002
{
    1070
0
    1040
0
    1070
0
    1002
}
       0
LWPOLYLINE
       5
20E9
     100
AcDbEntity
       8
1
     100
AcDbPolyline
      90
8
      70
1
      10
77
      20
-18
      42
0
      10
77
      20
-52
      42
-0.414213562373097
      10
71.5
      20
-57.5
      42
0
      10
68.5
      20
-57.5
      42
-0.414213562373094
      10
63
      20
-52
      42
0
      10
63
      20
-18
      42
-0.4142135623731
      10
68.5
      20
-12.5
      42
0
      10
71.5
      20
-12.5
      42
-0.414213562373096
    1001
FS_CYPCUT
    1000
Channel
    1070
1
    1000
LeadIn
    1002
{
    1070
3
    1040
0.5
    1040
1.5707963267949
    1040
1
    1040
1
    1070
0
    1040
0.5
    1070
0
    1002
}
    1000
LeadOut
    1002
{
    1070
0
    1040
0
    1040
0
    1040
0
    1070
0
    1002
}
    1000
IsFill
    1070
0
    1000
PathStart
    1040
0.5
    1000
ToolCompensation
    1002
{
    1070
0
    1040
0
    1070
0
    1002
}
       0
LWPOLYLINE
       5
20EA
     100
AcDbEntity
       8
1
     100
AcDbPolyline
      90
8
      70
1
      10
-63
      20
-18
      42
0.414213562373095
      10
-68.5
      20
-12.5
      42
0
      10
-71.5
      20
-12.5
      42
0.414213562373095
      10
-77
      20
-18
      42
0
      10
-77
      20
-52
      42
0.4142135623731
      10
-71.5
      20
-57.5
      42
0
      10
-68.5
      20
-57.5
      42
0.414213562373093
      10
-63
      20
-52
      42
0
    1001
FS_CYPCUT
    1000
Channel
    1070
1
    1000
LeadIn
    1002
{
    1070
3
    1040
3.5
    1040
1.5707963267949
    1040
1
    1040
1
    1070
0
    1040
0.5
    1070
0
    1002
}
    1000
LeadOut
    1002
{
    1070
0
    1040
0
    1040
0
    1040
0
    1070
0
    1002
}
    1000
IsFill
    1070
0
    1000
PathStart
    1040
3.5
    1000
ToolCompensation
    1002
{
    1070
0
    1040
0
    1070
0
    1002
}
       0
LWPOLYLINE
       5
20EB
     100
AcDbEntity
       8
1
     100
AcDbPolyline
      90
8
      70
1
      10
97
      20
-10
      42
0
      10
97
      20
-212
      42
-0.414213562373094
      10
87
      20
-222
      42
0
      10
-87
      20
-222
      42
-0.414213562373099
      10
-97
      20
-212
      42
0
      10
-97
      20
-10
      42
-0.414213562373095
      10
-87
      20
-8.88178419700125E-15
      42
0
      10
87
      20
0
      42
-0.414213562373096
    1001
FS_CYPCUT
    1000
Channel
    1070
1
    1000
LeadIn
    1002
{
    1070
3
    1040
0.5
    1040
1.5707963267949
    1040
1
    1040
1
    1070
0
    1040
0.5
    1070
0
    1002
}
    1000
LeadOut
    1002
{
    1070
0
    1040
0
    1040
0
    1040
0
    1070
0
    1002
}
    1000
IsFill
    1070
1
    1000
PathStart
    1040
0.5
    1000
ToolCompensation
    1002
{
    1070
0
    1040
0
    1070
0
    1002
}
    1000
MicroConnect
    1002
{
    1070
2
    1040
2.90202743
    1041
0.8
    1042
0
    1040
6.1052184
    1041
0.8
    1042
0
    1002
}
       0
ENDBLK
       5
20EC
     330
2014
     100
AcDbEntity
       8
0
     100
AcDbBlockEnd
       0
BLOCK
       5
20ED
     330
2015
     100
AcDbEntity
       8
0
     100
AcDbBlockBegin
       2
Part894841110
      70
0
      10
-63.6500561
      20
-47.192458
      30
0
       3
Part894841110
       1

       4
CypCutBlock
       0
CIRCLE
       5
20EE
     100
AcDbEntity
       8
1
     100
AcDbCircle
      10
-50.6615716051
      20
-29.2494720038
      30
0
      40
6
    1001
FS_CYPCUT
    1000
Channel
    1070
1
    1000
LeadIn
    1002
{
    1070
3
    1040
0
    1040
1.5707963267949
    1040
1
    1040
1
    1070
0
    1040
0.5
    1070
0
    1002
}
    1000
LeadOut
    1002
{
    1070
0
    1040
0
    1040
0
    1040
0
    1070
0
    1002
}
    1000
IsFill
    1070
0
    1000
PathStart
    1040
0
    1000
ToolCompensation
    1002
{
    1070
0
    1040
0
    1070
0
    1002
}
       0
CIRCLE
       5
20EF
     100
AcDbEntity
       8
1
     100
AcDbCircle
      10
-41.365
      20
41.365
      30
0
      40
6.00000000000002
    1001
FS_CYPCUT
    1000
Channel
    1070
1
    1000
LeadIn
    1002
{
    1070
3
    1040
0
    1040
1.5707963267949
    1040
1
    1040
1
    1070
0
    1040
0.5
    1070
0
    1002
}
    1000
LeadOut
    1002
{
    1070
0
    1040
0
    1040
0
    1040
0
    1070
0
    1002
}
    1000
IsFill
    1070
0
    1000
PathStart
    1040
0
    1000
ToolCompensation
    1002
{
    1070
0
    1040
0
    1070
0
    1002
}
       0
CIRCLE
       5
20F0
     100
AcDbEntity
       8
1
     100
AcDbCircle
      10
0
      20
0
      30
0
      40
42.45
    1001
FS_CYPCUT
    1000
Channel
    1070
1
    1000
LeadIn
    1002
{
    1070
3
    1040
0
    1040
1.5707963267949
    1040
1
    1040
1
    1070
0
    1040
0.5
    1070
0
    1002
}
    1000
LeadOut
    1002
{
    1070
0
    1040
0
    1040
0
    1040
0
    1070
0
    1002
}
    1000
IsFill
    1070
0
    1000
PathStart
    1040
0
    1000
ToolCompensation
    1002
{
    1070
0
    1040
0
    1070
0
    1002
}
       0
CIRCLE
       5
20F1
     100
AcDbEntity
       8
1
     100
AcDbCircle
      10
41.365
      20
41.365
      30
0
      40
5.99999999999999
    1001
FS_CYPCUT
    1000
Channel
    1070
1
    1000
LeadIn
    1002
{
    1070
3
    1040
0
    1040
1.5707963267949
    1040
1
    1040
1
    1070
0
    1040
0.5
    1070
0
    1002
}
    1000
LeadOut
    1002
{
    1070
0
    1040
0
    1040
0
    1040
0
    1070
0
    1002
}
    1000
IsFill
    1070
0
    1000
PathStart
    1040
0
    1000
ToolCompensation
    1002
{
    1070
0
    1040
0
    1070
0
    1002
}
       0
CIRCLE
       5
20F2
     100
AcDbEntity
       8
1
     100
AcDbCircle
      10
50.6615716051
      20
-29.2494720038
      30
0
      40
6
    1001
FS_CYPCUT
    1000
Channel
    1070
1
    1000
LeadIn
    1002
{
    1070
3
    1040
0
    1040
1.5707963267949
    1040
1
    1040
1
    1070
0
    1040
0.5
    1070
0
    1002
}
    1000
LeadOut
    1002
{
    1070
0
    1040
0
    1040
0
    1040
0
    1070
0
    1002
}
    1000
IsFill
    1070
0
    1000
PathStart
    1040
0
    1000
ToolCompensation
    1002
{
    1070
0
    1040
0
    1070
0
    1002
}
       0
LWPOLYLINE
       5
20F3
     100
AcDbEntity
       8
1
     100
AcDbPolyline
      90
16
      70
1
      10
63.5461887877519
      20
-32.4904541545049
      42
-0.420853937967136
      10
54.8634266613783
      20
-43.8541207980111
      42
-0.0295884652391378
      10
1.49999999979386
      20
-47.1924580174273
      42
0
      10
1.5
      20
-44.1949460967
      42
0
      10
-1.5
      20
-44.1949460967
      42
0
      10
-1.5
      20
-47.1924580174
      42
-0.0295884652391379
      10
-54.8634266613783
      20
-43.8541207980112
      42
-0.420853937967136
      10
-63.5461887878
      20
-32.4904541545
      42
0
      10
-52.6088163312
      20
42.8025530042
      42
-0.372566297861683
      10
-42.7126836846
      20
51.365
      42
0
      10
-1.5
      20
51.365
      42
0
      10
-1.5
      20
48.365
      42
0
      10
1.5
      20
48.365
      42
0
      10
1.5
      20
51.365
      42
0
      10
42.7126836846
      20
51.365
      42
-0.372566297861683
      10
52.6088163312
      20
42.8025530042
      42
0
    1001
FS_CYPCUT
    1000
Channel
    1070
1
    1000
LeadIn
    1002
{
    1070
3
    1040
7.5
    1040
1.5707963267949
    1040
1
    1040
1
    1070
0
    1040
0.5
    1070
0
    1002
}
    1000
LeadOut
    1002
{
    1070
0
    1040
0
    1040
0
    1040
0
    1070
0
    1002
}
    1000
IsFill
    1070
1
    1000
PathStart
    1040
7.5
    1000
ToolCompensation
    1002
{
    1070
0
    1040
0
    1070
0
    1002
}
    1000
MicroConnect
    1002
{
    1070
2
    1040
1.32923305
    1041
0.8
    1042
0
    1040
13.8684197
    1041
0.8
    1042
0
    1002
}
       0
ENDBLK
       5
20F4
     330
2015
     100
AcDbEntity
       8
0
     100
AcDbBlockEnd
       0
BLOCK
       5
20F5
     330
2016
     100
AcDbEntity
       8
0
     100
AcDbBlockBegin
       2
Part1323622216
      70
0
      10
-90
      20
-53
      30
0
       3
Part1323622216
       1

       4
CypCutBlock
       0
LWPOLYLINE
       5
20F6
     100
AcDbEntity
       8
1
     100
AcDbPolyline
      90
8
      70
1
      10
-45
      20
-23
      42
0
      10
-45
      20
-30
      42
-0.414213562373096
      10
-48
      20
-33
      42
0
      10
-61
      20
-33
      42
-0.414213562373096
      10
-64
      20
-30
      42
0
      10
-64
      20
-23
      42
-0.414213562373096
      10
-61
      20
-20
      42
0
      10
-48
      20
-20
      42
-0.414213562373093
    1001
FS_CYPCUT
    1000
Channel
    1070
1
    1000
LeadIn
    1002
{
    1070
3
    1040
2.5
    1040
1.5707963267949
    1040
1
    1040
1
    1070
0
    1040
0.5
    1070
0
    1002
}
    1000
LeadOut
    1002
{
    1070
0
    1040
0
    1040
0
    1040
0
    1070
0
    1002
}
    1000
IsFill
    1070
0
    1000
PathStart
    1040
2.5
    1000
ToolCompensation
    1002
{
    1070
0
    1040
0
    1070
0
    1002
}
       0
CIRCLE
       5
20F7
     100
AcDbEntity
       8
1
     100
AcDbCircle
      10
-17
      20
-45
      30
0
      40
4.5
    1001
FS_CYPCUT
    1000
Channel
    1070
1
    1000
LeadIn
    1002
{
    1070
3
    1040
0
    1040
1.5707963267949
    1040
1
    1040
1
    1070
0
    1040
0.5
    1070
0
    1002
}
    1000
LeadOut
    1002
{
    1070
0
    1040
0
    1040
0
    1040
0
    1070
0
    1002
}
    1000
IsFill
    1070
0
    1000
PathStart
    1040
1
    1000
ToolCompensation
    1002
{
    1070
0
    1040
0
    1070
0
    1002
}
       0
CIRCLE
       5
20F8
     100
AcDbEntity
       8
1
     100
AcDbCircle
      10
-17
      20
-20
      30
0
      40
4.49999999999999
    1001
FS_CYPCUT
    1000
Channel
    1070
1
    1000
LeadIn
    1002
{
    1070
3
    1040
0
    1040
1.5707963267949
    1040
1
    1040
1
    1070
0
    1040
0.5
    1070
0
    1002
}
    1000
LeadOut
    1002
{
    1070
0
    1040
0
    1040
0
    1040
0
    1070
0
    1002
}
    1000
IsFill
    1070
0
    1000
PathStart
    1040
0
    1000
ToolCompensation
    1002
{
    1070
0
    1040
0
    1070
0
    1002
}
       0
CIRCLE
       5
20F9
     100
AcDbEntity
       8
1
     100
AcDbCircle
      10
17
      20
-20
      30
0
      40
4.49999999999999
    1001
FS_CYPCUT
    1000
Channel
    1070
1
    1000
LeadIn
    1002
{
    1070
3
    1040
0
    1040
1.5707963267949
    1040
1
    1040
1
    1070
0
    1040
0.5
    1070
0
    1002
}
    1000
LeadOut
    1002
{
    1070
0
    1040
0
    1040
0
    1040
0
    1070
0
    1002
}
    1000
IsFill
    1070
0
    1000
PathStart
    1040
0
    1000
ToolCompensation
    1002
{
    1070
0
    1040
0
    1070
0
    1002
}
       0
CIRCLE
       5
20FA
     100
AcDbEntity
       8
1
     100
AcDbCircle
      10
17
      20
-45
      30
0
      40
4.50000000000001
    1001
FS_CYPCUT
    1000
Channel
    1070
1
    1000
LeadIn
    1002
{
    1070
3
    1040
0
    1040
1.5707963267949
    1040
1
    1040
1
    1070
0
    1040
0.5
    1070
0
    1002
}
    1000
LeadOut
    1002
{
    1070
0
    1040
0
    1040
0
    1040
0
    1070
0
    1002
}
    1000
IsFill
    1070
0
    1000
PathStart
    1040
0
    1000
ToolCompensation
    1002
{
    1070
0
    1040
0
    1070
0
    1002
}
       0
LWPOLYLINE
       5
20FB
     100
AcDbEntity
       8
1
     100
AcDbPolyline
      90
8
      70
1
      10
64
      20
-23
      42
0.414213562373096
      10
61
      20
-20
      42
0
      10
48
      20
-20
      42
0.414213562373094
      10
45
      20
-23
      42
0
      10
45
      20
-30
      42
0.414213562373095
      10
48
      20
-33
      42
0
      10
61
      20
-33
      42
0.414213562373095
      10
64
      20
-30
      42
0
    1001
FS_CYPCUT
    1000
Channel
    1070
1
    1000
LeadIn
    1002
{
    1070
3
    1040
1.5
    1040
1.5707963267949
    1040
1
    1040
1
    1070
0
    1040
0.5
    1070
0
    1002
}
    1000
LeadOut
    1002
{
    1070
0
    1040
0
    1040
0
    1040
0
    1070
0
    1002
}
    1000
IsFill
    1070
0
    1000
PathStart
    1040
1.5
    1000
ToolCompensation
    1002
{
    1070
0
    1040
0
    1070
0
    1002
}
       0
LWPOLYLINE
       5
20FC
     100
AcDbEntity
       8
1
     100
AcDbPolyline
      90
20
      70
1
      10
90
      20
-46
      42
0
      10
90
      20
-51
      42
-0.414213562373099
      10
88
      20
-53
      42
0
      10
-88
      20
-53
      42
-0.414213562373099
      10
-90
      20
-51
      42
0
      10
-90
      20
-46
      42
0
      10
-84
      20
-46
      42
0
      10
-84
      20
-5
      42
-0.414213562373095
      10
-79
      20
0
      42
0
      10
-50
      20
0
      42
0
      10
-50
      20
4.7625
      42
0
      10
-30
      20
4.7625
      42
0
      10
-30
      20
0
      42
0
      10
30
      20
0
      42
0
      10
30
      20
4.7625
      42
0
      10
50
      20
4.7625
      42
0
      10
50
      20
0
      42
0
      10
79
      20
-1.24344978758018E-14
      42
-0.414213562373095
      10
84
      20
-5
      42
0
      10
84
      20
-46
      42
0
    1001
FS_CYPCUT
    1000
Channel
    1070
1
    1000
LeadIn
    1002
{
    1070
3
    1040
2.5
    1040
1.5707963267949
    1040
1
    1040
1
    1070
0
    1040
0.5
    1070
0
    1002
}
    1000
LeadOut
    1002
{
    1070
0
    1040
0
    1040
0
    1040
0
    1070
0
    1002
}
    1000
IsFill
    1070
1
    1000
PathStart
    1040
2.5
    1000
ToolCompensation
    1002
{
    1070
0
    1040
0
    1070
0
    1002
}
    1000
MicroConnect
    1002
{
    1070
2
    1040
4.47075948
    1041
0.8
    1042
0
    1040
16.8388536
    1041
0.8
    1042
0
    1002
}
       0
ENDBLK
       5
20FD
     330
2016
     100
AcDbEntity
       8
0
     100
AcDbBlockEnd
       0
BLOCK
       5
20FE
     330
2017
     100
AcDbEntity
       8
0
     100
AcDbBlockBegin
       2
Part1758779061
      70
0
      10
-30.2625
      20
-4.4408921E-15
      30
0
       3
Part1758779061
       1

       4
CypCutBlock
       0
CIRCLE
       5
20FF
     100
AcDbEntity
       8
1
     100
AcDbCircle
      10
0
      20
33
      30
0
      40
5.25
    1001
FS_CYPCUT
    1000
Channel
    1070
1
    1000
LeadIn
    1002
{
    1070
3
    1040
5.55111512312578E-17
    1040
1.5707963267949
    1040
1
    1040
1
    1070
0
    1040
0.5
    1070
0
    1002
}
    1000
LeadOut
    1002
{
    1070
0
    1040
0
    1040
0
    1040
0
    1070
0
    1002
}
    1000
IsFill
    1070
0
    1000
PathStart
    1040
5.55111512312578E-17
    1000
ToolCompensation
    1002
{
    1070
0
    1040
0
    1070
0
    1002
}
       0
CIRCLE
       5
2100
     100
AcDbEntity
       8
1
     100
AcDbCircle
      10
0
      20
128
      30
0
      40
5.25000000000004
    1001
FS_CYPCUT
    1000
Channel
    1070
1
    1000
LeadIn
    1002
{
    1070
3
    1040
8.32667268468867E-17
    1040
1.5707963267949
    1040
1
    1040
1
    1070
0
    1040
0.5
    1070
0
    1002
}
    1000
LeadOut
    1002
{
    1070
0
    1040
0
    1040
0
    1040
0
    1070
0
    1002
}
    1000
IsFill
    1070
0
    1000
PathStart
    1040
8.32667268468867E-17
    1000
ToolCompensation
    1002
{
    1070
0
    1040
0
    1070
0
    1002
}
       0
LWPOLYLINE
       5
2101
     100
AcDbEntity
       8
1
     100
AcDbPolyline
      90
20
      70
1
      10
30.2625
      20
117
      42
0.414213562373093
      10
29.2625
      20
118
      42
0
      10
25.5
      20
118
      42
0
      10
25.5
      20
154
      42
0.4142135623731
      10
21.5
      20
158
      42
0
      10
-21.5
      20
158
      42
0.414213562373091
      10
-25.5
      20
154
      42
0
      10
-25.5
      20
118
      42
0
      10
-29.2625
      20
118
      42
0.414213562373086
      10
-30.2625
      20
117
      42
0
      10
-30.2625
      20
89
      42
0.414213562373101
      10
-29.2625
      20
88
      42
0
      10
-25.5
      20
88
      42
0
      10
-25.5
      20
4
      42
0.414213562373095
      10
-21.5
      20
0
      42
0
      10
21.5
      20
-4.44089209850063E-15
      42
0.414213562373094
      10
25.5
      20
4
      42
0
      10
25.5
      20
88
      42
0
      10
29.2625
      20
88
      42
0.414213562373101
      10
30.2625
      20
89
      42
0
    1001
FS_CYPCUT
    1000
Channel
    1070
1
    1000
LeadIn
    1002
{
    1070
3
    1040
12.5
    1040
1.5707963267949
    1040
1
    1040
1
    1070
0
    1040
0.5
    1070
0
    1002
}
    1000
LeadOut
    1002
{
    1070
0
    1040
0
    1040
0
    1040
0
    1070
0
    1002
}
    1000
IsFill
    1070
1
    1000
PathStart
    1040
12.5
    1000
ToolCompensation
    1002
{
    1070
0
    1040
0
    1070
0
    1002
}
    1000
MicroConnect
    1002
{
    1070
2
    1040
6.519835
    1041
0.8
    1042
0
    1040
16.1871286
    1041
0.8
    1042
0
    1002
}
       0
ENDBLK
       5
2102
     330
2017
     100
AcDbEntity
       8
0
     100
AcDbBlockEnd
       0
BLOCK
       5
2103
     330
2018
     100
AcDbEntity
       8
0
     100
AcDbBlockBegin
       2
CommonPart1477271637
      70
0
      10
3.0001
      20
1165.4271
      30
0
       3
CommonPart1477271637
       1

       4
CypCutBlock
       0
CIRCLE
       5
2104
     100
AcDbEntity
       8
1
     100
AcDbCircle
      10
128.0001
      20
1195.6896
      30
0
      40
5.25
    1001
FS_CYPCUT
    1000
Channel
    1070
1
    1000
LeadIn
    1002
{
    1070
3
    1040
5.55111512312578E-17
    1040
1.5707963267949
    1040
1
    1040
1
    1070
0
    1040
0.5
    1070
0
    1002
}
    1000
LeadOut
    1002
{
    1070
0
    1040
0
    1040
0
    1040
0
    1070
0
    1002
}
    1000
IsFill
    1070
0
    1000
PathStart
    1040
5.55111512312578E-17
    1000
ToolCompensation
    1002
{
    1070
0
    1040
0
    1070
0
    1002
}
       0
CIRCLE
       5
2105
     100
AcDbEntity
       8
1
     100
AcDbCircle
      10
33.0001000000001
      20
1195.6896
      30
0
      40
5.25
    1001
FS_CYPCUT
    1000
Channel
    1070
1
    1000
LeadIn
    1002
{
    1070
3
    1040
8.32667268468867E-17
    1040
1.5707963267949
    1040
1
    1040
1
    1070
0
    1040
0.5
    1070
0
    1002
}
    1000
LeadOut
    1002
{
    1070
0
    1040
0
    1040
0
    1040
0
    1070
0
    1002
}
    1000
IsFill
    1070
0
    1000
PathStart
    1040
8.32667268468867E-17
    1000
ToolCompensation
    1002
{
    1070
0
    1040
0
    1070
0
    1002
}
       0
LWPOLYLINE
       5
2106
     100
AcDbEntity
       8
1
     100
AcDbPolyline
      90
20
      70
0
      10
44.0001000000001
      20
1225.9521
      42
0.414213562373093
      10
43.0001000000001
      20
1224.9521
      42
0
      10
43.0001000000001
      20
1221.1896
      42
0
      10
7.00010000000012
      20
1221.1896
      42
0.4142135623731
      10
3.00010000000009
      20
1217.1896
      42
0
      10
3.00010000000011
      20
1174.1896
      42
0.414213562373091
      10
7.00010000000009
      20
1170.1896
      42
0
      10
43.0001000000001
      20
1170.1896
      42
0
      10
43.0001000000001
      20
1166.4271
      42
0.414213562373086
      10
44.0001000000001
      20
1165.4271
      42
0
      10
72.0001000000001
      20
1165.4271
      42
0.414213562373101
      10
73.0001000000001
      20
1166.4271
      42
0
      10
73.0001000000001
      20
1170.1896
      42
0
      10
157.0001
      20
1170.1896
      42
0.414213562373095
      10
161.0001
      20
1174.1896
      42
0
      10
161.0001
      20
1217.1896
      42
0.414213562373094
      10
157.0001
      20
1221.1896
      42
0
      10
73.0001000000001
      20
1221.1896
      42
0
      10
73.0001000000001
      20
1224.9521
      42
0.414213562373101
      10
72.0001000000001
      20
1225.9521
      42
0
    1001
FS_CYPCUT
    1000
Channel
    1070
1
    1000
LeadIn
    1002
{
    1070
0
    1040
0.0636619772367584
    1040
1.5707963267949
    1040
1
    1040
1
    1070
0
    1040
0.5
    1070
0
    1002
}
    1000
LeadOut
    1002
{
    1070
0
    1040
0
    1040
0
    1040
0
    1070
0
    1002
}
    1000
IsFill
    1070
1
    1000
PathStart
    1040
0
    1000
ToolCompensation
    1002
{
    1070
0
    1040
0
    1070
0
    1002
}
    1000
MicroConnect
    1002
{
    1070
1
    1040
0
    1041
0.1
    1042
0
    1002
}
       0
CIRCLE
       5
2107
     100
AcDbEntity
       8
1
     100
AcDbCircle
      10
128.0001
      20
1256.2147
      30
0
      40
5.25
    1001
FS_CYPCUT
    1000
Channel
    1070
1
    1000
LeadIn
    1002
{
    1070
3
    1040
5.55111512312578E-17
    1040
1.5707963267949
    1040
1
    1040
1
    1070
0
    1040
0.5
    1070
0
    1002
}
    1000
LeadOut
    1002
{
    1070
0
    1040
0
    1040
0
    1040
0
    1070
0
    1002
}
    1000
IsFill
    1070
0
    1000
PathStart
    1040
5.55111512312578E-17
    1000
ToolCompensation
    1002
{
    1070
0
    1040
0
    1070
0
    1002
}
       0
CIRCLE
       5
2108
     100
AcDbEntity
       8
1
     100
AcDbCircle
      10
33.0001000000001
      20
1256.2147
      30
0
      40
5.25
    1001
FS_CYPCUT
    1000
Channel
    1070
1
    1000
LeadIn
    1002
{
    1070
3
    1040
8.32667268468867E-17
    1040
1.5707963267949
    1040
1
    1040
1
    1070
0
    1040
0.5
    1070
0
    1002
}
    1000
LeadOut
    1002
{
    1070
0
    1040
0
    1040
0
    1040
0
    1070
0
    1002
}
    1000
IsFill
    1070
0
    1000
PathStart
    1040
8.32667268468867E-17
    1000
ToolCompensation
    1002
{
    1070
0
    1040
0
    1070
0
    1002
}
       0
LWPOLYLINE
       5
2109
     100
AcDbEntity
       8
1
     100
AcDbPolyline
      90
20
      70
1
      10
72.0001000000001
      20
1225.9522
      42
0.414213562373101
      10
73.0001000000001
      20
1226.9522
      42
0
      10
73.0001000000001
      20
1230.7147
      42
0
      10
157.0001
      20
1230.7147
      42
0.414213562373095
      10
161.0001
      20
1234.7147
      42
0
      10
161.0001
      20
1277.7147
      42
0.414213562373094
      10
157.0001
      20
1281.7147
      42
0
      10
73.0001000000001
      20
1281.7147
      42
0
      10
73.0001000000001
      20
1285.4772
      42
0.414213562373101
      10
72.0001000000001
      20
1286.4772
      42
0
      10
44.0001000000001
      20
1286.4772
      42
0.414213562373093
      10
43.0001000000001
      20
1285.4772
      42
0
      10
43.0001000000001
      20
1281.7147
      42
0
      10
7.00010000000012
      20
1281.7147
      42
0.4142135623731
      10
3.00010000000009
      20
1277.7147
      42
0
      10
3.00010000000011
      20
1234.7147
      42
0.414213562373091
      10
7.00010000000009
      20
1230.7147
      42
0
      10
43.0001000000001
      20
1230.7147
      42
0
      10
43.0001000000001
      20
1226.9522
      42
0.414213562373086
      10
44.0001000000001
      20
1225.9522
      42
0
    1001
FS_CYPCUT
    1000
Channel
    1070
1
    1000
LeadIn
    1002
{
    1070
0
    1040
19
    1040
1.5707963267949
    1040
1
    1040
1
    1070
0
    1040
0.5
    1070
0
    1002
}
    1000
LeadOut
    1002
{
    1070
0
    1040
0
    1040
0
    1040
0
    1070
0
    1002
}
    1000
IsFill
    1070
1
    1000
PathStart
    1040
19
    1000
ToolCompensation
    1002
{
    1070
0
    1040
0
    1070
0
    1002
}
       0
ENDBLK
       5
210A
     330
2018
     100
AcDbEntity
       8
0
     100
AcDbBlockEnd
       0
BLOCK
       5
210B
     330
2019
     100
AcDbEntity
       8
0
     100
AcDbBlockBegin
       2
Part951799850
      70
0
      10
-1.9095836E-14
      20
-30.2625
      30
0
       3
Part951799850
       1

       4
CypCutBlock
       0
CIRCLE
       5
210C
     100
AcDbEntity
       8
1
     100
AcDbCircle
      10
130
      20
0
      30
0
      40
7.00000000000009
    1001
FS_CYPCUT
    1000
Channel
    1070
1
    1000
LeadIn
    1002
{
    1070
3
    1040
0
    1040
1.5707963267949
    1040
1
    1040
1
    1070
0
    1040
0.5
    1070
0
    1002
}
    1000
LeadOut
    1002
{
    1070
0
    1040
0
    1040
0
    1040
0
    1070
0
    1002
}
    1000
IsFill
    1070
0
    1000
PathStart
    1040
1
    1000
ToolCompensation
    1002
{
    1070
0
    1040
0
    1070
0
    1002
}
       0
LWPOLYLINE
       5
210D
     100
AcDbEntity
       8
1
     100
AcDbPolyline
      90
32
      70
1
      10
155
      20
21.5
      42
0
      10
155
      20
-21.5
      42
-0.4142135623731
      10
151
      20
-25.5
      42
0
      10
135
      20
-25.5
      42
0
      10
135
      20
-29.2625
      42
-0.414213562373104
      10
134
      20
-30.2625
      42
0
      10
116
      20
-30.2625
      42
-0.414213562373099
      10
115
      20
-29.2625
      42
0
      10
115
      20
-25.5
      42
0
      10
40
      20
-25.5
      42
0
      10
40
      20
-29.2625
      42
-0.414213562373098
      10
39
      20
-30.2625
      42
0
      10
21
      20
-30.2625
      42
-0.414213562373091
      10
20
      20
-29.2625
      42
0
      10
20
      20
-25.5
      42
0
      10
4
      20
-25.5
      42
-0.414213562373095
      10
-1.77635683940025E-14
      20
-21.5
      42
0
      10
0
      20
21.5
      42
-0.414213562373095
      10
4
      20
25.5
      42
0
      10
20
      20
25.5
      42
0
      10
20
      20
29.2625
      42
-0.414213562373097
      10
21
      20
30.2625
      42
0
      10
39
      20
30.2625
      42
-0.414213562373098
      10
40
      20
29.2625
      42
0
      10
40
      20
25.5
      42
0
      10
115
      20
25.5
      42
0
      10
115
      20
29.2625
      42
-0.414213562373099
      10
116
      20
30.2625
      42
0
      10
134
      20
30.2625
      42
-0.41421356237311
      10
135
      20
29.2625
      42
0
      10
135
      20
25.5
      42
0
      10
151
      20
25.5
      42
-0.414213562373095
    1001
FS_CYPCUT
    1000
Channel
    1070
1
    1000
LeadIn
    1002
{
    1070
3
    1040
8.5
    1040
1.5707963267949
    1040
1
    1040
1
    1070
0
    1040
0.5
    1070
0
    1002
}
    1000
LeadOut
    1002
{
    1070
0
    1040
0
    1040
0
    1040
0
    1070
0
    1002
}
    1000
IsFill
    1070
1
    1000
PathStart
    1040
8.5
    1000
ToolCompensation
    1002
{
    1070
0
    1040
0
    1070
0
    1002
}
    1000
MicroConnect
    1002
{
    1070
2
    1040
5.55440817
    1041
0.8
    1042
0
    1040
21.6576727
    1041
0.8
    1042
0
    1002
}
       0
ENDBLK
       5
210E
     330
2019
     100
AcDbEntity
       8
0
     100
AcDbBlockEnd
       0
BLOCK
       5
210F
     330
201A
     100
AcDbEntity
       8
0
     100
AcDbBlockBegin
       2
Part888655469
      70
0
      10
-1.9095836E-14
      20
-30.2625
      30
0
       3
Part888655469
       1

       4
CypCutBlock
       0
CIRCLE
       5
2110
     100
AcDbEntity
       8
1
     100
AcDbCircle
      10
130
      20
0
      30
0
      40
7.00000000000009
    1001
FS_CYPCUT
    1000
Channel
    1070
1
    1000
LeadIn
    1002
{
    1070
3
    1040
0
    1040
1.5707963267949
    1040
1
    1040
1
    1070
0
    1040
0.5
    1070
0
    1002
}
    1000
LeadOut
    1002
{
    1070
0
    1040
0
    1040
0
    1040
0
    1070
0
    1002
}
    1000
IsFill
    1070
0
    1000
PathStart
    1040
1
    1000
ToolCompensation
    1002
{
    1070
0
    1040
0
    1070
0
    1002
}
       0
LWPOLYLINE
       5
2111
     100
AcDbEntity
       8
1
     100
AcDbPolyline
      90
32
      70
1
      10
155
      20
21.5
      42
0
      10
155
      20
-21.5
      42
-0.4142135623731
      10
151
      20
-25.5
      42
0
      10
135
      20
-25.5
      42
0
      10
135
      20
-29.2625
      42
-0.414213562373104
      10
134
      20
-30.2625
      42
0
      10
116
      20
-30.2625
      42
-0.414213562373099
      10
115
      20
-29.2625
      42
0
      10
115
      20
-25.5
      42
0
      10
40
      20
-25.5
      42
0
      10
40
      20
-29.2625
      42
-0.414213562373098
      10
39
      20
-30.2625
      42
0
      10
21
      20
-30.2625
      42
-0.414213562373091
      10
20
      20
-29.2625
      42
0
      10
20
      20
-25.5
      42
0
      10
4
      20
-25.5
      42
-0.414213562373095
      10
-1.77635683940025E-14
      20
-21.5
      42
0
      10
0
      20
21.5
      42
-0.414213562373095
      10
4
      20
25.5
      42
0
      10
20
      20
25.5
      42
0
      10
20
      20
29.2625
      42
-0.414213562373097
      10
21
      20
30.2625
      42
0
      10
39
      20
30.2625
      42
-0.414213562373098
      10
40
      20
29.2625
      42
0
      10
40
      20
25.5
      42
0
      10
115
      20
25.5
      42
0
      10
115
      20
29.2625
      42
-0.414213562373099
      10
116
      20
30.2625
      42
0
      10
134
      20
30.2625
      42
-0.41421356237311
      10
135
      20
29.2625
      42
0
      10
135
      20
25.5
      42
0
      10
151
      20
25.5
      42
-0.414213562373095
    1001
FS_CYPCUT
    1000
Channel
    1070
1
    1000
LeadIn
    1002
{
    1070
3
    1040
8.5
    1040
1.5707963267949
    1040
1
    1040
1
    1070
0
    1040
0.5
    1070
0
    1002
}
    1000
LeadOut
    1002
{
    1070
0
    1040
0
    1040
0
    1040
0
    1070
0
    1002
}
    1000
IsFill
    1070
1
    1000
PathStart
    1040
8.5
    1000
ToolCompensation
    1002
{
    1070
0
    1040
0
    1070
0
    1002
}
    1000
MicroConnect
    1002
{
    1070
2
    1040
5.55440817
    1041
0.8
    1042
0
    1040
21.6576727
    1041
0.8
    1042
0
    1002
}
       0
ENDBLK
       5
2112
     330
201A
     100
AcDbEntity
       8
0
     100
AcDbBlockEnd
       0
BLOCK
       5
2113
     330
201B
     100
AcDbEntity
       8
0
     100
AcDbBlockBegin
       2
Part1142136226
      70
0
      10
-1.9095836E-14
      20
-30.2625
      30
0
       3
Part1142136226
       1

       4
CypCutBlock
       0
CIRCLE
       5
2114
     100
AcDbEntity
       8
1
     100
AcDbCircle
      10
130
      20
0
      30
0
      40
7.00000000000009
    1001
FS_CYPCUT
    1000
Channel
    1070
1
    1000
LeadIn
    1002
{
    1070
3
    1040
0
    1040
1.5707963267949
    1040
1
    1040
1
    1070
0
    1040
0.5
    1070
0
    1002
}
    1000
LeadOut
    1002
{
    1070
0
    1040
0
    1040
0
    1040
0
    1070
0
    1002
}
    1000
IsFill
    1070
0
    1000
PathStart
    1040
1
    1000
ToolCompensation
    1002
{
    1070
0
    1040
0
    1070
0
    1002
}
       0
LWPOLYLINE
       5
2115
     100
AcDbEntity
       8
1
     100
AcDbPolyline
      90
32
      70
1
      10
155
      20
21.5
      42
0
      10
155
      20
-21.5
      42
-0.4142135623731
      10
151
      20
-25.5
      42
0
      10
135
      20
-25.5
      42
0
      10
135
      20
-29.2625
      42
-0.414213562373104
      10
134
      20
-30.2625
      42
0
      10
116
      20
-30.2625
      42
-0.414213562373099
      10
115
      20
-29.2625
      42
0
      10
115
      20
-25.5
      42
0
      10
40
      20
-25.5
      42
0
      10
40
      20
-29.2625
      42
-0.414213562373098
      10
39
      20
-30.2625
      42
0
      10
21
      20
-30.2625
      42
-0.414213562373091
      10
20
      20
-29.2625
      42
0
      10
20
      20
-25.5
      42
0
      10
4
      20
-25.5
      42
-0.414213562373095
      10
-1.77635683940025E-14
      20
-21.5
      42
0
      10
0
      20
21.5
      42
-0.414213562373095
      10
4
      20
25.5
      42
0
      10
20
      20
25.5
      42
0
      10
20
      20
29.2625
      42
-0.414213562373097
      10
21
      20
30.2625
      42
0
      10
39
      20
30.2625
      42
-0.414213562373098
      10
40
      20
29.2625
      42
0
      10
40
      20
25.5
      42
0
      10
115
      20
25.5
      42
0
      10
115
      20
29.2625
      42
-0.414213562373099
      10
116
      20
30.2625
      42
0
      10
134
      20
30.2625
      42
-0.41421356237311
      10
135
      20
29.2625
      42
0
      10
135
      20
25.5
      42
0
      10
151
      20
25.5
      42
-0.414213562373095
    1001
FS_CYPCUT
    1000
Channel
    1070
1
    1000
LeadIn
    1002
{
    1070
3
    1040
8.5
    1040
1.5707963267949
    1040
1
    1040
1
    1070
0
    1040
0.5
    1070
0
    1002
}
    1000
LeadOut
    1002
{
    1070
0
    1040
0
    1040
0
    1040
0
    1070
0
    1002
}
    1000
IsFill
    1070
1
    1000
PathStart
    1040
8.5
    1000
ToolCompensation
    1002
{
    1070
0
    1040
0
    1070
0
    1002
}
    1000
MicroConnect
    1002
{
    1070
2
    1040
5.55440817
    1041
0.8
    1042
0
    1040
21.6576727
    1041
0.8
    1042
0
    1002
}
       0
ENDBLK
       5
2116
     330
201B
     100
AcDbEntity
       8
0
     100
AcDbBlockEnd
       0
BLOCK
       5
2117
     330
201C
     100
AcDbEntity
       8
0
     100
AcDbBlockBegin
       2
Part1018614131
      70
0
      10
-63.6500561
      20
-47.192458
      30
0
       3
Part1018614131
       1

       4
CypCutBlock
       0
CIRCLE
       5
2118
     100
AcDbEntity
       8
1
     100
AcDbCircle
      10
-50.6615716051
      20
-29.2494720038
      30
0
      40
6
    1001
FS_CYPCUT
    1000
Channel
    1070
1
    1000
LeadIn
    1002
{
    1070
3
    1040
0
    1040
1.5707963267949
    1040
1
    1040
1
    1070
0
    1040
0.5
    1070
0
    1002
}
    1000
LeadOut
    1002
{
    1070
0
    1040
0
    1040
0
    1040
0
    1070
0
    1002
}
    1000
IsFill
    1070
0
    1000
PathStart
    1040
0
    1000
ToolCompensation
    1002
{
    1070
0
    1040
0
    1070
0
    1002
}
       0
CIRCLE
       5
2119
     100
AcDbEntity
       8
1
     100
AcDbCircle
      10
-41.365
      20
41.365
      30
0
      40
6.00000000000002
    1001
FS_CYPCUT
    1000
Channel
    1070
1
    1000
LeadIn
    1002
{
    1070
3
    1040
0
    1040
1.5707963267949
    1040
1
    1040
1
    1070
0
    1040
0.5
    1070
0
    1002
}
    1000
LeadOut
    1002
{
    1070
0
    1040
0
    1040
0
    1040
0
    1070
0
    1002
}
    1000
IsFill
    1070
0
    1000
PathStart
    1040
0
    1000
ToolCompensation
    1002
{
    1070
0
    1040
0
    1070
0
    1002
}
       0
CIRCLE
       5
211A
     100
AcDbEntity
       8
1
     100
AcDbCircle
      10
0
      20
0
      30
0
      40
42.45
    1001
FS_CYPCUT
    1000
Channel
    1070
1
    1000
LeadIn
    1002
{
    1070
3
    1040
0
    1040
1.5707963267949
    1040
1
    1040
1
    1070
0
    1040
0.5
    1070
0
    1002
}
    1000
LeadOut
    1002
{
    1070
0
    1040
0
    1040
0
    1040
0
    1070
0
    1002
}
    1000
IsFill
    1070
0
    1000
PathStart
    1040
0
    1000
ToolCompensation
    1002
{
    1070
0
    1040
0
    1070
0
    1002
}
       0
CIRCLE
       5
211B
     100
AcDbEntity
       8
1
     100
AcDbCircle
      10
41.365
      20
41.365
      30
0
      40
5.99999999999999
    1001
FS_CYPCUT
    1000
Channel
    1070
1
    1000
LeadIn
    1002
{
    1070
3
    1040
0
    1040
1.5707963267949
    1040
1
    1040
1
    1070
0
    1040
0.5
    1070
0
    1002
}
    1000
LeadOut
    1002
{
    1070
0
    1040
0
    1040
0
    1040
0
    1070
0
    1002
}
    1000
IsFill
    1070
0
    1000
PathStart
    1040
0
    1000
ToolCompensation
    1002
{
    1070
0
    1040
0
    1070
0
    1002
}
       0
CIRCLE
       5
211C
     100
AcDbEntity
       8
1
     100
AcDbCircle
      10
50.6615716051
      20
-29.2494720038
      30
0
      40
6
    1001
FS_CYPCUT
    1000
Channel
    1070
1
    1000
LeadIn
    1002
{
    1070
3
    1040
0
    1040
1.5707963267949
    1040
1
    1040
1
    1070
0
    1040
0.5
    1070
0
    1002
}
    1000
LeadOut
    1002
{
    1070
0
    1040
0
    1040
0
    1040
0
    1070
0
    1002
}
    1000
IsFill
    1070
0
    1000
PathStart
    1040
0
    1000
ToolCompensation
    1002
{
    1070
0
    1040
0
    1070
0
    1002
}
       0
LWPOLYLINE
       5
211D
     100
AcDbEntity
       8
1
     100
AcDbPolyline
      90
16
      70
1
      10
63.5461887877519
      20
-32.4904541545049
      42
-0.420853937967136
      10
54.8634266613783
      20
-43.8541207980111
      42
-0.0295884652391378
      10
1.49999999979386
      20
-47.1924580174273
      42
0
      10
1.5
      20
-44.1949460967
      42
0
      10
-1.5
      20
-44.1949460967
      42
0
      10
-1.5
      20
-47.1924580174
      42
-0.0295884652391379
      10
-54.8634266613783
      20
-43.8541207980112
      42
-0.420853937967136
      10
-63.5461887878
      20
-32.4904541545
      42
0
      10
-52.6088163312
      20
42.8025530042
      42
-0.372566297861683
      10
-42.7126836846
      20
51.365
      42
0
      10
-1.5
      20
51.365
      42
0
      10
-1.5
      20
48.365
      42
0
      10
1.5
      20
48.365
      42
0
      10
1.5
      20
51.365
      42
0
      10
42.7126836846
      20
51.365
      42
-0.372566297861683
      10
52.6088163312
      20
42.8025530042
      42
0
    1001
FS_CYPCUT
    1000
Channel
    1070
1
    1000
LeadIn
    1002
{
    1070
3
    1040
7.5
    1040
1.5707963267949
    1040
1
    1040
1
    1070
0
    1040
0.5
    1070
0
    1002
}
    1000
LeadOut
    1002
{
    1070
0
    1040
0
    1040
0
    1040
0
    1070
0
    1002
}
    1000
IsFill
    1070
1
    1000
PathStart
    1040
7.5
    1000
ToolCompensation
    1002
{
    1070
0
    1040
0
    1070
0
    1002
}
    1000
MicroConnect
    1002
{
    1070
2
    1040
1.32923305
    1041
0.8
    1042
0
    1040
13.8684197
    1041
0.8
    1042
0
    1002
}
       0
ENDBLK
       5
211E
     330
201C
     100
AcDbEntity
       8
0
     100
AcDbBlockEnd
       0
BLOCK
       5
211F
     330
201D
     100
AcDbEntity
       8
0
     100
AcDbBlockBegin
       2
Part912819903
      70
0
      10
-30.2625
      20
-4.4408921E-15
      30
0
       3
Part912819903
       1

       4
CypCutBlock
       0
CIRCLE
       5
2120
     100
AcDbEntity
       8
1
     100
AcDbCircle
      10
0
      20
33
      30
0
      40
5.25
    1001
FS_CYPCUT
    1000
Channel
    1070
1
    1000
LeadIn
    1002
{
    1070
3
    1040
5.55111512312578E-17
    1040
1.5707963267949
    1040
1
    1040
1
    1070
0
    1040
0.5
    1070
0
    1002
}
    1000
LeadOut
    1002
{
    1070
0
    1040
0
    1040
0
    1040
0
    1070
0
    1002
}
    1000
IsFill
    1070
0
    1000
PathStart
    1040
5.55111512312578E-17
    1000
ToolCompensation
    1002
{
    1070
0
    1040
0
    1070
0
    1002
}
       0
CIRCLE
       5
2121
     100
AcDbEntity
       8
1
     100
AcDbCircle
      10
0
      20
128
      30
0
      40
5.25000000000004
    1001
FS_CYPCUT
    1000
Channel
    1070
1
    1000
LeadIn
    1002
{
    1070
3
    1040
8.32667268468867E-17
    1040
1.5707963267949
    1040
1
    1040
1
    1070
0
    1040
0.5
    1070
0
    1002
}
    1000
LeadOut
    1002
{
    1070
0
    1040
0
    1040
0
    1040
0
    1070
0
    1002
}
    1000
IsFill
    1070
0
    1000
PathStart
    1040
8.32667268468867E-17
    1000
ToolCompensation
    1002
{
    1070
0
    1040
0
    1070
0
    1002
}
       0
LWPOLYLINE
       5
2122
     100
AcDbEntity
       8
1
     100
AcDbPolyline
      90
20
      70
1
      10
30.2625
      20
117
      42
0.414213562373093
      10
29.2625
      20
118
      42
0
      10
25.5
      20
118
      42
0
      10
25.5
      20
154
      42
0.4142135623731
      10
21.5
      20
158
      42
0
      10
-21.5
      20
158
      42
0.414213562373091
      10
-25.5
      20
154
      42
0
      10
-25.5
      20
118
      42
0
      10
-29.2625
      20
118
      42
0.414213562373086
      10
-30.2625
      20
117
      42
0
      10
-30.2625
      20
89
      42
0.414213562373101
      10
-29.2625
      20
88
      42
0
      10
-25.5
      20
88
      42
0
      10
-25.5
      20
4
      42
0.414213562373095
      10
-21.5
      20
0
      42
0
      10
21.5
      20
-4.44089209850063E-15
      42
0.414213562373094
      10
25.5
      20
4
      42
0
      10
25.5
      20
88
      42
0
      10
29.2625
      20
88
      42
0.414213562373101
      10
30.2625
      20
89
      42
0
    1001
FS_CYPCUT
    1000
Channel
    1070
1
    1000
LeadIn
    1002
{
    1070
3
    1040
12.5
    1040
1.5707963267949
    1040
1
    1040
1
    1070
0
    1040
0.5
    1070
0
    1002
}
    1000
LeadOut
    1002
{
    1070
0
    1040
0
    1040
0
    1040
0
    1070
0
    1002
}
    1000
IsFill
    1070
1
    1000
PathStart
    1040
12.5
    1000
ToolCompensation
    1002
{
    1070
0
    1040
0
    1070
0
    1002
}
    1000
MicroConnect
    1002
{
    1070
2
    1040
6.519835
    1041
0.8
    1042
0
    1040
16.1871286
    1041
0.8
    1042
0
    1002
}
       0
ENDBLK
       5
2123
     330
201D
     100
AcDbEntity
       8
0
     100
AcDbBlockEnd
       0
BLOCK
       5
2124
     330
201E
     100
AcDbEntity
       8
0
     100
AcDbBlockBegin
       2
Part599336924
      70
0
      10
-30.2625
      20
-4.4408921E-15
      30
0
       3
Part599336924
       1

       4
CypCutBlock
       0
CIRCLE
       5
2125
     100
AcDbEntity
       8
1
     100
AcDbCircle
      10
0
      20
33
      30
0
      40
5.25
    1001
FS_CYPCUT
    1000
Channel
    1070
1
    1000
LeadIn
    1002
{
    1070
3
    1040
5.55111512312578E-17
    1040
1.5707963267949
    1040
1
    1040
1
    1070
0
    1040
0.5
    1070
0
    1002
}
    1000
LeadOut
    1002
{
    1070
0
    1040
0
    1040
0
    1040
0
    1070
0
    1002
}
    1000
IsFill
    1070
0
    1000
PathStart
    1040
5.55111512312578E-17
    1000
ToolCompensation
    1002
{
    1070
0
    1040
0
    1070
0
    1002
}
       0
CIRCLE
       5
2126
     100
AcDbEntity
       8
1
     100
AcDbCircle
      10
0
      20
128
      30
0
      40
5.25000000000004
    1001
FS_CYPCUT
    1000
Channel
    1070
1
    1000
LeadIn
    1002
{
    1070
3
    1040
8.32667268468867E-17
    1040
1.5707963267949
    1040
1
    1040
1
    1070
0
    1040
0.5
    1070
0
    1002
}
    1000
LeadOut
    1002
{
    1070
0
    1040
0
    1040
0
    1040
0
    1070
0
    1002
}
    1000
IsFill
    1070
0
    1000
PathStart
    1040
8.32667268468867E-17
    1000
ToolCompensation
    1002
{
    1070
0
    1040
0
    1070
0
    1002
}
       0
LWPOLYLINE
       5
2127
     100
AcDbEntity
       8
1
     100
AcDbPolyline
      90
20
      70
1
      10
30.2625
      20
117
      42
0.414213562373093
      10
29.2625
      20
118
      42
0
      10
25.5
      20
118
      42
0
      10
25.5
      20
154
      42
0.4142135623731
      10
21.5
      20
158
      42
0
      10
-21.5
      20
158
      42
0.414213562373091
      10
-25.5
      20
154
      42
0
      10
-25.5
      20
118
      42
0
      10
-29.2625
      20
118
      42
0.414213562373086
      10
-30.2625
      20
117
      42
0
      10
-30.2625
      20
89
      42
0.414213562373101
      10
-29.2625
      20
88
      42
0
      10
-25.5
      20
88
      42
0
      10
-25.5
      20
4
      42
0.414213562373095
      10
-21.5
      20
0
      42
0
      10
21.5
      20
-4.44089209850063E-15
      42
0.414213562373094
      10
25.5
      20
4
      42
0
      10
25.5
      20
88
      42
0
      10
29.2625
      20
88
      42
0.414213562373101
      10
30.2625
      20
89
      42
0
    1001
FS_CYPCUT
    1000
Channel
    1070
1
    1000
LeadIn
    1002
{
    1070
3
    1040
12.5
    1040
1.5707963267949
    1040
1
    1040
1
    1070
0
    1040
0.5
    1070
0
    1002
}
    1000
LeadOut
    1002
{
    1070
0
    1040
0
    1040
0
    1040
0
    1070
0
    1002
}
    1000
IsFill
    1070
1
    1000
PathStart
    1040
12.5
    1000
ToolCompensation
    1002
{
    1070
0
    1040
0
    1070
0
    1002
}
    1000
MicroConnect
    1002
{
    1070
2
    1040
6.519835
    1041
0.8
    1042
0
    1040
16.1871286
    1041
0.8
    1042
0
    1002
}
       0
ENDBLK
       5
2128
     330
201E
     100
AcDbEntity
       8
0
     100
AcDbBlockEnd
       0
BLOCK
       5
2129
     330
201F
     100
AcDbEntity
       8
0
     100
AcDbBlockBegin
       2
Part343790305
      70
0
      10
-30.2625
      20
-4.4408921E-15
      30
0
       3
Part343790305
       1

       4
CypCutBlock
       0
CIRCLE
       5
212A
     100
AcDbEntity
       8
1
     100
AcDbCircle
      10
0
      20
33
      30
0
      40
5.25
    1001
FS_CYPCUT
    1000
Channel
    1070
1
    1000
LeadIn
    1002
{
    1070
3
    1040
5.55111512312578E-17
    1040
1.5707963267949
    1040
1
    1040
1
    1070
0
    1040
0.5
    1070
0
    1002
}
    1000
LeadOut
    1002
{
    1070
0
    1040
0
    1040
0
    1040
0
    1070
0
    1002
}
    1000
IsFill
    1070
0
    1000
PathStart
    1040
5.55111512312578E-17
    1000
ToolCompensation
    1002
{
    1070
0
    1040
0
    1070
0
    1002
}
       0
CIRCLE
       5
212B
     100
AcDbEntity
       8
1
     100
AcDbCircle
      10
0
      20
128
      30
0
      40
5.25000000000004
    1001
FS_CYPCUT
    1000
Channel
    1070
1
    1000
LeadIn
    1002
{
    1070
3
    1040
8.32667268468867E-17
    1040
1.5707963267949
    1040
1
    1040
1
    1070
0
    1040
0.5
    1070
0
    1002
}
    1000
LeadOut
    1002
{
    1070
0
    1040
0
    1040
0
    1040
0
    1070
0
    1002
}
    1000
IsFill
    1070
0
    1000
PathStart
    1040
8.32667268468867E-17
    1000
ToolCompensation
    1002
{
    1070
0
    1040
0
    1070
0
    1002
}
       0
LWPOLYLINE
       5
212C
     100
AcDbEntity
       8
1
     100
AcDbPolyline
      90
20
      70
1
      10
30.2625
      20
117
      42
0.414213562373093
      10
29.2625
      20
118
      42
0
      10
25.5
      20
118
      42
0
      10
25.5
      20
154
      42
0.4142135623731
      10
21.5
      20
158
      42
0
      10
-21.5
      20
158
      42
0.414213562373091
      10
-25.5
      20
154
      42
0
      10
-25.5
      20
118
      42
0
      10
-29.2625
      20
118
      42
0.414213562373086
      10
-30.2625
      20
117
      42
0
      10
-30.2625
      20
89
      42
0.414213562373101
      10
-29.2625
      20
88
      42
0
      10
-25.5
      20
88
      42
0
      10
-25.5
      20
4
      42
0.414213562373095
      10
-21.5
      20
0
      42
0
      10
21.5
      20
-4.44089209850063E-15
      42
0.414213562373094
      10
25.5
      20
4
      42
0
      10
25.5
      20
88
      42
0
      10
29.2625
      20
88
      42
0.414213562373101
      10
30.2625
      20
89
      42
0
    1001
FS_CYPCUT
    1000
Channel
    1070
1
    1000
LeadIn
    1002
{
    1070
3
    1040
12.5
    1040
1.5707963267949
    1040
1
    1040
1
    1070
0
    1040
0.5
    1070
0
    1002
}
    1000
LeadOut
    1002
{
    1070
0
    1040
0
    1040
0
    1040
0
    1070
0
    1002
}
    1000
IsFill
    1070
1
    1000
PathStart
    1040
12.5
    1000
ToolCompensation
    1002
{
    1070
0
    1040
0
    1070
0
    1002
}
    1000
MicroConnect
    1002
{
    1070
2
    1040
6.519835
    1041
0.8
    1042
0
    1040
16.1871286
    1041
0.8
    1042
0
    1002
}
       0
ENDBLK
       5
212D
     330
201F
     100
AcDbEntity
       8
0
     100
AcDbBlockEnd
       0
BLOCK
       5
212E
     330
2020
     100
AcDbEntity
       8
0
     100
AcDbBlockBegin
       2
CommonPart141338637
      70
0
      10
216.9618
      20
1266.9999
      30
0
       3
CommonPart141338637
       1

       4
CypCutBlock
       0
CIRCLE
       5
212F
     100
AcDbEntity
       8
1
     100
AcDbCircle
      10
346.9618
      20
1297.2624
      30
0
      40
7.00000000000011
    1001
FS_CYPCUT
    1000
Channel
    1070
1
    1000
LeadIn
    1002
{
    1070
3
    1040
0
    1040
1.5707963267949
    1040
1
    1040
1
    1070
0
    1040
0.5
    1070
0
    1002
}
    1000
LeadOut
    1002
{
    1070
0
    1040
0
    1040
0
    1040
0
    1070
0
    1002
}
    1000
IsFill
    1070
0
    1000
PathStart
    1040
0
    1000
ToolCompensation
    1002
{
    1070
0
    1040
0
    1070
0
    1002
}
       0
LWPOLYLINE
       5
2130
     100
AcDbEntity
       8
1
     100
AcDbPolyline
      90
32
      70
0
      10
371.9618
      20
1318.7624
      42
0.414213562373095
      10
367.9618
      20
1322.7624
      42
0
      10
351.9618
      20
1322.7624
      42
0
      10
351.9618
      20
1326.5249
      42
0.41421356237311
      10
350.9618
      20
1327.5249
      42
0
      10
332.9618
      20
1327.5249
      42
0.414213562373099
      10
331.9618
      20
1326.5249
      42
0
      10
331.9618
      20
1322.7624
      42
0
      10
256.9618
      20
1322.7624
      42
0
      10
256.9618
      20
1326.5249
      42
0.414213562373098
      10
255.9618
      20
1327.5249
      42
0
      10
237.9618
      20
1327.5249
      42
0.414213562373097
      10
236.9618
      20
1326.5249
      42
0
      10
236.9618
      20
1322.7624
      42
0
      10
220.9618
      20
1322.7624
      42
0.414213562373095
      10
216.9618
      20
1318.7624
      42
0
      10
216.9618
      20
1275.7624
      42
0.414213562373095
      10
220.9618
      20
1271.7624
      42
0
      10
236.9618
      20
1271.7624
      42
0
      10
236.9618
      20
1267.9999
      42
0.414213562373091
      10
237.9618
      20
1266.9999
      42
0
      10
255.9618
      20
1266.9999
      42
0.414213562373098
      10
256.9618
      20
1267.9999
      42
0
      10
256.9618
      20
1271.7624
      42
0
      10
331.9618
      20
1271.7624
      42
0
      10
331.9618
      20
1267.9999
      42
0.414213562373099
      10
332.9618
      20
1266.9999
      42
0
      10
350.9618
      20
1266.9999
      42
0.414213562373104
      10
351.9618
      20
1267.9999
      42
0
      10
351.9618
      20
1271.7624
      42
0
      10
367.9618
      20
1271.7624
      42
0.4142135623731
      10
371.9618
      20
1275.7624
      42
0
    1001
FS_CYPCUT
    1000
Channel
    1070
1
    1000
LeadIn
    1002
{
    1070
0
    1040
0.0159154943091895
    1040
1.5707963267949
    1040
1
    1040
1
    1070
0
    1040
0.5
    1070
0
    1002
}
    1000
LeadOut
    1002
{
    1070
0
    1040
0
    1040
0
    1040
0
    1070
0
    1002
}
    1000
IsFill
    1070
1
    1000
PathStart
    1040
0
    1000
ToolCompensation
    1002
{
    1070
0
    1040
0
    1070
0
    1002
}
    1000
MicroConnect
    1002
{
    1070
1
    1040
0
    1041
0.1
    1042
0
    1002
}
       0
CIRCLE
       5
2131
     100
AcDbEntity
       8
1
     100
AcDbCircle
      10
501.9619
      20
1297.2624
      30
0
      40
7.00000000000006
    1001
FS_CYPCUT
    1000
Channel
    1070
1
    1000
LeadIn
    1002
{
    1070
3
    1040
0
    1040
1.5707963267949
    1040
1
    1040
1
    1070
0
    1040
0.5
    1070
0
    1002
}
    1000
LeadOut
    1002
{
    1070
0
    1040
0
    1040
0
    1040
0
    1070
0
    1002
}
    1000
IsFill
    1070
0
    1000
PathStart
    1040
0
    1000
ToolCompensation
    1002
{
    1070
0
    1040
0
    1070
0
    1002
}
       0
LWPOLYLINE
       5
2132
     100
AcDbEntity
       8
1
     100
AcDbPolyline
      90
32
      70
1
      10
371.9619
      20
1318.7624
      42
0
      10
371.9619
      20
1275.7624
      42
0.414213562373095
      10
375.9619
      20
1271.7624
      42
0
      10
391.9619
      20
1271.7624
      42
0
      10
391.9619
      20
1267.9999
      42
0.414213562373091
      10
392.9619
      20
1266.9999
      42
0
      10
410.9619
      20
1266.9999
      42
0.414213562373098
      10
411.9619
      20
1267.9999
      42
0
      10
411.9619
      20
1271.7624
      42
0
      10
486.9619
      20
1271.7624
      42
0
      10
486.9619
      20
1267.9999
      42
0.414213562373099
      10
487.9619
      20
1266.9999
      42
0
      10
505.9619
      20
1266.9999
      42
0.414213562373104
      10
506.9619
      20
1267.9999
      42
0
      10
506.9619
      20
1271.7624
      42
0
      10
522.9619
      20
1271.7624
      42
0.4142135623731
      10
526.9619
      20
1275.7624
      42
0
      10
526.9619
      20
1318.7624
      42
0.414213562373095
      10
522.9619
      20
1322.7624
      42
0
      10
506.9619
      20
1322.7624
      42
0
      10
506.9619
      20
1326.5249
      42
0.41421356237311
      10
505.9619
      20
1327.5249
      42
0
      10
487.9619
      20
1327.5249
      42
0.414213562373099
      10
486.9619
      20
1326.5249
      42
0
      10
486.9619
      20
1322.7624
      42
0
      10
411.9619
      20
1322.7624
      42
0
      10
411.9619
      20
1326.5249
      42
0.414213562373098
      10
410.9619
      20
1327.5249
      42
0
      10
392.9619
      20
1327.5249
      42
0.414213562373097
      10
391.9619
      20
1326.5249
      42
0
      10
391.9619
      20
1322.7624
      42
0
      10
375.9619
      20
1322.7624
      42
0.414213562373095
    1001
FS_CYPCUT
    1000
Channel
    1070
1
    1000
LeadIn
    1002
{
    1070
0
    1040
0
    1040
0
    1040
0
    1040
0
    1070
0
    1040
0
    1070
0
    1002
}
    1000
LeadOut
    1002
{
    1070
0
    1040
0
    1040
0
    1040
0
    1070
0
    1002
}
    1000
IsFill
    1070
1
    1000
PathStart
    1040
0
    1000
ToolCompensation
    1002
{
    1070
0
    1040
0
    1070
0
    1002
}
       0
ENDBLK
       5
2133
     330
2020
     100
AcDbEntity
       8
0
     100
AcDbBlockEnd
       0
BLOCK
       5
2134
     330
2021
     100
AcDbEntity
       8
0
     100
AcDbBlockBegin
       2
CommonPart2092661145
      70
0
      10
213.6137
      20
1330.5249
      30
0
       3
CommonPart2092661145
       1

       4
CypCutBlock
       0
CIRCLE
       5
2135
     100
AcDbEntity
       8
1
     100
AcDbCircle
      10
343.6137
      20
1360.7874
      30
0
      40
7.00000000000011
    1001
FS_CYPCUT
    1000
Channel
    1070
1
    1000
LeadIn
    1002
{
    1070
3
    1040
0
    1040
1.5707963267949
    1040
1
    1040
1
    1070
0
    1040
0.5
    1070
0
    1002
}
    1000
LeadOut
    1002
{
    1070
0
    1040
0
    1040
0
    1040
0
    1070
0
    1002
}
    1000
IsFill
    1070
0
    1000
PathStart
    1040
0
    1000
ToolCompensation
    1002
{
    1070
0
    1040
0
    1070
0
    1002
}
       0
LWPOLYLINE
       5
2136
     100
AcDbEntity
       8
1
     100
AcDbPolyline
      90
32
      70
0
      10
368.6137
      20
1382.2874
      42
0.414213562373095
      10
364.6137
      20
1386.2874
      42
0
      10
348.6137
      20
1386.2874
      42
0
      10
348.6137
      20
1390.0499
      42
0.41421356237311
      10
347.6137
      20
1391.0499
      42
0
      10
329.6137
      20
1391.0499
      42
0.414213562373099
      10
328.6137
      20
1390.0499
      42
0
      10
328.6137
      20
1386.2874
      42
0
      10
253.6137
      20
1386.2874
      42
0
      10
253.6137
      20
1390.0499
      42
0.414213562373098
      10
252.6137
      20
1391.0499
      42
0
      10
234.6137
      20
1391.0499
      42
0.414213562373097
      10
233.6137
      20
1390.0499
      42
0
      10
233.6137
      20
1386.2874
      42
0
      10
217.6137
      20
1386.2874
      42
0.414213562373095
      10
213.6137
      20
1382.2874
      42
0
      10
213.6137
      20
1339.2874
      42
0.414213562373095
      10
217.6137
      20
1335.2874
      42
0
      10
233.6137
      20
1335.2874
      42
0
      10
233.6137
      20
1331.5249
      42
0.414213562373091
      10
234.6137
      20
1330.5249
      42
0
      10
252.6137
      20
1330.5249
      42
0.414213562373098
      10
253.6137
      20
1331.5249
      42
0
      10
253.6137
      20
1335.2874
      42
0
      10
328.6137
      20
1335.2874
      42
0
      10
328.6137
      20
1331.5249
      42
0.414213562373099
      10
329.6137
      20
1330.5249
      42
0
      10
347.6137
      20
1330.5249
      42
0.414213562373104
      10
348.6137
      20
1331.5249
      42
0
      10
348.6137
      20
1335.2874
      42
0
      10
364.6137
      20
1335.2874
      42
0.4142135623731
      10
368.6137
      20
1339.2874
      42
0
    1001
FS_CYPCUT
    1000
Channel
    1070
1
    1000
LeadIn
    1002
{
    1070
0
    1040
0.0159154943091895
    1040
1.5707963267949
    1040
1
    1040
1
    1070
0
    1040
0.5
    1070
0
    1002
}
    1000
LeadOut
    1002
{
    1070
0
    1040
0
    1040
0
    1040
0
    1070
0
    1002
}
    1000
IsFill
    1070
1
    1000
PathStart
    1040
0
    1000
ToolCompensation
    1002
{
    1070
0
    1040
0
    1070
0
    1002
}
    1000
MicroConnect
    1002
{
    1070
1
    1040
0
    1041
0.1
    1042
0
    1002
}
       0
CIRCLE
       5
2137
     100
AcDbEntity
       8
1
     100
AcDbCircle
      10
498.6138
      20
1360.7874
      30
0
      40
7.00000000000006
    1001
FS_CYPCUT
    1000
Channel
    1070
1
    1000
LeadIn
    1002
{
    1070
3
    1040
0
    1040
1.5707963267949
    1040
1
    1040
1
    1070
0
    1040
0.5
    1070
0
    1002
}
    1000
LeadOut
    1002
{
    1070
0
    1040
0
    1040
0
    1040
0
    1070
0
    1002
}
    1000
IsFill
    1070
0
    1000
PathStart
    1040
0
    1000
ToolCompensation
    1002
{
    1070
0
    1040
0
    1070
0
    1002
}
       0
LWPOLYLINE
       5
2138
     100
AcDbEntity
       8
1
     100
AcDbPolyline
      90
32
      70
1
      10
368.6138
      20
1382.2874
      42
0
      10
368.6138
      20
1339.2874
      42
0.414213562373095
      10
372.6138
      20
1335.2874
      42
0
      10
388.6138
      20
1335.2874
      42
0
      10
388.6138
      20
1331.5249
      42
0.414213562373091
      10
389.6138
      20
1330.5249
      42
0
      10
407.6138
      20
1330.5249
      42
0.414213562373098
      10
408.6138
      20
1331.5249
      42
0
      10
408.6138
      20
1335.2874
      42
0
      10
483.6138
      20
1335.2874
      42
0
      10
483.6138
      20
1331.5249
      42
0.414213562373099
      10
484.6138
      20
1330.5249
      42
0
      10
502.6138
      20
1330.5249
      42
0.414213562373104
      10
503.6138
      20
1331.5249
      42
0
      10
503.6138
      20
1335.2874
      42
0
      10
519.6138
      20
1335.2874
      42
0.4142135623731
      10
523.6138
      20
1339.2874
      42
0
      10
523.6138
      20
1382.2874
      42
0.414213562373095
      10
519.6138
      20
1386.2874
      42
0
      10
503.6138
      20
1386.2874
      42
0
      10
503.6138
      20
1390.0499
      42
0.41421356237311
      10
502.6138
      20
1391.0499
      42
0
      10
484.6138
      20
1391.0499
      42
0.414213562373099
      10
483.6138
      20
1390.0499
      42
0
      10
483.6138
      20
1386.2874
      42
0
      10
408.6138
      20
1386.2874
      42
0
      10
408.6138
      20
1390.0499
      42
0.414213562373098
      10
407.6138
      20
1391.0499
      42
0
      10
389.6138
      20
1391.0499
      42
0.414213562373097
      10
388.6138
      20
1390.0499
      42
0
      10
388.6138
      20
1386.2874
      42
0
      10
372.6138
      20
1386.2874
      42
0.414213562373095
    1001
FS_CYPCUT
    1000
Channel
    1070
1
    1000
LeadIn
    1002
{
    1070
0
    1040
0
    1040
0
    1040
0
    1040
0
    1070
0
    1040
0
    1070
0
    1002
}
    1000
LeadOut
    1002
{
    1070
0
    1040
0
    1040
0
    1040
0
    1070
0
    1002
}
    1000
IsFill
    1070
1
    1000
PathStart
    1040
0
    1000
ToolCompensation
    1002
{
    1070
0
    1040
0
    1070
0
    1002
}
       0
ENDBLK
       5
2139
     330
2021
     100
AcDbEntity
       8
0
     100
AcDbBlockEnd
       0
BLOCK
       5
213A
     330
2022
     100
AcDbEntity
       8
0
     100
AcDbBlockBegin
       2
CommonPart223872127
      70
0
      10
176.5793
      20
1389.2874
      30
0
       3
CommonPart223872127
       1

       4
CypCutBlock
       0
CIRCLE
       5
213B
     100
AcDbEntity
       8
1
     100
AcDbCircle
      10
306.5793
      20
1419.5499
      30
0
      40
7.00000000000006
    1001
FS_CYPCUT
    1000
Channel
    1070
1
    1000
LeadIn
    1002
{
    1070
3
    1040
0
    1040
1.5707963267949
    1040
1
    1040
1
    1070
0
    1040
0.5
    1070
0
    1002
}
    1000
LeadOut
    1002
{
    1070
0
    1040
0
    1040
0
    1040
0
    1070
0
    1002
}
    1000
IsFill
    1070
0
    1000
PathStart
    1040
0
    1000
ToolCompensation
    1002
{
    1070
0
    1040
0
    1070
0
    1002
}
       0
LWPOLYLINE
       5
213C
     100
AcDbEntity
       8
1
     100
AcDbPolyline
      90
32
      70
0
      10
331.5793
      20
1441.0499
      42
0.414213562373095
      10
327.5793
      20
1445.0499
      42
0
      10
311.5793
      20
1445.0499
      42
0
      10
311.5793
      20
1448.8124
      42
0.41421356237311
      10
310.5793
      20
1449.8124
      42
0
      10
292.5793
      20
1449.8124
      42
0.414213562373099
      10
291.5793
      20
1448.8124
      42
0
      10
291.5793
      20
1445.0499
      42
0
      10
216.5793
      20
1445.0499
      42
0
      10
216.5793
      20
1448.8124
      42
0.414213562373098
      10
215.5793
      20
1449.8124
      42
0
      10
197.5793
      20
1449.8124
      42
0.414213562373097
      10
196.5793
      20
1448.8124
      42
0
      10
196.5793
      20
1445.0499
      42
0
      10
180.5793
      20
1445.0499
      42
0.414213562373095
      10
176.5793
      20
1441.0499
      42
0
      10
176.5793
      20
1398.0499
      42
0.414213562373095
      10
180.5793
      20
1394.0499
      42
0
      10
196.5793
      20
1394.0499
      42
0
      10
196.5793
      20
1390.2874
      42
0.414213562373091
      10
197.5793
      20
1389.2874
      42
0
      10
215.5793
      20
1389.2874
      42
0.414213562373098
      10
216.5793
      20
1390.2874
      42
0
      10
216.5793
      20
1394.0499
      42
0
      10
291.5793
      20
1394.0499
      42
0
      10
291.5793
      20
1390.2874
      42
0.414213562373099
      10
292.5793
      20
1389.2874
      42
0
      10
310.5793
      20
1389.2874
      42
0.414213562373104
      10
311.5793
      20
1390.2874
      42
0
      10
311.5793
      20
1394.0499
      42
0
      10
327.5793
      20
1394.0499
      42
0.4142135623731
      10
331.5793
      20
1398.0499
      42
0
    1001
FS_CYPCUT
    1000
Channel
    1070
1
    1000
LeadIn
    1002
{
    1070
0
    1040
0.0159154943091895
    1040
1.5707963267949
    1040
1
    1040
1
    1070
0
    1040
0.5
    1070
0
    1002
}
    1000
LeadOut
    1002
{
    1070
0
    1040
0
    1040
0
    1040
0
    1070
0
    1002
}
    1000
IsFill
    1070
1
    1000
PathStart
    1040
0
    1000
ToolCompensation
    1002
{
    1070
0
    1040
0
    1070
0
    1002
}
    1000
MicroConnect
    1002
{
    1070
1
    1040
0
    1041
0.1
    1042
0
    1002
}
       0
CIRCLE
       5
213D
     100
AcDbEntity
       8
1
     100
AcDbCircle
      10
356.5794
      20
1419.5499
      30
0
      40
7.00000000000011
    1001
FS_CYPCUT
    1000
Channel
    1070
1
    1000
LeadIn
    1002
{
    1070
3
    1040
0
    1040
1.5707963267949
    1040
1
    1040
1
    1070
0
    1040
0.5
    1070
0
    1002
}
    1000
LeadOut
    1002
{
    1070
0
    1040
0
    1040
0
    1040
0
    1070
0
    1002
}
    1000
IsFill
    1070
0
    1000
PathStart
    1040
0
    1000
ToolCompensation
    1002
{
    1070
0
    1040
0
    1070
0
    1002
}
       0
LWPOLYLINE
       5
213E
     100
AcDbEntity
       8
1
     100
AcDbPolyline
      90
32
      70
1
      10
331.5794
      20
1441.0499
      42
-0.4142135623731
      10
335.5794
      20
1445.0499
      42
0
      10
351.5794
      20
1445.0499
      42
0
      10
351.5794
      20
1448.8124
      42
-0.414213562373104
      10
352.5794
      20
1449.8124
      42
0
      10
370.5794
      20
1449.8124
      42
-0.414213562373099
      10
371.5794
      20
1448.8124
      42
0
      10
371.5794
      20
1445.0499
      42
0
      10
446.5794
      20
1445.0499
      42
0
      10
446.5794
      20
1448.8124
      42
-0.414213562373098
      10
447.5794
      20
1449.8124
      42
0
      10
465.5794
      20
1449.8124
      42
-0.414213562373091
      10
466.5794
      20
1448.8124
      42
0
      10
466.5794
      20
1445.0499
      42
0
      10
482.5794
      20
1445.0499
      42
-0.414213562373095
      10
486.5794
      20
1441.0499
      42
0
      10
486.5794
      20
1398.0499
      42
-0.414213562373095
      10
482.5794
      20
1394.0499
      42
0
      10
466.5794
      20
1394.0499
      42
0
      10
466.5794
      20
1390.2874
      42
-0.414213562373097
      10
465.5794
      20
1389.2874
      42
0
      10
447.5794
      20
1389.2874
      42
-0.414213562373098
      10
446.5794
      20
1390.2874
      42
0
      10
446.5794
      20
1394.0499
      42
0
      10
371.5794
      20
1394.0499
      42
0
      10
371.5794
      20
1390.2874
      42
-0.414213562373099
      10
370.5794
      20
1389.2874
      42
0
      10
352.5794
      20
1389.2874
      42
-0.41421356237311
      10
351.5794
      20
1390.2874
      42
0
      10
351.5794
      20
1394.0499
      42
0
      10
335.5794
      20
1394.0499
      42
-0.414213562373095
      10
331.5794
      20
1398.0499
      42
0
    1001
FS_CYPCUT
    1000
Channel
    1070
1
    1000
LeadIn
    1002
{
    1070
0
    1040
31
    1040
1.5707963267949
    1040
1
    1040
1
    1070
0
    1040
0.5
    1070
0
    1002
}
    1000
LeadOut
    1002
{
    1070
0
    1040
0
    1040
0
    1040
0
    1070
0
    1002
}
    1000
IsFill
    1070
1
    1000
PathStart
    1040
31
    1000
ToolCompensation
    1002
{
    1070
0
    1040
0
    1070
0
    1002
}
       0
ENDBLK
       5
213F
     330
2022
     100
AcDbEntity
       8
0
     100
AcDbBlockEnd
       0
BLOCK
       5
2140
     330
2023
     100
AcDbEntity
       8
0
     100
AcDbBlockBegin
       2
Part638729970
      70
0
      10
-30.2625
      20
-4.4408921E-15
      30
0
       3
Part638729970
       1

       4
CypCutBlock
       0
CIRCLE
       5
2141
     100
AcDbEntity
       8
1
     100
AcDbCircle
      10
0
      20
33
      30
0
      40
5.25
    1001
FS_CYPCUT
    1000
Channel
    1070
1
    1000
LeadIn
    1002
{
    1070
3
    1040
5.55111512312578E-17
    1040
1.5707963267949
    1040
1
    1040
1
    1070
0
    1040
0.5
    1070
0
    1002
}
    1000
LeadOut
    1002
{
    1070
0
    1040
0
    1040
0
    1040
0
    1070
0
    1002
}
    1000
IsFill
    1070
0
    1000
PathStart
    1040
5.55111512312578E-17
    1000
ToolCompensation
    1002
{
    1070
0
    1040
0
    1070
0
    1002
}
       0
CIRCLE
       5
2142
     100
AcDbEntity
       8
1
     100
AcDbCircle
      10
0
      20
128
      30
0
      40
5.25000000000004
    1001
FS_CYPCUT
    1000
Channel
    1070
1
    1000
LeadIn
    1002
{
    1070
3
    1040
8.32667268468867E-17
    1040
1.5707963267949
    1040
1
    1040
1
    1070
0
    1040
0.5
    1070
0
    1002
}
    1000
LeadOut
    1002
{
    1070
0
    1040
0
    1040
0
    1040
0
    1070
0
    1002
}
    1000
IsFill
    1070
0
    1000
PathStart
    1040
8.32667268468867E-17
    1000
ToolCompensation
    1002
{
    1070
0
    1040
0
    1070
0
    1002
}
       0
LWPOLYLINE
       5
2143
     100
AcDbEntity
       8
1
     100
AcDbPolyline
      90
20
      70
1
      10
30.2625
      20
117
      42
0.414213562373093
      10
29.2625
      20
118
      42
0
      10
25.5
      20
118
      42
0
      10
25.5
      20
154
      42
0.4142135623731
      10
21.5
      20
158
      42
0
      10
-21.5
      20
158
      42
0.414213562373091
      10
-25.5
      20
154
      42
0
      10
-25.5
      20
118
      42
0
      10
-29.2625
      20
118
      42
0.414213562373086
      10
-30.2625
      20
117
      42
0
      10
-30.2625
      20
89
      42
0.414213562373101
      10
-29.2625
      20
88
      42
0
      10
-25.5
      20
88
      42
0
      10
-25.5
      20
4
      42
0.414213562373095
      10
-21.5
      20
0
      42
0
      10
21.5
      20
-4.44089209850063E-15
      42
0.414213562373094
      10
25.5
      20
4
      42
0
      10
25.5
      20
88
      42
0
      10
29.2625
      20
88
      42
0.414213562373101
      10
30.2625
      20
89
      42
0
    1001
FS_CYPCUT
    1000
Channel
    1070
1
    1000
LeadIn
    1002
{
    1070
3
    1040
12.5
    1040
1.5707963267949
    1040
1
    1040
1
    1070
0
    1040
0.5
    1070
0
    1002
}
    1000
LeadOut
    1002
{
    1070
0
    1040
0
    1040
0
    1040
0
    1070
0
    1002
}
    1000
IsFill
    1070
1
    1000
PathStart
    1040
12.5
    1000
ToolCompensation
    1002
{
    1070
0
    1040
0
    1070
0
    1002
}
    1000
MicroConnect
    1002
{
    1070
2
    1040
6.519835
    1041
0.8
    1042
0
    1040
16.1871286
    1041
0.8
    1042
0
    1002
}
       0
ENDBLK
       5
2144
     330
2023
     100
AcDbEntity
       8
0
     100
AcDbBlockEnd
       0
BLOCK
       5
2145
     330
2024
     100
AcDbEntity
       8
0
     100
AcDbBlockBegin
       2
Part1200916012
      70
0
      10
-30.2625
      20
-4.4408921E-15
      30
0
       3
Part1200916012
       1

       4
CypCutBlock
       0
CIRCLE
       5
2146
     100
AcDbEntity
       8
1
     100
AcDbCircle
      10
0
      20
33
      30
0
      40
5.25
    1001
FS_CYPCUT
    1000
Channel
    1070
1
    1000
LeadIn
    1002
{
    1070
3
    1040
5.55111512312578E-17
    1040
1.5707963267949
    1040
1
    1040
1
    1070
0
    1040
0.5
    1070
0
    1002
}
    1000
LeadOut
    1002
{
    1070
0
    1040
0
    1040
0
    1040
0
    1070
0
    1002
}
    1000
IsFill
    1070
0
    1000
PathStart
    1040
5.55111512312578E-17
    1000
ToolCompensation
    1002
{
    1070
0
    1040
0
    1070
0
    1002
}
       0
CIRCLE
       5
2147
     100
AcDbEntity
       8
1
     100
AcDbCircle
      10
0
      20
128
      30
0
      40
5.25000000000004
    1001
FS_CYPCUT
    1000
Channel
    1070
1
    1000
LeadIn
    1002
{
    1070
3
    1040
8.32667268468867E-17
    1040
1.5707963267949
    1040
1
    1040
1
    1070
0
    1040
0.5
    1070
0
    1002
}
    1000
LeadOut
    1002
{
    1070
0
    1040
0
    1040
0
    1040
0
    1070
0
    1002
}
    1000
IsFill
    1070
0
    1000
PathStart
    1040
8.32667268468867E-17
    1000
ToolCompensation
    1002
{
    1070
0
    1040
0
    1070
0
    1002
}
       0
LWPOLYLINE
       5
2148
     100
AcDbEntity
       8
1
     100
AcDbPolyline
      90
20
      70
1
      10
30.2625
      20
117
      42
0.414213562373093
      10
29.2625
      20
118
      42
0
      10
25.5
      20
118
      42
0
      10
25.5
      20
154
      42
0.4142135623731
      10
21.5
      20
158
      42
0
      10
-21.5
      20
158
      42
0.414213562373091
      10
-25.5
      20
154
      42
0
      10
-25.5
      20
118
      42
0
      10
-29.2625
      20
118
      42
0.414213562373086
      10
-30.2625
      20
117
      42
0
      10
-30.2625
      20
89
      42
0.414213562373101
      10
-29.2625
      20
88
      42
0
      10
-25.5
      20
88
      42
0
      10
-25.5
      20
4
      42
0.414213562373095
      10
-21.5
      20
0
      42
0
      10
21.5
      20
-4.44089209850063E-15
      42
0.414213562373094
      10
25.5
      20
4
      42
0
      10
25.5
      20
88
      42
0
      10
29.2625
      20
88
      42
0.414213562373101
      10
30.2625
      20
89
      42
0
    1001
FS_CYPCUT
    1000
Channel
    1070
1
    1000
LeadIn
    1002
{
    1070
3
    1040
12.5
    1040
1.5707963267949
    1040
1
    1040
1
    1070
0
    1040
0.5
    1070
0
    1002
}
    1000
LeadOut
    1002
{
    1070
0
    1040
0
    1040
0
    1040
0
    1070
0
    1002
}
    1000
IsFill
    1070
1
    1000
PathStart
    1040
12.5
    1000
ToolCompensation
    1002
{
    1070
0
    1040
0
    1070
0
    1002
}
    1000
MicroConnect
    1002
{
    1070
2
    1040
6.519835
    1041
0.8
    1042
0
    1040
16.1871286
    1041
0.8
    1042
0
    1002
}
       0
ENDBLK
       5
2149
     330
2024
     100
AcDbEntity
       8
0
     100
AcDbBlockEnd
       0
BLOCK
       5
214A
     330
2025
     100
AcDbEntity
       8
0
     100
AcDbBlockBegin
       2
Part1716603691
      70
0
      10
-30.2625
      20
-4.4408921E-15
      30
0
       3
Part1716603691
       1

       4
CypCutBlock
       0
CIRCLE
       5
214B
     100
AcDbEntity
       8
1
     100
AcDbCircle
      10
0
      20
33
      30
0
      40
5.25
    1001
FS_CYPCUT
    1000
Channel
    1070
1
    1000
LeadIn
    1002
{
    1070
3
    1040
5.55111512312578E-17
    1040
1.5707963267949
    1040
1
    1040
1
    1070
0
    1040
0.5
    1070
0
    1002
}
    1000
LeadOut
    1002
{
    1070
0
    1040
0
    1040
0
    1040
0
    1070
0
    1002
}
    1000
IsFill
    1070
0
    1000
PathStart
    1040
5.55111512312578E-17
    1000
ToolCompensation
    1002
{
    1070
0
    1040
0
    1070
0
    1002
}
       0
CIRCLE
       5
214C
     100
AcDbEntity
       8
1
     100
AcDbCircle
      10
0
      20
128
      30
0
      40
5.25000000000004
    1001
FS_CYPCUT
    1000
Channel
    1070
1
    1000
LeadIn
    1002
{
    1070
3
    1040
8.32667268468867E-17
    1040
1.5707963267949
    1040
1
    1040
1
    1070
0
    1040
0.5
    1070
0
    1002
}
    1000
LeadOut
    1002
{
    1070
0
    1040
0
    1040
0
    1040
0
    1070
0
    1002
}
    1000
IsFill
    1070
0
    1000
PathStart
    1040
8.32667268468867E-17
    1000
ToolCompensation
    1002
{
    1070
0
    1040
0
    1070
0
    1002
}
       0
LWPOLYLINE
       5
214D
     100
AcDbEntity
       8
1
     100
AcDbPolyline
      90
20
      70
1
      10
30.2625
      20
117
      42
0.414213562373093
      10
29.2625
      20
118
      42
0
      10
25.5
      20
118
      42
0
      10
25.5
      20
154
      42
0.4142135623731
      10
21.5
      20
158
      42
0
      10
-21.5
      20
158
      42
0.414213562373091
      10
-25.5
      20
154
      42
0
      10
-25.5
      20
118
      42
0
      10
-29.2625
      20
118
      42
0.414213562373086
      10
-30.2625
      20
117
      42
0
      10
-30.2625
      20
89
      42
0.414213562373101
      10
-29.2625
      20
88
      42
0
      10
-25.5
      20
88
      42
0
      10
-25.5
      20
4
      42
0.414213562373095
      10
-21.5
      20
0
      42
0
      10
21.5
      20
-4.44089209850063E-15
      42
0.414213562373094
      10
25.5
      20
4
      42
0
      10
25.5
      20
88
      42
0
      10
29.2625
      20
88
      42
0.414213562373101
      10
30.2625
      20
89
      42
0
    1001
FS_CYPCUT
    1000
Channel
    1070
1
    1000
LeadIn
    1002
{
    1070
3
    1040
12.5
    1040
1.5707963267949
    1040
1
    1040
1
    1070
0
    1040
0.5
    1070
0
    1002
}
    1000
LeadOut
    1002
{
    1070
0
    1040
0
    1040
0
    1040
0
    1070
0
    1002
}
    1000
IsFill
    1070
1
    1000
PathStart
    1040
12.5
    1000
ToolCompensation
    1002
{
    1070
0
    1040
0
    1070
0
    1002
}
    1000
MicroConnect
    1002
{
    1070
2
    1040
6.519835
    1041
0.8
    1042
0
    1040
16.1871286
    1041
0.8
    1042
0
    1002
}
       0
ENDBLK
       5
214E
     330
2025
     100
AcDbEntity
       8
0
     100
AcDbBlockEnd
       0
BLOCK
       5
214F
     330
2026
     100
AcDbEntity
       8
0
     100
AcDbBlockBegin
       2
Part676705652
      70
0
      10
-90
      20
-53
      30
0
       3
Part676705652
       1

       4
CypCutBlock
       0
LWPOLYLINE
       5
2150
     100
AcDbEntity
       8
1
     100
AcDbPolyline
      90
8
      70
1
      10
-45
      20
-23
      42
0
      10
-45
      20
-30
      42
-0.414213562373096
      10
-48
      20
-33
      42
0
      10
-61
      20
-33
      42
-0.414213562373096
      10
-64
      20
-30
      42
0
      10
-64
      20
-23
      42
-0.414213562373096
      10
-61
      20
-20
      42
0
      10
-48
      20
-20
      42
-0.414213562373093
    1001
FS_CYPCUT
    1000
Channel
    1070
1
    1000
LeadIn
    1002
{
    1070
3
    1040
2.5
    1040
1.5707963267949
    1040
1
    1040
1
    1070
0
    1040
0.5
    1070
0
    1002
}
    1000
LeadOut
    1002
{
    1070
0
    1040
0
    1040
0
    1040
0
    1070
0
    1002
}
    1000
IsFill
    1070
0
    1000
PathStart
    1040
2.5
    1000
ToolCompensation
    1002
{
    1070
0
    1040
0
    1070
0
    1002
}
       0
CIRCLE
       5
2151
     100
AcDbEntity
       8
1
     100
AcDbCircle
      10
-17
      20
-45
      30
0
      40
4.5
    1001
FS_CYPCUT
    1000
Channel
    1070
1
    1000
LeadIn
    1002
{
    1070
3
    1040
0
    1040
1.5707963267949
    1040
1
    1040
1
    1070
0
    1040
0.5
    1070
0
    1002
}
    1000
LeadOut
    1002
{
    1070
0
    1040
0
    1040
0
    1040
0
    1070
0
    1002
}
    1000
IsFill
    1070
0
    1000
PathStart
    1040
1
    1000
ToolCompensation
    1002
{
    1070
0
    1040
0
    1070
0
    1002
}
       0
CIRCLE
       5
2152
     100
AcDbEntity
       8
1
     100
AcDbCircle
      10
-17
      20
-20
      30
0
      40
4.49999999999999
    1001
FS_CYPCUT
    1000
Channel
    1070
1
    1000
LeadIn
    1002
{
    1070
3
    1040
0
    1040
1.5707963267949
    1040
1
    1040
1
    1070
0
    1040
0.5
    1070
0
    1002
}
    1000
LeadOut
    1002
{
    1070
0
    1040
0
    1040
0
    1040
0
    1070
0
    1002
}
    1000
IsFill
    1070
0
    1000
PathStart
    1040
0
    1000
ToolCompensation
    1002
{
    1070
0
    1040
0
    1070
0
    1002
}
       0
CIRCLE
       5
2153
     100
AcDbEntity
       8
1
     100
AcDbCircle
      10
17
      20
-20
      30
0
      40
4.49999999999999
    1001
FS_CYPCUT
    1000
Channel
    1070
1
    1000
LeadIn
    1002
{
    1070
3
    1040
0
    1040
1.5707963267949
    1040
1
    1040
1
    1070
0
    1040
0.5
    1070
0
    1002
}
    1000
LeadOut
    1002
{
    1070
0
    1040
0
    1040
0
    1040
0
    1070
0
    1002
}
    1000
IsFill
    1070
0
    1000
PathStart
    1040
0
    1000
ToolCompensation
    1002
{
    1070
0
    1040
0
    1070
0
    1002
}
       0
CIRCLE
       5
2154
     100
AcDbEntity
       8
1
     100
AcDbCircle
      10
17
      20
-45
      30
0
      40
4.50000000000001
    1001
FS_CYPCUT
    1000
Channel
    1070
1
    1000
LeadIn
    1002
{
    1070
3
    1040
0
    1040
1.5707963267949
    1040
1
    1040
1
    1070
0
    1040
0.5
    1070
0
    1002
}
    1000
LeadOut
    1002
{
    1070
0
    1040
0
    1040
0
    1040
0
    1070
0
    1002
}
    1000
IsFill
    1070
0
    1000
PathStart
    1040
0
    1000
ToolCompensation
    1002
{
    1070
0
    1040
0
    1070
0
    1002
}
       0
LWPOLYLINE
       5
2155
     100
AcDbEntity
       8
1
     100
AcDbPolyline
      90
8
      70
1
      10
64
      20
-23
      42
0.414213562373096
      10
61
      20
-20
      42
0
      10
48
      20
-20
      42
0.414213562373094
      10
45
      20
-23
      42
0
      10
45
      20
-30
      42
0.414213562373095
      10
48
      20
-33
      42
0
      10
61
      20
-33
      42
0.414213562373095
      10
64
      20
-30
      42
0
    1001
FS_CYPCUT
    1000
Channel
    1070
1
    1000
LeadIn
    1002
{
    1070
3
    1040
1.5
    1040
1.5707963267949
    1040
1
    1040
1
    1070
0
    1040
0.5
    1070
0
    1002
}
    1000
LeadOut
    1002
{
    1070
0
    1040
0
    1040
0
    1040
0
    1070
0
    1002
}
    1000
IsFill
    1070
0
    1000
PathStart
    1040
1.5
    1000
ToolCompensation
    1002
{
    1070
0
    1040
0
    1070
0
    1002
}
       0
LWPOLYLINE
       5
2156
     100
AcDbEntity
       8
1
     100
AcDbPolyline
      90
20
      70
1
      10
90
      20
-46
      42
0
      10
90
      20
-51
      42
-0.414213562373099
      10
88
      20
-53
      42
0
      10
-88
      20
-53
      42
-0.414213562373099
      10
-90
      20
-51
      42
0
      10
-90
      20
-46
      42
0
      10
-84
      20
-46
      42
0
      10
-84
      20
-5
      42
-0.414213562373095
      10
-79
      20
0
      42
0
      10
-50
      20
0
      42
0
      10
-50
      20
4.7625
      42
0
      10
-30
      20
4.7625
      42
0
      10
-30
      20
0
      42
0
      10
30
      20
0
      42
0
      10
30
      20
4.7625
      42
0
      10
50
      20
4.7625
      42
0
      10
50
      20
0
      42
0
      10
79
      20
-1.24344978758018E-14
      42
-0.414213562373095
      10
84
      20
-5
      42
0
      10
84
      20
-46
      42
0
    1001
FS_CYPCUT
    1000
Channel
    1070
1
    1000
LeadIn
    1002
{
    1070
3
    1040
2.5
    1040
1.5707963267949
    1040
1
    1040
1
    1070
0
    1040
0.5
    1070
0
    1002
}
    1000
LeadOut
    1002
{
    1070
0
    1040
0
    1040
0
    1040
0
    1070
0
    1002
}
    1000
IsFill
    1070
1
    1000
PathStart
    1040
2.5
    1000
ToolCompensation
    1002
{
    1070
0
    1040
0
    1070
0
    1002
}
    1000
MicroConnect
    1002
{
    1070
2
    1040
4.47075948
    1041
0.8
    1042
0
    1040
16.8388536
    1041
0.8
    1042
0
    1002
}
       0
ENDBLK
       5
2157
     330
2026
     100
AcDbEntity
       8
0
     100
AcDbBlockEnd
       0
BLOCK
       5
2158
     330
2027
     100
AcDbEntity
       8
0
     100
AcDbBlockBegin
       2
Part935482328
      70
0
      10
-60
      20
-40
      30
0
       3
Part935482328
       1

       4
CypCutBlock
       0
CIRCLE
       5
2159
     100
AcDbEntity
       8
1
     100
AcDbCircle
      10
-40
      20
67
      30
0
      40
3.4
    1001
FS_CYPCUT
    1000
Channel
    1070
1
    1000
LeadIn
    1002
{
    1070
3
    1040
0
    1040
1.5707963267949
    1040
1
    1040
1
    1070
0
    1040
0.5
    1070
0
    1002
}
    1000
LeadOut
    1002
{
    1070
0
    1040
0
    1040
0
    1040
0
    1070
0
    1002
}
    1000
IsFill
    1070
0
    1000
PathStart
    1040
0
    1000
ToolCompensation
    1002
{
    1070
0
    1040
0
    1070
0
    1002
}
       0
CIRCLE
       5
215A
     100
AcDbEntity
       8
1
     100
AcDbCircle
      10
0
      20
67
      30
0
      40
3.39999999999998
    1001
FS_CYPCUT
    1000
Channel
    1070
1
    1000
LeadIn
    1002
{
    1070
3
    1040
0
    1040
1.5707963267949
    1040
1
    1040
1
    1070
0
    1040
0.5
    1070
0
    1002
}
    1000
LeadOut
    1002
{
    1070
0
    1040
0
    1040
0
    1040
0
    1070
0
    1002
}
    1000
IsFill
    1070
0
    1000
PathStart
    1040
1
    1000
ToolCompensation
    1002
{
    1070
0
    1040
0
    1070
0
    1002
}
       0
CIRCLE
       5
215B
     100
AcDbEntity
       8
1
     100
AcDbCircle
      10
40
      20
67
      30
0
      40
3.4
    1001
FS_CYPCUT
    1000
Channel
    1070
1
    1000
LeadIn
    1002
{
    1070
3
    1040
0
    1040
1.5707963267949
    1040
1
    1040
1
    1070
0
    1040
0.5
    1070
0
    1002
}
    1000
LeadOut
    1002
{
    1070
0
    1040
0
    1040
0
    1040
0
    1070
0
    1002
}
    1000
IsFill
    1070
0
    1000
PathStart
    1040
0
    1000
ToolCompensation
    1002
{
    1070
0
    1040
0
    1070
0
    1002
}
       0
LWPOLYLINE
       5
215C
     100
AcDbEntity
       8
1
     100
AcDbPolyline
      90
22
      70
1
      10
60
      20
70
      42
0
      10
60
      20
-30
      42
-0.414213562373095
      10
50
      20
-40
      42
0
      10
26
      20
-40
      42
-0.414213562373093
      10
25
      20
-39
      42
0
      10
25
      20
-1
      42
0.414213562373096
      10
24
      20
0
      42
0
      10
7
      20
0
      42
0
      10
7
      20
-2
      42
-0.414213562373095
      10
6
      20
-3
      42
0
      10
-6
      20
-3
      42
-0.414213562373095
      10
-7
      20
-2
      42
0
      10
-7
      20
0
      42
0
      10
-24
      20
-3.5527136788005E-15
      42
0.414213562373096
      10
-25
      20
-1
      42
0
      10
-25
      20
-39
      42
-0.414213562373093
      10
-26
      20
-40
      42
0
      10
-50
      20
-40
      42
-0.414213562373094
      10
-60
      20
-30
      42
0
      10
-60
      20
70
      42
-0.414213562373096
      10
-50
      20
80
      42
0
      10
50
      20
80
      42
-0.414213562373094
    1001
FS_CYPCUT
    1000
Channel
    1070
1
    1000
LeadIn
    1002
{
    1070
3
    1040
0.5
    1040
1.5707963267949
    1040
1
    1040
1
    1070
0
    1040
0.5
    1070
0
    1002
}
    1000
LeadOut
    1002
{
    1070
0
    1040
0
    1040
0
    1040
0
    1070
0
    1002
}
    1000
IsFill
    1070
1
    1000
PathStart
    1040
0.5
    1000
ToolCompensation
    1002
{
    1070
0
    1040
0
    1070
0
    1002
}
    1000
MicroConnect
    1002
{
    1070
1
    1040
18.9
    1041
0.8
    1042
0
    1002
}
       0
ENDBLK
       5
215D
     330
2027
     100
AcDbEntity
       8
0
     100
AcDbBlockEnd
       0
BLOCK
       5
215E
     330
2028
     100
AcDbEntity
       8
0
     100
AcDbBlockBegin
       2
Part2125304579
      70
0
      10
-63.6500561
      20
-47.192458
      30
0
       3
Part2125304579
       1

       4
CypCutBlock
       0
CIRCLE
       5
215F
     100
AcDbEntity
       8
1
     100
AcDbCircle
      10
-50.6615716051
      20
-29.2494720038
      30
0
      40
6
    1001
FS_CYPCUT
    1000
Channel
    1070
1
    1000
LeadIn
    1002
{
    1070
3
    1040
0
    1040
1.5707963267949
    1040
1
    1040
1
    1070
0
    1040
0.5
    1070
0
    1002
}
    1000
LeadOut
    1002
{
    1070
0
    1040
0
    1040
0
    1040
0
    1070
0
    1002
}
    1000
IsFill
    1070
0
    1000
PathStart
    1040
0
    1000
ToolCompensation
    1002
{
    1070
0
    1040
0
    1070
0
    1002
}
       0
CIRCLE
       5
2160
     100
AcDbEntity
       8
1
     100
AcDbCircle
      10
-41.365
      20
41.365
      30
0
      40
6.00000000000002
    1001
FS_CYPCUT
    1000
Channel
    1070
1
    1000
LeadIn
    1002
{
    1070
3
    1040
0
    1040
1.5707963267949
    1040
1
    1040
1
    1070
0
    1040
0.5
    1070
0
    1002
}
    1000
LeadOut
    1002
{
    1070
0
    1040
0
    1040
0
    1040
0
    1070
0
    1002
}
    1000
IsFill
    1070
0
    1000
PathStart
    1040
0
    1000
ToolCompensation
    1002
{
    1070
0
    1040
0
    1070
0
    1002
}
       0
CIRCLE
       5
2161
     100
AcDbEntity
       8
1
     100
AcDbCircle
      10
0
      20
0
      30
0
      40
42.45
    1001
FS_CYPCUT
    1000
Channel
    1070
1
    1000
LeadIn
    1002
{
    1070
3
    1040
0
    1040
1.5707963267949
    1040
1
    1040
1
    1070
0
    1040
0.5
    1070
0
    1002
}
    1000
LeadOut
    1002
{
    1070
0
    1040
0
    1040
0
    1040
0
    1070
0
    1002
}
    1000
IsFill
    1070
0
    1000
PathStart
    1040
0
    1000
ToolCompensation
    1002
{
    1070
0
    1040
0
    1070
0
    1002
}
       0
CIRCLE
       5
2162
     100
AcDbEntity
       8
1
     100
AcDbCircle
      10
41.365
      20
41.365
      30
0
      40
5.99999999999999
    1001
FS_CYPCUT
    1000
Channel
    1070
1
    1000
LeadIn
    1002
{
    1070
3
    1040
0
    1040
1.5707963267949
    1040
1
    1040
1
    1070
0
    1040
0.5
    1070
0
    1002
}
    1000
LeadOut
    1002
{
    1070
0
    1040
0
    1040
0
    1040
0
    1070
0
    1002
}
    1000
IsFill
    1070
0
    1000
PathStart
    1040
0
    1000
ToolCompensation
    1002
{
    1070
0
    1040
0
    1070
0
    1002
}
       0
CIRCLE
       5
2163
     100
AcDbEntity
       8
1
     100
AcDbCircle
      10
50.6615716051
      20
-29.2494720038
      30
0
      40
6
    1001
FS_CYPCUT
    1000
Channel
    1070
1
    1000
LeadIn
    1002
{
    1070
3
    1040
0
    1040
1.5707963267949
    1040
1
    1040
1
    1070
0
    1040
0.5
    1070
0
    1002
}
    1000
LeadOut
    1002
{
    1070
0
    1040
0
    1040
0
    1040
0
    1070
0
    1002
}
    1000
IsFill
    1070
0
    1000
PathStart
    1040
0
    1000
ToolCompensation
    1002
{
    1070
0
    1040
0
    1070
0
    1002
}
       0
LWPOLYLINE
       5
2164
     100
AcDbEntity
       8
1
     100
AcDbPolyline
      90
16
      70
1
      10
63.5461887877519
      20
-32.4904541545049
      42
-0.420853937967136
      10
54.8634266613783
      20
-43.8541207980111
      42
-0.0295884652391378
      10
1.49999999979386
      20
-47.1924580174273
      42
0
      10
1.5
      20
-44.1949460967
      42
0
      10
-1.5
      20
-44.1949460967
      42
0
      10
-1.5
      20
-47.1924580174
      42
-0.0295884652391379
      10
-54.8634266613783
      20
-43.8541207980112
      42
-0.420853937967136
      10
-63.5461887878
      20
-32.4904541545
      42
0
      10
-52.6088163312
      20
42.8025530042
      42
-0.372566297861683
      10
-42.7126836846
      20
51.365
      42
0
      10
-1.5
      20
51.365
      42
0
      10
-1.5
      20
48.365
      42
0
      10
1.5
      20
48.365
      42
0
      10
1.5
      20
51.365
      42
0
      10
42.7126836846
      20
51.365
      42
-0.372566297861683
      10
52.6088163312
      20
42.8025530042
      42
0
    1001
FS_CYPCUT
    1000
Channel
    1070
1
    1000
LeadIn
    1002
{
    1070
3
    1040
7.5
    1040
1.5707963267949
    1040
1
    1040
1
    1070
0
    1040
0.5
    1070
0
    1002
}
    1000
LeadOut
    1002
{
    1070
0
    1040
0
    1040
0
    1040
0
    1070
0
    1002
}
    1000
IsFill
    1070
1
    1000
PathStart
    1040
7.5
    1000
ToolCompensation
    1002
{
    1070
0
    1040
0
    1070
0
    1002
}
    1000
MicroConnect
    1002
{
    1070
2
    1040
1.32923305
    1041
0.8
    1042
0
    1040
13.8684197
    1041
0.8
    1042
0
    1002
}
       0
ENDBLK
       5
2165
     330
2028
     100
AcDbEntity
       8
0
     100
AcDbBlockEnd
       0
BLOCK
       5
2166
     330
2029
     100
AcDbEntity
       8
0
     100
AcDbBlockBegin
       2
Part995971909
      70
0
      10
-60
      20
-40
      30
0
       3
Part995971909
       1

       4
CypCutBlock
       0
CIRCLE
       5
2167
     100
AcDbEntity
       8
1
     100
AcDbCircle
      10
-40
      20
67
      30
0
      40
3.4
    1001
FS_CYPCUT
    1000
Channel
    1070
1
    1000
LeadIn
    1002
{
    1070
3
    1040
0
    1040
1.5707963267949
    1040
1
    1040
1
    1070
0
    1040
0.5
    1070
0
    1002
}
    1000
LeadOut
    1002
{
    1070
0
    1040
0
    1040
0
    1040
0
    1070
0
    1002
}
    1000
IsFill
    1070
0
    1000
PathStart
    1040
0
    1000
ToolCompensation
    1002
{
    1070
0
    1040
0
    1070
0
    1002
}
       0
CIRCLE
       5
2168
     100
AcDbEntity
       8
1
     100
AcDbCircle
      10
0
      20
67
      30
0
      40
3.39999999999998
    1001
FS_CYPCUT
    1000
Channel
    1070
1
    1000
LeadIn
    1002
{
    1070
3
    1040
0
    1040
1.5707963267949
    1040
1
    1040
1
    1070
0
    1040
0.5
    1070
0
    1002
}
    1000
LeadOut
    1002
{
    1070
0
    1040
0
    1040
0
    1040
0
    1070
0
    1002
}
    1000
IsFill
    1070
0
    1000
PathStart
    1040
1
    1000
ToolCompensation
    1002
{
    1070
0
    1040
0
    1070
0
    1002
}
       0
CIRCLE
       5
2169
     100
AcDbEntity
       8
1
     100
AcDbCircle
      10
40
      20
67
      30
0
      40
3.4
    1001
FS_CYPCUT
    1000
Channel
    1070
1
    1000
LeadIn
    1002
{
    1070
3
    1040
0
    1040
1.5707963267949
    1040
1
    1040
1
    1070
0
    1040
0.5
    1070
0
    1002
}
    1000
LeadOut
    1002
{
    1070
0
    1040
0
    1040
0
    1040
0
    1070
0
    1002
}
    1000
IsFill
    1070
0
    1000
PathStart
    1040
0
    1000
ToolCompensation
    1002
{
    1070
0
    1040
0
    1070
0
    1002
}
       0
LWPOLYLINE
       5
216A
     100
AcDbEntity
       8
1
     100
AcDbPolyline
      90
22
      70
1
      10
60
      20
70
      42
0
      10
60
      20
-30
      42
-0.414213562373095
      10
50
      20
-40
      42
0
      10
26
      20
-40
      42
-0.414213562373093
      10
25
      20
-39
      42
0
      10
25
      20
-1
      42
0.414213562373096
      10
24
      20
0
      42
0
      10
7
      20
0
      42
0
      10
7
      20
-2
      42
-0.414213562373095
      10
6
      20
-3
      42
0
      10
-6
      20
-3
      42
-0.414213562373095
      10
-7
      20
-2
      42
0
      10
-7
      20
0
      42
0
      10
-24
      20
-3.5527136788005E-15
      42
0.414213562373096
      10
-25
      20
-1
      42
0
      10
-25
      20
-39
      42
-0.414213562373093
      10
-26
      20
-40
      42
0
      10
-50
      20
-40
      42
-0.414213562373094
      10
-60
      20
-30
      42
0
      10
-60
      20
70
      42
-0.414213562373096
      10
-50
      20
80
      42
0
      10
50
      20
80
      42
-0.414213562373094
    1001
FS_CYPCUT
    1000
Channel
    1070
1
    1000
LeadIn
    1002
{
    1070
3
    1040
0.5
    1040
1.5707963267949
    1040
1
    1040
1
    1070
0
    1040
0.5
    1070
0
    1002
}
    1000
LeadOut
    1002
{
    1070
0
    1040
0
    1040
0
    1040
0
    1070
0
    1002
}
    1000
IsFill
    1070
1
    1000
PathStart
    1040
0.5
    1000
ToolCompensation
    1002
{
    1070
0
    1040
0
    1070
0
    1002
}
    1000
MicroConnect
    1002
{
    1070
1
    1040
18.9
    1041
0.8
    1042
0
    1002
}
       0
ENDBLK
       5
216B
     330
2029
     100
AcDbEntity
       8
0
     100
AcDbBlockEnd
       0
BLOCK
       5
216C
     330
202A
     100
AcDbEntity
       8
0
     100
AcDbBlockBegin
       2
CommonPart1143974567
      70
0
      10
497.8429
      20
986.5191
      30
0
       3
CommonPart1143974567
       1

       4
CypCutBlock
       0
CIRCLE
       5
216D
     100
AcDbEntity
       8
1
     100
AcDbCircle
      10
574.8429
      20
1019.5191
      30
0
      40
3.5
    1001
FS_CYPCUT
    1000
Channel
    1070
1
    1000
LeadIn
    1002
{
    1070
3
    1040
0
    1040
1.5707963267949
    1040
1
    1040
1
    1070
0
    1040
0.5
    1070
0
    1002
}
    1000
LeadOut
    1002
{
    1070
0
    1040
0
    1040
0
    1040
0
    1070
0
    1002
}
    1000
IsFill
    1070
0
    1000
PathStart
    1040
0
    1000
ToolCompensation
    1002
{
    1070
0
    1040
0
    1070
0
    1002
}
       0
CIRCLE
       5
216E
     100
AcDbEntity
       8
1
     100
AcDbCircle
      10
574.8429
      20
994.5191
      30
0
      40
3.5
    1001
FS_CYPCUT
    1000
Channel
    1070
1
    1000
LeadIn
    1002
{
    1070
3
    1040
0
    1040
1.5707963267949
    1040
1
    1040
1
    1070
0
    1040
0.5
    1070
0
    1002
}
    1000
LeadOut
    1002
{
    1070
0
    1040
0
    1040
0
    1040
0
    1070
0
    1002
}
    1000
IsFill
    1070
0
    1000
PathStart
    1040
0
    1000
ToolCompensation
    1002
{
    1070
0
    1040
0
    1070
0
    1002
}
       0
LWPOLYLINE
       5
216F
     100
AcDbEntity
       8
1
     100
AcDbPolyline
      90
4
      70
1
      10
554.1679
      20
1000.5191
      42
0
      10
554.1679
      20
1028.5191
      42
0
      10
561.5179
      20
1028.5191
      42
0
      10
561.5179
      20
1000.5191
      42
0
    1001
FS_CYPCUT
    1000
Channel
    1070
1
    1000
LeadIn
    1002
{
    1070
3
    1040
2.5
    1040
1.5707963267949
    1040
1
    1040
1
    1070
0
    1040
0.5
    1070
0
    1002
}
    1000
LeadOut
    1002
{
    1070
0
    1040
0
    1040
0
    1040
0
    1070
0
    1002
}
    1000
IsFill
    1070
0
    1000
PathStart
    1040
2.5
    1000
ToolCompensation
    1002
{
    1070
0
    1040
0
    1070
0
    1002
}
       0
CIRCLE
       5
2170
     100
AcDbEntity
       8
1
     100
AcDbCircle
      10
540.8429
      20
1019.5191
      30
0
      40
3.5
    1001
FS_CYPCUT
    1000
Channel
    1070
1
    1000
LeadIn
    1002
{
    1070
3
    1040
0
    1040
1.5707963267949
    1040
1
    1040
1
    1070
0
    1040
0.5
    1070
0
    1002
}
    1000
LeadOut
    1002
{
    1070
0
    1040
0
    1040
0
    1040
0
    1070
0
    1002
}
    1000
IsFill
    1070
0
    1000
PathStart
    1040
0
    1000
ToolCompensation
    1002
{
    1070
0
    1040
0
    1070
0
    1002
}
       0
CIRCLE
       5
2171
     100
AcDbEntity
       8
1
     100
AcDbCircle
      10
540.8429
      20
994.5191
      30
0
      40
3.5
    1001
FS_CYPCUT
    1000
Channel
    1070
1
    1000
LeadIn
    1002
{
    1070
3
    1040
2.22044604925031E-16
    1040
1.5707963267949
    1040
1
    1040
1
    1070
0
    1040
0.5
    1070
0
    1002
}
    1000
LeadOut
    1002
{
    1070
0
    1040
0
    1040
0
    1040
0
    1070
0
    1002
}
    1000
IsFill
    1070
0
    1000
PathStart
    1040
2.22044604925031E-16
    1000
ToolCompensation
    1002
{
    1070
0
    1040
0
    1070
0
    1002
}
       0
LWPOLYLINE
       5
2172
     100
AcDbEntity
       8
1
     100
AcDbPolyline
      90
22
      70
0
      10
617.8429
      20
996.5191
      42
-0.414213562373095
      10
607.8429
      20
986.5191
      42
0
      10
507.8429
      20
986.5191
      42
-0.414213562373095
      10
497.8429
      20
996.5191
      42
0
      10
497.8429
      20
1086.5191
      42
-0.414213562373095
      10
507.8429
      20
1096.5191
      42
0
      10
531.8429
      20
1096.5191
      42
-0.414213562373093
      10
532.8429
      20
1095.5191
      42
0
      10
532.8429
      20
1057.5191
      42
0.414213562373096
      10
533.8429
      20
1056.5191
      42
0
      10
550.8429
      20
1056.5191
      42
0
      10
550.8429
      20
1058.5191
      42
-0.414213562373095
      10
551.8429
      20
1059.5191
      42
0
      10
563.8429
      20
1059.5191
      42
-0.414213562373095
      10
564.8429
      20
1058.5191
      42
0
      10
564.8429
      20
1056.5191
      42
0
      10
581.8429
      20
1056.5191
      42
0.414213562373099
      10
582.8429
      20
1057.5191
      42
0
      10
582.8429
      20
1095.5191
      42
-0.414213562373093
      10
583.8429
      20
1096.5191
      42
0
      10
607.8429
      20
1096.5191
      42
-0.414213562373094
      10
617.8429
      20
1086.5191
      42
0
    1001
FS_CYPCUT
    1000
Channel
    1070
1
    1000
LeadIn
    1002
{
    1070
0
    1040
0.00636619772367582
    1040
1.5707963267949
    1040
1
    1040
1
    1070
0
    1040
0.5
    1070
0
    1002
}
    1000
LeadOut
    1002
{
    1070
0
    1040
0
    1040
0
    1040
0
    1070
0
    1002
}
    1000
IsFill
    1070
1
    1000
PathStart
    1040
0
    1000
ToolCompensation
    1002
{
    1070
0
    1040
0
    1070
0
    1002
}
    1000
MicroConnect
    1002
{
    1070
1
    1040
0
    1041
0.1
    1042
0
    1002
}
       0
CIRCLE
       5
2173
     100
AcDbEntity
       8
1
     100
AcDbCircle
      10
694.843
      20
1019.5191
      30
0
      40
3.5
    1001
FS_CYPCUT
    1000
Channel
    1070
1
    1000
LeadIn
    1002
{
    1070
3
    1040
0
    1040
1.5707963267949
    1040
1
    1040
1
    1070
0
    1040
0.5
    1070
0
    1002
}
    1000
LeadOut
    1002
{
    1070
0
    1040
0
    1040
0
    1040
0
    1070
0
    1002
}
    1000
IsFill
    1070
0
    1000
PathStart
    1040
0
    1000
ToolCompensation
    1002
{
    1070
0
    1040
0
    1070
0
    1002
}
       0
CIRCLE
       5
2174
     100
AcDbEntity
       8
1
     100
AcDbCircle
      10
694.843
      20
994.5191
      30
0
      40
3.5
    1001
FS_CYPCUT
    1000
Channel
    1070
1
    1000
LeadIn
    1002
{
    1070
3
    1040
0
    1040
1.5707963267949
    1040
1
    1040
1
    1070
0
    1040
0.5
    1070
0
    1002
}
    1000
LeadOut
    1002
{
    1070
0
    1040
0
    1040
0
    1040
0
    1070
0
    1002
}
    1000
IsFill
    1070
0
    1000
PathStart
    1040
0
    1000
ToolCompensation
    1002
{
    1070
0
    1040
0
    1070
0
    1002
}
       0
LWPOLYLINE
       5
2175
     100
AcDbEntity
       8
1
     100
AcDbPolyline
      90
4
      70
1
      10
674.168
      20
1000.5191
      42
0
      10
674.168
      20
1028.5191
      42
0
      10
681.518
      20
1028.5191
      42
0
      10
681.518
      20
1000.5191
      42
0
    1001
FS_CYPCUT
    1000
Channel
    1070
1
    1000
LeadIn
    1002
{
    1070
3
    1040
2.5
    1040
1.5707963267949
    1040
1
    1040
1
    1070
0
    1040
0.5
    1070
0
    1002
}
    1000
LeadOut
    1002
{
    1070
0
    1040
0
    1040
0
    1040
0
    1070
0
    1002
}
    1000
IsFill
    1070
0
    1000
PathStart
    1040
2.5
    1000
ToolCompensation
    1002
{
    1070
0
    1040
0
    1070
0
    1002
}
       0
CIRCLE
       5
2176
     100
AcDbEntity
       8
1
     100
AcDbCircle
      10
660.843
      20
1019.5191
      30
0
      40
3.5
    1001
FS_CYPCUT
    1000
Channel
    1070
1
    1000
LeadIn
    1002
{
    1070
3
    1040
0
    1040
1.5707963267949
    1040
1
    1040
1
    1070
0
    1040
0.5
    1070
0
    1002
}
    1000
LeadOut
    1002
{
    1070
0
    1040
0
    1040
0
    1040
0
    1070
0
    1002
}
    1000
IsFill
    1070
0
    1000
PathStart
    1040
0
    1000
ToolCompensation
    1002
{
    1070
0
    1040
0
    1070
0
    1002
}
       0
CIRCLE
       5
2177
     100
AcDbEntity
       8
1
     100
AcDbCircle
      10
660.843
      20
994.5191
      30
0
      40
3.5
    1001
FS_CYPCUT
    1000
Channel
    1070
1
    1000
LeadIn
    1002
{
    1070
3
    1040
2.22044604925031E-16
    1040
1.5707963267949
    1040
1
    1040
1
    1070
0
    1040
0.5
    1070
0
    1002
}
    1000
LeadOut
    1002
{
    1070
0
    1040
0
    1040
0
    1040
0
    1070
0
    1002
}
    1000
IsFill
    1070
0
    1000
PathStart
    1040
2.22044604925031E-16
    1000
ToolCompensation
    1002
{
    1070
0
    1040
0
    1070
0
    1002
}
       0
LWPOLYLINE
       5
2178
     100
AcDbEntity
       8
1
     100
AcDbPolyline
      90
22
      70
1
      10
617.843
      20
1086.5191
      42
-0.414213562373095
      10
627.843
      20
1096.5191
      42
0
      10
651.843
      20
1096.5191
      42
-0.414213562373093
      10
652.843
      20
1095.5191
      42
0
      10
652.843
      20
1057.5191
      42
0.414213562373096
      10
653.843
      20
1056.5191
      42
0
      10
670.843
      20
1056.5191
      42
0
      10
670.843
      20
1058.5191
      42
-0.414213562373095
      10
671.843
      20
1059.5191
      42
0
      10
683.843
      20
1059.5191
      42
-0.414213562373095
      10
684.843
      20
1058.5191
      42
0
      10
684.843
      20
1056.5191
      42
0
      10
701.843
      20
1056.5191
      42
0.414213562373099
      10
702.843
      20
1057.5191
      42
0
      10
702.843
      20
1095.5191
      42
-0.414213562373093
      10
703.843
      20
1096.5191
      42
0
      10
727.843
      20
1096.5191
      42
-0.414213562373094
      10
737.843
      20
1086.5191
      42
0
      10
737.843
      20
996.5191
      42
-0.414213562373095
      10
727.843
      20
986.5191
      42
0
      10
627.843
      20
986.5191
      42
-0.414213562373095
      10
617.843
      20
996.5191
      42
0
    1001
FS_CYPCUT
    1000
Channel
    1070
1
    1000
LeadIn
    1002
{
    1070
0
    1040
21
    1040
1.5707963267949
    1040
1
    1040
1
    1070
0
    1040
0.5
    1070
0
    1002
}
    1000
LeadOut
    1002
{
    1070
0
    1040
0
    1040
0
    1040
0
    1070
0
    1002
}
    1000
IsFill
    1070
1
    1000
PathStart
    1040
21
    1000
ToolCompensation
    1002
{
    1070
0
    1040
0
    1070
0
    1002
}
       0
ENDBLK
       5
2179
     330
202A
     100
AcDbEntity
       8
0
     100
AcDbBlockEnd
       0
BLOCK
       5
217A
     330
202B
     100
AcDbEntity
       8
0
     100
AcDbBlockBegin
       2
Part662790077
      70
0
      10
-30.2625
      20
-4.4408921E-15
      30
0
       3
Part662790077
       1

       4
CypCutBlock
       0
CIRCLE
       5
217B
     100
AcDbEntity
       8
1
     100
AcDbCircle
      10
0
      20
33
      30
0
      40
5.25
    1001
FS_CYPCUT
    1000
Channel
    1070
1
    1000
LeadIn
    1002
{
    1070
3
    1040
5.55111512312578E-17
    1040
1.5707963267949
    1040
1
    1040
1
    1070
0
    1040
0.5
    1070
0
    1002
}
    1000
LeadOut
    1002
{
    1070
0
    1040
0
    1040
0
    1040
0
    1070
0
    1002
}
    1000
IsFill
    1070
0
    1000
PathStart
    1040
5.55111512312578E-17
    1000
ToolCompensation
    1002
{
    1070
0
    1040
0
    1070
0
    1002
}
       0
CIRCLE
       5
217C
     100
AcDbEntity
       8
1
     100
AcDbCircle
      10
0
      20
128
      30
0
      40
5.25000000000004
    1001
FS_CYPCUT
    1000
Channel
    1070
1
    1000
LeadIn
    1002
{
    1070
3
    1040
8.32667268468867E-17
    1040
1.5707963267949
    1040
1
    1040
1
    1070
0
    1040
0.5
    1070
0
    1002
}
    1000
LeadOut
    1002
{
    1070
0
    1040
0
    1040
0
    1040
0
    1070
0
    1002
}
    1000
IsFill
    1070
0
    1000
PathStart
    1040
8.32667268468867E-17
    1000
ToolCompensation
    1002
{
    1070
0
    1040
0
    1070
0
    1002
}
       0
LWPOLYLINE
       5
217D
     100
AcDbEntity
       8
1
     100
AcDbPolyline
      90
20
      70
1
      10
30.2625
      20
117
      42
0.414213562373093
      10
29.2625
      20
118
      42
0
      10
25.5
      20
118
      42
0
      10
25.5
      20
154
      42
0.4142135623731
      10
21.5
      20
158
      42
0
      10
-21.5
      20
158
      42
0.414213562373091
      10
-25.5
      20
154
      42
0
      10
-25.5
      20
118
      42
0
      10
-29.2625
      20
118
      42
0.414213562373086
      10
-30.2625
      20
117
      42
0
      10
-30.2625
      20
89
      42
0.414213562373101
      10
-29.2625
      20
88
      42
0
      10
-25.5
      20
88
      42
0
      10
-25.5
      20
4
      42
0.414213562373095
      10
-21.5
      20
0
      42
0
      10
21.5
      20
-4.44089209850063E-15
      42
0.414213562373094
      10
25.5
      20
4
      42
0
      10
25.5
      20
88
      42
0
      10
29.2625
      20
88
      42
0.414213562373101
      10
30.2625
      20
89
      42
0
    1001
FS_CYPCUT
    1000
Channel
    1070
1
    1000
LeadIn
    1002
{
    1070
3
    1040
12.5
    1040
1.5707963267949
    1040
1
    1040
1
    1070
0
    1040
0.5
    1070
0
    1002
}
    1000
LeadOut
    1002
{
    1070
0
    1040
0
    1040
0
    1040
0
    1070
0
    1002
}
    1000
IsFill
    1070
1
    1000
PathStart
    1040
12.5
    1000
ToolCompensation
    1002
{
    1070
0
    1040
0
    1070
0
    1002
}
    1000
MicroConnect
    1002
{
    1070
2
    1040
6.519835
    1041
0.8
    1042
0
    1040
16.1871286
    1041
0.8
    1042
0
    1002
}
       0
ENDBLK
       5
217E
     330
202B
     100
AcDbEntity
       8
0
     100
AcDbBlockEnd
       0
BLOCK
       5
217F
     330
202C
     100
AcDbEntity
       8
0
     100
AcDbBlockBegin
       2
Part1309636942
      70
0
      10
-30.2625
      20
-4.4408921E-15
      30
0
       3
Part1309636942
       1

       4
CypCutBlock
       0
CIRCLE
       5
2180
     100
AcDbEntity
       8
1
     100
AcDbCircle
      10
0
      20
33
      30
0
      40
5.25
    1001
FS_CYPCUT
    1000
Channel
    1070
1
    1000
LeadIn
    1002
{
    1070
3
    1040
5.55111512312578E-17
    1040
1.5707963267949
    1040
1
    1040
1
    1070
0
    1040
0.5
    1070
0
    1002
}
    1000
LeadOut
    1002
{
    1070
0
    1040
0
    1040
0
    1040
0
    1070
0
    1002
}
    1000
IsFill
    1070
0
    1000
PathStart
    1040
5.55111512312578E-17
    1000
ToolCompensation
    1002
{
    1070
0
    1040
0
    1070
0
    1002
}
       0
CIRCLE
       5
2181
     100
AcDbEntity
       8
1
     100
AcDbCircle
      10
0
      20
128
      30
0
      40
5.25000000000004
    1001
FS_CYPCUT
    1000
Channel
    1070
1
    1000
LeadIn
    1002
{
    1070
3
    1040
8.32667268468867E-17
    1040
1.5707963267949
    1040
1
    1040
1
    1070
0
    1040
0.5
    1070
0
    1002
}
    1000
LeadOut
    1002
{
    1070
0
    1040
0
    1040
0
    1040
0
    1070
0
    1002
}
    1000
IsFill
    1070
0
    1000
PathStart
    1040
8.32667268468867E-17
    1000
ToolCompensation
    1002
{
    1070
0
    1040
0
    1070
0
    1002
}
       0
LWPOLYLINE
       5
2182
     100
AcDbEntity
       8
1
     100
AcDbPolyline
      90
20
      70
1
      10
30.2625
      20
117
      42
0.414213562373093
      10
29.2625
      20
118
      42
0
      10
25.5
      20
118
      42
0
      10
25.5
      20
154
      42
0.4142135623731
      10
21.5
      20
158
      42
0
      10
-21.5
      20
158
      42
0.414213562373091
      10
-25.5
      20
154
      42
0
      10
-25.5
      20
118
      42
0
      10
-29.2625
      20
118
      42
0.414213562373086
      10
-30.2625
      20
117
      42
0
      10
-30.2625
      20
89
      42
0.414213562373101
      10
-29.2625
      20
88
      42
0
      10
-25.5
      20
88
      42
0
      10
-25.5
      20
4
      42
0.414213562373095
      10
-21.5
      20
0
      42
0
      10
21.5
      20
-4.44089209850063E-15
      42
0.414213562373094
      10
25.5
      20
4
      42
0
      10
25.5
      20
88
      42
0
      10
29.2625
      20
88
      42
0.414213562373101
      10
30.2625
      20
89
      42
0
    1001
FS_CYPCUT
    1000
Channel
    1070
1
    1000
LeadIn
    1002
{
    1070
3
    1040
12.5
    1040
1.5707963267949
    1040
1
    1040
1
    1070
0
    1040
0.5
    1070
0
    1002
}
    1000
LeadOut
    1002
{
    1070
0
    1040
0
    1040
0
    1040
0
    1070
0
    1002
}
    1000
IsFill
    1070
1
    1000
PathStart
    1040
12.5
    1000
ToolCompensation
    1002
{
    1070
0
    1040
0
    1070
0
    1002
}
    1000
MicroConnect
    1002
{
    1070
2
    1040
6.519835
    1041
0.8
    1042
0
    1040
16.1871286
    1041
0.8
    1042
0
    1002
}
       0
ENDBLK
       5
2183
     330
202C
     100
AcDbEntity
       8
0
     100
AcDbBlockEnd
       0
BLOCK
       5
2184
     330
202D
     100
AcDbEntity
       8
0
     100
AcDbBlockBegin
       2
Part507024904
      70
0
      10
-30.2625
      20
-4.4408921E-15
      30
0
       3
Part507024904
       1

       4
CypCutBlock
       0
CIRCLE
       5
2185
     100
AcDbEntity
       8
1
     100
AcDbCircle
      10
0
      20
33
      30
0
      40
5.25
    1001
FS_CYPCUT
    1000
Channel
    1070
1
    1000
LeadIn
    1002
{
    1070
3
    1040
5.55111512312578E-17
    1040
1.5707963267949
    1040
1
    1040
1
    1070
0
    1040
0.5
    1070
0
    1002
}
    1000
LeadOut
    1002
{
    1070
0
    1040
0
    1040
0
    1040
0
    1070
0
    1002
}
    1000
IsFill
    1070
0
    1000
PathStart
    1040
5.55111512312578E-17
    1000
ToolCompensation
    1002
{
    1070
0
    1040
0
    1070
0
    1002
}
       0
CIRCLE
       5
2186
     100
AcDbEntity
       8
1
     100
AcDbCircle
      10
0
      20
128
      30
0
      40
5.25000000000004
    1001
FS_CYPCUT
    1000
Channel
    1070
1
    1000
LeadIn
    1002
{
    1070
3
    1040
8.32667268468867E-17
    1040
1.5707963267949
    1040
1
    1040
1
    1070
0
    1040
0.5
    1070
0
    1002
}
    1000
LeadOut
    1002
{
    1070
0
    1040
0
    1040
0
    1040
0
    1070
0
    1002
}
    1000
IsFill
    1070
0
    1000
PathStart
    1040
8.32667268468867E-17
    1000
ToolCompensation
    1002
{
    1070
0
    1040
0
    1070
0
    1002
}
       0
LWPOLYLINE
       5
2187
     100
AcDbEntity
       8
1
     100
AcDbPolyline
      90
20
      70
1
      10
30.2625
      20
117
      42
0.414213562373093
      10
29.2625
      20
118
      42
0
      10
25.5
      20
118
      42
0
      10
25.5
      20
154
      42
0.4142135623731
      10
21.5
      20
158
      42
0
      10
-21.5
      20
158
      42
0.414213562373091
      10
-25.5
      20
154
      42
0
      10
-25.5
      20
118
      42
0
      10
-29.2625
      20
118
      42
0.414213562373086
      10
-30.2625
      20
117
      42
0
      10
-30.2625
      20
89
      42
0.414213562373101
      10
-29.2625
      20
88
      42
0
      10
-25.5
      20
88
      42
0
      10
-25.5
      20
4
      42
0.414213562373095
      10
-21.5
      20
0
      42
0
      10
21.5
      20
-4.44089209850063E-15
      42
0.414213562373094
      10
25.5
      20
4
      42
0
      10
25.5
      20
88
      42
0
      10
29.2625
      20
88
      42
0.414213562373101
      10
30.2625
      20
89
      42
0
    1001
FS_CYPCUT
    1000
Channel
    1070
1
    1000
LeadIn
    1002
{
    1070
3
    1040
12.5
    1040
1.5707963267949
    1040
1
    1040
1
    1070
0
    1040
0.5
    1070
0
    1002
}
    1000
LeadOut
    1002
{
    1070
0
    1040
0
    1040
0
    1040
0
    1070
0
    1002
}
    1000
IsFill
    1070
1
    1000
PathStart
    1040
12.5
    1000
ToolCompensation
    1002
{
    1070
0
    1040
0
    1070
0
    1002
}
    1000
MicroConnect
    1002
{
    1070
2
    1040
6.519835
    1041
0.8
    1042
0
    1040
16.1871286
    1041
0.8
    1042
0
    1002
}
       0
ENDBLK
       5
2188
     330
202D
     100
AcDbEntity
       8
0
     100
AcDbBlockEnd
       0
BLOCK
       5
2189
     330
202E
     100
AcDbEntity
       8
0
     100
AcDbBlockBegin
       2
Part265080373
      70
0
      10
-1.9095836E-14
      20
-30.2625
      30
0
       3
Part265080373
       1

       4
CypCutBlock
       0
CIRCLE
       5
218A
     100
AcDbEntity
       8
1
     100
AcDbCircle
      10
130
      20
0
      30
0
      40
7.00000000000009
    1001
FS_CYPCUT
    1000
Channel
    1070
1
    1000
LeadIn
    1002
{
    1070
3
    1040
0
    1040
1.5707963267949
    1040
1
    1040
1
    1070
0
    1040
0.5
    1070
0
    1002
}
    1000
LeadOut
    1002
{
    1070
0
    1040
0
    1040
0
    1040
0
    1070
0
    1002
}
    1000
IsFill
    1070
0
    1000
PathStart
    1040
1
    1000
ToolCompensation
    1002
{
    1070
0
    1040
0
    1070
0
    1002
}
       0
LWPOLYLINE
       5
218B
     100
AcDbEntity
       8
1
     100
AcDbPolyline
      90
32
      70
1
      10
155
      20
21.5
      42
0
      10
155
      20
-21.5
      42
-0.4142135623731
      10
151
      20
-25.5
      42
0
      10
135
      20
-25.5
      42
0
      10
135
      20
-29.2625
      42
-0.414213562373104
      10
134
      20
-30.2625
      42
0
      10
116
      20
-30.2625
      42
-0.414213562373099
      10
115
      20
-29.2625
      42
0
      10
115
      20
-25.5
      42
0
      10
40
      20
-25.5
      42
0
      10
40
      20
-29.2625
      42
-0.414213562373098
      10
39
      20
-30.2625
      42
0
      10
21
      20
-30.2625
      42
-0.414213562373091
      10
20
      20
-29.2625
      42
0
      10
20
      20
-25.5
      42
0
      10
4
      20
-25.5
      42
-0.414213562373095
      10
-1.77635683940025E-14
      20
-21.5
      42
0
      10
0
      20
21.5
      42
-0.414213562373095
      10
4
      20
25.5
      42
0
      10
20
      20
25.5
      42
0
      10
20
      20
29.2625
      42
-0.414213562373097
      10
21
      20
30.2625
      42
0
      10
39
      20
30.2625
      42
-0.414213562373098
      10
40
      20
29.2625
      42
0
      10
40
      20
25.5
      42
0
      10
115
      20
25.5
      42
0
      10
115
      20
29.2625
      42
-0.414213562373099
      10
116
      20
30.2625
      42
0
      10
134
      20
30.2625
      42
-0.41421356237311
      10
135
      20
29.2625
      42
0
      10
135
      20
25.5
      42
0
      10
151
      20
25.5
      42
-0.414213562373095
    1001
FS_CYPCUT
    1000
Channel
    1070
1
    1000
LeadIn
    1002
{
    1070
3
    1040
8.5
    1040
1.5707963267949
    1040
1
    1040
1
    1070
0
    1040
0.5
    1070
0
    1002
}
    1000
LeadOut
    1002
{
    1070
0
    1040
0
    1040
0
    1040
0
    1070
0
    1002
}
    1000
IsFill
    1070
1
    1000
PathStart
    1040
8.5
    1000
ToolCompensation
    1002
{
    1070
0
    1040
0
    1070
0
    1002
}
    1000
MicroConnect
    1002
{
    1070
2
    1040
5.55440817
    1041
0.8
    1042
0
    1040
21.6576727
    1041
0.8
    1042
0
    1002
}
       0
ENDBLK
       5
218C
     330
202E
     100
AcDbEntity
       8
0
     100
AcDbBlockEnd
       0
BLOCK
       5
218D
     330
202F
     100
AcDbEntity
       8
0
     100
AcDbBlockBegin
       2
Part128714420
      70
0
      10
-1.9095836E-14
      20
-30.2625
      30
0
       3
Part128714420
       1

       4
CypCutBlock
       0
CIRCLE
       5
218E
     100
AcDbEntity
       8
1
     100
AcDbCircle
      10
130
      20
0
      30
0
      40
7.00000000000009
    1001
FS_CYPCUT
    1000
Channel
    1070
1
    1000
LeadIn
    1002
{
    1070
3
    1040
0
    1040
1.5707963267949
    1040
1
    1040
1
    1070
0
    1040
0.5
    1070
0
    1002
}
    1000
LeadOut
    1002
{
    1070
0
    1040
0
    1040
0
    1040
0
    1070
0
    1002
}
    1000
IsFill
    1070
0
    1000
PathStart
    1040
1
    1000
ToolCompensation
    1002
{
    1070
0
    1040
0
    1070
0
    1002
}
       0
LWPOLYLINE
       5
218F
     100
AcDbEntity
       8
1
     100
AcDbPolyline
      90
32
      70
1
      10
155
      20
21.5
      42
0
      10
155
      20
-21.5
      42
-0.4142135623731
      10
151
      20
-25.5
      42
0
      10
135
      20
-25.5
      42
0
      10
135
      20
-29.2625
      42
-0.414213562373104
      10
134
      20
-30.2625
      42
0
      10
116
      20
-30.2625
      42
-0.414213562373099
      10
115
      20
-29.2625
      42
0
      10
115
      20
-25.5
      42
0
      10
40
      20
-25.5
      42
0
      10
40
      20
-29.2625
      42
-0.414213562373098
      10
39
      20
-30.2625
      42
0
      10
21
      20
-30.2625
      42
-0.414213562373091
      10
20
      20
-29.2625
      42
0
      10
20
      20
-25.5
      42
0
      10
4
      20
-25.5
      42
-0.414213562373095
      10
-1.77635683940025E-14
      20
-21.5
      42
0
      10
0
      20
21.5
      42
-0.414213562373095
      10
4
      20
25.5
      42
0
      10
20
      20
25.5
      42
0
      10
20
      20
29.2625
      42
-0.414213562373097
      10
21
      20
30.2625
      42
0
      10
39
      20
30.2625
      42
-0.414213562373098
      10
40
      20
29.2625
      42
0
      10
40
      20
25.5
      42
0
      10
115
      20
25.5
      42
0
      10
115
      20
29.2625
      42
-0.414213562373099
      10
116
      20
30.2625
      42
0
      10
134
      20
30.2625
      42
-0.41421356237311
      10
135
      20
29.2625
      42
0
      10
135
      20
25.5
      42
0
      10
151
      20
25.5
      42
-0.414213562373095
    1001
FS_CYPCUT
    1000
Channel
    1070
1
    1000
LeadIn
    1002
{
    1070
3
    1040
8.5
    1040
1.5707963267949
    1040
1
    1040
1
    1070
0
    1040
0.5
    1070
0
    1002
}
    1000
LeadOut
    1002
{
    1070
0
    1040
0
    1040
0
    1040
0
    1070
0
    1002
}
    1000
IsFill
    1070
1
    1000
PathStart
    1040
8.5
    1000
ToolCompensation
    1002
{
    1070
0
    1040
0
    1070
0
    1002
}
    1000
MicroConnect
    1002
{
    1070
2
    1040
5.55440817
    1041
0.8
    1042
0
    1040
21.6576727
    1041
0.8
    1042
0
    1002
}
       0
ENDBLK
       5
2190
     330
202F
     100
AcDbEntity
       8
0
     100
AcDbBlockEnd
       0
BLOCK
       5
2191
     330
2030
     100
AcDbEntity
       8
0
     100
AcDbBlockBegin
       2
Part1376891641
      70
0
      10
-1.9095836E-14
      20
-30.2625
      30
0
       3
Part1376891641
       1

       4
CypCutBlock
       0
CIRCLE
       5
2192
     100
AcDbEntity
       8
1
     100
AcDbCircle
      10
130
      20
0
      30
0
      40
7.00000000000009
    1001
FS_CYPCUT
    1000
Channel
    1070
1
    1000
LeadIn
    1002
{
    1070
3
    1040
0
    1040
1.5707963267949
    1040
1
    1040
1
    1070
0
    1040
0.5
    1070
0
    1002
}
    1000
LeadOut
    1002
{
    1070
0
    1040
0
    1040
0
    1040
0
    1070
0
    1002
}
    1000
IsFill
    1070
0
    1000
PathStart
    1040
1
    1000
ToolCompensation
    1002
{
    1070
0
    1040
0
    1070
0
    1002
}
       0
LWPOLYLINE
       5
2193
     100
AcDbEntity
       8
1
     100
AcDbPolyline
      90
32
      70
1
      10
155
      20
21.5
      42
0
      10
155
      20
-21.5
      42
-0.4142135623731
      10
151
      20
-25.5
      42
0
      10
135
      20
-25.5
      42
0
      10
135
      20
-29.2625
      42
-0.414213562373104
      10
134
      20
-30.2625
      42
0
      10
116
      20
-30.2625
      42
-0.414213562373099
      10
115
      20
-29.2625
      42
0
      10
115
      20
-25.5
      42
0
      10
40
      20
-25.5
      42
0
      10
40
      20
-29.2625
      42
-0.414213562373098
      10
39
      20
-30.2625
      42
0
      10
21
      20
-30.2625
      42
-0.414213562373091
      10
20
      20
-29.2625
      42
0
      10
20
      20
-25.5
      42
0
      10
4
      20
-25.5
      42
-0.414213562373095
      10
-1.77635683940025E-14
      20
-21.5
      42
0
      10
0
      20
21.5
      42
-0.414213562373095
      10
4
      20
25.5
      42
0
      10
20
      20
25.5
      42
0
      10
20
      20
29.2625
      42
-0.414213562373097
      10
21
      20
30.2625
      42
0
      10
39
      20
30.2625
      42
-0.414213562373098
      10
40
      20
29.2625
      42
0
      10
40
      20
25.5
      42
0
      10
115
      20
25.5
      42
0
      10
115
      20
29.2625
      42
-0.414213562373099
      10
116
      20
30.2625
      42
0
      10
134
      20
30.2625
      42
-0.41421356237311
      10
135
      20
29.2625
      42
0
      10
135
      20
25.5
      42
0
      10
151
      20
25.5
      42
-0.414213562373095
    1001
FS_CYPCUT
    1000
Channel
    1070
1
    1000
LeadIn
    1002
{
    1070
3
    1040
8.5
    1040
1.5707963267949
    1040
1
    1040
1
    1070
0
    1040
0.5
    1070
0
    1002
}
    1000
LeadOut
    1002
{
    1070
0
    1040
0
    1040
0
    1040
0
    1070
0
    1002
}
    1000
IsFill
    1070
1
    1000
PathStart
    1040
8.5
    1000
ToolCompensation
    1002
{
    1070
0
    1040
0
    1070
0
    1002
}
    1000
MicroConnect
    1002
{
    1070
2
    1040
5.55440817
    1041
0.8
    1042
0
    1040
21.6576727
    1041
0.8
    1042
0
    1002
}
       0
ENDBLK
       5
2194
     330
2030
     100
AcDbEntity
       8
0
     100
AcDbBlockEnd
       0
BLOCK
       5
2195
     330
2031
     100
AcDbEntity
       8
0
     100
AcDbBlockBegin
       2
Part2059821617
      70
0
      10
-1.9095836E-14
      20
-30.2625
      30
0
       3
Part2059821617
       1

       4
CypCutBlock
       0
CIRCLE
       5
2196
     100
AcDbEntity
       8
1
     100
AcDbCircle
      10
130
      20
0
      30
0
      40
7.00000000000009
    1001
FS_CYPCUT
    1000
Channel
    1070
1
    1000
LeadIn
    1002
{
    1070
3
    1040
0
    1040
1.5707963267949
    1040
1
    1040
1
    1070
0
    1040
0.5
    1070
0
    1002
}
    1000
LeadOut
    1002
{
    1070
0
    1040
0
    1040
0
    1040
0
    1070
0
    1002
}
    1000
IsFill
    1070
0
    1000
PathStart
    1040
1
    1000
ToolCompensation
    1002
{
    1070
0
    1040
0
    1070
0
    1002
}
       0
LWPOLYLINE
       5
2197
     100
AcDbEntity
       8
1
     100
AcDbPolyline
      90
32
      70
1
      10
155
      20
21.5
      42
0
      10
155
      20
-21.5
      42
-0.4142135623731
      10
151
      20
-25.5
      42
0
      10
135
      20
-25.5
      42
0
      10
135
      20
-29.2625
      42
-0.414213562373104
      10
134
      20
-30.2625
      42
0
      10
116
      20
-30.2625
      42
-0.414213562373099
      10
115
      20
-29.2625
      42
0
      10
115
      20
-25.5
      42
0
      10
40
      20
-25.5
      42
0
      10
40
      20
-29.2625
      42
-0.414213562373098
      10
39
      20
-30.2625
      42
0
      10
21
      20
-30.2625
      42
-0.414213562373091
      10
20
      20
-29.2625
      42
0
      10
20
      20
-25.5
      42
0
      10
4
      20
-25.5
      42
-0.414213562373095
      10
-1.77635683940025E-14
      20
-21.5
      42
0
      10
0
      20
21.5
      42
-0.414213562373095
      10
4
      20
25.5
      42
0
      10
20
      20
25.5
      42
0
      10
20
      20
29.2625
      42
-0.414213562373097
      10
21
      20
30.2625
      42
0
      10
39
      20
30.2625
      42
-0.414213562373098
      10
40
      20
29.2625
      42
0
      10
40
      20
25.5
      42
0
      10
115
      20
25.5
      42
0
      10
115
      20
29.2625
      42
-0.414213562373099
      10
116
      20
30.2625
      42
0
      10
134
      20
30.2625
      42
-0.41421356237311
      10
135
      20
29.2625
      42
0
      10
135
      20
25.5
      42
0
      10
151
      20
25.5
      42
-0.414213562373095
    1001
FS_CYPCUT
    1000
Channel
    1070
1
    1000
LeadIn
    1002
{
    1070
3
    1040
8.5
    1040
1.5707963267949
    1040
1
    1040
1
    1070
0
    1040
0.5
    1070
0
    1002
}
    1000
LeadOut
    1002
{
    1070
0
    1040
0
    1040
0
    1040
0
    1070
0
    1002
}
    1000
IsFill
    1070
1
    1000
PathStart
    1040
8.5
    1000
ToolCompensation
    1002
{
    1070
0
    1040
0
    1070
0
    1002
}
    1000
MicroConnect
    1002
{
    1070
2
    1040
5.55440817
    1041
0.8
    1042
0
    1040
21.6576727
    1041
0.8
    1042
0
    1002
}
       0
ENDBLK
       5
2198
     330
2031
     100
AcDbEntity
       8
0
     100
AcDbBlockEnd
       0
BLOCK
       5
2199
     330
2032
     100
AcDbEntity
       8
0
     100
AcDbBlockBegin
       2
Part863318918
      70
0
      10
-1.9095836E-14
      20
-30.2625
      30
0
       3
Part863318918
       1

       4
CypCutBlock
       0
CIRCLE
       5
219A
     100
AcDbEntity
       8
1
     100
AcDbCircle
      10
130
      20
0
      30
0
      40
7.00000000000009
    1001
FS_CYPCUT
    1000
Channel
    1070
1
    1000
LeadIn
    1002
{
    1070
3
    1040
0
    1040
1.5707963267949
    1040
1
    1040
1
    1070
0
    1040
0.5
    1070
0
    1002
}
    1000
LeadOut
    1002
{
    1070
0
    1040
0
    1040
0
    1040
0
    1070
0
    1002
}
    1000
IsFill
    1070
0
    1000
PathStart
    1040
1
    1000
ToolCompensation
    1002
{
    1070
0
    1040
0
    1070
0
    1002
}
       0
LWPOLYLINE
       5
219B
     100
AcDbEntity
       8
1
     100
AcDbPolyline
      90
32
      70
1
      10
155
      20
21.5
      42
0
      10
155
      20
-21.5
      42
-0.4142135623731
      10
151
      20
-25.5
      42
0
      10
135
      20
-25.5
      42
0
      10
135
      20
-29.2625
      42
-0.414213562373104
      10
134
      20
-30.2625
      42
0
      10
116
      20
-30.2625
      42
-0.414213562373099
      10
115
      20
-29.2625
      42
0
      10
115
      20
-25.5
      42
0
      10
40
      20
-25.5
      42
0
      10
40
      20
-29.2625
      42
-0.414213562373098
      10
39
      20
-30.2625
      42
0
      10
21
      20
-30.2625
      42
-0.414213562373091
      10
20
      20
-29.2625
      42
0
      10
20
      20
-25.5
      42
0
      10
4
      20
-25.5
      42
-0.414213562373095
      10
-1.77635683940025E-14
      20
-21.5
      42
0
      10
0
      20
21.5
      42
-0.414213562373095
      10
4
      20
25.5
      42
0
      10
20
      20
25.5
      42
0
      10
20
      20
29.2625
      42
-0.414213562373097
      10
21
      20
30.2625
      42
0
      10
39
      20
30.2625
      42
-0.414213562373098
      10
40
      20
29.2625
      42
0
      10
40
      20
25.5
      42
0
      10
115
      20
25.5
      42
0
      10
115
      20
29.2625
      42
-0.414213562373099
      10
116
      20
30.2625
      42
0
      10
134
      20
30.2625
      42
-0.41421356237311
      10
135
      20
29.2625
      42
0
      10
135
      20
25.5
      42
0
      10
151
      20
25.5
      42
-0.414213562373095
    1001
FS_CYPCUT
    1000
Channel
    1070
1
    1000
LeadIn
    1002
{
    1070
3
    1040
8.5
    1040
1.5707963267949
    1040
1
    1040
1
    1070
0
    1040
0.5
    1070
0
    1002
}
    1000
LeadOut
    1002
{
    1070
0
    1040
0
    1040
0
    1040
0
    1070
0
    1002
}
    1000
IsFill
    1070
1
    1000
PathStart
    1040
8.5
    1000
ToolCompensation
    1002
{
    1070
0
    1040
0
    1070
0
    1002
}
    1000
MicroConnect
    1002
{
    1070
2
    1040
5.55440817
    1041
0.8
    1042
0
    1040
21.6576727
    1041
0.8
    1042
0
    1002
}
       0
ENDBLK
       5
219C
     330
2032
     100
AcDbEntity
       8
0
     100
AcDbBlockEnd
       0
BLOCK
       5
219D
     330
2033
     100
AcDbEntity
       8
0
     100
AcDbBlockBegin
       2
Part783515171
      70
0
      10
-1.9095836E-14
      20
-30.2625
      30
0
       3
Part783515171
       1

       4
CypCutBlock
       0
CIRCLE
       5
219E
     100
AcDbEntity
       8
1
     100
AcDbCircle
      10
130
      20
0
      30
0
      40
7.00000000000009
    1001
FS_CYPCUT
    1000
Channel
    1070
1
    1000
LeadIn
    1002
{
    1070
3
    1040
0
    1040
1.5707963267949
    1040
1
    1040
1
    1070
0
    1040
0.5
    1070
0
    1002
}
    1000
LeadOut
    1002
{
    1070
0
    1040
0
    1040
0
    1040
0
    1070
0
    1002
}
    1000
IsFill
    1070
0
    1000
PathStart
    1040
1
    1000
ToolCompensation
    1002
{
    1070
0
    1040
0
    1070
0
    1002
}
       0
LWPOLYLINE
       5
219F
     100
AcDbEntity
       8
1
     100
AcDbPolyline
      90
32
      70
1
      10
155
      20
21.5
      42
0
      10
155
      20
-21.5
      42
-0.4142135623731
      10
151
      20
-25.5
      42
0
      10
135
      20
-25.5
      42
0
      10
135
      20
-29.2625
      42
-0.414213562373104
      10
134
      20
-30.2625
      42
0
      10
116
      20
-30.2625
      42
-0.414213562373099
      10
115
      20
-29.2625
      42
0
      10
115
      20
-25.5
      42
0
      10
40
      20
-25.5
      42
0
      10
40
      20
-29.2625
      42
-0.414213562373098
      10
39
      20
-30.2625
      42
0
      10
21
      20
-30.2625
      42
-0.414213562373091
      10
20
      20
-29.2625
      42
0
      10
20
      20
-25.5
      42
0
      10
4
      20
-25.5
      42
-0.414213562373095
      10
-1.77635683940025E-14
      20
-21.5
      42
0
      10
0
      20
21.5
      42
-0.414213562373095
      10
4
      20
25.5
      42
0
      10
20
      20
25.5
      42
0
      10
20
      20
29.2625
      42
-0.414213562373097
      10
21
      20
30.2625
      42
0
      10
39
      20
30.2625
      42
-0.414213562373098
      10
40
      20
29.2625
      42
0
      10
40
      20
25.5
      42
0
      10
115
      20
25.5
      42
0
      10
115
      20
29.2625
      42
-0.414213562373099
      10
116
      20
30.2625
      42
0
      10
134
      20
30.2625
      42
-0.41421356237311
      10
135
      20
29.2625
      42
0
      10
135
      20
25.5
      42
0
      10
151
      20
25.5
      42
-0.414213562373095
    1001
FS_CYPCUT
    1000
Channel
    1070
1
    1000
LeadIn
    1002
{
    1070
3
    1040
8.5
    1040
1.5707963267949
    1040
1
    1040
1
    1070
0
    1040
0.5
    1070
0
    1002
}
    1000
LeadOut
    1002
{
    1070
0
    1040
0
    1040
0
    1040
0
    1070
0
    1002
}
    1000
IsFill
    1070
1
    1000
PathStart
    1040
8.5
    1000
ToolCompensation
    1002
{
    1070
0
    1040
0
    1070
0
    1002
}
    1000
MicroConnect
    1002
{
    1070
2
    1040
5.55440817
    1041
0.8
    1042
0
    1040
21.6576727
    1041
0.8
    1042
0
    1002
}
       0
ENDBLK
       5
21A0
     330
2033
     100
AcDbEntity
       8
0
     100
AcDbBlockEnd
       0
BLOCK
       5
21A1
     330
2034
     100
AcDbEntity
       8
0
     100
AcDbBlockBegin
       2
Part173456599
      70
0
      10
-1.9095836E-14
      20
-30.2625
      30
0
       3
Part173456599
       1

       4
CypCutBlock
       0
CIRCLE
       5
21A2
     100
AcDbEntity
       8
1
     100
AcDbCircle
      10
130
      20
0
      30
0
      40
7.00000000000009
    1001
FS_CYPCUT
    1000
Channel
    1070
1
    1000
LeadIn
    1002
{
    1070
3
    1040
0
    1040
1.5707963267949
    1040
1
    1040
1
    1070
0
    1040
0.5
    1070
0
    1002
}
    1000
LeadOut
    1002
{
    1070
0
    1040
0
    1040
0
    1040
0
    1070
0
    1002
}
    1000
IsFill
    1070
0
    1000
PathStart
    1040
1
    1000
ToolCompensation
    1002
{
    1070
0
    1040
0
    1070
0
    1002
}
       0
LWPOLYLINE
       5
21A3
     100
AcDbEntity
       8
1
     100
AcDbPolyline
      90
32
      70
1
      10
155
      20
21.5
      42
0
      10
155
      20
-21.5
      42
-0.4142135623731
      10
151
      20
-25.5
      42
0
      10
135
      20
-25.5
      42
0
      10
135
      20
-29.2625
      42
-0.414213562373104
      10
134
      20
-30.2625
      42
0
      10
116
      20
-30.2625
      42
-0.414213562373099
      10
115
      20
-29.2625
      42
0
      10
115
      20
-25.5
      42
0
      10
40
      20
-25.5
      42
0
      10
40
      20
-29.2625
      42
-0.414213562373098
      10
39
      20
-30.2625
      42
0
      10
21
      20
-30.2625
      42
-0.414213562373091
      10
20
      20
-29.2625
      42
0
      10
20
      20
-25.5
      42
0
      10
4
      20
-25.5
      42
-0.414213562373095
      10
-1.77635683940025E-14
      20
-21.5
      42
0
      10
0
      20
21.5
      42
-0.414213562373095
      10
4
      20
25.5
      42
0
      10
20
      20
25.5
      42
0
      10
20
      20
29.2625
      42
-0.414213562373097
      10
21
      20
30.2625
      42
0
      10
39
      20
30.2625
      42
-0.414213562373098
      10
40
      20
29.2625
      42
0
      10
40
      20
25.5
      42
0
      10
115
      20
25.5
      42
0
      10
115
      20
29.2625
      42
-0.414213562373099
      10
116
      20
30.2625
      42
0
      10
134
      20
30.2625
      42
-0.41421356237311
      10
135
      20
29.2625
      42
0
      10
135
      20
25.5
      42
0
      10
151
      20
25.5
      42
-0.414213562373095
    1001
FS_CYPCUT
    1000
Channel
    1070
1
    1000
LeadIn
    1002
{
    1070
3
    1040
8.5
    1040
1.5707963267949
    1040
1
    1040
1
    1070
0
    1040
0.5
    1070
0
    1002
}
    1000
LeadOut
    1002
{
    1070
0
    1040
0
    1040
0
    1040
0
    1070
0
    1002
}
    1000
IsFill
    1070
1
    1000
PathStart
    1040
8.5
    1000
ToolCompensation
    1002
{
    1070
0
    1040
0
    1070
0
    1002
}
    1000
MicroConnect
    1002
{
    1070
2
    1040
5.55440817
    1041
0.8
    1042
0
    1040
21.6576727
    1041
0.8
    1042
0
    1002
}
       0
ENDBLK
       5
21A4
     330
2034
     100
AcDbEntity
       8
0
     100
AcDbBlockEnd
       0
BLOCK
       5
21A5
     330
2035
     100
AcDbEntity
       8
0
     100
AcDbBlockBegin
       2
Part1782408295
      70
0
      10
-30.2625
      20
-4.4408921E-15
      30
0
       3
Part1782408295
       1

       4
CypCutBlock
       0
CIRCLE
       5
21A6
     100
AcDbEntity
       8
1
     100
AcDbCircle
      10
0
      20
33
      30
0
      40
5.25
    1001
FS_CYPCUT
    1000
Channel
    1070
1
    1000
LeadIn
    1002
{
    1070
3
    1040
5.55111512312578E-17
    1040
1.5707963267949
    1040
1
    1040
1
    1070
0
    1040
0.5
    1070
0
    1002
}
    1000
LeadOut
    1002
{
    1070
0
    1040
0
    1040
0
    1040
0
    1070
0
    1002
}
    1000
IsFill
    1070
0
    1000
PathStart
    1040
5.55111512312578E-17
    1000
ToolCompensation
    1002
{
    1070
0
    1040
0
    1070
0
    1002
}
       0
CIRCLE
       5
21A7
     100
AcDbEntity
       8
1
     100
AcDbCircle
      10
0
      20
128
      30
0
      40
5.25000000000004
    1001
FS_CYPCUT
    1000
Channel
    1070
1
    1000
LeadIn
    1002
{
    1070
3
    1040
8.32667268468867E-17
    1040
1.5707963267949
    1040
1
    1040
1
    1070
0
    1040
0.5
    1070
0
    1002
}
    1000
LeadOut
    1002
{
    1070
0
    1040
0
    1040
0
    1040
0
    1070
0
    1002
}
    1000
IsFill
    1070
0
    1000
PathStart
    1040
8.32667268468867E-17
    1000
ToolCompensation
    1002
{
    1070
0
    1040
0
    1070
0
    1002
}
       0
LWPOLYLINE
       5
21A8
     100
AcDbEntity
       8
1
     100
AcDbPolyline
      90
20
      70
1
      10
30.2625
      20
117
      42
0.414213562373093
      10
29.2625
      20
118
      42
0
      10
25.5
      20
118
      42
0
      10
25.5
      20
154
      42
0.4142135623731
      10
21.5
      20
158
      42
0
      10
-21.5
      20
158
      42
0.414213562373091
      10
-25.5
      20
154
      42
0
      10
-25.5
      20
118
      42
0
      10
-29.2625
      20
118
      42
0.414213562373086
      10
-30.2625
      20
117
      42
0
      10
-30.2625
      20
89
      42
0.414213562373101
      10
-29.2625
      20
88
      42
0
      10
-25.5
      20
88
      42
0
      10
-25.5
      20
4
      42
0.414213562373095
      10
-21.5
      20
0
      42
0
      10
21.5
      20
-4.44089209850063E-15
      42
0.414213562373094
      10
25.5
      20
4
      42
0
      10
25.5
      20
88
      42
0
      10
29.2625
      20
88
      42
0.414213562373101
      10
30.2625
      20
89
      42
0
    1001
FS_CYPCUT
    1000
Channel
    1070
1
    1000
LeadIn
    1002
{
    1070
3
    1040
12.5
    1040
1.5707963267949
    1040
1
    1040
1
    1070
0
    1040
0.5
    1070
0
    1002
}
    1000
LeadOut
    1002
{
    1070
0
    1040
0
    1040
0
    1040
0
    1070
0
    1002
}
    1000
IsFill
    1070
1
    1000
PathStart
    1040
12.5
    1000
ToolCompensation
    1002
{
    1070
0
    1040
0
    1070
0
    1002
}
    1000
MicroConnect
    1002
{
    1070
2
    1040
6.519835
    1041
0.8
    1042
0
    1040
16.1871286
    1041
0.8
    1042
0
    1002
}
       0
ENDBLK
       5
21A9
     330
2035
     100
AcDbEntity
       8
0
     100
AcDbBlockEnd
       0
BLOCK
       5
21AA
     330
2036
     100
AcDbEntity
       8
0
     100
AcDbBlockBegin
       2
Part1453748921
      70
0
      10
-30.2625
      20
-4.4408921E-15
      30
0
       3
Part1453748921
       1

       4
CypCutBlock
       0
CIRCLE
       5
21AB
     100
AcDbEntity
       8
1
     100
AcDbCircle
      10
0
      20
33
      30
0
      40
5.25
    1001
FS_CYPCUT
    1000
Channel
    1070
1
    1000
LeadIn
    1002
{
    1070
3
    1040
5.55111512312578E-17
    1040
1.5707963267949
    1040
1
    1040
1
    1070
0
    1040
0.5
    1070
0
    1002
}
    1000
LeadOut
    1002
{
    1070
0
    1040
0
    1040
0
    1040
0
    1070
0
    1002
}
    1000
IsFill
    1070
0
    1000
PathStart
    1040
5.55111512312578E-17
    1000
ToolCompensation
    1002
{
    1070
0
    1040
0
    1070
0
    1002
}
       0
CIRCLE
       5
21AC
     100
AcDbEntity
       8
1
     100
AcDbCircle
      10
0
      20
128
      30
0
      40
5.25000000000004
    1001
FS_CYPCUT
    1000
Channel
    1070
1
    1000
LeadIn
    1002
{
    1070
3
    1040
8.32667268468867E-17
    1040
1.5707963267949
    1040
1
    1040
1
    1070
0
    1040
0.5
    1070
0
    1002
}
    1000
LeadOut
    1002
{
    1070
0
    1040
0
    1040
0
    1040
0
    1070
0
    1002
}
    1000
IsFill
    1070
0
    1000
PathStart
    1040
8.32667268468867E-17
    1000
ToolCompensation
    1002
{
    1070
0
    1040
0
    1070
0
    1002
}
       0
LWPOLYLINE
       5
21AD
     100
AcDbEntity
       8
1
     100
AcDbPolyline
      90
20
      70
1
      10
30.2625
      20
117
      42
0.414213562373093
      10
29.2625
      20
118
      42
0
      10
25.5
      20
118
      42
0
      10
25.5
      20
154
      42
0.4142135623731
      10
21.5
      20
158
      42
0
      10
-21.5
      20
158
      42
0.414213562373091
      10
-25.5
      20
154
      42
0
      10
-25.5
      20
118
      42
0
      10
-29.2625
      20
118
      42
0.414213562373086
      10
-30.2625
      20
117
      42
0
      10
-30.2625
      20
89
      42
0.414213562373101
      10
-29.2625
      20
88
      42
0
      10
-25.5
      20
88
      42
0
      10
-25.5
      20
4
      42
0.414213562373095
      10
-21.5
      20
0
      42
0
      10
21.5
      20
-4.44089209850063E-15
      42
0.414213562373094
      10
25.5
      20
4
      42
0
      10
25.5
      20
88
      42
0
      10
29.2625
      20
88
      42
0.414213562373101
      10
30.2625
      20
89
      42
0
    1001
FS_CYPCUT
    1000
Channel
    1070
1
    1000
LeadIn
    1002
{
    1070
3
    1040
12.5
    1040
1.5707963267949
    1040
1
    1040
1
    1070
0
    1040
0.5
    1070
0
    1002
}
    1000
LeadOut
    1002
{
    1070
0
    1040
0
    1040
0
    1040
0
    1070
0
    1002
}
    1000
IsFill
    1070
1
    1000
PathStart
    1040
12.5
    1000
ToolCompensation
    1002
{
    1070
0
    1040
0
    1070
0
    1002
}
    1000
MicroConnect
    1002
{
    1070
2
    1040
6.519835
    1041
0.8
    1042
0
    1040
16.1871286
    1041
0.8
    1042
0
    1002
}
       0
ENDBLK
       5
21AE
     330
2036
     100
AcDbEntity
       8
0
     100
AcDbBlockEnd
       0
BLOCK
       5
21AF
     330
2037
     100
AcDbEntity
       8
0
     100
AcDbBlockBegin
       2
Part1782064545
      70
0
      10
-30.2625
      20
-4.4408921E-15
      30
0
       3
Part1782064545
       1

       4
CypCutBlock
       0
CIRCLE
       5
21B0
     100
AcDbEntity
       8
1
     100
AcDbCircle
      10
0
      20
33
      30
0
      40
5.25
    1001
FS_CYPCUT
    1000
Channel
    1070
1
    1000
LeadIn
    1002
{
    1070
3
    1040
5.55111512312578E-17
    1040
1.5707963267949
    1040
1
    1040
1
    1070
0
    1040
0.5
    1070
0
    1002
}
    1000
LeadOut
    1002
{
    1070
0
    1040
0
    1040
0
    1040
0
    1070
0
    1002
}
    1000
IsFill
    1070
0
    1000
PathStart
    1040
5.55111512312578E-17
    1000
ToolCompensation
    1002
{
    1070
0
    1040
0
    1070
0
    1002
}
       0
CIRCLE
       5
21B1
     100
AcDbEntity
       8
1
     100
AcDbCircle
      10
0
      20
128
      30
0
      40
5.25000000000004
    1001
FS_CYPCUT
    1000
Channel
    1070
1
    1000
LeadIn
    1002
{
    1070
3
    1040
8.32667268468867E-17
    1040
1.5707963267949
    1040
1
    1040
1
    1070
0
    1040
0.5
    1070
0
    1002
}
    1000
LeadOut
    1002
{
    1070
0
    1040
0
    1040
0
    1040
0
    1070
0
    1002
}
    1000
IsFill
    1070
0
    1000
PathStart
    1040
8.32667268468867E-17
    1000
ToolCompensation
    1002
{
    1070
0
    1040
0
    1070
0
    1002
}
       0
LWPOLYLINE
       5
21B2
     100
AcDbEntity
       8
1
     100
AcDbPolyline
      90
20
      70
1
      10
30.2625
      20
117
      42
0.414213562373093
      10
29.2625
      20
118
      42
0
      10
25.5
      20
118
      42
0
      10
25.5
      20
154
      42
0.4142135623731
      10
21.5
      20
158
      42
0
      10
-21.5
      20
158
      42
0.414213562373091
      10
-25.5
      20
154
      42
0
      10
-25.5
      20
118
      42
0
      10
-29.2625
      20
118
      42
0.414213562373086
      10
-30.2625
      20
117
      42
0
      10
-30.2625
      20
89
      42
0.414213562373101
      10
-29.2625
      20
88
      42
0
      10
-25.5
      20
88
      42
0
      10
-25.5
      20
4
      42
0.414213562373095
      10
-21.5
      20
0
      42
0
      10
21.5
      20
-4.44089209850063E-15
      42
0.414213562373094
      10
25.5
      20
4
      42
0
      10
25.5
      20
88
      42
0
      10
29.2625
      20
88
      42
0.414213562373101
      10
30.2625
      20
89
      42
0
    1001
FS_CYPCUT
    1000
Channel
    1070
1
    1000
LeadIn
    1002
{
    1070
3
    1040
12.5
    1040
1.5707963267949
    1040
1
    1040
1
    1070
0
    1040
0.5
    1070
0
    1002
}
    1000
LeadOut
    1002
{
    1070
0
    1040
0
    1040
0
    1040
0
    1070
0
    1002
}
    1000
IsFill
    1070
1
    1000
PathStart
    1040
12.5
    1000
ToolCompensation
    1002
{
    1070
0
    1040
0
    1070
0
    1002
}
    1000
MicroConnect
    1002
{
    1070
2
    1040
6.519835
    1041
0.8
    1042
0
    1040
16.1871286
    1041
0.8
    1042
0
    1002
}
       0
ENDBLK
       5
21B3
     330
2037
     100
AcDbEntity
       8
0
     100
AcDbBlockEnd
       0
BLOCK
       5
21B4
     330
2038
     100
AcDbEntity
       8
0
     100
AcDbBlockBegin
       2
Part1515863508
      70
0
      10
-30.2625
      20
-4.4408921E-15
      30
0
       3
Part1515863508
       1

       4
CypCutBlock
       0
CIRCLE
       5
21B5
     100
AcDbEntity
       8
1
     100
AcDbCircle
      10
0
      20
33
      30
0
      40
5.25
    1001
FS_CYPCUT
    1000
Channel
    1070
1
    1000
LeadIn
    1002
{
    1070
3
    1040
5.55111512312578E-17
    1040
1.5707963267949
    1040
1
    1040
1
    1070
0
    1040
0.5
    1070
0
    1002
}
    1000
LeadOut
    1002
{
    1070
0
    1040
0
    1040
0
    1040
0
    1070
0
    1002
}
    1000
IsFill
    1070
0
    1000
PathStart
    1040
5.55111512312578E-17
    1000
ToolCompensation
    1002
{
    1070
0
    1040
0
    1070
0
    1002
}
       0
CIRCLE
       5
21B6
     100
AcDbEntity
       8
1
     100
AcDbCircle
      10
0
      20
128
      30
0
      40
5.25000000000004
    1001
FS_CYPCUT
    1000
Channel
    1070
1
    1000
LeadIn
    1002
{
    1070
3
    1040
8.32667268468867E-17
    1040
1.5707963267949
    1040
1
    1040
1
    1070
0
    1040
0.5
    1070
0
    1002
}
    1000
LeadOut
    1002
{
    1070
0
    1040
0
    1040
0
    1040
0
    1070
0
    1002
}
    1000
IsFill
    1070
0
    1000
PathStart
    1040
8.32667268468867E-17
    1000
ToolCompensation
    1002
{
    1070
0
    1040
0
    1070
0
    1002
}
       0
LWPOLYLINE
       5
21B7
     100
AcDbEntity
       8
1
     100
AcDbPolyline
      90
20
      70
1
      10
30.2625
      20
117
      42
0.414213562373093
      10
29.2625
      20
118
      42
0
      10
25.5
      20
118
      42
0
      10
25.5
      20
154
      42
0.4142135623731
      10
21.5
      20
158
      42
0
      10
-21.5
      20
158
      42
0.414213562373091
      10
-25.5
      20
154
      42
0
      10
-25.5
      20
118
      42
0
      10
-29.2625
      20
118
      42
0.414213562373086
      10
-30.2625
      20
117
      42
0
      10
-30.2625
      20
89
      42
0.414213562373101
      10
-29.2625
      20
88
      42
0
      10
-25.5
      20
88
      42
0
      10
-25.5
      20
4
      42
0.414213562373095
      10
-21.5
      20
0
      42
0
      10
21.5
      20
-4.44089209850063E-15
      42
0.414213562373094
      10
25.5
      20
4
      42
0
      10
25.5
      20
88
      42
0
      10
29.2625
      20
88
      42
0.414213562373101
      10
30.2625
      20
89
      42
0
    1001
FS_CYPCUT
    1000
Channel
    1070
1
    1000
LeadIn
    1002
{
    1070
3
    1040
12.5
    1040
1.5707963267949
    1040
1
    1040
1
    1070
0
    1040
0.5
    1070
0
    1002
}
    1000
LeadOut
    1002
{
    1070
0
    1040
0
    1040
0
    1040
0
    1070
0
    1002
}
    1000
IsFill
    1070
1
    1000
PathStart
    1040
12.5
    1000
ToolCompensation
    1002
{
    1070
0
    1040
0
    1070
0
    1002
}
    1000
MicroConnect
    1002
{
    1070
2
    1040
6.519835
    1041
0.8
    1042
0
    1040
16.1871286
    1041
0.8
    1042
0
    1002
}
       0
ENDBLK
       5
21B8
     330
2038
     100
AcDbEntity
       8
0
     100
AcDbBlockEnd
       0
BLOCK
       5
21B9
     330
2039
     100
AcDbEntity
       8
0
     100
AcDbBlockBegin
       2
Part1900088367
      70
0
      10
-90
      20
-53
      30
0
       3
Part1900088367
       1

       4
CypCutBlock
       0
LWPOLYLINE
       5
21BA
     100
AcDbEntity
       8
1
     100
AcDbPolyline
      90
8
      70
1
      10
-45
      20
-23
      42
0
      10
-45
      20
-30
      42
-0.414213562373096
      10
-48
      20
-33
      42
0
      10
-61
      20
-33
      42
-0.414213562373096
      10
-64
      20
-30
      42
0
      10
-64
      20
-23
      42
-0.414213562373096
      10
-61
      20
-20
      42
0
      10
-48
      20
-20
      42
-0.414213562373093
    1001
FS_CYPCUT
    1000
Channel
    1070
1
    1000
LeadIn
    1002
{
    1070
3
    1040
2.5
    1040
1.5707963267949
    1040
1
    1040
1
    1070
0
    1040
0.5
    1070
0
    1002
}
    1000
LeadOut
    1002
{
    1070
0
    1040
0
    1040
0
    1040
0
    1070
0
    1002
}
    1000
IsFill
    1070
0
    1000
PathStart
    1040
2.5
    1000
ToolCompensation
    1002
{
    1070
0
    1040
0
    1070
0
    1002
}
       0
CIRCLE
       5
21BB
     100
AcDbEntity
       8
1
     100
AcDbCircle
      10
-17
      20
-45
      30
0
      40
4.5
    1001
FS_CYPCUT
    1000
Channel
    1070
1
    1000
LeadIn
    1002
{
    1070
3
    1040
0
    1040
1.5707963267949
    1040
1
    1040
1
    1070
0
    1040
0.5
    1070
0
    1002
}
    1000
LeadOut
    1002
{
    1070
0
    1040
0
    1040
0
    1040
0
    1070
0
    1002
}
    1000
IsFill
    1070
0
    1000
PathStart
    1040
1
    1000
ToolCompensation
    1002
{
    1070
0
    1040
0
    1070
0
    1002
}
       0
CIRCLE
       5
21BC
     100
AcDbEntity
       8
1
     100
AcDbCircle
      10
-17
      20
-20
      30
0
      40
4.49999999999999
    1001
FS_CYPCUT
    1000
Channel
    1070
1
    1000
LeadIn
    1002
{
    1070
3
    1040
0
    1040
1.5707963267949
    1040
1
    1040
1
    1070
0
    1040
0.5
    1070
0
    1002
}
    1000
LeadOut
    1002
{
    1070
0
    1040
0
    1040
0
    1040
0
    1070
0
    1002
}
    1000
IsFill
    1070
0
    1000
PathStart
    1040
0
    1000
ToolCompensation
    1002
{
    1070
0
    1040
0
    1070
0
    1002
}
       0
CIRCLE
       5
21BD
     100
AcDbEntity
       8
1
     100
AcDbCircle
      10
17
      20
-20
      30
0
      40
4.49999999999999
    1001
FS_CYPCUT
    1000
Channel
    1070
1
    1000
LeadIn
    1002
{
    1070
3
    1040
0
    1040
1.5707963267949
    1040
1
    1040
1
    1070
0
    1040
0.5
    1070
0
    1002
}
    1000
LeadOut
    1002
{
    1070
0
    1040
0
    1040
0
    1040
0
    1070
0
    1002
}
    1000
IsFill
    1070
0
    1000
PathStart
    1040
0
    1000
ToolCompensation
    1002
{
    1070
0
    1040
0
    1070
0
    1002
}
       0
CIRCLE
       5
21BE
     100
AcDbEntity
       8
1
     100
AcDbCircle
      10
17
      20
-45
      30
0
      40
4.50000000000001
    1001
FS_CYPCUT
    1000
Channel
    1070
1
    1000
LeadIn
    1002
{
    1070
3
    1040
0
    1040
1.5707963267949
    1040
1
    1040
1
    1070
0
    1040
0.5
    1070
0
    1002
}
    1000
LeadOut
    1002
{
    1070
0
    1040
0
    1040
0
    1040
0
    1070
0
    1002
}
    1000
IsFill
    1070
0
    1000
PathStart
    1040
0
    1000
ToolCompensation
    1002
{
    1070
0
    1040
0
    1070
0
    1002
}
       0
LWPOLYLINE
       5
21BF
     100
AcDbEntity
       8
1
     100
AcDbPolyline
      90
8
      70
1
      10
64
      20
-23
      42
0.414213562373096
      10
61
      20
-20
      42
0
      10
48
      20
-20
      42
0.414213562373094
      10
45
      20
-23
      42
0
      10
45
      20
-30
      42
0.414213562373095
      10
48
      20
-33
      42
0
      10
61
      20
-33
      42
0.414213562373095
      10
64
      20
-30
      42
0
    1001
FS_CYPCUT
    1000
Channel
    1070
1
    1000
LeadIn
    1002
{
    1070
3
    1040
1.5
    1040
1.5707963267949
    1040
1
    1040
1
    1070
0
    1040
0.5
    1070
0
    1002
}
    1000
LeadOut
    1002
{
    1070
0
    1040
0
    1040
0
    1040
0
    1070
0
    1002
}
    1000
IsFill
    1070
0
    1000
PathStart
    1040
1.5
    1000
ToolCompensation
    1002
{
    1070
0
    1040
0
    1070
0
    1002
}
       0
LWPOLYLINE
       5
21C0
     100
AcDbEntity
       8
1
     100
AcDbPolyline
      90
20
      70
1
      10
90
      20
-46
      42
0
      10
90
      20
-51
      42
-0.414213562373099
      10
88
      20
-53
      42
0
      10
-88
      20
-53
      42
-0.414213562373099
      10
-90
      20
-51
      42
0
      10
-90
      20
-46
      42
0
      10
-84
      20
-46
      42
0
      10
-84
      20
-5
      42
-0.414213562373095
      10
-79
      20
0
      42
0
      10
-50
      20
0
      42
0
      10
-50
      20
4.7625
      42
0
      10
-30
      20
4.7625
      42
0
      10
-30
      20
0
      42
0
      10
30
      20
0
      42
0
      10
30
      20
4.7625
      42
0
      10
50
      20
4.7625
      42
0
      10
50
      20
0
      42
0
      10
79
      20
-1.24344978758018E-14
      42
-0.414213562373095
      10
84
      20
-5
      42
0
      10
84
      20
-46
      42
0
    1001
FS_CYPCUT
    1000
Channel
    1070
1
    1000
LeadIn
    1002
{
    1070
3
    1040
2.5
    1040
1.5707963267949
    1040
1
    1040
1
    1070
0
    1040
0.5
    1070
0
    1002
}
    1000
LeadOut
    1002
{
    1070
0
    1040
0
    1040
0
    1040
0
    1070
0
    1002
}
    1000
IsFill
    1070
1
    1000
PathStart
    1040
2.5
    1000
ToolCompensation
    1002
{
    1070
0
    1040
0
    1070
0
    1002
}
    1000
MicroConnect
    1002
{
    1070
2
    1040
4.47075948
    1041
0.8
    1042
0
    1040
16.8388536
    1041
0.8
    1042
0
    1002
}
       0
ENDBLK
       5
21C1
     330
2039
     100
AcDbEntity
       8
0
     100
AcDbBlockEnd
       0
BLOCK
       5
21C2
     330
203A
     100
AcDbEntity
       8
0
     100
AcDbBlockBegin
       2
CommonPart
      70
0
      10
765.2616
      20
964.4544
      30
0
       3
CommonPart
       1

       4
CypCutBlock
       0
CIRCLE
       5
21C3
     100
AcDbEntity
       8
1
     100
AcDbCircle
      10
842.2616
      20
997.4544
      30
0
      40
3.5
    1001
FS_CYPCUT
    1000
Channel
    1070
1
    1000
LeadIn
    1002
{
    1070
3
    1040
0
    1040
1.5707963267949
    1040
1
    1040
1
    1070
0
    1040
0.5
    1070
0
    1002
}
    1000
LeadOut
    1002
{
    1070
0
    1040
0
    1040
0
    1040
0
    1070
0
    1002
}
    1000
IsFill
    1070
0
    1000
PathStart
    1040
0
    1000
ToolCompensation
    1002
{
    1070
0
    1040
0
    1070
0
    1002
}
       0
CIRCLE
       5
21C4
     100
AcDbEntity
       8
1
     100
AcDbCircle
      10
842.2616
      20
972.4544
      30
0
      40
3.5
    1001
FS_CYPCUT
    1000
Channel
    1070
1
    1000
LeadIn
    1002
{
    1070
3
    1040
0
    1040
1.5707963267949
    1040
1
    1040
1
    1070
0
    1040
0.5
    1070
0
    1002
}
    1000
LeadOut
    1002
{
    1070
0
    1040
0
    1040
0
    1040
0
    1070
0
    1002
}
    1000
IsFill
    1070
0
    1000
PathStart
    1040
0
    1000
ToolCompensation
    1002
{
    1070
0
    1040
0
    1070
0
    1002
}
       0
LWPOLYLINE
       5
21C5
     100
AcDbEntity
       8
1
     100
AcDbPolyline
      90
4
      70
1
      10
821.5866
      20
978.4544
      42
0
      10
821.5866
      20
1006.4544
      42
0
      10
828.9366
      20
1006.4544
      42
0
      10
828.9366
      20
978.4544
      42
0
    1001
FS_CYPCUT
    1000
Channel
    1070
1
    1000
LeadIn
    1002
{
    1070
3
    1040
2.5
    1040
1.5707963267949
    1040
1
    1040
1
    1070
0
    1040
0.5
    1070
0
    1002
}
    1000
LeadOut
    1002
{
    1070
0
    1040
0
    1040
0
    1040
0
    1070
0
    1002
}
    1000
IsFill
    1070
0
    1000
PathStart
    1040
2.5
    1000
ToolCompensation
    1002
{
    1070
0
    1040
0
    1070
0
    1002
}
       0
CIRCLE
       5
21C6
     100
AcDbEntity
       8
1
     100
AcDbCircle
      10
808.2616
      20
997.4544
      30
0
      40
3.5
    1001
FS_CYPCUT
    1000
Channel
    1070
1
    1000
LeadIn
    1002
{
    1070
3
    1040
0
    1040
1.5707963267949
    1040
1
    1040
1
    1070
0
    1040
0.5
    1070
0
    1002
}
    1000
LeadOut
    1002
{
    1070
0
    1040
0
    1040
0
    1040
0
    1070
0
    1002
}
    1000
IsFill
    1070
0
    1000
PathStart
    1040
0
    1000
ToolCompensation
    1002
{
    1070
0
    1040
0
    1070
0
    1002
}
       0
CIRCLE
       5
21C7
     100
AcDbEntity
       8
1
     100
AcDbCircle
      10
808.2616
      20
972.4544
      30
0
      40
3.5
    1001
FS_CYPCUT
    1000
Channel
    1070
1
    1000
LeadIn
    1002
{
    1070
3
    1040
2.22044604925031E-16
    1040
1.5707963267949
    1040
1
    1040
1
    1070
0
    1040
0.5
    1070
0
    1002
}
    1000
LeadOut
    1002
{
    1070
0
    1040
0
    1040
0
    1040
0
    1070
0
    1002
}
    1000
IsFill
    1070
0
    1000
PathStart
    1040
2.22044604925031E-16
    1000
ToolCompensation
    1002
{
    1070
0
    1040
0
    1070
0
    1002
}
       0
LWPOLYLINE
       5
21C8
     100
AcDbEntity
       8
1
     100
AcDbPolyline
      90
22
      70
0
      10
885.2616
      20
974.4544
      42
-0.414213562373095
      10
875.2616
      20
964.4544
      42
0
      10
775.2616
      20
964.4544
      42
-0.414213562373095
      10
765.2616
      20
974.4544
      42
0
      10
765.2616
      20
1064.4544
      42
-0.414213562373095
      10
775.2616
      20
1074.4544
      42
0
      10
799.2616
      20
1074.4544
      42
-0.414213562373093
      10
800.2616
      20
1073.4544
      42
0
      10
800.2616
      20
1035.4544
      42
0.414213562373096
      10
801.2616
      20
1034.4544
      42
0
      10
818.2616
      20
1034.4544
      42
0
      10
818.2616
      20
1036.4544
      42
-0.414213562373095
      10
819.2616
      20
1037.4544
      42
0
      10
831.2616
      20
1037.4544
      42
-0.414213562373095
      10
832.2616
      20
1036.4544
      42
0
      10
832.2616
      20
1034.4544
      42
0
      10
849.2616
      20
1034.4544
      42
0.414213562373099
      10
850.2616
      20
1035.4544
      42
0
      10
850.2616
      20
1073.4544
      42
-0.414213562373093
      10
851.2616
      20
1074.4544
      42
0
      10
875.2616
      20
1074.4544
      42
-0.414213562373094
      10
885.2616
      20
1064.4544
      42
0
    1001
FS_CYPCUT
    1000
Channel
    1070
1
    1000
LeadIn
    1002
{
    1070
0
    1040
0.00636619772367582
    1040
1.5707963267949
    1040
1
    1040
1
    1070
0
    1040
0.5
    1070
0
    1002
}
    1000
LeadOut
    1002
{
    1070
0
    1040
0
    1040
0
    1040
0
    1070
0
    1002
}
    1000
IsFill
    1070
1
    1000
PathStart
    1040
0
    1000
ToolCompensation
    1002
{
    1070
0
    1040
0
    1070
0
    1002
}
    1000
MicroConnect
    1002
{
    1070
1
    1040
0
    1041
0.1
    1042
0
    1002
}
       0
CIRCLE
       5
21C9
     100
AcDbEntity
       8
1
     100
AcDbCircle
      10
962.2617
      20
997.4544
      30
0
      40
3.5
    1001
FS_CYPCUT
    1000
Channel
    1070
1
    1000
LeadIn
    1002
{
    1070
3
    1040
0
    1040
1.5707963267949
    1040
1
    1040
1
    1070
0
    1040
0.5
    1070
0
    1002
}
    1000
LeadOut
    1002
{
    1070
0
    1040
0
    1040
0
    1040
0
    1070
0
    1002
}
    1000
IsFill
    1070
0
    1000
PathStart
    1040
0
    1000
ToolCompensation
    1002
{
    1070
0
    1040
0
    1070
0
    1002
}
       0
CIRCLE
       5
21CA
     100
AcDbEntity
       8
1
     100
AcDbCircle
      10
962.2617
      20
972.4544
      30
0
      40
3.5
    1001
FS_CYPCUT
    1000
Channel
    1070
1
    1000
LeadIn
    1002
{
    1070
3
    1040
0
    1040
1.5707963267949
    1040
1
    1040
1
    1070
0
    1040
0.5
    1070
0
    1002
}
    1000
LeadOut
    1002
{
    1070
0
    1040
0
    1040
0
    1040
0
    1070
0
    1002
}
    1000
IsFill
    1070
0
    1000
PathStart
    1040
0
    1000
ToolCompensation
    1002
{
    1070
0
    1040
0
    1070
0
    1002
}
       0
LWPOLYLINE
       5
21CB
     100
AcDbEntity
       8
1
     100
AcDbPolyline
      90
4
      70
1
      10
941.5867
      20
978.4544
      42
0
      10
941.5867
      20
1006.4544
      42
0
      10
948.9367
      20
1006.4544
      42
0
      10
948.9367
      20
978.4544
      42
0
    1001
FS_CYPCUT
    1000
Channel
    1070
1
    1000
LeadIn
    1002
{
    1070
3
    1040
2.5
    1040
1.5707963267949
    1040
1
    1040
1
    1070
0
    1040
0.5
    1070
0
    1002
}
    1000
LeadOut
    1002
{
    1070
0
    1040
0
    1040
0
    1040
0
    1070
0
    1002
}
    1000
IsFill
    1070
0
    1000
PathStart
    1040
2.5
    1000
ToolCompensation
    1002
{
    1070
0
    1040
0
    1070
0
    1002
}
       0
CIRCLE
       5
21CC
     100
AcDbEntity
       8
1
     100
AcDbCircle
      10
928.2617
      20
997.4544
      30
0
      40
3.5
    1001
FS_CYPCUT
    1000
Channel
    1070
1
    1000
LeadIn
    1002
{
    1070
3
    1040
0
    1040
1.5707963267949
    1040
1
    1040
1
    1070
0
    1040
0.5
    1070
0
    1002
}
    1000
LeadOut
    1002
{
    1070
0
    1040
0
    1040
0
    1040
0
    1070
0
    1002
}
    1000
IsFill
    1070
0
    1000
PathStart
    1040
0
    1000
ToolCompensation
    1002
{
    1070
0
    1040
0
    1070
0
    1002
}
       0
CIRCLE
       5
21CD
     100
AcDbEntity
       8
1
     100
AcDbCircle
      10
928.2617
      20
972.4544
      30
0
      40
3.5
    1001
FS_CYPCUT
    1000
Channel
    1070
1
    1000
LeadIn
    1002
{
    1070
3
    1040
2.22044604925031E-16
    1040
1.5707963267949
    1040
1
    1040
1
    1070
0
    1040
0.5
    1070
0
    1002
}
    1000
LeadOut
    1002
{
    1070
0
    1040
0
    1040
0
    1040
0
    1070
0
    1002
}
    1000
IsFill
    1070
0
    1000
PathStart
    1040
2.22044604925031E-16
    1000
ToolCompensation
    1002
{
    1070
0
    1040
0
    1070
0
    1002
}
       0
LWPOLYLINE
       5
21CE
     100
AcDbEntity
       8
1
     100
AcDbPolyline
      90
22
      70
1
      10
885.2617
      20
1064.4544
      42
-0.414213562373095
      10
895.2617
      20
1074.4544
      42
0
      10
919.2617
      20
1074.4544
      42
-0.414213562373093
      10
920.2617
      20
1073.4544
      42
0
      10
920.2617
      20
1035.4544
      42
0.414213562373096
      10
921.2617
      20
1034.4544
      42
0
      10
938.2617
      20
1034.4544
      42
0
      10
938.2617
      20
1036.4544
      42
-0.414213562373095
      10
939.2617
      20
1037.4544
      42
0
      10
951.2617
      20
1037.4544
      42
-0.414213562373095
      10
952.2617
      20
1036.4544
      42
0
      10
952.2617
      20
1034.4544
      42
0
      10
969.2617
      20
1034.4544
      42
0.414213562373099
      10
970.2617
      20
1035.4544
      42
0
      10
970.2617
      20
1073.4544
      42
-0.414213562373093
      10
971.2617
      20
1074.4544
      42
0
      10
995.2617
      20
1074.4544
      42
-0.414213562373094
      10
1005.2617
      20
1064.4544
      42
0
      10
1005.2617
      20
974.4544
      42
-0.414213562373095
      10
995.2617
      20
964.4544
      42
0
      10
895.2617
      20
964.4544
      42
-0.414213562373095
      10
885.2617
      20
974.4544
      42
0
    1001
FS_CYPCUT
    1000
Channel
    1070
1
    1000
LeadIn
    1002
{
    1070
0
    1040
21
    1040
1.5707963267949
    1040
1
    1040
1
    1070
0
    1040
0.5
    1070
0
    1002
}
    1000
LeadOut
    1002
{
    1070
0
    1040
0
    1040
0
    1040
0
    1070
0
    1002
}
    1000
IsFill
    1070
1
    1000
PathStart
    1040
21
    1000
ToolCompensation
    1002
{
    1070
0
    1040
0
    1070
0
    1002
}
       0
ENDBLK
       5
21CF
     330
203A
     100
AcDbEntity
       8
0
     100
AcDbBlockEnd
       0
BLOCK
       5
21D0
     330
203B
     100
AcDbEntity
       8
0
     100
AcDbBlockBegin
       2
Part1822416826
      70
0
      10
-60
      20
-40
      30
0
       3
Part1822416826
       1

       4
CypCutBlock
       0
CIRCLE
       5
21D1
     100
AcDbEntity
       8
1
     100
AcDbCircle
      10
-40
      20
67
      30
0
      40
3.4
    1001
FS_CYPCUT
    1000
Channel
    1070
1
    1000
LeadIn
    1002
{
    1070
3
    1040
0
    1040
1.5707963267949
    1040
1
    1040
1
    1070
0
    1040
0.5
    1070
0
    1002
}
    1000
LeadOut
    1002
{
    1070
0
    1040
0
    1040
0
    1040
0
    1070
0
    1002
}
    1000
IsFill
    1070
0
    1000
PathStart
    1040
0
    1000
ToolCompensation
    1002
{
    1070
0
    1040
0
    1070
0
    1002
}
       0
CIRCLE
       5
21D2
     100
AcDbEntity
       8
1
     100
AcDbCircle
      10
0
      20
67
      30
0
      40
3.39999999999998
    1001
FS_CYPCUT
    1000
Channel
    1070
1
    1000
LeadIn
    1002
{
    1070
3
    1040
0
    1040
1.5707963267949
    1040
1
    1040
1
    1070
0
    1040
0.5
    1070
0
    1002
}
    1000
LeadOut
    1002
{
    1070
0
    1040
0
    1040
0
    1040
0
    1070
0
    1002
}
    1000
IsFill
    1070
0
    1000
PathStart
    1040
1
    1000
ToolCompensation
    1002
{
    1070
0
    1040
0
    1070
0
    1002
}
       0
CIRCLE
       5
21D3
     100
AcDbEntity
       8
1
     100
AcDbCircle
      10
40
      20
67
      30
0
      40
3.4
    1001
FS_CYPCUT
    1000
Channel
    1070
1
    1000
LeadIn
    1002
{
    1070
3
    1040
0
    1040
1.5707963267949
    1040
1
    1040
1
    1070
0
    1040
0.5
    1070
0
    1002
}
    1000
LeadOut
    1002
{
    1070
0
    1040
0
    1040
0
    1040
0
    1070
0
    1002
}
    1000
IsFill
    1070
0
    1000
PathStart
    1040
0
    1000
ToolCompensation
    1002
{
    1070
0
    1040
0
    1070
0
    1002
}
       0
LWPOLYLINE
       5
21D4
     100
AcDbEntity
       8
1
     100
AcDbPolyline
      90
22
      70
1
      10
60
      20
70
      42
0
      10
60
      20
-30
      42
-0.414213562373095
      10
50
      20
-40
      42
0
      10
26
      20
-40
      42
-0.414213562373093
      10
25
      20
-39
      42
0
      10
25
      20
-1
      42
0.414213562373096
      10
24
      20
0
      42
0
      10
7
      20
0
      42
0
      10
7
      20
-2
      42
-0.414213562373095
      10
6
      20
-3
      42
0
      10
-6
      20
-3
      42
-0.414213562373095
      10
-7
      20
-2
      42
0
      10
-7
      20
0
      42
0
      10
-24
      20
-3.5527136788005E-15
      42
0.414213562373096
      10
-25
      20
-1
      42
0
      10
-25
      20
-39
      42
-0.414213562373093
      10
-26
      20
-40
      42
0
      10
-50
      20
-40
      42
-0.414213562373094
      10
-60
      20
-30
      42
0
      10
-60
      20
70
      42
-0.414213562373096
      10
-50
      20
80
      42
0
      10
50
      20
80
      42
-0.414213562373094
    1001
FS_CYPCUT
    1000
Channel
    1070
1
    1000
LeadIn
    1002
{
    1070
3
    1040
0.5
    1040
1.5707963267949
    1040
1
    1040
1
    1070
0
    1040
0.5
    1070
0
    1002
}
    1000
LeadOut
    1002
{
    1070
0
    1040
0
    1040
0
    1040
0
    1070
0
    1002
}
    1000
IsFill
    1070
1
    1000
PathStart
    1040
0.5
    1000
ToolCompensation
    1002
{
    1070
0
    1040
0
    1070
0
    1002
}
    1000
MicroConnect
    1002
{
    1070
1
    1040
18.9
    1041
0.8
    1042
0
    1002
}
       0
ENDBLK
       5
21D5
     330
203B
     100
AcDbEntity
       8
0
     100
AcDbBlockEnd
       0
BLOCK
       5
21D6
     330
203C
     100
AcDbEntity
       8
0
     100
AcDbBlockBegin
       2
Part301119582
      70
0
      10
-60
      20
-40
      30
0
       3
Part301119582
       1

       4
CypCutBlock
       0
CIRCLE
       5
21D7
     100
AcDbEntity
       8
1
     100
AcDbCircle
      10
-40
      20
67
      30
0
      40
3.4
    1001
FS_CYPCUT
    1000
Channel
    1070
1
    1000
LeadIn
    1002
{
    1070
3
    1040
0
    1040
1.5707963267949
    1040
1
    1040
1
    1070
0
    1040
0.5
    1070
0
    1002
}
    1000
LeadOut
    1002
{
    1070
0
    1040
0
    1040
0
    1040
0
    1070
0
    1002
}
    1000
IsFill
    1070
0
    1000
PathStart
    1040
0
    1000
ToolCompensation
    1002
{
    1070
0
    1040
0
    1070
0
    1002
}
       0
CIRCLE
       5
21D8
     100
AcDbEntity
       8
1
     100
AcDbCircle
      10
0
      20
67
      30
0
      40
3.39999999999998
    1001
FS_CYPCUT
    1000
Channel
    1070
1
    1000
LeadIn
    1002
{
    1070
3
    1040
0
    1040
1.5707963267949
    1040
1
    1040
1
    1070
0
    1040
0.5
    1070
0
    1002
}
    1000
LeadOut
    1002
{
    1070
0
    1040
0
    1040
0
    1040
0
    1070
0
    1002
}
    1000
IsFill
    1070
0
    1000
PathStart
    1040
1
    1000
ToolCompensation
    1002
{
    1070
0
    1040
0
    1070
0
    1002
}
       0
CIRCLE
       5
21D9
     100
AcDbEntity
       8
1
     100
AcDbCircle
      10
40
      20
67
      30
0
      40
3.4
    1001
FS_CYPCUT
    1000
Channel
    1070
1
    1000
LeadIn
    1002
{
    1070
3
    1040
0
    1040
1.5707963267949
    1040
1
    1040
1
    1070
0
    1040
0.5
    1070
0
    1002
}
    1000
LeadOut
    1002
{
    1070
0
    1040
0
    1040
0
    1040
0
    1070
0
    1002
}
    1000
IsFill
    1070
0
    1000
PathStart
    1040
0
    1000
ToolCompensation
    1002
{
    1070
0
    1040
0
    1070
0
    1002
}
       0
LWPOLYLINE
       5
21DA
     100
AcDbEntity
       8
1
     100
AcDbPolyline
      90
22
      70
1
      10
60
      20
70
      42
0
      10
60
      20
-30
      42
-0.414213562373095
      10
50
      20
-40
      42
0
      10
26
      20
-40
      42
-0.414213562373093
      10
25
      20
-39
      42
0
      10
25
      20
-1
      42
0.414213562373096
      10
24
      20
0
      42
0
      10
7
      20
0
      42
0
      10
7
      20
-2
      42
-0.414213562373095
      10
6
      20
-3
      42
0
      10
-6
      20
-3
      42
-0.414213562373095
      10
-7
      20
-2
      42
0
      10
-7
      20
0
      42
0
      10
-24
      20
-3.5527136788005E-15
      42
0.414213562373096
      10
-25
      20
-1
      42
0
      10
-25
      20
-39
      42
-0.414213562373093
      10
-26
      20
-40
      42
0
      10
-50
      20
-40
      42
-0.414213562373094
      10
-60
      20
-30
      42
0
      10
-60
      20
70
      42
-0.414213562373096
      10
-50
      20
80
      42
0
      10
50
      20
80
      42
-0.414213562373094
    1001
FS_CYPCUT
    1000
Channel
    1070
1
    1000
LeadIn
    1002
{
    1070
3
    1040
0.5
    1040
1.5707963267949
    1040
1
    1040
1
    1070
0
    1040
0.5
    1070
0
    1002
}
    1000
LeadOut
    1002
{
    1070
0
    1040
0
    1040
0
    1040
0
    1070
0
    1002
}
    1000
IsFill
    1070
1
    1000
PathStart
    1040
0.5
    1000
ToolCompensation
    1002
{
    1070
0
    1040
0
    1070
0
    1002
}
    1000
MicroConnect
    1002
{
    1070
1
    1040
18.9
    1041
0.8
    1042
0
    1002
}
       0
ENDBLK
       5
21DB
     330
203C
     100
AcDbEntity
       8
0
     100
AcDbBlockEnd
       0
BLOCK
       5
21DC
     330
203D
     100
AcDbEntity
       8
0
     100
AcDbBlockBegin
       2
Part1683212966
      70
0
      10
-60
      20
-40
      30
0
       3
Part1683212966
       1

       4
CypCutBlock
       0
CIRCLE
       5
21DD
     100
AcDbEntity
       8
1
     100
AcDbCircle
      10
-40
      20
67
      30
0
      40
3.4
    1001
FS_CYPCUT
    1000
Channel
    1070
1
    1000
LeadIn
    1002
{
    1070
3
    1040
0
    1040
1.5707963267949
    1040
1
    1040
1
    1070
0
    1040
0.5
    1070
0
    1002
}
    1000
LeadOut
    1002
{
    1070
0
    1040
0
    1040
0
    1040
0
    1070
0
    1002
}
    1000
IsFill
    1070
0
    1000
PathStart
    1040
0
    1000
ToolCompensation
    1002
{
    1070
0
    1040
0
    1070
0
    1002
}
       0
CIRCLE
       5
21DE
     100
AcDbEntity
       8
1
     100
AcDbCircle
      10
0
      20
67
      30
0
      40
3.39999999999998
    1001
FS_CYPCUT
    1000
Channel
    1070
1
    1000
LeadIn
    1002
{
    1070
3
    1040
0
    1040
1.5707963267949
    1040
1
    1040
1
    1070
0
    1040
0.5
    1070
0
    1002
}
    1000
LeadOut
    1002
{
    1070
0
    1040
0
    1040
0
    1040
0
    1070
0
    1002
}
    1000
IsFill
    1070
0
    1000
PathStart
    1040
1
    1000
ToolCompensation
    1002
{
    1070
0
    1040
0
    1070
0
    1002
}
       0
CIRCLE
       5
21DF
     100
AcDbEntity
       8
1
     100
AcDbCircle
      10
40
      20
67
      30
0
      40
3.4
    1001
FS_CYPCUT
    1000
Channel
    1070
1
    1000
LeadIn
    1002
{
    1070
3
    1040
0
    1040
1.5707963267949
    1040
1
    1040
1
    1070
0
    1040
0.5
    1070
0
    1002
}
    1000
LeadOut
    1002
{
    1070
0
    1040
0
    1040
0
    1040
0
    1070
0
    1002
}
    1000
IsFill
    1070
0
    1000
PathStart
    1040
0
    1000
ToolCompensation
    1002
{
    1070
0
    1040
0
    1070
0
    1002
}
       0
LWPOLYLINE
       5
21E0
     100
AcDbEntity
       8
1
     100
AcDbPolyline
      90
22
      70
1
      10
60
      20
70
      42
0
      10
60
      20
-30
      42
-0.414213562373095
      10
50
      20
-40
      42
0
      10
26
      20
-40
      42
-0.414213562373093
      10
25
      20
-39
      42
0
      10
25
      20
-1
      42
0.414213562373096
      10
24
      20
0
      42
0
      10
7
      20
0
      42
0
      10
7
      20
-2
      42
-0.414213562373095
      10
6
      20
-3
      42
0
      10
-6
      20
-3
      42
-0.414213562373095
      10
-7
      20
-2
      42
0
      10
-7
      20
0
      42
0
      10
-24
      20
-3.5527136788005E-15
      42
0.414213562373096
      10
-25
      20
-1
      42
0
      10
-25
      20
-39
      42
-0.414213562373093
      10
-26
      20
-40
      42
0
      10
-50
      20
-40
      42
-0.414213562373094
      10
-60
      20
-30
      42
0
      10
-60
      20
70
      42
-0.414213562373096
      10
-50
      20
80
      42
0
      10
50
      20
80
      42
-0.414213562373094
    1001
FS_CYPCUT
    1000
Channel
    1070
1
    1000
LeadIn
    1002
{
    1070
3
    1040
0.5
    1040
1.5707963267949
    1040
1
    1040
1
    1070
0
    1040
0.5
    1070
0
    1002
}
    1000
LeadOut
    1002
{
    1070
0
    1040
0
    1040
0
    1040
0
    1070
0
    1002
}
    1000
IsFill
    1070
1
    1000
PathStart
    1040
0.5
    1000
ToolCompensation
    1002
{
    1070
0
    1040
0
    1070
0
    1002
}
    1000
MicroConnect
    1002
{
    1070
1
    1040
18.9
    1041
0.8
    1042
0
    1002
}
       0
ENDBLK
       5
21E1
     330
203D
     100
AcDbEntity
       8
0
     100
AcDbBlockEnd
       0
BLOCK
       5
21E2
     330
203E
     100
AcDbEntity
       8
0
     100
AcDbBlockBegin
       2
Part882002832
      70
0
      10
-30.2625
      20
-4.4408921E-15
      30
0
       3
Part882002832
       1

       4
CypCutBlock
       0
CIRCLE
       5
21E3
     100
AcDbEntity
       8
1
     100
AcDbCircle
      10
0
      20
33
      30
0
      40
5.25
    1001
FS_CYPCUT
    1000
Channel
    1070
1
    1000
LeadIn
    1002
{
    1070
3
    1040
5.55111512312578E-17
    1040
1.5707963267949
    1040
1
    1040
1
    1070
0
    1040
0.5
    1070
0
    1002
}
    1000
LeadOut
    1002
{
    1070
0
    1040
0
    1040
0
    1040
0
    1070
0
    1002
}
    1000
IsFill
    1070
0
    1000
PathStart
    1040
5.55111512312578E-17
    1000
ToolCompensation
    1002
{
    1070
0
    1040
0
    1070
0
    1002
}
       0
CIRCLE
       5
21E4
     100
AcDbEntity
       8
1
     100
AcDbCircle
      10
0
      20
128
      30
0
      40
5.25000000000004
    1001
FS_CYPCUT
    1000
Channel
    1070
1
    1000
LeadIn
    1002
{
    1070
3
    1040
8.32667268468867E-17
    1040
1.5707963267949
    1040
1
    1040
1
    1070
0
    1040
0.5
    1070
0
    1002
}
    1000
LeadOut
    1002
{
    1070
0
    1040
0
    1040
0
    1040
0
    1070
0
    1002
}
    1000
IsFill
    1070
0
    1000
PathStart
    1040
8.32667268468867E-17
    1000
ToolCompensation
    1002
{
    1070
0
    1040
0
    1070
0
    1002
}
       0
LWPOLYLINE
       5
21E5
     100
AcDbEntity
       8
1
     100
AcDbPolyline
      90
20
      70
1
      10
30.2625
      20
117
      42
0.414213562373093
      10
29.2625
      20
118
      42
0
      10
25.5
      20
118
      42
0
      10
25.5
      20
154
      42
0.4142135623731
      10
21.5
      20
158
      42
0
      10
-21.5
      20
158
      42
0.414213562373091
      10
-25.5
      20
154
      42
0
      10
-25.5
      20
118
      42
0
      10
-29.2625
      20
118
      42
0.414213562373086
      10
-30.2625
      20
117
      42
0
      10
-30.2625
      20
89
      42
0.414213562373101
      10
-29.2625
      20
88
      42
0
      10
-25.5
      20
88
      42
0
      10
-25.5
      20
4
      42
0.414213562373095
      10
-21.5
      20
0
      42
0
      10
21.5
      20
-4.44089209850063E-15
      42
0.414213562373094
      10
25.5
      20
4
      42
0
      10
25.5
      20
88
      42
0
      10
29.2625
      20
88
      42
0.414213562373101
      10
30.2625
      20
89
      42
0
    1001
FS_CYPCUT
    1000
Channel
    1070
1
    1000
LeadIn
    1002
{
    1070
3
    1040
12.5
    1040
1.5707963267949
    1040
1
    1040
1
    1070
0
    1040
0.5
    1070
0
    1002
}
    1000
LeadOut
    1002
{
    1070
0
    1040
0
    1040
0
    1040
0
    1070
0
    1002
}
    1000
IsFill
    1070
1
    1000
PathStart
    1040
12.5
    1000
ToolCompensation
    1002
{
    1070
0
    1040
0
    1070
0
    1002
}
    1000
MicroConnect
    1002
{
    1070
2
    1040
6.519835
    1041
0.8
    1042
0
    1040
16.1871286
    1041
0.8
    1042
0
    1002
}
       0
ENDBLK
       5
21E6
     330
203E
     100
AcDbEntity
       8
0
     100
AcDbBlockEnd
       0
BLOCK
       5
21E7
     330
203F
     100
AcDbEntity
       8
0
     100
AcDbBlockBegin
       2
Part1129454218
      70
0
      10
-30.2625
      20
-4.4408921E-15
      30
0
       3
Part1129454218
       1

       4
CypCutBlock
       0
CIRCLE
       5
21E8
     100
AcDbEntity
       8
1
     100
AcDbCircle
      10
0
      20
33
      30
0
      40
5.25
    1001
FS_CYPCUT
    1000
Channel
    1070
1
    1000
LeadIn
    1002
{
    1070
3
    1040
5.55111512312578E-17
    1040
1.5707963267949
    1040
1
    1040
1
    1070
0
    1040
0.5
    1070
0
    1002
}
    1000
LeadOut
    1002
{
    1070
0
    1040
0
    1040
0
    1040
0
    1070
0
    1002
}
    1000
IsFill
    1070
0
    1000
PathStart
    1040
5.55111512312578E-17
    1000
ToolCompensation
    1002
{
    1070
0
    1040
0
    1070
0
    1002
}
       0
CIRCLE
       5
21E9
     100
AcDbEntity
       8
1
     100
AcDbCircle
      10
0
      20
128
      30
0
      40
5.25000000000004
    1001
FS_CYPCUT
    1000
Channel
    1070
1
    1000
LeadIn
    1002
{
    1070
3
    1040
8.32667268468867E-17
    1040
1.5707963267949
    1040
1
    1040
1
    1070
0
    1040
0.5
    1070
0
    1002
}
    1000
LeadOut
    1002
{
    1070
0
    1040
0
    1040
0
    1040
0
    1070
0
    1002
}
    1000
IsFill
    1070
0
    1000
PathStart
    1040
8.32667268468867E-17
    1000
ToolCompensation
    1002
{
    1070
0
    1040
0
    1070
0
    1002
}
       0
LWPOLYLINE
       5
21EA
     100
AcDbEntity
       8
1
     100
AcDbPolyline
      90
20
      70
1
      10
30.2625
      20
117
      42
0.414213562373093
      10
29.2625
      20
118
      42
0
      10
25.5
      20
118
      42
0
      10
25.5
      20
154
      42
0.4142135623731
      10
21.5
      20
158
      42
0
      10
-21.5
      20
158
      42
0.414213562373091
      10
-25.5
      20
154
      42
0
      10
-25.5
      20
118
      42
0
      10
-29.2625
      20
118
      42
0.414213562373086
      10
-30.2625
      20
117
      42
0
      10
-30.2625
      20
89
      42
0.414213562373101
      10
-29.2625
      20
88
      42
0
      10
-25.5
      20
88
      42
0
      10
-25.5
      20
4
      42
0.414213562373095
      10
-21.5
      20
0
      42
0
      10
21.5
      20
-4.44089209850063E-15
      42
0.414213562373094
      10
25.5
      20
4
      42
0
      10
25.5
      20
88
      42
0
      10
29.2625
      20
88
      42
0.414213562373101
      10
30.2625
      20
89
      42
0
    1001
FS_CYPCUT
    1000
Channel
    1070
1
    1000
LeadIn
    1002
{
    1070
3
    1040
12.5
    1040
1.5707963267949
    1040
1
    1040
1
    1070
0
    1040
0.5
    1070
0
    1002
}
    1000
LeadOut
    1002
{
    1070
0
    1040
0
    1040
0
    1040
0
    1070
0
    1002
}
    1000
IsFill
    1070
1
    1000
PathStart
    1040
12.5
    1000
ToolCompensation
    1002
{
    1070
0
    1040
0
    1070
0
    1002
}
    1000
MicroConnect
    1002
{
    1070
2
    1040
6.519835
    1041
0.8
    1042
0
    1040
16.1871286
    1041
0.8
    1042
0
    1002
}
       0
ENDBLK
       5
21EB
     330
203F
     100
AcDbEntity
       8
0
     100
AcDbBlockEnd
       0
BLOCK
       5
21EC
     330
2040
     100
AcDbEntity
       8
0
     100
AcDbBlockBegin
       2
Part455976257
      70
0
      10
-60
      20
-40
      30
0
       3
Part455976257
       1

       4
CypCutBlock
       0
CIRCLE
       5
21ED
     100
AcDbEntity
       8
1
     100
AcDbCircle
      10
-17
      20
37
      30
0
      40
3.5
    1001
FS_CYPCUT
    1000
Channel
    1070
1
    1000
LeadIn
    1002
{
    1070
3
    1040
0
    1040
1.5707963267949
    1040
1
    1040
1
    1070
0
    1040
0.5
    1070
0
    1002
}
    1000
LeadOut
    1002
{
    1070
0
    1040
0
    1040
0
    1040
0
    1070
0
    1002
}
    1000
IsFill
    1070
0
    1000
PathStart
    1040
1
    1000
ToolCompensation
    1002
{
    1070
0
    1040
0
    1070
0
    1002
}
       0
CIRCLE
       5
21EE
     100
AcDbEntity
       8
1
     100
AcDbCircle
      10
-17
      20
62
      30
0
      40
3.49999999999999
    1001
FS_CYPCUT
    1000
Channel
    1070
1
    1000
LeadIn
    1002
{
    1070
3
    1040
0
    1040
1.5707963267949
    1040
1
    1040
1
    1070
0
    1040
0.5
    1070
0
    1002
}
    1000
LeadOut
    1002
{
    1070
0
    1040
0
    1040
0
    1040
0
    1070
0
    1002
}
    1000
IsFill
    1070
0
    1000
PathStart
    1040
1
    1000
ToolCompensation
    1002
{
    1070
0
    1040
0
    1070
0
    1002
}
       0
LWPOLYLINE
       5
21EF
     100
AcDbEntity
       8
1
     100
AcDbPolyline
      90
4
      70
1
      10
3.675
      20
56
      42
0
      10
-3.675
      20
56
      42
0
      10
-3.675
      20
28
      42
0
      10
3.675
      20
28
      42
0
    1001
FS_CYPCUT
    1000
Channel
    1070
1
    1000
LeadIn
    1002
{
    1070
3
    1040
1.5
    1040
1.5707963267949
    1040
1
    1040
1
    1070
0
    1040
0.5
    1070
0
    1002
}
    1000
LeadOut
    1002
{
    1070
0
    1040
0
    1040
0
    1040
0
    1070
0
    1002
}
    1000
IsFill
    1070
0
    1000
PathStart
    1040
1.5
    1000
ToolCompensation
    1002
{
    1070
0
    1040
0
    1070
0
    1002
}
       0
CIRCLE
       5
21F0
     100
AcDbEntity
       8
1
     100
AcDbCircle
      10
17
      20
37
      30
0
      40
3.50000000000001
    1001
FS_CYPCUT
    1000
Channel
    1070
1
    1000
LeadIn
    1002
{
    1070
3
    1040
0
    1040
1.5707963267949
    1040
1
    1040
1
    1070
0
    1040
0.5
    1070
0
    1002
}
    1000
LeadOut
    1002
{
    1070
0
    1040
0
    1040
0
    1040
0
    1070
0
    1002
}
    1000
IsFill
    1070
0
    1000
PathStart
    1040
0
    1000
ToolCompensation
    1002
{
    1070
0
    1040
0
    1070
0
    1002
}
       0
CIRCLE
       5
21F1
     100
AcDbEntity
       8
1
     100
AcDbCircle
      10
17
      20
62
      30
0
      40
3.5
    1001
FS_CYPCUT
    1000
Channel
    1070
1
    1000
LeadIn
    1002
{
    1070
3
    1040
2.22044604925031E-16
    1040
1.5707963267949
    1040
1
    1040
1
    1070
0
    1040
0.5
    1070
0
    1002
}
    1000
LeadOut
    1002
{
    1070
0
    1040
0
    1040
0
    1040
0
    1070
0
    1002
}
    1000
IsFill
    1070
0
    1000
PathStart
    1040
2.22044604925031E-16
    1000
ToolCompensation
    1002
{
    1070
0
    1040
0
    1070
0
    1002
}
       0
LWPOLYLINE
       5
21F2
     100
AcDbEntity
       8
1
     100
AcDbPolyline
      90
22
      70
1
      10
60
      20
60
      42
0.414213562373095
      10
50
      20
70
      42
0
      10
-50
      20
70
      42
0.414213562373095
      10
-60
      20
60
      42
0
      10
-60
      20
-30
      42
0.414213562373094
      10
-50
      20
-40
      42
0
      10
-26
      20
-40
      42
0.414213562373093
      10
-25
      20
-39
      42
0
      10
-25
      20
-1
      42
-0.414213562373099
      10
-24
      20
-3.5527136788005E-15
      42
0
      10
-7
      20
0
      42
0
      10
-7
      20
-2
      42
0.414213562373095
      10
-6
      20
-3
      42
0
      10
6
      20
-3
      42
0.414213562373095
      10
7
      20
-2
      42
0
      10
7
      20
0
      42
0
      10
24
      20
0
      42
-0.414213562373096
      10
25
      20
-1
      42
0
      10
25
      20
-39
      42
0.414213562373093
      10
26
      20
-40
      42
0
      10
50
      20
-40
      42
0.414213562373095
      10
60
      20
-30
      42
0
    1001
FS_CYPCUT
    1000
Channel
    1070
1
    1000
LeadIn
    1002
{
    1070
3
    1040
1.5
    1040
1.5707963267949
    1040
1
    1040
1
    1070
0
    1040
0.5
    1070
0
    1002
}
    1000
LeadOut
    1002
{
    1070
0
    1040
0
    1040
0
    1040
0
    1070
0
    1002
}
    1000
IsFill
    1070
1
    1000
PathStart
    1040
1.5
    1000
ToolCompensation
    1002
{
    1070
0
    1040
0
    1070
0
    1002
}
    1000
MicroConnect
    1002
{
    1070
1
    1040
12.521722
    1041
0.8
    1042
0
    1002
}
       0
ENDBLK
       5
21F3
     330
2040
     100
AcDbEntity
       8
0
     100
AcDbBlockEnd
       0
BLOCK
       5
21F4
     330
2041
     100
AcDbEntity
       8
0
     100
AcDbBlockBegin
       2
Part464869939
      70
0
      10
-63.6500561
      20
-47.192458
      30
0
       3
Part464869939
       1

       4
CypCutBlock
       0
CIRCLE
       5
21F5
     100
AcDbEntity
       8
1
     100
AcDbCircle
      10
-50.6615716051
      20
-29.2494720038
      30
0
      40
6
    1001
FS_CYPCUT
    1000
Channel
    1070
1
    1000
LeadIn
    1002
{
    1070
3
    1040
0
    1040
1.5707963267949
    1040
1
    1040
1
    1070
0
    1040
0.5
    1070
0
    1002
}
    1000
LeadOut
    1002
{
    1070
0
    1040
0
    1040
0
    1040
0
    1070
0
    1002
}
    1000
IsFill
    1070
0
    1000
PathStart
    1040
0
    1000
ToolCompensation
    1002
{
    1070
0
    1040
0
    1070
0
    1002
}
       0
CIRCLE
       5
21F6
     100
AcDbEntity
       8
1
     100
AcDbCircle
      10
-41.365
      20
41.365
      30
0
      40
6.00000000000002
    1001
FS_CYPCUT
    1000
Channel
    1070
1
    1000
LeadIn
    1002
{
    1070
3
    1040
0
    1040
1.5707963267949
    1040
1
    1040
1
    1070
0
    1040
0.5
    1070
0
    1002
}
    1000
LeadOut
    1002
{
    1070
0
    1040
0
    1040
0
    1040
0
    1070
0
    1002
}
    1000
IsFill
    1070
0
    1000
PathStart
    1040
0
    1000
ToolCompensation
    1002
{
    1070
0
    1040
0
    1070
0
    1002
}
       0
CIRCLE
       5
21F7
     100
AcDbEntity
       8
1
     100
AcDbCircle
      10
0
      20
0
      30
0
      40
42.45
    1001
FS_CYPCUT
    1000
Channel
    1070
1
    1000
LeadIn
    1002
{
    1070
3
    1040
0
    1040
1.5707963267949
    1040
1
    1040
1
    1070
0
    1040
0.5
    1070
0
    1002
}
    1000
LeadOut
    1002
{
    1070
0
    1040
0
    1040
0
    1040
0
    1070
0
    1002
}
    1000
IsFill
    1070
0
    1000
PathStart
    1040
0
    1000
ToolCompensation
    1002
{
    1070
0
    1040
0
    1070
0
    1002
}
       0
CIRCLE
       5
21F8
     100
AcDbEntity
       8
1
     100
AcDbCircle
      10
41.365
      20
41.365
      30
0
      40
5.99999999999999
    1001
FS_CYPCUT
    1000
Channel
    1070
1
    1000
LeadIn
    1002
{
    1070
3
    1040
0
    1040
1.5707963267949
    1040
1
    1040
1
    1070
0
    1040
0.5
    1070
0
    1002
}
    1000
LeadOut
    1002
{
    1070
0
    1040
0
    1040
0
    1040
0
    1070
0
    1002
}
    1000
IsFill
    1070
0
    1000
PathStart
    1040
0
    1000
ToolCompensation
    1002
{
    1070
0
    1040
0
    1070
0
    1002
}
       0
CIRCLE
       5
21F9
     100
AcDbEntity
       8
1
     100
AcDbCircle
      10
50.6615716051
      20
-29.2494720038
      30
0
      40
6
    1001
FS_CYPCUT
    1000
Channel
    1070
1
    1000
LeadIn
    1002
{
    1070
3
    1040
0
    1040
1.5707963267949
    1040
1
    1040
1
    1070
0
    1040
0.5
    1070
0
    1002
}
    1000
LeadOut
    1002
{
    1070
0
    1040
0
    1040
0
    1040
0
    1070
0
    1002
}
    1000
IsFill
    1070
0
    1000
PathStart
    1040
0
    1000
ToolCompensation
    1002
{
    1070
0
    1040
0
    1070
0
    1002
}
       0
LWPOLYLINE
       5
21FA
     100
AcDbEntity
       8
1
     100
AcDbPolyline
      90
16
      70
1
      10
63.5461887877519
      20
-32.4904541545049
      42
-0.420853937967136
      10
54.8634266613783
      20
-43.8541207980111
      42
-0.0295884652391378
      10
1.49999999979386
      20
-47.1924580174273
      42
0
      10
1.5
      20
-44.1949460967
      42
0
      10
-1.5
      20
-44.1949460967
      42
0
      10
-1.5
      20
-47.1924580174
      42
-0.0295884652391379
      10
-54.8634266613783
      20
-43.8541207980112
      42
-0.420853937967136
      10
-63.5461887878
      20
-32.4904541545
      42
0
      10
-52.6088163312
      20
42.8025530042
      42
-0.372566297861683
      10
-42.7126836846
      20
51.365
      42
0
      10
-1.5
      20
51.365
      42
0
      10
-1.5
      20
48.365
      42
0
      10
1.5
      20
48.365
      42
0
      10
1.5
      20
51.365
      42
0
      10
42.7126836846
      20
51.365
      42
-0.372566297861683
      10
52.6088163312
      20
42.8025530042
      42
0
    1001
FS_CYPCUT
    1000
Channel
    1070
1
    1000
LeadIn
    1002
{
    1070
3
    1040
7.5
    1040
1.5707963267949
    1040
1
    1040
1
    1070
0
    1040
0.5
    1070
0
    1002
}
    1000
LeadOut
    1002
{
    1070
0
    1040
0
    1040
0
    1040
0
    1070
0
    1002
}
    1000
IsFill
    1070
1
    1000
PathStart
    1040
7.5
    1000
ToolCompensation
    1002
{
    1070
0
    1040
0
    1070
0
    1002
}
    1000
MicroConnect
    1002
{
    1070
2
    1040
1.32923305
    1041
0.8
    1042
0
    1040
13.8684197
    1041
0.8
    1042
0
    1002
}
       0
ENDBLK
       5
21FB
     330
2041
     100
AcDbEntity
       8
0
     100
AcDbBlockEnd
       0
BLOCK
       5
21FC
     330
2042
     100
AcDbEntity
       8
0
     100
AcDbBlockBegin
       2
Part1407599215
      70
0
      10
-90
      20
-53
      30
0
       3
Part1407599215
       1

       4
CypCutBlock
       0
LWPOLYLINE
       5
21FD
     100
AcDbEntity
       8
1
     100
AcDbPolyline
      90
8
      70
1
      10
-45
      20
-23
      42
0
      10
-45
      20
-30
      42
-0.414213562373096
      10
-48
      20
-33
      42
0
      10
-61
      20
-33
      42
-0.414213562373096
      10
-64
      20
-30
      42
0
      10
-64
      20
-23
      42
-0.414213562373096
      10
-61
      20
-20
      42
0
      10
-48
      20
-20
      42
-0.414213562373093
    1001
FS_CYPCUT
    1000
Channel
    1070
1
    1000
LeadIn
    1002
{
    1070
3
    1040
2.5
    1040
1.5707963267949
    1040
1
    1040
1
    1070
0
    1040
0.5
    1070
0
    1002
}
    1000
LeadOut
    1002
{
    1070
0
    1040
0
    1040
0
    1040
0
    1070
0
    1002
}
    1000
IsFill
    1070
0
    1000
PathStart
    1040
2.5
    1000
ToolCompensation
    1002
{
    1070
0
    1040
0
    1070
0
    1002
}
       0
CIRCLE
       5
21FE
     100
AcDbEntity
       8
1
     100
AcDbCircle
      10
-17
      20
-45
      30
0
      40
4.5
    1001
FS_CYPCUT
    1000
Channel
    1070
1
    1000
LeadIn
    1002
{
    1070
3
    1040
0
    1040
1.5707963267949
    1040
1
    1040
1
    1070
0
    1040
0.5
    1070
0
    1002
}
    1000
LeadOut
    1002
{
    1070
0
    1040
0
    1040
0
    1040
0
    1070
0
    1002
}
    1000
IsFill
    1070
0
    1000
PathStart
    1040
1
    1000
ToolCompensation
    1002
{
    1070
0
    1040
0
    1070
0
    1002
}
       0
CIRCLE
       5
21FF
     100
AcDbEntity
       8
1
     100
AcDbCircle
      10
-17
      20
-20
      30
0
      40
4.49999999999999
    1001
FS_CYPCUT
    1000
Channel
    1070
1
    1000
LeadIn
    1002
{
    1070
3
    1040
0
    1040
1.5707963267949
    1040
1
    1040
1
    1070
0
    1040
0.5
    1070
0
    1002
}
    1000
LeadOut
    1002
{
    1070
0
    1040
0
    1040
0
    1040
0
    1070
0
    1002
}
    1000
IsFill
    1070
0
    1000
PathStart
    1040
0
    1000
ToolCompensation
    1002
{
    1070
0
    1040
0
    1070
0
    1002
}
       0
CIRCLE
       5
2200
     100
AcDbEntity
       8
1
     100
AcDbCircle
      10
17
      20
-20
      30
0
      40
4.49999999999999
    1001
FS_CYPCUT
    1000
Channel
    1070
1
    1000
LeadIn
    1002
{
    1070
3
    1040
0
    1040
1.5707963267949
    1040
1
    1040
1
    1070
0
    1040
0.5
    1070
0
    1002
}
    1000
LeadOut
    1002
{
    1070
0
    1040
0
    1040
0
    1040
0
    1070
0
    1002
}
    1000
IsFill
    1070
0
    1000
PathStart
    1040
0
    1000
ToolCompensation
    1002
{
    1070
0
    1040
0
    1070
0
    1002
}
       0
CIRCLE
       5
2201
     100
AcDbEntity
       8
1
     100
AcDbCircle
      10
17
      20
-45
      30
0
      40
4.50000000000001
    1001
FS_CYPCUT
    1000
Channel
    1070
1
    1000
LeadIn
    1002
{
    1070
3
    1040
0
    1040
1.5707963267949
    1040
1
    1040
1
    1070
0
    1040
0.5
    1070
0
    1002
}
    1000
LeadOut
    1002
{
    1070
0
    1040
0
    1040
0
    1040
0
    1070
0
    1002
}
    1000
IsFill
    1070
0
    1000
PathStart
    1040
0
    1000
ToolCompensation
    1002
{
    1070
0
    1040
0
    1070
0
    1002
}
       0
LWPOLYLINE
       5
2202
     100
AcDbEntity
       8
1
     100
AcDbPolyline
      90
8
      70
1
      10
64
      20
-23
      42
0.414213562373096
      10
61
      20
-20
      42
0
      10
48
      20
-20
      42
0.414213562373094
      10
45
      20
-23
      42
0
      10
45
      20
-30
      42
0.414213562373095
      10
48
      20
-33
      42
0
      10
61
      20
-33
      42
0.414213562373095
      10
64
      20
-30
      42
0
    1001
FS_CYPCUT
    1000
Channel
    1070
1
    1000
LeadIn
    1002
{
    1070
3
    1040
1.5
    1040
1.5707963267949
    1040
1
    1040
1
    1070
0
    1040
0.5
    1070
0
    1002
}
    1000
LeadOut
    1002
{
    1070
0
    1040
0
    1040
0
    1040
0
    1070
0
    1002
}
    1000
IsFill
    1070
0
    1000
PathStart
    1040
1.5
    1000
ToolCompensation
    1002
{
    1070
0
    1040
0
    1070
0
    1002
}
       0
LWPOLYLINE
       5
2203
     100
AcDbEntity
       8
1
     100
AcDbPolyline
      90
20
      70
1
      10
90
      20
-46
      42
0
      10
90
      20
-51
      42
-0.414213562373099
      10
88
      20
-53
      42
0
      10
-88
      20
-53
      42
-0.414213562373099
      10
-90
      20
-51
      42
0
      10
-90
      20
-46
      42
0
      10
-84
      20
-46
      42
0
      10
-84
      20
-5
      42
-0.414213562373095
      10
-79
      20
0
      42
0
      10
-50
      20
0
      42
0
      10
-50
      20
4.7625
      42
0
      10
-30
      20
4.7625
      42
0
      10
-30
      20
0
      42
0
      10
30
      20
0
      42
0
      10
30
      20
4.7625
      42
0
      10
50
      20
4.7625
      42
0
      10
50
      20
0
      42
0
      10
79
      20
-1.24344978758018E-14
      42
-0.414213562373095
      10
84
      20
-5
      42
0
      10
84
      20
-46
      42
0
    1001
FS_CYPCUT
    1000
Channel
    1070
1
    1000
LeadIn
    1002
{
    1070
3
    1040
2.5
    1040
1.5707963267949
    1040
1
    1040
1
    1070
0
    1040
0.5
    1070
0
    1002
}
    1000
LeadOut
    1002
{
    1070
0
    1040
0
    1040
0
    1040
0
    1070
0
    1002
}
    1000
IsFill
    1070
1
    1000
PathStart
    1040
2.5
    1000
ToolCompensation
    1002
{
    1070
0
    1040
0
    1070
0
    1002
}
    1000
MicroConnect
    1002
{
    1070
2
    1040
4.47075948
    1041
0.8
    1042
0
    1040
16.8388536
    1041
0.8
    1042
0
    1002
}
       0
ENDBLK
       5
2204
     330
2042
     100
AcDbEntity
       8
0
     100
AcDbBlockEnd
       0
BLOCK
       5
2205
     330
2043
     100
AcDbEntity
       8
0
     100
AcDbBlockBegin
       2
CommonPart70715535
      70
0
      10
1136.452
      20
1187.0382
      30
0
       3
CommonPart70715535
       1

       4
CypCutBlock
       0
CIRCLE
       5
2206
     100
AcDbEntity
       8
1
     100
AcDbCircle
      10
1166.7145
      20
1220.0382
      30
0
      40
5.25
    1001
FS_CYPCUT
    1000
Channel
    1070
1
    1000
LeadIn
    1002
{
    1070
3
    1040
5.55111512312578E-17
    1040
1.5707963267949
    1040
1
    1040
1
    1070
0
    1040
0.5
    1070
0
    1002
}
    1000
LeadOut
    1002
{
    1070
0
    1040
0
    1040
0
    1040
0
    1070
0
    1002
}
    1000
IsFill
    1070
0
    1000
PathStart
    1040
5.55111512312578E-17
    1000
ToolCompensation
    1002
{
    1070
0
    1040
0
    1070
0
    1002
}
       0
CIRCLE
       5
2207
     100
AcDbEntity
       8
1
     100
AcDbCircle
      10
1166.7145
      20
1315.0382
      30
0
      40
5.25
    1001
FS_CYPCUT
    1000
Channel
    1070
1
    1000
LeadIn
    1002
{
    1070
3
    1040
8.32667268468867E-17
    1040
1.5707963267949
    1040
1
    1040
1
    1070
0
    1040
0.5
    1070
0
    1002
}
    1000
LeadOut
    1002
{
    1070
0
    1040
0
    1040
0
    1040
0
    1070
0
    1002
}
    1000
IsFill
    1070
0
    1000
PathStart
    1040
8.32667268468867E-17
    1000
ToolCompensation
    1002
{
    1070
0
    1040
0
    1070
0
    1002
}
       0
LWPOLYLINE
       5
2208
     100
AcDbEntity
       8
1
     100
AcDbPolyline
      90
20
      70
0
      10
1188.2145
      20
1345.0382
      42
-0.4142135623731
      10
1192.2145
      20
1341.0382
      42
0
      10
1192.2145
      20
1305.0382
      42
0
      10
1195.977
      20
1305.0382
      42
-0.414213562373093
      10
1196.977
      20
1304.0382
      42
0
      10
1196.977
      20
1276.0382
      42
-0.414213562373101
      10
1195.977
      20
1275.0382
      42
0
      10
1192.2145
      20
1275.0382
      42
0
      10
1192.2145
      20
1191.0382
      42
-0.414213562373094
      10
1188.2145
      20
1187.0382
      42
0
      10
1145.2145
      20
1187.0382
      42
-0.414213562373095
      10
1141.2145
      20
1191.0382
      42
0
      10
1141.2145
      20
1275.0382
      42
0
      10
1137.452
      20
1275.0382
      42
-0.414213562373101
      10
1136.452
      20
1276.0382
      42
0
      10
1136.452
      20
1304.0382
      42
-0.414213562373086
      10
1137.452
      20
1305.0382
      42
0
      10
1141.2145
      20
1305.0382
      42
0
      10
1141.2145
      20
1341.0382
      42
-0.414213562373091
      10
1145.2145
      20
1345.0382
      42
0
    1001
FS_CYPCUT
    1000
Channel
    1070
1
    1000
LeadIn
    1002
{
    1070
0
    1040
0.0159154943091894
    1040
1.5707963267949
    1040
1
    1040
1
    1070
0
    1040
0.5
    1070
0
    1002
}
    1000
LeadOut
    1002
{
    1070
0
    1040
0
    1040
0
    1040
0
    1070
0
    1002
}
    1000
IsFill
    1070
1
    1000
PathStart
    1040
0
    1000
ToolCompensation
    1002
{
    1070
0
    1040
0
    1070
0
    1002
}
    1000
MicroConnect
    1002
{
    1070
1
    1040
0
    1041
0.1
    1042
0
    1002
}
       0
CIRCLE
       5
2209
     100
AcDbEntity
       8
1
     100
AcDbCircle
      10
1166.7145
      20
1475.0383
      30
0
      40
7
    1001
FS_CYPCUT
    1000
Channel
    1070
1
    1000
LeadIn
    1002
{
    1070
3
    1040
0
    1040
1.5707963267949
    1040
1
    1040
1
    1070
0
    1040
0.5
    1070
0
    1002
}
    1000
LeadOut
    1002
{
    1070
0
    1040
0
    1040
0
    1040
0
    1070
0
    1002
}
    1000
IsFill
    1070
0
    1000
PathStart
    1040
0
    1000
ToolCompensation
    1002
{
    1070
0
    1040
0
    1070
0
    1002
}
       0
LWPOLYLINE
       5
220A
     100
AcDbEntity
       8
1
     100
AcDbPolyline
      90
32
      70
1
      10
1188.2145
      20
1345.0383
      42
0.414213562373095
      10
1192.2145
      20
1349.0383
      42
0
      10
1192.2145
      20
1365.0383
      42
0
      10
1195.977
      20
1365.0383
      42
0.414213562373091
      10
1196.977
      20
1366.0383
      42
0
      10
1196.977
      20
1384.0383
      42
0.414213562373098
      10
1195.977
      20
1385.0383
      42
0
      10
1192.2145
      20
1385.0383
      42
0
      10
1192.2145
      20
1460.0383
      42
0
      10
1195.977
      20
1460.0383
      42
0.414213562373099
      10
1196.977
      20
1461.0383
      42
0
      10
1196.977
      20
1479.0383
      42
0.414213562373104
      10
1195.977
      20
1480.0383
      42
0
      10
1192.2145
      20
1480.0383
      42
0
      10
1192.2145
      20
1496.0383
      42
0.4142135623731
      10
1188.2145
      20
1500.0383
      42
0
      10
1145.2145
      20
1500.0383
      42
0.414213562373095
      10
1141.2145
      20
1496.0383
      42
0
      10
1141.2145
      20
1480.0383
      42
0
      10
1137.452
      20
1480.0383
      42
0.41421356237311
      10
1136.452
      20
1479.0383
      42
0
      10
1136.452
      20
1461.0383
      42
0.414213562373099
      10
1137.452
      20
1460.0383
      42
0
      10
1141.2145
      20
1460.0383
      42
0
      10
1141.2145
      20
1385.0383
      42
0
      10
1137.452
      20
1385.0383
      42
0.414213562373098
      10
1136.452
      20
1384.0383
      42
0
      10
1136.452
      20
1366.0383
      42
0.414213562373097
      10
1137.452
      20
1365.0383
      42
0
      10
1141.2145
      20
1365.0383
      42
0
      10
1141.2145
      20
1349.0383
      42
0.414213562373095
      10
1145.2145
      20
1345.0383
      42
0
    1001
FS_CYPCUT
    1000
Channel
    1070
1
    1000
LeadIn
    1002
{
    1070
0
    1040
31
    1040
1.5707963267949
    1040
1
    1040
1
    1070
0
    1040
0.5
    1070
0
    1002
}
    1000
LeadOut
    1002
{
    1070
0
    1040
0
    1040
0
    1040
0
    1070
0
    1002
}
    1000
IsFill
    1070
1
    1000
PathStart
    1040
31
    1000
ToolCompensation
    1002
{
    1070
0
    1040
0
    1070
0
    1002
}
       0
ENDBLK
       5
220B
     330
2043
     100
AcDbEntity
       8
0
     100
AcDbBlockEnd
       0
BLOCK
       5
220C
     330
2044
     100
AcDbEntity
       8
0
     100
AcDbBlockBegin
       2
CommonPart1484453542
      70
0
      10
985.3742
      20
1171.9945
      30
0
       3
CommonPart1484453542
       1

       4
CypCutBlock
       0
CIRCLE
       5
220D
     100
AcDbEntity
       8
1
     100
AcDbCircle
      10
1015.6367
      20
1459.9946
      30
0
      40
7
    1001
FS_CYPCUT
    1000
Channel
    1070
1
    1000
LeadIn
    1002
{
    1070
3
    1040
0
    1040
1.5707963267949
    1040
1
    1040
1
    1070
0
    1040
0.5
    1070
0
    1002
}
    1000
LeadOut
    1002
{
    1070
0
    1040
0
    1040
0
    1040
0
    1070
0
    1002
}
    1000
IsFill
    1070
0
    1000
PathStart
    1040
0
    1000
ToolCompensation
    1002
{
    1070
0
    1040
0
    1070
0
    1002
}
       0
LWPOLYLINE
       5
220E
     100
AcDbEntity
       8
1
     100
AcDbPolyline
      90
32
      70
0
      10
994.1367
      20
1329.9946
      42
-0.414213562373095
      10
990.1367
      20
1333.9946
      42
0
      10
990.1367
      20
1349.9946
      42
0
      10
986.3742
      20
1349.9946
      42
-0.414213562373097
      10
985.3742
      20
1350.9946
      42
0
      10
985.3742
      20
1368.9946
      42
-0.414213562373098
      10
986.3742
      20
1369.9946
      42
0
      10
990.1367
      20
1369.9946
      42
0
      10
990.1367
      20
1444.9946
      42
0
      10
986.3742
      20
1444.9946
      42
-0.414213562373099
      10
985.3742
      20
1445.9946
      42
0
      10
985.3742
      20
1463.9946
      42
-0.41421356237311
      10
986.3742
      20
1464.9946
      42
0
      10
990.1367
      20
1464.9946
      42
0
      10
990.1367
      20
1480.9946
      42
-0.414213562373095
      10
994.1367
      20
1484.9946
      42
0
      10
1037.1367
      20
1484.9946
      42
-0.4142135623731
      10
1041.1367
      20
1480.9946
      42
0
      10
1041.1367
      20
1464.9946
      42
0
      10
1044.8992
      20
1464.9946
      42
-0.414213562373104
      10
1045.8992
      20
1463.9946
      42
0
      10
1045.8992
      20
1445.9946
      42
-0.414213562373099
      10
1044.8992
      20
1444.9946
      42
0
      10
1041.1367
      20
1444.9946
      42
0
      10
1041.1367
      20
1369.9946
      42
0
      10
1044.8992
      20
1369.9946
      42
-0.414213562373098
      10
1045.8992
      20
1368.9946
      42
0
      10
1045.8992
      20
1350.9946
      42
-0.414213562373091
      10
1044.8992
      20
1349.9946
      42
0
      10
1041.1367
      20
1349.9946
      42
0
      10
1041.1367
      20
1333.9946
      42
-0.414213562373095
      10
1037.1367
      20
1329.9946
      42
0
    1001
FS_CYPCUT
    1000
Channel
    1070
1
    1000
LeadIn
    1002
{
    1070
0
    1040
0.0159154943091895
    1040
1.5707963267949
    1040
1
    1040
1
    1070
0
    1040
0.5
    1070
0
    1002
}
    1000
LeadOut
    1002
{
    1070
0
    1040
0
    1040
0
    1040
0
    1070
0
    1002
}
    1000
IsFill
    1070
1
    1000
PathStart
    1040
0
    1000
ToolCompensation
    1002
{
    1070
0
    1040
0
    1070
0
    1002
}
    1000
MicroConnect
    1002
{
    1070
1
    1040
0
    1041
0.1
    1042
0
    1002
}
       0
CIRCLE
       5
220F
     100
AcDbEntity
       8
1
     100
AcDbCircle
      10
1015.6367
      20
1296.9945
      30
0
      40
5.25
    1001
FS_CYPCUT
    1000
Channel
    1070
1
    1000
LeadIn
    1002
{
    1070
3
    1040
5.55111512312578E-17
    1040
1.5707963267949
    1040
1
    1040
1
    1070
0
    1040
0.5
    1070
0
    1002
}
    1000
LeadOut
    1002
{
    1070
0
    1040
0
    1040
0
    1040
0
    1070
0
    1002
}
    1000
IsFill
    1070
0
    1000
PathStart
    1040
5.55111512312578E-17
    1000
ToolCompensation
    1002
{
    1070
0
    1040
0
    1070
0
    1002
}
       0
CIRCLE
       5
2210
     100
AcDbEntity
       8
1
     100
AcDbCircle
      10
1015.6367
      20
1201.9945
      30
0
      40
5.25
    1001
FS_CYPCUT
    1000
Channel
    1070
1
    1000
LeadIn
    1002
{
    1070
3
    1040
8.32667268468867E-17
    1040
1.5707963267949
    1040
1
    1040
1
    1070
0
    1040
0.5
    1070
0
    1002
}
    1000
LeadOut
    1002
{
    1070
0
    1040
0
    1040
0
    1040
0
    1070
0
    1002
}
    1000
IsFill
    1070
0
    1000
PathStart
    1040
8.32667268468867E-17
    1000
ToolCompensation
    1002
{
    1070
0
    1040
0
    1070
0
    1002
}
       0
LWPOLYLINE
       5
2211
     100
AcDbEntity
       8
1
     100
AcDbPolyline
      90
20
      70
1
      10
1037.1367
      20
1329.9945
      42
-0.414213562373095
      10
1041.1367
      20
1325.9945
      42
0
      10
1041.1367
      20
1241.9945
      42
0
      10
1044.8992
      20
1241.9945
      42
-0.414213562373101
      10
1045.8992
      20
1240.9945
      42
0
      10
1045.8992
      20
1212.9945
      42
-0.414213562373086
      10
1044.8992
      20
1211.9945
      42
0
      10
1041.1367
      20
1211.9945
      42
0
      10
1041.1367
      20
1175.9945
      42
-0.414213562373091
      10
1037.1367
      20
1171.9945
      42
0
      10
994.1367
      20
1171.9945
      42
-0.4142135623731
      10
990.1367
      20
1175.9945
      42
0
      10
990.1367
      20
1211.9945
      42
0
      10
986.3742
      20
1211.9945
      42
-0.414213562373093
      10
985.3742
      20
1212.9945
      42
0
      10
985.3742
      20
1240.9945
      42
-0.414213562373101
      10
986.3742
      20
1241.9945
      42
0
      10
990.1367
      20
1241.9945
      42
0
      10
990.1367
      20
1325.9945
      42
-0.414213562373094
      10
994.1367
      20
1329.9945
      42
0
    1001
FS_CYPCUT
    1000
Channel
    1070
1
    1000
LeadIn
    1002
{
    1070
0
    1040
19
    1040
1.5707963267949
    1040
1
    1040
1
    1070
0
    1040
0.5
    1070
0
    1002
}
    1000
LeadOut
    1002
{
    1070
0
    1040
0
    1040
0
    1040
0
    1070
0
    1002
}
    1000
IsFill
    1070
1
    1000
PathStart
    1040
19
    1000
ToolCompensation
    1002
{
    1070
0
    1040
0
    1070
0
    1002
}
       0
ENDBLK
       5
2212
     330
2044
     100
AcDbEntity
       8
0
     100
AcDbBlockEnd
       0
BLOCK
       5
2213
     330
2045
     100
AcDbEntity
       8
0
     100
AcDbBlockBegin
       2
Part184803086
      70
0
      10
-1.9095836E-14
      20
-30.2625
      30
0
       3
Part184803086
       1

       4
CypCutBlock
       0
CIRCLE
       5
2214
     100
AcDbEntity
       8
1
     100
AcDbCircle
      10
130
      20
0
      30
0
      40
7.00000000000009
    1001
FS_CYPCUT
    1000
Channel
    1070
1
    1000
LeadIn
    1002
{
    1070
3
    1040
0
    1040
1.5707963267949
    1040
1
    1040
1
    1070
0
    1040
0.5
    1070
0
    1002
}
    1000
LeadOut
    1002
{
    1070
0
    1040
0
    1040
0
    1040
0
    1070
0
    1002
}
    1000
IsFill
    1070
0
    1000
PathStart
    1040
1
    1000
ToolCompensation
    1002
{
    1070
0
    1040
0
    1070
0
    1002
}
       0
LWPOLYLINE
       5
2215
     100
AcDbEntity
       8
1
     100
AcDbPolyline
      90
32
      70
1
      10
155
      20
21.5
      42
0
      10
155
      20
-21.5
      42
-0.4142135623731
      10
151
      20
-25.5
      42
0
      10
135
      20
-25.5
      42
0
      10
135
      20
-29.2625
      42
-0.414213562373104
      10
134
      20
-30.2625
      42
0
      10
116
      20
-30.2625
      42
-0.414213562373099
      10
115
      20
-29.2625
      42
0
      10
115
      20
-25.5
      42
0
      10
40
      20
-25.5
      42
0
      10
40
      20
-29.2625
      42
-0.414213562373098
      10
39
      20
-30.2625
      42
0
      10
21
      20
-30.2625
      42
-0.414213562373091
      10
20
      20
-29.2625
      42
0
      10
20
      20
-25.5
      42
0
      10
4
      20
-25.5
      42
-0.414213562373095
      10
-1.77635683940025E-14
      20
-21.5
      42
0
      10
0
      20
21.5
      42
-0.414213562373095
      10
4
      20
25.5
      42
0
      10
20
      20
25.5
      42
0
      10
20
      20
29.2625
      42
-0.414213562373097
      10
21
      20
30.2625
      42
0
      10
39
      20
30.2625
      42
-0.414213562373098
      10
40
      20
29.2625
      42
0
      10
40
      20
25.5
      42
0
      10
115
      20
25.5
      42
0
      10
115
      20
29.2625
      42
-0.414213562373099
      10
116
      20
30.2625
      42
0
      10
134
      20
30.2625
      42
-0.41421356237311
      10
135
      20
29.2625
      42
0
      10
135
      20
25.5
      42
0
      10
151
      20
25.5
      42
-0.414213562373095
    1001
FS_CYPCUT
    1000
Channel
    1070
1
    1000
LeadIn
    1002
{
    1070
3
    1040
8.5
    1040
1.5707963267949
    1040
1
    1040
1
    1070
0
    1040
0.5
    1070
0
    1002
}
    1000
LeadOut
    1002
{
    1070
0
    1040
0
    1040
0
    1040
0
    1070
0
    1002
}
    1000
IsFill
    1070
1
    1000
PathStart
    1040
8.5
    1000
ToolCompensation
    1002
{
    1070
0
    1040
0
    1070
0
    1002
}
    1000
MicroConnect
    1002
{
    1070
2
    1040
5.55440817
    1041
0.8
    1042
0
    1040
21.6576727
    1041
0.8
    1042
0
    1002
}
       0
ENDBLK
       5
2216
     330
2045
     100
AcDbEntity
       8
0
     100
AcDbBlockEnd
       0
BLOCK
       5
2217
     330
2046
     100
AcDbEntity
       8
0
     100
AcDbBlockBegin
       2
Part579523912
      70
0
      10
-1.9095836E-14
      20
-30.2625
      30
0
       3
Part579523912
       1

       4
CypCutBlock
       0
CIRCLE
       5
2218
     100
AcDbEntity
       8
1
     100
AcDbCircle
      10
130
      20
0
      30
0
      40
7.00000000000009
    1001
FS_CYPCUT
    1000
Channel
    1070
1
    1000
LeadIn
    1002
{
    1070
3
    1040
0
    1040
1.5707963267949
    1040
1
    1040
1
    1070
0
    1040
0.5
    1070
0
    1002
}
    1000
LeadOut
    1002
{
    1070
0
    1040
0
    1040
0
    1040
0
    1070
0
    1002
}
    1000
IsFill
    1070
0
    1000
PathStart
    1040
1
    1000
ToolCompensation
    1002
{
    1070
0
    1040
0
    1070
0
    1002
}
       0
LWPOLYLINE
       5
2219
     100
AcDbEntity
       8
1
     100
AcDbPolyline
      90
32
      70
1
      10
155
      20
21.5
      42
0
      10
155
      20
-21.5
      42
-0.4142135623731
      10
151
      20
-25.5
      42
0
      10
135
      20
-25.5
      42
0
      10
135
      20
-29.2625
      42
-0.414213562373104
      10
134
      20
-30.2625
      42
0
      10
116
      20
-30.2625
      42
-0.414213562373099
      10
115
      20
-29.2625
      42
0
      10
115
      20
-25.5
      42
0
      10
40
      20
-25.5
      42
0
      10
40
      20
-29.2625
      42
-0.414213562373098
      10
39
      20
-30.2625
      42
0
      10
21
      20
-30.2625
      42
-0.414213562373091
      10
20
      20
-29.2625
      42
0
      10
20
      20
-25.5
      42
0
      10
4
      20
-25.5
      42
-0.414213562373095
      10
-1.77635683940025E-14
      20
-21.5
      42
0
      10
0
      20
21.5
      42
-0.414213562373095
      10
4
      20
25.5
      42
0
      10
20
      20
25.5
      42
0
      10
20
      20
29.2625
      42
-0.414213562373097
      10
21
      20
30.2625
      42
0
      10
39
      20
30.2625
      42
-0.414213562373098
      10
40
      20
29.2625
      42
0
      10
40
      20
25.5
      42
0
      10
115
      20
25.5
      42
0
      10
115
      20
29.2625
      42
-0.414213562373099
      10
116
      20
30.2625
      42
0
      10
134
      20
30.2625
      42
-0.41421356237311
      10
135
      20
29.2625
      42
0
      10
135
      20
25.5
      42
0
      10
151
      20
25.5
      42
-0.414213562373095
    1001
FS_CYPCUT
    1000
Channel
    1070
1
    1000
LeadIn
    1002
{
    1070
3
    1040
8.5
    1040
1.5707963267949
    1040
1
    1040
1
    1070
0
    1040
0.5
    1070
0
    1002
}
    1000
LeadOut
    1002
{
    1070
0
    1040
0
    1040
0
    1040
0
    1070
0
    1002
}
    1000
IsFill
    1070
1
    1000
PathStart
    1040
8.5
    1000
ToolCompensation
    1002
{
    1070
0
    1040
0
    1070
0
    1002
}
    1000
MicroConnect
    1002
{
    1070
2
    1040
5.55440817
    1041
0.8
    1042
0
    1040
21.6576727
    1041
0.8
    1042
0
    1002
}
       0
ENDBLK
       5
221A
     330
2046
     100
AcDbEntity
       8
0
     100
AcDbBlockEnd
       0
ENDSEC
       0
SECTION
       2
ENTITIES
       0
LWPOLYLINE
       5
221B
     100
AcDbEntity
       8
1
     100
AcDbPolyline
      90
12
      70
1
      10
2330.50955968777
      20
4300.84259458304
      42
0
      10
2375.10643545039
      20
4245.09649987982
      42
-0.628879656344588
      10
2371.20209140317
      20
4236.97302464204
      42
0
      10
2326.60521564057
      20
4236.97302464204
      42
-0.414213562373095
      10
2321.60521564057
      20
4241.97302464204
      42
0
      10
2321.60521564057
      20
4265.97302464204
      42
0
      10
2316.60521564057
      20
4265.97302464204
      42
-0.414213562373098
      10
2315.60521564057
      20
4266.97302464204
      42
0
      10
2315.60521564057
      20
4290.97302464204
      42
-0.414213562373103
      10
2316.60521564057
      20
4291.97302464204
      42
0
      10
2321.60521564057
      20
4291.97302464204
      42
0
      10
2321.60521564057
      20
4297.71911934524
      42
-0.708958225373806
    1001
FS_CYPCUT
    1000
Channel
    1070
1
    1000
LeadIn
    1002
{
    1070
3
    1040
0.5
    1040
1.5707963267949
    1040
1
    1040
1
    1070
0
    1040
0.5
    1070
0
    1002
}
    1000
LeadOut
    1002
{
    1070
0
    1040
0
    1040
0
    1040
0
    1070
0
    1002
}
    1000
IsFill
    1070
1
    1000
PathStart
    1040
0.5
    1000
ToolCompensation
    1002
{
    1070
0
    1040
0
    1070
0
    1002
}
    1000
MicroConnect
    1002
{
    1070
1
    1040
7.53637697
    1041
0.8
    1042
0
    1002
}
       0
LWPOLYLINE
       5
221C
     100
AcDbEntity
       8
1
     100
AcDbPolyline
      90
12
      70
1
      10
2558.54752146217
      20
4251.87739292664
      42
0
      10
2614.2936161654
      20
4296.47426868926
      42
-0.628879656344588
      10
2622.41709140317
      20
4292.56992464204
      42
0
      10
2622.41709140317
      20
4247.97304887944
      42
-0.414213562373095
      10
2617.41709140317
      20
4242.97304887944
      42
0
      10
2593.41709140317
      20
4242.97304887944
      42
0
      10
2593.41709140317
      20
4237.97304887944
      42
-0.414213562373098
      10
2592.41709140317
      20
4236.97304887944
      42
0
      10
2568.41709140317
      20
4236.97304887944
      42
-0.414213562373103
      10
2567.41709140317
      20
4237.97304887944
      42
0
      10
2567.41709140317
      20
4242.97304887944
      42
0
      10
2561.67099669997
      20
4242.97304887944
      42
-0.708958225373806
    1001
FS_CYPCUT
    1000
Channel
    1070
1
    1000
LeadIn
    1002
{
    1070
3
    1040
0.5
    1040
1.5707963267949
    1040
1
    1040
1
    1070
0
    1040
0.5
    1070
0
    1002
}
    1000
LeadOut
    1002
{
    1070
0
    1040
0
    1040
0
    1040
0
    1070
0
    1002
}
    1000
IsFill
    1070
1
    1000
PathStart
    1040
0.5
    1000
ToolCompensation
    1002
{
    1070
0
    1040
0
    1070
0
    1002
}
    1000
MicroConnect
    1002
{
    1070
1
    1040
7.53637697
    1041
0.8
    1042
0
    1002
}
       0
INSERT
       5
221D
     100
AcDbEntity
       8
1
     100
AcDbBlockReference
       2
Part1519018104
      10
2546.20959140317
      20
4366.59322464204
      30
0
      41
1
      42
1
      50
0
    1001
FS_CYPCUT
    1000
Channel
    1070
1
    1000
LeadIn
    1002
{
    1070
0
    1040
0
    1040
0
    1040
0
    1040
0
    1070
0
    1040
0
    1070
0
    1002
}
    1000
LeadOut
    1002
{
    1070
0
    1040
0
    1040
0
    1040
0
    1070
0
    1002
}
       0
INSERT
       5
221E
     100
AcDbEntity
       8
1
     100
AcDbBlockReference
       2
Part680143328
      10
2560.94119140317
      20
4452.59322464204
      30
0
      41
1
      42
1
      50
180
    1001
FS_CYPCUT
    1000
Channel
    1070
1
    1000
LeadIn
    1002
{
    1070
0
    1040
0
    1040
0
    1040
0
    1040
0
    1070
0
    1040
0
    1070
0
    1002
}
    1000
LeadOut
    1002
{
    1070
0
    1040
0
    1040
0
    1040
0
    1070
0
    1002
}
       0
INSERT
       5
221F
     100
AcDbEntity
       8
1
     100
AcDbBlockReference
       2
Part1531876194
      10
2491.44129140798
      20
4454.71552465128
      30
0
      41
1
      42
1
      50
269.999999977959
    1001
FS_CYPCUT
    1000
Channel
    1070
1
    1000
LeadIn
    1002
{
    1070
0
    1040
0
    1040
0
    1040
0
    1040
0
    1070
0
    1040
0
    1070
0
    1002
}
    1000
LeadOut
    1002
{
    1070
0
    1040
0
    1040
0
    1040
0
    1070
0
    1002
}
       0
INSERT
       5
2220
     100
AcDbEntity
       8
1
     100
AcDbBlockReference
       2
Part645245156
      10
2465.62169140317
      20
4337.79412464204
      30
0
      41
1
      42
1
      50
0
    1001
FS_CYPCUT
    1000
Channel
    1070
1
    1000
LeadIn
    1002
{
    1070
0
    1040
0
    1040
0
    1040
0
    1040
0
    1070
0
    1040
0
    1070
0
    1002
}
    1000
LeadOut
    1002
{
    1070
0
    1040
0
    1040
0
    1040
0
    1070
0
    1002
}
       0
INSERT
       5
2221
     100
AcDbEntity
       8
1
     100
AcDbBlockReference
       2
Part328370418
      10
2412.56068740317
      20
4316.35732464204
      30
0
      41
1
      42
1
      50
0
    1001
FS_CYPCUT
    1000
Channel
    1070
1
    1000
LeadIn
    1002
{
    1070
0
    1040
0
    1040
0
    1040
0
    1040
0
    1070
0
    1040
0
    1070
0
    1002
}
    1000
LeadOut
    1002
{
    1070
0
    1040
0
    1040
0
    1040
0
    1070
0
    1002
}
       0
LWPOLYLINE
       5
2222
     100
AcDbEntity
       8
1
     100
AcDbPolyline
      90
12
      70
1
      10
2460.84036134417
      20
4447.20455635744
      42
0
      10
2405.09426664094
      20
4402.60768059483
      42
-0.628879656344588
      10
2396.97079140317
      20
4406.51202464204
      42
0
      10
2396.97079140317
      20
4451.10890040464
      42
-0.414213562373095
      10
2401.97079140317
      20
4456.10890040464
      42
0
      10
2425.97079140317
      20
4456.10890040464
      42
0
      10
2425.97079140317
      20
4461.10890040464
      42
-0.414213562373098
      10
2426.97079140317
      20
4462.10890040464
      42
0
      10
2450.97079140317
      20
4462.10890040464
      42
-0.414213562373103
      10
2451.97079140317
      20
4461.10890040464
      42
0
      10
2451.97079140317
      20
4456.10890040464
      42
0
      10
2457.71688610637
      20
4456.10890040464
      42
-0.708958225373806
    1001
FS_CYPCUT
    1000
Channel
    1070
1
    1000
LeadIn
    1002
{
    1070
3
    1040
0.5
    1040
1.5707963267949
    1040
1
    1040
1
    1070
0
    1040
0.5
    1070
0
    1002
}
    1000
LeadOut
    1002
{
    1070
0
    1040
0
    1040
0
    1040
0
    1070
0
    1002
}
    1000
IsFill
    1070
0
    1000
PathStart
    1040
0.5
    1000
ToolCompensation
    1002
{
    1070
0
    1040
0
    1070
0
    1002
}
    1000
MicroConnect
    1002
{
    1070
1
    1040
7.53637697
    1041
0.8
    1042
0
    1002
}
       0
INSERT
       5
2223
     100
AcDbEntity
       8
1
     100
AcDbBlockReference
       2
Part1029178374
      10
2315.60489140317
      20
4236.96682464204
      30
0
      41
1
      42
1
      50
0
    1001
FS_CYPCUT
    1000
Channel
    1070
1
    1000
LeadIn
    1002
{
    1070
0
    1040
0
    1040
0
    1040
0
    1040
0
    1070
0
    1040
0
    1070
0
    1002
}
    1000
LeadOut
    1002
{
    1070
0
    1040
0
    1040
0
    1040
0
    1070
0
    1002
}
       0
INSERT
       5
2224
     100
AcDbEntity
       8
1
     100
AcDbBlockReference
       2
Part1849591903
      10
1844.72629140798
      20
4418.53712465128
      30
0
      41
1
      42
1
      50
269.999999977959
    1001
FS_CYPCUT
    1000
Channel
    1070
1
    1000
LeadIn
    1002
{
    1070
0
    1040
0
    1040
0
    1040
0
    1040
0
    1070
0
    1040
0
    1070
0
    1002
}
    1000
LeadOut
    1002
{
    1070
0
    1040
0
    1040
0
    1040
0
    1070
0
    1002
}
       0
LWPOLYLINE
       5
2225
     100
AcDbEntity
       8
1
     100
AcDbPolyline
      90
12
      70
1
      10
1906.84656134417
      20
4375.63275635744
      42
0
      10
1851.10046664094
      20
4331.03588059483
      42
-0.628879656344588
      10
1842.97699140317
      20
4334.94022464204
      42
0
      10
1842.97699140317
      20
4379.53710040464
      42
-0.414213562373095
      10
1847.97699140317
      20
4384.53710040464
      42
0
      10
1871.97699140317
      20
4384.53710040464
      42
0
      10
1871.97699140317
      20
4389.53710040464
      42
-0.414213562373098
      10
1872.97699140317
      20
4390.53710040464
      42
0
      10
1896.97699140317
      20
4390.53710040464
      42
-0.414213562373103
      10
1897.97699140317
      20
4389.53710040464
      42
0
      10
1897.97699140317
      20
4384.53710040464
      42
0
      10
1903.72308610637
      20
4384.53710040464
      42
-0.708958225373806
    1001
FS_CYPCUT
    1000
Channel
    1070
1
    1000
LeadIn
    1002
{
    1070
3
    1040
0.5
    1040
1.5707963267949
    1040
1
    1040
1
    1070
0
    1040
0.5
    1070
0
    1002
}
    1000
LeadOut
    1002
{
    1070
0
    1040
0
    1040
0
    1040
0
    1070
0
    1002
}
    1000
IsFill
    1070
0
    1000
PathStart
    1040
0.5
    1000
ToolCompensation
    1002
{
    1070
0
    1040
0
    1070
0
    1002
}
    1000
MicroConnect
    1002
{
    1070
1
    1040
7.53637697
    1041
0.8
    1042
0
    1002
}
       0
LWPOLYLINE
       5
2226
     100
AcDbEntity
       8
1
     100
AcDbPolyline
      90
12
      70
1
      10
1851.60732146217
      20
4327.54819292664
      42
0
      10
1907.3534161654
      20
4372.14506868926
      42
-0.628879656344588
      10
1915.47689140317
      20
4368.24072464204
      42
0
      10
1915.47689140317
      20
4323.64384887944
      42
-0.414213562373095
      10
1910.47689140317
      20
4318.64384887944
      42
0
      10
1886.47689140317
      20
4318.64384887944
      42
0
      10
1886.47689140317
      20
4313.64384887944
      42
-0.414213562373098
      10
1885.47689140317
      20
4312.64384887944
      42
0
      10
1861.47689140317
      20
4312.64384887944
      42
-0.414213562373103
      10
1860.47689140317
      20
4313.64384887944
      42
0
      10
1860.47689140317
      20
4318.64384887944
      42
0
      10
1854.73079669997
      20
4318.64384887944
      42
-0.708958225373806
    1001
FS_CYPCUT
    1000
Channel
    1070
1
    1000
LeadIn
    1002
{
    1070
3
    1040
0.5
    1040
1.5707963267949
    1040
1
    1040
1
    1070
0
    1040
0.5
    1070
0
    1002
}
    1000
LeadOut
    1002
{
    1070
0
    1040
0
    1040
0
    1040
0
    1070
0
    1002
}
    1000
IsFill
    1070
0
    1000
PathStart
    1040
0.5
    1000
ToolCompensation
    1002
{
    1070
0
    1040
0
    1070
0
    1002
}
    1000
MicroConnect
    1002
{
    1070
1
    1040
7.53637697
    1041
0.8
    1042
0
    1002
}
       0
INSERT
       5
2227
     100
AcDbEntity
       8
1
     100
AcDbBlockReference
       2
Part905521357
      10
1452.60689140317
      20
4236.97302464204
      30
0
      41
1
      42
1
      50
0
    1001
FS_CYPCUT
    1000
Channel
    1070
1
    1000
LeadIn
    1002
{
    1070
0
    1040
0
    1040
0
    1040
0
    1040
0
    1070
0
    1040
0
    1070
0
    1002
}
    1000
LeadOut
    1002
{
    1070
0
    1040
0
    1040
0
    1040
0
    1070
0
    1002
}
       0
LWPOLYLINE
       5
2228
     100
AcDbEntity
       8
1
     100
AcDbPolyline
      90
18
      70
1
      10
1761.31534998802
      20
4603.72590072755
      42
0.48362697990006
      10
1765.04834241606
      20
4595.09147444953
      42
0
      10
1767.46171622456
      20
4594.4448128865
      42
0.376723375711475
      10
1771.01121765869
      20
4596.19793962528
      42
0
      10
1773.78426195757
      20
4595.05328888527
      42
0
      10
1781.94461648257
      20
4603.85150541047
      42
0
      10
1780.59488983347
      20
4606.53072880037
      42
-0.359862365691464
      10
1805.69369564726
      20
4600.80724766167
      42
0
      10
1803.31587687847
      20
4598.97804622307
      42
0
      10
1806.85517863487
      20
4587.51186363787
      42
0
      10
1809.94999264834
      20
4587.33546831691
      42
0.380696584471215
      10
1819.88304927077
      20
4578.49062464207
      42
0
      10
1967.29089140317
      20
4578.49062464207
      42
0.414213562373089
      10
1970.29089140317
      20
4581.49062464207
      42
0
      10
1970.29089140317
      20
4595.49062464207
      42
0.414213562373094
      10
1967.29089140317
      20
4598.49062464207
      42
0
      10
1823.06627859327
      20
4598.49062464207
      42
-0.302147180171372
      10
1819.377523972
      20
4600.9436633161
      42
0.631011095861445
    1001
FS_CYPCUT
    1000
Channel
    1070
1
    1000
LeadIn
    1002
{
    1070
3
    1040
11.5
    1040
1.5707963267949
    1040
1
    1040
1
    1070
0
    1040
0.5
    1070
0
    1002
}
    1000
LeadOut
    1002
{
    1070
0
    1040
0
    1040
0
    1040
0
    1070
0
    1002
}
    1000
IsFill
    1070
1
    1000
PathStart
    1040
11.5
    1000
ToolCompensation
    1002
{
    1070
0
    1040
0
    1070
0
    1002
}
    1000
MicroConnect
    1002
{
    1070
2
    1040
11.7957443
    1041
0.8
    1042
0
    1040
15.9313602
    1041
0.8
    1042
0
    1002
}
       0
INSERT
       5
2229
     100
AcDbEntity
       8
1
     100
AcDbBlockReference
       2
Part1275967164
      10
2543.67609480317
      20
4723.08172464204
      30
0
      41
1
      42
1
      50
180
    1001
FS_CYPCUT
    1000
Channel
    1070
1
    1000
LeadIn
    1002
{
    1070
0
    1040
0
    1040
0
    1040
0
    1040
0
    1070
0
    1040
0
    1070
0
    1002
}
    1000
LeadOut
    1002
{
    1070
0
    1040
0
    1040
0
    1040
0
    1070
0
    1002
}
       0
INSERT
       5
222A
     100
AcDbEntity
       8
1
     100
AcDbBlockReference
       2
Part1761570336
      10
2315.60479140317
      20
4542.94782464204
      30
0
      41
1
      42
1
      50
0
    1001
FS_CYPCUT
    1000
Channel
    1070
1
    1000
LeadIn
    1002
{
    1070
0
    1040
0
    1040
0
    1040
0
    1040
0
    1070
0
    1040
0
    1070
0
    1002
}
    1000
LeadOut
    1002
{
    1070
0
    1040
0
    1040
0
    1040
0
    1070
0
    1002
}
       0
INSERT
       5
222B
     100
AcDbEntity
       8
1
     100
AcDbBlockReference
       2
Part986589861
      10
1742.42729140317
      20
4628.91912464204
      30
0
      41
1
      42
1
      50
0
    1001
FS_CYPCUT
    1000
Channel
    1070
1
    1000
LeadIn
    1002
{
    1070
0
    1040
0
    1040
0
    1040
0
    1040
0
    1070
0
    1040
0
    1070
0
    1002
}
    1000
LeadOut
    1002
{
    1070
0
    1040
0
    1040
0
    1040
0
    1070
0
    1002
}
       0
INSERT
       5
222C
     100
AcDbEntity
       8
1
     100
AcDbBlockReference
       2
Part1261060681
      10
1512.94899169163
      20
4725.02662481191
      30
0
      41
1
      42
1
      50
90.0000001836389
    1001
FS_CYPCUT
    1000
Channel
    1070
1
    1000
LeadIn
    1002
{
    1070
0
    1040
0
    1040
0
    1040
0
    1040
0
    1070
0
    1040
0
    1070
0
    1002
}
    1000
LeadOut
    1002
{
    1070
0
    1040
0
    1040
0
    1040
0
    1070
0
    1002
}
       0
INSERT
       5
222D
     100
AcDbEntity
       8
1
     100
AcDbBlockReference
       2
Part1966091067
      10
1739.42769185189
      20
4699.67092500018
      30
0
      41
1
      42
1
      50
90.0000001836389
    1001
FS_CYPCUT
    1000
Channel
    1070
1
    1000
LeadIn
    1002
{
    1070
0
    1040
0
    1040
0
    1040
0
    1040
0
    1070
0
    1040
0
    1070
0
    1002
}
    1000
LeadOut
    1002
{
    1070
0
    1040
0
    1040
0
    1040
0
    1070
0
    1002
}
       0
INSERT
       5
222E
     100
AcDbEntity
       8
1
     100
AcDbBlockReference
       2
Part1511770155
      10
2248.89749185189
      20
4699.49832500018
      30
0
      41
1
      42
1
      50
90.0000001836389
    1001
FS_CYPCUT
    1000
Channel
    1070
1
    1000
LeadIn
    1002
{
    1070
0
    1040
0
    1040
0
    1040
0
    1040
0
    1070
0
    1040
0
    1070
0
    1002
}
    1000
LeadOut
    1002
{
    1070
0
    1040
0
    1040
0
    1040
0
    1070
0
    1002
}
       0
INSERT
       5
222F
     100
AcDbEntity
       8
1
     100
AcDbBlockReference
       2
Part818906941
      10
2646.36744570718
      20
4837.6661686933
      30
0
      41
1
      42
1
      50
90.0000001836389
    1001
FS_CYPCUT
    1000
Channel
    1070
1
    1000
LeadIn
    1002
{
    1070
0
    1040
0
    1040
0
    1040
0
    1040
0
    1070
0
    1040
0
    1070
0
    1002
}
    1000
LeadOut
    1002
{
    1070
0
    1040
0
    1040
0
    1040
0
    1070
0
    1002
}
       0
INSERT
       5
2230
     100
AcDbEntity
       8
1
     100
AcDbBlockReference
       2
Part132516952
      10
2646.60689531327
      20
5005.59402109092
      30
0
      41
1
      42
1
      50
90.0000001836389
    1001
FS_CYPCUT
    1000
Channel
    1070
1
    1000
LeadIn
    1002
{
    1070
0
    1040
0
    1040
0
    1040
0
    1040
0
    1070
0
    1040
0
    1070
0
    1002
}
    1000
LeadOut
    1002
{
    1070
0
    1040
0
    1040
0
    1040
0
    1070
0
    1002
}
       0
INSERT
       5
2231
     100
AcDbEntity
       8
1
     100
AcDbBlockReference
       2
Part992336606
      10
2251.89759140317
      20
4848.94742464204
      30
0
      41
1
      42
1
      50
0
    1001
FS_CYPCUT
    1000
Channel
    1070
1
    1000
LeadIn
    1002
{
    1070
0
    1040
0
    1040
0
    1040
0
    1040
0
    1070
0
    1040
0
    1070
0
    1002
}
    1000
LeadOut
    1002
{
    1070
0
    1040
0
    1040
0
    1040
0
    1070
0
    1002
}
       0
INSERT
       5
2232
     100
AcDbEntity
       8
1
     100
AcDbBlockReference
       2
Part846832247
      10
2117.79648740317
      20
4982.49612464204
      30
0
      41
1
      42
1
      50
0
    1001
FS_CYPCUT
    1000
Channel
    1070
1
    1000
LeadIn
    1002
{
    1070
0
    1040
0
    1040
0
    1040
0
    1040
0
    1070
0
    1040
0
    1070
0
    1002
}
    1000
LeadOut
    1002
{
    1070
0
    1040
0
    1040
0
    1040
0
    1070
0
    1002
}
       0
INSERT
       5
2233
     100
AcDbEntity
       8
1
     100
AcDbBlockReference
       2
Part744883633
      10
1983.71278740317
      20
4982.49612464204
      30
0
      41
1
      42
1
      50
0
    1001
FS_CYPCUT
    1000
Channel
    1070
1
    1000
LeadIn
    1002
{
    1070
0
    1040
0
    1040
0
    1040
0
    1040
0
    1070
0
    1040
0
    1070
0
    1002
}
    1000
LeadOut
    1002
{
    1070
0
    1040
0
    1040
0
    1040
0
    1070
0
    1002
}
       0
INSERT
       5
2234
     100
AcDbEntity
       8
1
     100
AcDbBlockReference
       2
Part2073051738
      10
1965.90779185189
      20
4855.39912500018
      30
0
      41
1
      42
1
      50
90.0000001836389
    1001
FS_CYPCUT
    1000
Channel
    1070
1
    1000
LeadIn
    1002
{
    1070
0
    1040
0
    1040
0
    1040
0
    1040
0
    1070
0
    1040
0
    1070
0
    1002
}
    1000
LeadOut
    1002
{
    1070
0
    1040
0
    1040
0
    1040
0
    1070
0
    1002
}
       0
INSERT
       5
2235
     100
AcDbEntity
       8
1
     100
AcDbBlockReference
       2
Part988051913
      10
1674.60689171407
      20
4982.66182535358
      30
0
      41
1
      42
1
      50
90.0000001836389
    1001
FS_CYPCUT
    1000
Channel
    1070
1
    1000
LeadIn
    1002
{
    1070
0
    1040
0
    1040
0
    1040
0
    1040
0
    1070
0
    1040
0
    1070
0
    1002
}
    1000
LeadOut
    1002
{
    1070
0
    1040
0
    1040
0
    1040
0
    1070
0
    1002
}
       0
INSERT
       5
2236
     100
AcDbEntity
       8
1
     100
AcDbBlockReference
       2
Part894841110
      10
1452.60663530317
      20
5179.66096664204
      30
0
      41
1
      42
1
      50
0
    1001
FS_CYPCUT
    1000
Channel
    1070
1
    1000
LeadIn
    1002
{
    1070
0
    1040
0
    1040
0
    1040
0
    1040
0
    1070
0
    1040
0
    1070
0
    1002
}
    1000
LeadOut
    1002
{
    1070
0
    1040
0
    1040
0
    1040
0
    1070
0
    1002
}
       0
INSERT
       5
2237
     100
AcDbEntity
       8
1
     100
AcDbBlockReference
       2
Part1323622216
      10
1452.60689140317
      20
5281.21842464204
      30
0
      41
1
      42
1
      50
0
    1001
FS_CYPCUT
    1000
Channel
    1070
1
    1000
LeadIn
    1002
{
    1070
0
    1040
0
    1040
0
    1040
0
    1040
0
    1070
0
    1040
0
    1070
0
    1002
}
    1000
LeadOut
    1002
{
    1070
0
    1040
0
    1040
0
    1040
0
    1070
0
    1002
}
       0
INSERT
       5
2238
     100
AcDbEntity
       8
1
     100
AcDbBlockReference
       2
Part1758779061
      10
1452.60689141481
      20
5401.16262464204
      30
0
      41
1
      42
1
      50
269.999999977959
    1001
FS_CYPCUT
    1000
Channel
    1070
1
    1000
LeadIn
    1002
{
    1070
0
    1040
0
    1040
0
    1040
0
    1040
0
    1070
0
    1040
0
    1070
0
    1002
}
    1000
LeadOut
    1002
{
    1070
0
    1040
0
    1040
0
    1040
0
    1070
0
    1002
}
       0
INSERT
       5
2239
     100
AcDbEntity
       8
1
     100
AcDbBlockReference
       2
CommonPart1477271637
      10
1452.60689140317
      20
5399.40012464204
      30
0
      41
1
      42
1
      50
0
    1001
FS_CYPCUT
    1000
Channel
    1070
1
    1000
LeadIn
    1002
{
    1070
0
    1040
0
    1040
0
    1040
0
    1040
0
    1070
0
    1040
0
    1070
0
    1002
}
    1000
LeadOut
    1002
{
    1070
0
    1040
0
    1040
0
    1040
0
    1070
0
    1002
}
       0
INSERT
       5
223A
     100
AcDbEntity
       8
1
     100
AcDbBlockReference
       2
Part951799850
      10
1505.59809140317
      20
5518.68772464204
      30
0
      41
1
      42
1
      50
0
    1001
FS_CYPCUT
    1000
Channel
    1070
1
    1000
LeadIn
    1002
{
    1070
0
    1040
0
    1040
0
    1040
0
    1040
0
    1070
0
    1040
0
    1070
0
    1002
}
    1000
LeadOut
    1002
{
    1070
0
    1040
0
    1040
0
    1040
0
    1070
0
    1002
}
       0
INSERT
       5
223B
     100
AcDbEntity
       8
1
     100
AcDbBlockReference
       2
Part888655469
      10
1452.60689140317
      20
5577.45022464204
      30
0
      41
1
      42
1
      50
0
    1001
FS_CYPCUT
    1000
Channel
    1070
1
    1000
LeadIn
    1002
{
    1070
0
    1040
0
    1040
0
    1040
0
    1040
0
    1070
0
    1040
0
    1070
0
    1002
}
    1000
LeadOut
    1002
{
    1070
0
    1040
0
    1040
0
    1040
0
    1070
0
    1002
}
       0
INSERT
       5
223C
     100
AcDbEntity
       8
1
     100
AcDbBlockReference
       2
Part1142136226
      10
1452.60689140317
      20
5640.97522464204
      30
0
      41
1
      42
1
      50
0
    1001
FS_CYPCUT
    1000
Channel
    1070
1
    1000
LeadIn
    1002
{
    1070
0
    1040
0
    1040
0
    1040
0
    1040
0
    1070
0
    1040
0
    1070
0
    1002
}
    1000
LeadOut
    1002
{
    1070
0
    1040
0
    1040
0
    1040
0
    1070
0
    1002
}
       0
INSERT
       5
223D
     100
AcDbEntity
       8
1
     100
AcDbBlockReference
       2
Part1018614131
      10
1582.90443540317
      20
5179.66096664204
      30
0
      41
1
      42
1
      50
0
    1001
FS_CYPCUT
    1000
Channel
    1070
1
    1000
LeadIn
    1002
{
    1070
0
    1040
0
    1040
0
    1040
0
    1040
0
    1070
0
    1040
0
    1070
0
    1002
}
    1000
LeadOut
    1002
{
    1070
0
    1040
0
    1040
0
    1040
0
    1070
0
    1002
}
       0
INSERT
       5
223E
     100
AcDbEntity
       8
1
     100
AcDbBlockReference
       2
Part912819903
      10
1786.83039150017
      20
5324.68542464204
      30
0
      41
1
      42
1
      50
90.0000001836389
    1001
FS_CYPCUT
    1000
Channel
    1070
1
    1000
LeadIn
    1002
{
    1070
0
    1040
0
    1040
0
    1040
0
    1040
0
    1070
0
    1040
0
    1070
0
    1002
}
    1000
LeadOut
    1002
{
    1070
0
    1040
0
    1040
0
    1040
0
    1070
0
    1002
}
       0
INSERT
       5
223F
     100
AcDbEntity
       8
1
     100
AcDbBlockReference
       2
Part599336924
      10
1613.82159141481
      20
5443.97292464204
      30
0
      41
1
      42
1
      50
269.999999977959
    1001
FS_CYPCUT
    1000
Channel
    1070
1
    1000
LeadIn
    1002
{
    1070
0
    1040
0
    1040
0
    1040
0
    1040
0
    1070
0
    1040
0
    1070
0
    1002
}
    1000
LeadOut
    1002
{
    1070
0
    1040
0
    1040
0
    1040
0
    1070
0
    1002
}
       0
INSERT
       5
2240
     100
AcDbEntity
       8
1
     100
AcDbBlockReference
       2
Part343790305
      10
1771.57739150017
      20
5442.21042464204
      30
0
      41
1
      42
1
      50
90.0000001836389
    1001
FS_CYPCUT
    1000
Channel
    1070
1
    1000
LeadIn
    1002
{
    1070
0
    1040
0
    1040
0
    1040
0
    1040
0
    1070
0
    1040
0
    1070
0
    1002
}
    1000
LeadOut
    1002
{
    1070
0
    1040
0
    1040
0
    1040
0
    1070
0
    1002
}
       0
INSERT
       5
2241
     100
AcDbEntity
       8
1
     100
AcDbBlockReference
       2
CommonPart141338637
      10
1666.56859140317
      20
5500.97292464204
      30
0
      41
1
      42
1
      50
0
    1001
FS_CYPCUT
    1000
Channel
    1070
1
    1000
LeadIn
    1002
{
    1070
0
    1040
0
    1040
0
    1040
0
    1040
0
    1070
0
    1040
0
    1070
0
    1002
}
    1000
LeadOut
    1002
{
    1070
0
    1040
0
    1040
0
    1040
0
    1070
0
    1002
}
       0
INSERT
       5
2242
     100
AcDbEntity
       8
1
     100
AcDbBlockReference
       2
CommonPart2092661145
      10
1663.22049140317
      20
5564.49792464203
      30
0
      41
1
      42
1
      50
0
    1001
FS_CYPCUT
    1000
Channel
    1070
1
    1000
LeadIn
    1002
{
    1070
0
    1040
0
    1040
0
    1040
0
    1040
0
    1070
0
    1040
0
    1070
0
    1002
}
    1000
LeadOut
    1002
{
    1070
0
    1040
0
    1040
0
    1040
0
    1070
0
    1002
}
       0
INSERT
       5
2243
     100
AcDbEntity
       8
1
     100
AcDbBlockReference
       2
CommonPart223872127
      10
1626.18609140317
      20
5623.26042464204
      30
0
      41
1
      42
1
      50
0
    1001
FS_CYPCUT
    1000
Channel
    1070
1
    1000
LeadIn
    1002
{
    1070
0
    1040
0
    1040
0
    1040
0
    1040
0
    1070
0
    1040
0
    1070
0
    1002
}
    1000
LeadOut
    1002
{
    1070
0
    1040
0
    1040
0
    1040
0
    1070
0
    1002
}
       0
INSERT
       5
2244
     100
AcDbEntity
       8
1
     100
AcDbBlockReference
       2
Part638729970
      10
1944.45069140317
      20
5421.99242464204
      30
0
      41
1
      42
1
      50
180
    1001
FS_CYPCUT
    1000
Channel
    1070
1
    1000
LeadIn
    1002
{
    1070
0
    1040
0
    1040
0
    1040
0
    1040
0
    1070
0
    1040
0
    1070
0
    1002
}
    1000
LeadOut
    1002
{
    1070
0
    1040
0
    1040
0
    1040
0
    1070
0
    1002
}
       0
INSERT
       5
2245
     100
AcDbEntity
       8
1
     100
AcDbBlockReference
       2
Part1200916012
      10
2006.55089150017
      20
5441.48292464204
      30
0
      41
1
      42
1
      50
90.0000001836389
    1001
FS_CYPCUT
    1000
Channel
    1070
1
    1000
LeadIn
    1002
{
    1070
0
    1040
0
    1040
0
    1040
0
    1040
0
    1070
0
    1040
0
    1070
0
    1002
}
    1000
LeadOut
    1002
{
    1070
0
    1040
0
    1040
0
    1040
0
    1070
0
    1002
}
       0
INSERT
       5
2246
     100
AcDbEntity
       8
1
     100
AcDbBlockReference
       2
Part1716603691
      10
1850.33269140317
      20
5482.68462464204
      30
0
      41
1
      42
1
      50
180
    1001
FS_CYPCUT
    1000
Channel
    1070
1
    1000
LeadIn
    1002
{
    1070
0
    1040
0
    1040
0
    1040
0
    1040
0
    1070
0
    1040
0
    1070
0
    1002
}
    1000
LeadOut
    1002
{
    1070
0
    1040
0
    1040
0
    1040
0
    1070
0
    1002
}
       0
INSERT
       5
2247
     100
AcDbEntity
       8
1
     100
AcDbBlockReference
       2
Part676705652
      10
1875.39489140317
      20
5321.68542464204
      30
0
      41
1
      42
1
      50
180
    1001
FS_CYPCUT
    1000
Channel
    1070
1
    1000
LeadIn
    1002
{
    1070
0
    1040
0
    1040
0
    1040
0
    1040
0
    1070
0
    1040
0
    1070
0
    1002
}
    1000
LeadOut
    1002
{
    1070
0
    1040
0
    1040
0
    1040
0
    1070
0
    1002
}
       0
INSERT
       5
2248
     100
AcDbEntity
       8
1
     100
AcDbBlockReference
       2
Part935482328
      10
1842.90969140317
      20
5258.39822464204
      30
0
      41
1
      42
1
      50
180
    1001
FS_CYPCUT
    1000
Channel
    1070
1
    1000
LeadIn
    1002
{
    1070
0
    1040
0
    1040
0
    1040
0
    1040
0
    1070
0
    1040
0
    1070
0
    1002
}
    1000
LeadOut
    1002
{
    1070
0
    1040
0
    1040
0
    1040
0
    1070
0
    1002
}
       0
INSERT
       5
2249
     100
AcDbEntity
       8
1
     100
AcDbBlockReference
       2
Part2125304579
      10
1845.90943352766
      20
5265.6858807602
      30
0
      41
1
      42
1
      50
269.999999977959
    1001
FS_CYPCUT
    1000
Channel
    1070
1
    1000
LeadIn
    1002
{
    1070
0
    1040
0
    1040
0
    1040
0
    1040
0
    1070
0
    1040
0
    1070
0
    1002
}
    1000
LeadOut
    1002
{
    1070
0
    1040
0
    1040
0
    1040
0
    1070
0
    1002
}
       0
INSERT
       5
224A
     100
AcDbEntity
       8
1
     100
AcDbBlockReference
       2
Part995971909
      10
2088.90779140317
      20
5217.49212464204
      30
0
      41
1
      42
1
      50
180
    1001
FS_CYPCUT
    1000
Channel
    1070
1
    1000
LeadIn
    1002
{
    1070
0
    1040
0
    1040
0
    1040
0
    1040
0
    1070
0
    1040
0
    1070
0
    1002
}
    1000
LeadOut
    1002
{
    1070
0
    1040
0
    1040
0
    1040
0
    1070
0
    1002
}
       0
INSERT
       5
224B
     100
AcDbEntity
       8
1
     100
AcDbBlockReference
       2
CommonPart1143974567
      10
1947.44969140317
      20
5220.49212464206
      30
0
      41
1
      42
1
      50
0
    1001
FS_CYPCUT
    1000
Channel
    1070
1
    1000
LeadIn
    1002
{
    1070
0
    1040
0
    1040
0
    1040
0
    1040
0
    1070
0
    1040
0
    1070
0
    1002
}
    1000
LeadOut
    1002
{
    1070
0
    1040
0
    1040
0
    1040
0
    1070
0
    1002
}
       0
INSERT
       5
224C
     100
AcDbEntity
       8
1
     100
AcDbBlockReference
       2
Part662790077
      10
2104.05759150017
      20
5328.72962464204
      30
0
      41
1
      42
1
      50
90.0000001836389
    1001
FS_CYPCUT
    1000
Channel
    1070
1
    1000
LeadIn
    1002
{
    1070
0
    1040
0
    1040
0
    1040
0
    1040
0
    1070
0
    1040
0
    1070
0
    1002
}
    1000
LeadOut
    1002
{
    1070
0
    1040
0
    1040
0
    1040
0
    1070
0
    1002
}
       0
INSERT
       5
224D
     100
AcDbEntity
       8
1
     100
AcDbBlockReference
       2
Part1309636942
      10
1942.66649141481
      20
5448.01712464204
      30
0
      41
1
      42
1
      50
269.999999977959
    1001
FS_CYPCUT
    1000
Channel
    1070
1
    1000
LeadIn
    1002
{
    1070
0
    1040
0
    1040
0
    1040
0
    1040
0
    1070
0
    1040
0
    1070
0
    1002
}
    1000
LeadOut
    1002
{
    1070
0
    1040
0
    1040
0
    1040
0
    1070
0
    1002
}
       0
INSERT
       5
224E
     100
AcDbEntity
       8
1
     100
AcDbBlockReference
       2
Part507024904
      10
2167.52409150017
      20
5480.18072464204
      30
0
      41
1
      42
1
      50
90.0000001836389
    1001
FS_CYPCUT
    1000
Channel
    1070
1
    1000
LeadIn
    1002
{
    1070
0
    1040
0
    1040
0
    1040
0
    1040
0
    1070
0
    1040
0
    1070
0
    1002
}
    1000
LeadOut
    1002
{
    1070
0
    1040
0
    1040
0
    1040
0
    1070
0
    1002
}
       0
INSERT
       5
224F
     100
AcDbEntity
       8
1
     100
AcDbBlockReference
       2
Part265080373
      10
1979.54229140317
      20
5538.94322464204
      30
0
      41
1
      42
1
      50
0
    1001
FS_CYPCUT
    1000
Channel
    1070
1
    1000
LeadIn
    1002
{
    1070
0
    1040
0
    1040
0
    1040
0
    1040
0
    1070
0
    1040
0
    1070
0
    1002
}
    1000
LeadOut
    1002
{
    1070
0
    1040
0
    1040
0
    1040
0
    1070
0
    1002
}
       0
INSERT
       5
2250
     100
AcDbEntity
       8
1
     100
AcDbBlockReference
       2
Part128714420
      10
1976.19419140317
      20
5602.46822464204
      30
0
      41
1
      42
1
      50
0
    1001
FS_CYPCUT
    1000
Channel
    1070
1
    1000
LeadIn
    1002
{
    1070
0
    1040
0
    1040
0
    1040
0
    1040
0
    1070
0
    1040
0
    1070
0
    1002
}
    1000
LeadOut
    1002
{
    1070
0
    1040
0
    1040
0
    1040
0
    1070
0
    1002
}
       0
INSERT
       5
2251
     100
AcDbEntity
       8
1
     100
AcDbBlockReference
       2
Part1376891641
      10
1939.15979140317
      20
5661.23072464204
      30
0
      41
1
      42
1
      50
0
    1001
FS_CYPCUT
    1000
Channel
    1070
1
    1000
LeadIn
    1002
{
    1070
0
    1040
0
    1040
0
    1040
0
    1040
0
    1070
0
    1040
0
    1070
0
    1002
}
    1000
LeadOut
    1002
{
    1070
0
    1040
0
    1040
0
    1040
0
    1070
0
    1002
}
       0
INSERT
       5
2252
     100
AcDbEntity
       8
1
     100
AcDbBlockReference
       2
Part2059821617
      10
2158.27069140317
      20
5644.86572464204
      30
0
      41
1
      42
1
      50
0
    1001
FS_CYPCUT
    1000
Channel
    1070
1
    1000
LeadIn
    1002
{
    1070
0
    1040
0
    1040
0
    1040
0
    1040
0
    1070
0
    1040
0
    1070
0
    1002
}
    1000
LeadOut
    1002
{
    1070
0
    1040
0
    1040
0
    1040
0
    1070
0
    1002
}
       0
INSERT
       5
2253
     100
AcDbEntity
       8
1
     100
AcDbBlockReference
       2
Part863318918
      10
2376.73089140317
      20
5581.61952473904
      30
0
      41
1
      42
1
      50
90.0000001836389
    1001
FS_CYPCUT
    1000
Channel
    1070
1
    1000
LeadIn
    1002
{
    1070
0
    1040
0
    1040
0
    1040
0
    1040
0
    1070
0
    1040
0
    1070
0
    1002
}
    1000
LeadOut
    1002
{
    1070
0
    1040
0
    1040
0
    1040
0
    1070
0
    1002
}
       0
INSERT
       5
2254
     100
AcDbEntity
       8
1
     100
AcDbBlockReference
       2
Part783515171
      10
2137.51259140317
      20
5582.18222464204
      30
0
      41
1
      42
1
      50
0
    1001
FS_CYPCUT
    1000
Channel
    1070
1
    1000
LeadIn
    1002
{
    1070
0
    1040
0
    1040
0
    1040
0
    1040
0
    1070
0
    1040
0
    1070
0
    1002
}
    1000
LeadOut
    1002
{
    1070
0
    1040
0
    1040
0
    1040
0
    1070
0
    1002
}
       0
INSERT
       5
2255
     100
AcDbEntity
       8
1
     100
AcDbBlockReference
       2
Part173456599
      10
2170.49439140317
      20
5523.41972464204
      30
0
      41
1
      42
1
      50
0
    1001
FS_CYPCUT
    1000
Channel
    1070
1
    1000
LeadIn
    1002
{
    1070
0
    1040
0
    1040
0
    1040
0
    1040
0
    1070
0
    1040
0
    1070
0
    1002
}
    1000
LeadOut
    1002
{
    1070
0
    1040
0
    1040
0
    1040
0
    1070
0
    1002
}
       0
INSERT
       5
2256
     100
AcDbEntity
       8
1
     100
AcDbBlockReference
       2
Part1782408295
      10
2264.61299141481
      20
5525.19892464204
      30
0
      41
1
      42
1
      50
269.999999977959
    1001
FS_CYPCUT
    1000
Channel
    1070
1
    1000
LeadIn
    1002
{
    1070
0
    1040
0
    1040
0
    1040
0
    1040
0
    1070
0
    1040
0
    1070
0
    1002
}
    1000
LeadOut
    1002
{
    1070
0
    1040
0
    1040
0
    1040
0
    1070
0
    1002
}
       0
INSERT
       5
2257
     100
AcDbEntity
       8
1
     100
AcDbBlockReference
       2
Part1453748921
      10
2426.00409150017
      20
5405.91142464204
      30
0
      41
1
      42
1
      50
90.0000001836389
    1001
FS_CYPCUT
    1000
Channel
    1070
1
    1000
LeadIn
    1002
{
    1070
0
    1040
0
    1040
0
    1040
0
    1040
0
    1070
0
    1040
0
    1070
0
    1002
}
    1000
LeadOut
    1002
{
    1070
0
    1040
0
    1040
0
    1040
0
    1070
0
    1002
}
       0
INSERT
       5
2258
     100
AcDbEntity
       8
1
     100
AcDbBlockReference
       2
Part1782064545
      10
2103.63969141481
      20
5486.71492464204
      30
0
      41
1
      42
1
      50
269.999999977959
    1001
FS_CYPCUT
    1000
Channel
    1070
1
    1000
LeadIn
    1002
{
    1070
0
    1040
0
    1040
0
    1040
0
    1040
0
    1070
0
    1040
0
    1070
0
    1002
}
    1000
LeadOut
    1002
{
    1070
0
    1040
0
    1040
0
    1040
0
    1070
0
    1002
}
       0
INSERT
       5
2259
     100
AcDbEntity
       8
1
     100
AcDbBlockReference
       2
Part1515863508
      10
2265.03079150017
      20
5367.42742464204
      30
0
      41
1
      42
1
      50
90.0000001836389
    1001
FS_CYPCUT
    1000
Channel
    1070
1
    1000
LeadIn
    1002
{
    1070
0
    1040
0
    1040
0
    1040
0
    1040
0
    1070
0
    1040
0
    1070
0
    1002
}
    1000
LeadOut
    1002
{
    1070
0
    1040
0
    1040
0
    1040
0
    1070
0
    1002
}
       0
INSERT
       5
225A
     100
AcDbEntity
       8
1
     100
AcDbBlockReference
       2
Part1900088367
      10
2190.44989140317
      20
5311.42742464204
      30
0
      41
1
      42
1
      50
0
    1001
FS_CYPCUT
    1000
Channel
    1070
1
    1000
LeadIn
    1002
{
    1070
0
    1040
0
    1040
0
    1040
0
    1040
0
    1070
0
    1040
0
    1070
0
    1002
}
    1000
LeadOut
    1002
{
    1070
0
    1040
0
    1040
0
    1040
0
    1070
0
    1002
}
       0
INSERT
       5
225B
     100
AcDbEntity
       8
1
     100
AcDbBlockReference
       2
CommonPart
      10
2214.86839140317
      20
5198.42742464204
      30
0
      41
1
      42
1
      50
0
    1001
FS_CYPCUT
    1000
Channel
    1070
1
    1000
LeadIn
    1002
{
    1070
0
    1040
0
    1040
0
    1040
0
    1040
0
    1070
0
    1040
0
    1070
0
    1002
}
    1000
LeadOut
    1002
{
    1070
0
    1040
0
    1040
0
    1040
0
    1070
0
    1002
}
       0
INSERT
       5
225C
     100
AcDbEntity
       8
1
     100
AcDbBlockReference
       2
Part1822416826
      10
2358.90429140317
      20
5195.42742464204
      30
0
      41
1
      42
1
      50
180
    1001
FS_CYPCUT
    1000
Channel
    1070
1
    1000
LeadIn
    1002
{
    1070
0
    1040
0
    1040
0
    1040
0
    1040
0
    1070
0
    1040
0
    1070
0
    1002
}
    1000
LeadOut
    1002
{
    1070
0
    1040
0
    1040
0
    1040
0
    1070
0
    1002
}
       0
INSERT
       5
225D
     100
AcDbEntity
       8
1
     100
AcDbBlockReference
       2
Part301119582
      10
2211.90689140317
      20
5217.49212464204
      30
0
      41
1
      42
1
      50
180
    1001
FS_CYPCUT
    1000
Channel
    1070
1
    1000
LeadIn
    1002
{
    1070
0
    1040
0
    1040
0
    1040
0
    1040
0
    1070
0
    1040
0
    1070
0
    1002
}
    1000
LeadOut
    1002
{
    1070
0
    1040
0
    1040
0
    1040
0
    1070
0
    1002
}
       0
INSERT
       5
225E
     100
AcDbEntity
       8
1
     100
AcDbBlockReference
       2
Part1683212966
      10
2481.90339140317
      20
5195.42742464204
      30
0
      41
1
      42
1
      50
180
    1001
FS_CYPCUT
    1000
Channel
    1070
1
    1000
LeadIn
    1002
{
    1070
0
    1040
0
    1040
0
    1040
0
    1040
0
    1070
0
    1040
0
    1070
0
    1002
}
    1000
LeadOut
    1002
{
    1070
0
    1040
0
    1040
0
    1040
0
    1070
0
    1002
}
       0
INSERT
       5
225F
     100
AcDbEntity
       8
1
     100
AcDbBlockReference
       2
Part882002832
      10
2525.44999150017
      20
5347.14892464204
      30
0
      41
1
      42
1
      50
90.0000001836389
    1001
FS_CYPCUT
    1000
Channel
    1070
1
    1000
LeadIn
    1002
{
    1070
0
    1040
0
    1040
0
    1040
0
    1040
0
    1070
0
    1040
0
    1070
0
    1002
}
    1000
LeadOut
    1002
{
    1070
0
    1040
0
    1040
0
    1040
0
    1070
0
    1002
}
       0
INSERT
       5
2260
     100
AcDbEntity
       8
1
     100
AcDbBlockReference
       2
Part1129454218
      10
2588.94929140317
      20
5509.91142464204
      30
0
      41
1
      42
1
      50
180
    1001
FS_CYPCUT
    1000
Channel
    1070
1
    1000
LeadIn
    1002
{
    1070
0
    1040
0
    1040
0
    1040
0
    1040
0
    1070
0
    1040
0
    1070
0
    1002
}
    1000
LeadOut
    1002
{
    1070
0
    1040
0
    1040
0
    1040
0
    1070
0
    1002
}
       0
INSERT
       5
2261
     100
AcDbEntity
       8
1
     100
AcDbBlockReference
       2
Part455976257
      10
2577.86859140317
      20
5348.91142464204
      30
0
      41
1
      42
1
      50
180
    1001
FS_CYPCUT
    1000
Channel
    1070
1
    1000
LeadIn
    1002
{
    1070
0
    1040
0
    1040
0
    1040
0
    1040
0
    1070
0
    1040
0
    1070
0
    1002
}
    1000
LeadOut
    1002
{
    1070
0
    1040
0
    1040
0
    1040
0
    1070
0
    1002
}
       0
INSERT
       5
2262
     100
AcDbEntity
       8
1
     100
AcDbBlockReference
       2
Part464869939
      10
2484.90303140317
      20
5137.35396664204
      30
0
      41
1
      42
1
      50
0
    1001
FS_CYPCUT
    1000
Channel
    1070
1
    1000
LeadIn
    1002
{
    1070
0
    1040
0
    1040
0
    1040
0
    1040
0
    1070
0
    1040
0
    1070
0
    1002
}
    1000
LeadOut
    1002
{
    1070
0
    1040
0
    1040
0
    1040
0
    1070
0
    1002
}
       0
INSERT
       5
2263
     100
AcDbEntity
       8
1
     100
AcDbBlockReference
       2
Part1407599215
      10
2646.60689169163
      20
5231.31362481191
      30
0
      41
1
      42
1
      50
90.0000001836389
    1001
FS_CYPCUT
    1000
Channel
    1070
1
    1000
LeadIn
    1002
{
    1070
0
    1040
0
    1040
0
    1040
0
    1040
0
    1070
0
    1040
0
    1070
0
    1002
}
    1000
LeadOut
    1002
{
    1070
0
    1040
0
    1040
0
    1040
0
    1070
0
    1002
}
       0
INSERT
       5
2264
     100
AcDbEntity
       8
1
     100
AcDbBlockReference
       2
CommonPart70715535
      10
2586.05879140317
      20
5421.01122464204
      30
0
      41
1
      42
1
      50
0
    1001
FS_CYPCUT
    1000
Channel
    1070
1
    1000
LeadIn
    1002
{
    1070
0
    1040
0
    1040
0
    1040
0
    1040
0
    1070
0
    1040
0
    1070
0
    1002
}
    1000
LeadOut
    1002
{
    1070
0
    1040
0
    1040
0
    1040
0
    1070
0
    1002
}
       0
INSERT
       5
2265
     100
AcDbEntity
       8
1
     100
AcDbBlockReference
       2
CommonPart1484453542
      10
2434.98099140317
      20
5405.96752464204
      30
0
      41
1
      42
1
      50
0
    1001
FS_CYPCUT
    1000
Channel
    1070
1
    1000
LeadIn
    1002
{
    1070
0
    1040
0
    1040
0
    1040
0
    1040
0
    1070
0
    1040
0
    1070
0
    1002
}
    1000
LeadOut
    1002
{
    1070
0
    1040
0
    1040
0
    1040
0
    1070
0
    1002
}
       0
INSERT
       5
2266
     100
AcDbEntity
       8
1
     100
AcDbBlockReference
       2
Part184803086
      10
2554.26859140317
      20
5512.88702473904
      30
0
      41
1
      42
1
      50
90.0000001836389
    1001
FS_CYPCUT
    1000
Channel
    1070
1
    1000
LeadIn
    1002
{
    1070
0
    1040
0
    1040
0
    1040
0
    1040
0
    1070
0
    1040
0
    1070
0
    1002
}
    1000
LeadOut
    1002
{
    1070
0
    1040
0
    1040
0
    1040
0
    1070
0
    1002
}
       0
INSERT
       5
2267
     100
AcDbEntity
       8
1
     100
AcDbBlockReference
       2
Part579523912
      10
2436.27839140317
      20
5527.64232473904
      30
0
      41
1
      42
1
      50
90.0000001836389
    1001
FS_CYPCUT
    1000
Channel
    1070
1
    1000
LeadIn
    1002
{
    1070
0
    1040
0
    1040
0
    1040
0
    1040
0
    1070
0
    1040
0
    1070
0
    1002
}
    1000
LeadOut
    1002
{
    1070
0
    1040
0
    1040
0
    1040
0
    1070
0
    1002
}
       0
ENDSEC
  0
SECTION
  2
OBJECTS
  0
DICTIONARY
  5
111
330
0
100
AcDbDictionary
281
     1
  3
ACAD_COLOR
350
120
  3
ACAD_GROUP
350
112
  3
ACAD_LAYOUT
350
11E
  3
ACAD_MATERIAL
350
11F
  3
ACAD_MLINESTYLE
350
11B
  3
ACAD_PLOTSETTINGS
350
11D
  3
ACAD_PLOTSTYLENAME
350
113
  3
ACAD_TABLESTYLE
350
121
  3
AcDbVariableDictionary
350
135
  0
DICTIONARY
  5
120
102
{ACAD_REACTORS
330
111
102
}
330
111
100
AcDbDictionary
281
     1
  0
DICTIONARY
  5
112
102
{ACAD_REACTORS
330
111
102
}
330
111
100
AcDbDictionary
281
     1
  0
DICTIONARY
  5
11E
102
{ACAD_REACTORS
330
111
102
}
330
111
100
AcDbDictionary
281
     1
  3
Model
350
12A
  3
布局1
350
126
  0
DICTIONARY
  5
11F
102
{ACAD_REACTORS
330
111
102
}
330
111
100
AcDbDictionary
281
     1
  0
DICTIONARY
  5
11B
102
{ACAD_REACTORS
330
111
102
}
330
111
100
AcDbDictionary
281
     1
  3
Standard
350
11C
  0
DICTIONARY
  5
11D
102
{ACAD_REACTORS
330
111
102
}
330
111
100
AcDbDictionary
281
     1
  0
ACDBDICTIONARYWDFLT
  5
113
102
{ACAD_REACTORS
330
111
102
}
330
111
100
AcDbDictionary
281
     1
  3
Normal
350
114
100
AcDbDictionaryWithDefault
340
114
  0
DICTIONARY
  5
121
102
{ACAD_REACTORS
330
111
102
}
330
111
100
AcDbDictionary
281
     1
  3
Standard
350
122
  0
DICTIONARY
  5
135
102
{ACAD_REACTORS
330
111
102
}
330
111
100
AcDbDictionary
281
     1
  3
CTABLESTYLE
350
136
  0
LAYOUT
  5
12A
102
{ACAD_REACTORS
330
11E
102
}
330
11E
100
AcDbPlotSettings
  1

  2
发送至 OneNote 2010
  4

  6

 40
0.0
 41
0.0
 42
0.0
 43
0.0
 44
0.0
 45
0.0
 46
0.0
 47
0.0
 48
0.0
 49
0.0
140
0.0
141
0.0
142
1.0
143
1.0
 70
  1712
 72
     0
 73
     0
 74
     0
  7

 75
     0
147
1.0
 76
     0
 77
     2
 78
   300
148
0.0
149
0.0
100
AcDbLayout
  1
Model
 70
     1
 71
     0
 10
0.0
 20
0.0
 11
12.0
 21
9.0
 12
0.0
 22
0.0
 32
0.0
 14
0.0
 24
0.0
 34
0.0
 15
0.0
 25
0.0
 35
0.0
146
0.0
 13
0.0
 23
0.0
 33
0.0
 16
1.0
 26
0.0
 36
0.0
 17
0.0
 27
1.0
 37
0.0
 76
     0
330
127
  0
LAYOUT
  5
126
102
{ACAD_REACTORS
330
11E
102
}
330
11E
100
AcDbPlotSettings
  1

  2
发送至 OneNote 2010
  4

  6

 40
0.0
 41
0.0
 42
0.0
 43
0.0
 44
0.0
 45
0.0
 46
0.0
 47
0.0
 48
0.0
 49
0.0
140
0.0
141
0.0
142
1.0
143
1.0
 70
   688
 72
     0
 73
     0
 74
     5
  7

 75
    16
147
1.0
 76
     0
 77
     2
 78
   300
148
0.0
149
0.0
100
AcDbLayout
  1
布局1
 70
     1
 71
     1
 10
0.0
 20
0.0
 11
12.0
 21
9.0
 12
0.0
 22
0.0
 32
0.0
 14
0.0
 24
0.0
 34
0.0
 15
0.0
 25
0.0
 35
0.0
146
0.0
 13
0.0
 23
0.0
 33
0.0
 16
1.0
 26
0.0
 36
0.0
 17
0.0
 27
1.0
 37
0.0
 76
     0
330
123
  0
MLINESTYLE
  5
11C
102
{ACAD_REACTORS
330
11B
102
}
330
11B
100
AcDbMlineStyle
  2
STANDARD
 70
     0
  3

 62
   256
 51
90.0
 52
90.0
 71
     2
 49
0.5
 62
   256
  6
BYLAYER
 49
-0.5
 62
   256
  6
BYLAYER
  0
ACDBPLACEHOLDER
  5
114
102
{ACAD_REACTORS
330
113
102
}
330
113
  0
TABLESTYLE
  5
122
102
{ACAD_REACTORS
330
121
102
}
330
121
100
AcDbTableStyle
  3
Standard
 70
     0
 71
     0
 40
0.06
 41
0.06
280
     0
281
     0
  7
STANDARD
140
0.18
170
     2
 62
     0
 63
     7
283
     0
274
    -2
284
     1
 64
     0
275
    -2
285
     1
 65
     0
276
    -2
286
     1
 66
     0
277
    -2
287
     1
 67
     0
278
    -2
288
     1
 68
     0
279
    -2
289
     1
 69
     0
  7
STANDARD
140
0.25
170
     5
 62
     0
 63
     7
283
     0
274
    -2
284
     1
 64
     0
275
    -2
285
     1
 65
     0
276
    -2
286
     1
 66
     0
277
    -2
287
     1
 67
     0
278
    -2
288
     1
 68
     0
279
    -2
289
     1
 69
     0
  7
STANDARD
140
0.18
170
     5
 62
     0
 63
     7
283
     0
274
    -2
284
     1
 64
     0
275
    -2
285
     1
 65
     0
276
    -2
286
     1
 66
     0
277
    -2
287
     1
 67
     0
278
    -2
288
     1
 68
     0
279
    -2
289
     1
 69
     0
  0
DICTIONARYVAR
  5
136
102
{ACAD_REACTORS
330
135
102
}
330
135
100
DictionaryVariables
280
     0
  1
STANDARD
  0
ENDSEC
  0
EOF
