  0
SECTION
  2
HEADER
  9
$ACADVER
  1
AC1018
  9
$ACADMAINTVER
 70
    77
  9
$DWGCODEPAGE
  3
ANSI_936
  9
$INSBASE
 10
0.0
 20
0.0
 30
0.0
  9
$EXTMIN
 10
1203.23696682034
 20
2045.65399445081
 30
0.0
  9
$EXTMAX
 10
2399.03626628188
 20
5039.13711619134
 30
0.0
  9
$LIMMIN
 10
0.0
 20
0.0
  9
$LIMMAX
 10
420.0
 20
297.0
  9
$ORTHOMODE
 70
     0
  9
$REGENMODE
 70
     1
  9
$FILLMODE
 70
     1
  9
$QTEXTMODE
 70
     0
  9
$MIRRTEXT
 70
     0
  9
$LTSCALE
 40
1.0
  9
$ATTMODE
 70
     1
  9
$TEXTSIZE
 40
2.5
  9
$TRACEWID
 40
1.0
  9
$TEXTSTYLE
  7
STANDARD
  9
$CLAYER
  8
0
  9
$CELTYPE
  6
ByLayer
  9
$CECOLOR
 62
   256
  9
$CELTSCALE
 40
1.0
  9
$DISPSILH
 70
     0
  9
$DIMSCALE
 40
1.0
  9
$DIMASZ
 40
2.5
  9
$DIMEXO
 40
0.625
  9
$DIMDLI
 40
3.75
  9
$DIMRND
 40
0.0
  9
$DIMDLE
 40
0.0
  9
$DIMEXE
 40
1.25
  9
$DIMTP
 40
0.0
  9
$DIMTM
 40
0.0
  9
$DIMTXT
 40
2.5
  9
$DIMCEN
 40
2.5
  9
$DIMTSZ
 40
0.0
  9
$DIMTOL
 70
     0
  9
$DIMLIM
 70
     0
  9
$DIMTIH
 70
     0
  9
$DIMTOH
 70
     0
  9
$DIMSE1
 70
     0
  9
$DIMSE2
 70
     0
  9
$DIMTAD
 70
     1
  9
$DIMZIN
 70
     8
  9
$DIMBLK
  1

  9
$DIMASO
 70
     1
  9
$DIMSHO
 70
     1
  9
$DIMPOST
  1

  9
$DIMAPOST
  1

  9
$DIMALT
 70
     0
  9
$DIMALTD
 70
     3
  9
$DIMALTF
 40
0.03937007874016
  9
$DIMLFAC
 40
1.0
  9
$DIMTOFL
 70
     1
  9
$DIMTVP
 40
0.0
  9
$DIMTIX
 70
     0
  9
$DIMSOXD
 70
     0
  9
$DIMSAH
 70
     0
  9
$DIMBLK1
  1

  9
$DIMBLK2
  1

  9
$DIMSTYLE
  2
ISO-25
  9
$DIMCLRD
 70
     0
  9
$DIMCLRE
 70
     0
  9
$DIMCLRT
 70
     0
  9
$DIMTFAC
 40
1.0
  9
$DIMGAP
 40
0.625
  9
$DIMJUST
 70
     0
  9
$DIMSD1
 70
     0
  9
$DIMSD2
 70
     0
  9
$DIMTOLJ
 70
     1
  9
$DIMTZIN
 70
     0
  9
$DIMALTZ
 70
     0
  9
$DIMALTTZ
 70
     0
  9
$DIMUPT
 70
     0
  9
$DIMDEC
 70
     4
  9
$DIMTDEC
 70
     4
  9
$DIMALTU
 70
     2
  9
$DIMALTTD
 70
     2
  9
$DIMTXSTY
  7
STANDARD
  9
$DIMAUNIT
 70
     0
  9
$DIMADEC
 70
     0
  9
$DIMALTRND
 40
0.0
  9
$DIMAZIN
 70
     0
  9
$DIMDSEP
 70
    46
  9
$DIMATFIT
 70
     3
  9
$DIMFRAC
 70
     0
  9
$DIMLDRBLK
  1

  9
$DIMLUNIT
 70
     2
  9
$DIMLWD
 70
    -2
  9
$DIMLWE
 70
    -2
  9
$DIMTMOVE
 70
     0
  9
$LUNITS
 70
     2
  9
$LUPREC
 70
     4
  9
$SKETCHINC
 40
1.0
  9
$FILLETRAD
 40
0.0
  9
$AUNITS
 70
     0
  9
$AUPREC
 70
     0
  9
$MENU
  1
.
  9
$ELEVATION
 40
0.0
  9
$PELEVATION
 40
0.0
  9
$THICKNESS
 40
0.0
  9
$LIMCHECK
 70
     0
  9
$CHAMFERA
 40
0.0
  9
$CHAMFERB
 40
0.0
  9
$CHAMFERC
 40
0.0
  9
$CHAMFERD
 40
0.0
  9
$SKPOLY
 70
     0
  9
$TDCREATE
 40
2456997.676706910
  9
$TDUCREATE
 40
2456997.343373576
  9
$TDUPDATE
 40
2456997.680113438
  9
$TDUUPDATE
 40
2456997.346780104
  9
$TDINDWG
 40
0.0010312963
  9
$TDUSRTIMER
 40
0.0010311806
  9
$USRTIMER
 70
     1
  9
$ANGBASE
 50
0.0
  9
$ANGDIR
 70
     0
  9
$PDMODE
 70
     0
  9
$PDSIZE
 40
0.0
  9
$PLINEWID
 40
0.0
  9
$SPLFRAME
 70
     0
  9
$SPLINETYPE
 70
     6
  9
$SPLINESEGS
 70
     8
  9
$HANDSEED
  5
27A9
  9
$SURFTAB1
 70
     6
  9
$SURFTAB2
 70
     6
  9
$SURFTYPE
 70
     6
  9
$SURFU
 70
     6
  9
$SURFV
 70
     6
  9
$UCSBASE
  2

  9
$UCSNAME
  2

  9
$UCSORG
 10
0.0
 20
0.0
 30
0.0
  9
$UCSXDIR
 10
1.0
 20
0.0
 30
0.0
  9
$UCSYDIR
 10
0.0
 20
1.0
 30
0.0
  9
$UCSORTHOREF
  2

  9
$UCSORTHOVIEW
 70
     0
  9
$UCSORGTOP
 10
0.0
 20
0.0
 30
0.0
  9
$UCSORGBOTTOM
 10
0.0
 20
0.0
 30
0.0
  9
$UCSORGLEFT
 10
0.0
 20
0.0
 30
0.0
  9
$UCSORGRIGHT
 10
0.0
 20
0.0
 30
0.0
  9
$UCSORGFRONT
 10
0.0
 20
0.0
 30
0.0
  9
$UCSORGBACK
 10
0.0
 20
0.0
 30
0.0
  9
$PUCSBASE
  2

  9
$PUCSNAME
  2

  9
$PUCSORG
 10
0.0
 20
0.0
 30
0.0
  9
$PUCSXDIR
 10
1.0
 20
0.0
 30
0.0
  9
$PUCSYDIR
 10
0.0
 20
1.0
 30
0.0
  9
$PUCSORTHOREF
  2

  9
$PUCSORTHOVIEW
 70
     0
  9
$PUCSORGTOP
 10
0.0
 20
0.0
 30
0.0
  9
$PUCSORGBOTTOM
 10
0.0
 20
0.0
 30
0.0
  9
$PUCSORGLEFT
 10
0.0
 20
0.0
 30
0.0
  9
$PUCSORGRIGHT
 10
0.0
 20
0.0
 30
0.0
  9
$PUCSORGFRONT
 10
0.0
 20
0.0
 30
0.0
  9
$PUCSORGBACK
 10
0.0
 20
0.0
 30
0.0
  9
$USERI1
 70
     0
  9
$USERI2
 70
     0
  9
$USERI3
 70
     0
  9
$USERI4
 70
     0
  9
$USERI5
 70
     0
  9
$USERR1
 40
0.0
  9
$USERR2
 40
0.0
  9
$USERR3
 40
0.0
  9
$USERR4
 40
0.0
  9
$USERR5
 40
0.0
  9
$WORLDVIEW
 70
     1
  9
$SHADEDGE
 70
     3
  9
$SHADEDIF
 70
    70
  9
$TILEMODE
 70
     1
  9
$MAXACTVP
 70
    64
  9
$PINSBASE
 10
0.0
 20
0.0
 30
0.0
  9
$PLIMCHECK
 70
     0
  9
$PEXTMIN
 10
0.0
 20
0.0
 30
0.0
  9
$PEXTMAX
 10
0.0
 20
0.0
 30
0.0
  9
$PLIMMIN
 10
0.0
 20
0.0
  9
$PLIMMAX
 10
12.0
 20
9.0
  9
$UNITMODE
 70
     0
  9
$VISRETAIN
 70
     1
  9
$PLINEGEN
 70
     0
  9
$PSLTSCALE
 70
     1
  9
$TREEDEPTH
 70
  3020
  9
$CMLSTYLE
  2
Standard
  9
$CMLJUST
 70
     0
  9
$CMLSCALE
 40
1.0
  9
$PROXYGRAPHICS
 70
     1
  9
$MEASUREMENT
 70
     1
  9
$CELWEIGHT
370
    -1
  9
$ENDCAPS
280
     0
  9
$JOINSTYLE
280
     0
  9
$LWDISPLAY
290
     0
  9
$INSUNITS
 70
     0
  9
$HYPERLINKBASE
  1

  9
$STYLESHEET
  1

  9
$XEDIT
290
     1
  9
$CEPSNTYPE
380
     0
  9
$PSTYLEMODE
290
     1
  9
$FINGERPRINTGUID
  2
{1F2D6530-6BF2-4D5E-922F-A9C54F637010}
  9
$VERSIONGUID
  2
{15AD9CB5-51D1-451C-B472-5DB36EFAD6AD}
  9
$EXTNAMES
290
     1
  9
$PSVPSCALE
 40
0.0
  9
$OLESTARTUP
290
     0
  9
$SORTENTS
280
   127
  9
$INDEXCTL
280
     0
  9
$HIDETEXT
280
     0
  9
$XCLIPFRAME
290
     0
  9
$HALOGAP
280
     0
  9
$OBSCOLOR
 70
   257
  9
$OBSLTYPE
280
     0
  9
$INTERSECTIONDISPLAY
280
     0
  9
$INTERSECTIONCOLOR
 70
   257
  9
$DIMASSOC
280
     1
  9
$PROJECTNAME
  1

  0
ENDSEC
  0
SECTION
  2
CLASSES
  0
CLASS
  1
ACDBDICTIONARYWDFLT
  2
AcDbDictionaryWithDefault
  3
ObjectDBX Classes
 90
        0
 91
        1
280
     0
281
     0
  0
CLASS
  1
TABLESTYLE
  2
AcDbTableStyle
  3
ObjectDBX Classes
 90
     2047
 91
        1
280
     0
281
     0
  0
CLASS
  1
DICTIONARYVAR
  2
AcDbDictionaryVar
  3
ObjectDBX Classes
 90
        0
 91
        1
280
     0
281
     0
  0
ENDSEC
  0
SECTION
  2
TABLES
  0
TABLE
  2
VPORT
  5
10D
330
0
100
AcDbSymbolTable
 70
     2
  0
VPORT
  5
137
330
10D
100
AcDbSymbolTableRecord
100
AcDbViewportTableRecord
  2
*Active
 70
     0
 10
0.0
 20
0.0
 11
1.0
 21
1.0
 12
1801.13661655111
 22
3542.39555532107
 13
0.0
 23
0.0
 14
10.0
 24
10.0
 15
10.0
 25
10.0
 16
0.0
 26
0.0
 36
1.0
 17
0.0
 27
0.0
 37
0.0
 40
551.708552688342
 41
2.435135135135135
 42
50.0
 43
0.0
 44
0.0
 50
0.0
 51
0.0
 71
     0
 72
  1000
 73
     1
 74
     3
 75
     0
 76
     0
 77
     0
 78
     0
281
     0
 65
     1
110
0.0
120
0.0
130
0.0
111
1.0
121
0.0
131
0.0
112
0.0
122
1.0
132
0.0
 79
     0
146
0.0
  0
ENDTAB
  0
TABLE
  2
LTYPE
  5
10A
330
0
100
AcDbSymbolTable
 70
     1
  0
LTYPE
  5
118
330
10A
100
AcDbSymbolTableRecord
100
AcDbLinetypeTableRecord
  2
ByBlock
 70
     0
  3

 72
    65
 73
     0
 40
0.0
  0
LTYPE
  5
119
330
10A
100
AcDbSymbolTableRecord
100
AcDbLinetypeTableRecord
  2
ByLayer
 70
     0
  3

 72
    65
 73
     0
 40
0.0
  0
LTYPE
  5
11A
330
10A
100
AcDbSymbolTableRecord
100
AcDbLinetypeTableRecord
  2
CONTINUOUS
 70
     0
  3
Solid line
 72
    65
 73
     0
 40
0.0
  0
ENDTAB
  0
TABLE
  2
LAYER
  5
107
330
0
100
AcDbSymbolTable
 70
     1
  0
LAYER
  5
115
330
107
100
AcDbSymbolTableRecord
100
AcDbLayerTableRecord
  2
0
 70
     0
 62
     7
  6
CONTINUOUS
370
    -3
390
114
  0
ENDTAB
  0
TABLE
  2
STYLE
  5
108
330
0
100
AcDbSymbolTable
 70
     1
  0
STYLE
  5
116
330
108
100
AcDbSymbolTableRecord
100
AcDbTextStyleTableRecord
  2
STANDARD
 70
     0
 40
0.0
 41
1.0
 50
0.0
 71
     0
 42
2.5
  3
txt
  4
gbcbig.shx
  0
ENDTAB
  0
TABLE
  2
VIEW
  5
10B
330
0
100
AcDbSymbolTable
 70
     0
  0
ENDTAB
  0
TABLE
  2
UCS
  5
10C
330
0
100
AcDbSymbolTable
 70
     0
  0
ENDTAB
  0
TABLE
  2
APPID
  5
10E
330
0
100
AcDbSymbolTable
 70
     2
  0
APPID
  5
117
330
10E
100
AcDbSymbolTableRecord
100
AcDbRegAppTableRecord
  2
ACAD
 70
     0
  0
APPID
  5
12C
330
10E
100
AcDbSymbolTableRecord
100
AcDbRegAppTableRecord
  2
ACAD_PSEXT
 70
     0
  0
APPID
  5
112C
330
10E
100
AcDbSymbolTableRecord
100
AcDbRegAppTableRecord
  2
FS_CYPCUT
 70
     0
  0
ENDTAB
  0
TABLE
  2
DIMSTYLE
  5
10F
330
0
100
AcDbSymbolTable
 70
     1
100
AcDbDimStyleTable
 71
     0
  0
DIMSTYLE
105
12D
330
10F
100
AcDbSymbolTableRecord
100
AcDbDimStyleTableRecord
  2
ISO-25
 70
     0
 41
2.5
 42
0.625
 43
3.75
 44
1.25
 73
     0
 74
     0
 77
     1
 78
     8
140
2.5
141
2.5
143
0.03937007874016
147
0.625
171
     3
172
     1
274
     3
279
     2
284
     8
285
     8
286
     8
340
116
  0
ENDTAB
  0
TABLE
  2
BLOCK_RECORD
  5
106
330
0
100
AcDbSymbolTable
 70
     2
  0
BLOCK_RECORD
  5
127
330
106
100
AcDbSymbolTableRecord
100
AcDbBlockTableRecord
  2
*Model_Space
340
12A
  0
BLOCK_RECORD
  5
123
330
106
100
AcDbSymbolTableRecord
100
AcDbBlockTableRecord
  2
*Paper_Space
340
126
  0
BLOCK_RECORD
  5
130
330
106
100
AcDbSymbolTableRecord
100
AcDbBlockTableRecord
  2
$MODEL_SPACE
340
0
  0
BLOCK_RECORD
  5
132
330
106
100
AcDbSymbolTableRecord
100
AcDbBlockTableRecord
  2
$PAPER_SPACE
340
0
       0
BLOCK_RECORD
       5
2000
     330
106
     100
AcDbSymbolTableRecord
     100
AcDbBlockTableRecord
       2
Part1983579392
       0
BLOCK_RECORD
       5
2001
     330
106
     100
AcDbSymbolTableRecord
     100
AcDbBlockTableRecord
       2
Part1841536260
       0
BLOCK_RECORD
       5
2002
     330
106
     100
AcDbSymbolTableRecord
     100
AcDbBlockTableRecord
       2
Part1369442624
       0
BLOCK_RECORD
       5
2003
     330
106
     100
AcDbSymbolTableRecord
     100
AcDbBlockTableRecord
       2
Part1451734777
       0
BLOCK_RECORD
       5
2004
     330
106
     100
AcDbSymbolTableRecord
     100
AcDbBlockTableRecord
       2
Part1936413174
       0
BLOCK_RECORD
       5
2005
     330
106
     100
AcDbSymbolTableRecord
     100
AcDbBlockTableRecord
       2
Part407627364
       0
BLOCK_RECORD
       5
2006
     330
106
     100
AcDbSymbolTableRecord
     100
AcDbBlockTableRecord
       2
Part1106952901
       0
BLOCK_RECORD
       5
2007
     330
106
     100
AcDbSymbolTableRecord
     100
AcDbBlockTableRecord
       2
Part1621055646
       0
BLOCK_RECORD
       5
2008
     330
106
     100
AcDbSymbolTableRecord
     100
AcDbBlockTableRecord
       2
Part2043137591
       0
BLOCK_RECORD
       5
2009
     330
106
     100
AcDbSymbolTableRecord
     100
AcDbBlockTableRecord
       2
Part1659823463
       0
BLOCK_RECORD
       5
200A
     330
106
     100
AcDbSymbolTableRecord
     100
AcDbBlockTableRecord
       2
Part1237759770
       0
BLOCK_RECORD
       5
200B
     330
106
     100
AcDbSymbolTableRecord
     100
AcDbBlockTableRecord
       2
Part2082980233
       0
BLOCK_RECORD
       5
200C
     330
106
     100
AcDbSymbolTableRecord
     100
AcDbBlockTableRecord
       2
CommonPart1440687146
       0
BLOCK_RECORD
       5
200D
     330
106
     100
AcDbSymbolTableRecord
     100
AcDbBlockTableRecord
       2
CommonPart
       0
BLOCK_RECORD
       5
200E
     330
106
     100
AcDbSymbolTableRecord
     100
AcDbBlockTableRecord
       2
Part1391791728
       0
BLOCK_RECORD
       5
200F
     330
106
     100
AcDbSymbolTableRecord
     100
AcDbBlockTableRecord
       2
Part623606508
       0
BLOCK_RECORD
       5
2010
     330
106
     100
AcDbSymbolTableRecord
     100
AcDbBlockTableRecord
       2
Part1159274559
       0
BLOCK_RECORD
       5
2011
     330
106
     100
AcDbSymbolTableRecord
     100
AcDbBlockTableRecord
       2
Part1196445435
       0
BLOCK_RECORD
       5
2012
     330
106
     100
AcDbSymbolTableRecord
     100
AcDbBlockTableRecord
       2
Part1619535840
       0
BLOCK_RECORD
       5
2013
     330
106
     100
AcDbSymbolTableRecord
     100
AcDbBlockTableRecord
       2
Part1581304676
       0
BLOCK_RECORD
       5
2014
     330
106
     100
AcDbSymbolTableRecord
     100
AcDbBlockTableRecord
       2
Part1557669242
       0
BLOCK_RECORD
       5
2015
     330
106
     100
AcDbSymbolTableRecord
     100
AcDbBlockTableRecord
       2
Part419161880
       0
BLOCK_RECORD
       5
2016
     330
106
     100
AcDbSymbolTableRecord
     100
AcDbBlockTableRecord
       2
Part1197746022
       0
BLOCK_RECORD
       5
2017
     330
106
     100
AcDbSymbolTableRecord
     100
AcDbBlockTableRecord
       2
Part1222766513
       0
BLOCK_RECORD
       5
2018
     330
106
     100
AcDbSymbolTableRecord
     100
AcDbBlockTableRecord
       2
Part1320207480
       0
BLOCK_RECORD
       5
2019
     330
106
     100
AcDbSymbolTableRecord
     100
AcDbBlockTableRecord
       2
CommonPart1876554275
       0
BLOCK_RECORD
       5
201A
     330
106
     100
AcDbSymbolTableRecord
     100
AcDbBlockTableRecord
       2
Part919846116
       0
BLOCK_RECORD
       5
201B
     330
106
     100
AcDbSymbolTableRecord
     100
AcDbBlockTableRecord
       2
Part1891687201
       0
BLOCK_RECORD
       5
201C
     330
106
     100
AcDbSymbolTableRecord
     100
AcDbBlockTableRecord
       2
Part1595143634
       0
BLOCK_RECORD
       5
201D
     330
106
     100
AcDbSymbolTableRecord
     100
AcDbBlockTableRecord
       2
Part205020426
       0
BLOCK_RECORD
       5
201E
     330
106
     100
AcDbSymbolTableRecord
     100
AcDbBlockTableRecord
       2
CommonPart1878156045
       0
BLOCK_RECORD
       5
201F
     330
106
     100
AcDbSymbolTableRecord
     100
AcDbBlockTableRecord
       2
Part225148215
       0
BLOCK_RECORD
       5
2020
     330
106
     100
AcDbSymbolTableRecord
     100
AcDbBlockTableRecord
       2
Part1166080084
       0
BLOCK_RECORD
       5
2021
     330
106
     100
AcDbSymbolTableRecord
     100
AcDbBlockTableRecord
       2
Part231853994
       0
BLOCK_RECORD
       5
2022
     330
106
     100
AcDbSymbolTableRecord
     100
AcDbBlockTableRecord
       2
Part2106964092
       0
BLOCK_RECORD
       5
2023
     330
106
     100
AcDbSymbolTableRecord
     100
AcDbBlockTableRecord
       2
Part512654431
       0
BLOCK_RECORD
       5
2024
     330
106
     100
AcDbSymbolTableRecord
     100
AcDbBlockTableRecord
       2
Part1580024872
       0
BLOCK_RECORD
       5
2025
     330
106
     100
AcDbSymbolTableRecord
     100
AcDbBlockTableRecord
       2
Part1690945309
       0
BLOCK_RECORD
       5
2026
     330
106
     100
AcDbSymbolTableRecord
     100
AcDbBlockTableRecord
       2
Part648311408
       0
BLOCK_RECORD
       5
2027
     330
106
     100
AcDbSymbolTableRecord
     100
AcDbBlockTableRecord
       2
Part468756497
       0
BLOCK_RECORD
       5
2028
     330
106
     100
AcDbSymbolTableRecord
     100
AcDbBlockTableRecord
       2
Part806444831
       0
BLOCK_RECORD
       5
2029
     330
106
     100
AcDbSymbolTableRecord
     100
AcDbBlockTableRecord
       2
Part647631087
       0
BLOCK_RECORD
       5
202A
     330
106
     100
AcDbSymbolTableRecord
     100
AcDbBlockTableRecord
       2
Part319176573
       0
BLOCK_RECORD
       5
202B
     330
106
     100
AcDbSymbolTableRecord
     100
AcDbBlockTableRecord
       2
Part2079959149
       0
BLOCK_RECORD
       5
202C
     330
106
     100
AcDbSymbolTableRecord
     100
AcDbBlockTableRecord
       2
Part1374865999
       0
BLOCK_RECORD
       5
202D
     330
106
     100
AcDbSymbolTableRecord
     100
AcDbBlockTableRecord
       2
Part1178119592
       0
BLOCK_RECORD
       5
202E
     330
106
     100
AcDbSymbolTableRecord
     100
AcDbBlockTableRecord
       2
CommonPart1005033009
       0
BLOCK_RECORD
       5
202F
     330
106
     100
AcDbSymbolTableRecord
     100
AcDbBlockTableRecord
       2
Part1944710623
       0
BLOCK_RECORD
       5
2030
     330
106
     100
AcDbSymbolTableRecord
     100
AcDbBlockTableRecord
       2
Part213559828
       0
BLOCK_RECORD
       5
2031
     330
106
     100
AcDbSymbolTableRecord
     100
AcDbBlockTableRecord
       2
Part558060035
       0
BLOCK_RECORD
       5
2032
     330
106
     100
AcDbSymbolTableRecord
     100
AcDbBlockTableRecord
       2
Part391084237
       0
BLOCK_RECORD
       5
2033
     330
106
     100
AcDbSymbolTableRecord
     100
AcDbBlockTableRecord
       2
Part798006680
       0
BLOCK_RECORD
       5
2034
     330
106
     100
AcDbSymbolTableRecord
     100
AcDbBlockTableRecord
       2
Part167835670
       0
BLOCK_RECORD
       5
2035
     330
106
     100
AcDbSymbolTableRecord
     100
AcDbBlockTableRecord
       2
Part98993106
       0
BLOCK_RECORD
       5
2036
     330
106
     100
AcDbSymbolTableRecord
     100
AcDbBlockTableRecord
       2
Part479146896
       0
BLOCK_RECORD
       5
2037
     330
106
     100
AcDbSymbolTableRecord
     100
AcDbBlockTableRecord
       2
Part1516181917
       0
BLOCK_RECORD
       5
2038
     330
106
     100
AcDbSymbolTableRecord
     100
AcDbBlockTableRecord
       2
Part15241731
       0
BLOCK_RECORD
       5
2039
     330
106
     100
AcDbSymbolTableRecord
     100
AcDbBlockTableRecord
       2
Part1432752149
       0
BLOCK_RECORD
       5
203A
     330
106
     100
AcDbSymbolTableRecord
     100
AcDbBlockTableRecord
       2
Part8528645
       0
BLOCK_RECORD
       5
203B
     330
106
     100
AcDbSymbolTableRecord
     100
AcDbBlockTableRecord
       2
Part1430087522
       0
BLOCK_RECORD
       5
203C
     330
106
     100
AcDbSymbolTableRecord
     100
AcDbBlockTableRecord
       2
Part1305670539
       0
BLOCK_RECORD
       5
203D
     330
106
     100
AcDbSymbolTableRecord
     100
AcDbBlockTableRecord
       2
Part368371483
       0
BLOCK_RECORD
       5
203E
     330
106
     100
AcDbSymbolTableRecord
     100
AcDbBlockTableRecord
       2
Part1945887846
       0
BLOCK_RECORD
       5
203F
     330
106
     100
AcDbSymbolTableRecord
     100
AcDbBlockTableRecord
       2
Part141858244
       0
BLOCK_RECORD
       5
2040
     330
106
     100
AcDbSymbolTableRecord
     100
AcDbBlockTableRecord
       2
Part915019531
       0
BLOCK_RECORD
       5
2041
     330
106
     100
AcDbSymbolTableRecord
     100
AcDbBlockTableRecord
       2
Part1928106073
       0
BLOCK_RECORD
       5
2042
     330
106
     100
AcDbSymbolTableRecord
     100
AcDbBlockTableRecord
       2
Part666927157
       0
BLOCK_RECORD
       5
2043
     330
106
     100
AcDbSymbolTableRecord
     100
AcDbBlockTableRecord
       2
Part892981933
       0
BLOCK_RECORD
       5
2044
     330
106
     100
AcDbSymbolTableRecord
     100
AcDbBlockTableRecord
       2
Part1926652462
       0
BLOCK_RECORD
       5
2045
     330
106
     100
AcDbSymbolTableRecord
     100
AcDbBlockTableRecord
       2
Part1559536443
       0
BLOCK_RECORD
       5
2046
     330
106
     100
AcDbSymbolTableRecord
     100
AcDbBlockTableRecord
       2
Part870184957
       0
BLOCK_RECORD
       5
2047
     330
106
     100
AcDbSymbolTableRecord
     100
AcDbBlockTableRecord
       2
Part589336051
       0
BLOCK_RECORD
       5
2048
     330
106
     100
AcDbSymbolTableRecord
     100
AcDbBlockTableRecord
       2
Part430194390
       0
BLOCK_RECORD
       5
2049
     330
106
     100
AcDbSymbolTableRecord
     100
AcDbBlockTableRecord
       2
Part1767747996
       0
BLOCK_RECORD
       5
204A
     330
106
     100
AcDbSymbolTableRecord
     100
AcDbBlockTableRecord
       2
Part1380460266
       0
BLOCK_RECORD
       5
204B
     330
106
     100
AcDbSymbolTableRecord
     100
AcDbBlockTableRecord
       2
Part1613944165
       0
BLOCK_RECORD
       5
204C
     330
106
     100
AcDbSymbolTableRecord
     100
AcDbBlockTableRecord
       2
Part1344184639
       0
BLOCK_RECORD
       5
204D
     330
106
     100
AcDbSymbolTableRecord
     100
AcDbBlockTableRecord
       2
Part1455024269
       0
BLOCK_RECORD
       5
204E
     330
106
     100
AcDbSymbolTableRecord
     100
AcDbBlockTableRecord
       2
Part1658204313
       0
BLOCK_RECORD
       5
204F
     330
106
     100
AcDbSymbolTableRecord
     100
AcDbBlockTableRecord
       2
Part50607856
       0
BLOCK_RECORD
       5
2050
     330
106
     100
AcDbSymbolTableRecord
     100
AcDbBlockTableRecord
       2
Part148644439
       0
BLOCK_RECORD
       5
2051
     330
106
     100
AcDbSymbolTableRecord
     100
AcDbBlockTableRecord
       2
Part1567995912
       0
BLOCK_RECORD
       5
2052
     330
106
     100
AcDbSymbolTableRecord
     100
AcDbBlockTableRecord
       2
Part1594095881
       0
BLOCK_RECORD
       5
2053
     330
106
     100
AcDbSymbolTableRecord
     100
AcDbBlockTableRecord
       2
Part263792553
       0
BLOCK_RECORD
       5
2054
     330
106
     100
AcDbSymbolTableRecord
     100
AcDbBlockTableRecord
       2
Part1323676542
       0
BLOCK_RECORD
       5
2055
     330
106
     100
AcDbSymbolTableRecord
     100
AcDbBlockTableRecord
       2
Part1415671377
       0
BLOCK_RECORD
       5
2056
     330
106
     100
AcDbSymbolTableRecord
     100
AcDbBlockTableRecord
       2
Part1397845008
       0
BLOCK_RECORD
       5
2057
     330
106
     100
AcDbSymbolTableRecord
     100
AcDbBlockTableRecord
       2
Part1259811774
       0
BLOCK_RECORD
       5
2058
     330
106
     100
AcDbSymbolTableRecord
     100
AcDbBlockTableRecord
       2
Part95616257
       0
BLOCK_RECORD
       5
2059
     330
106
     100
AcDbSymbolTableRecord
     100
AcDbBlockTableRecord
       2
Part68845243
       0
BLOCK_RECORD
       5
205A
     330
106
     100
AcDbSymbolTableRecord
     100
AcDbBlockTableRecord
       2
Part12716984
       0
BLOCK_RECORD
       5
205B
     330
106
     100
AcDbSymbolTableRecord
     100
AcDbBlockTableRecord
       2
Part1995248818
       0
BLOCK_RECORD
       5
205C
     330
106
     100
AcDbSymbolTableRecord
     100
AcDbBlockTableRecord
       2
Part64046900
       0
BLOCK_RECORD
       5
205D
     330
106
     100
AcDbSymbolTableRecord
     100
AcDbBlockTableRecord
       2
Part310214191
       0
BLOCK_RECORD
       5
205E
     330
106
     100
AcDbSymbolTableRecord
     100
AcDbBlockTableRecord
       2
Part1599346226
       0
BLOCK_RECORD
       5
205F
     330
106
     100
AcDbSymbolTableRecord
     100
AcDbBlockTableRecord
       2
Part873356034
       0
BLOCK_RECORD
       5
2060
     330
106
     100
AcDbSymbolTableRecord
     100
AcDbBlockTableRecord
       2
Part266435524
       0
BLOCK_RECORD
       5
2061
     330
106
     100
AcDbSymbolTableRecord
     100
AcDbBlockTableRecord
       2
CommonPart1103774114
       0
BLOCK_RECORD
       5
2062
     330
106
     100
AcDbSymbolTableRecord
     100
AcDbBlockTableRecord
       2
Part1771930917
       0
BLOCK_RECORD
       5
2063
     330
106
     100
AcDbSymbolTableRecord
     100
AcDbBlockTableRecord
       2
Part1899115192
       0
BLOCK_RECORD
       5
2064
     330
106
     100
AcDbSymbolTableRecord
     100
AcDbBlockTableRecord
       2
Part1385609990
       0
BLOCK_RECORD
       5
2065
     330
106
     100
AcDbSymbolTableRecord
     100
AcDbBlockTableRecord
       2
Part1464406284
       0
BLOCK_RECORD
       5
2066
     330
106
     100
AcDbSymbolTableRecord
     100
AcDbBlockTableRecord
       2
Part569061822
       0
BLOCK_RECORD
       5
2067
     330
106
     100
AcDbSymbolTableRecord
     100
AcDbBlockTableRecord
       2
Part865688730
       0
BLOCK_RECORD
       5
2068
     330
106
     100
AcDbSymbolTableRecord
     100
AcDbBlockTableRecord
       2
Part1978294684
       0
BLOCK_RECORD
       5
2069
     330
106
     100
AcDbSymbolTableRecord
     100
AcDbBlockTableRecord
       2
Part1774348354
       0
BLOCK_RECORD
       5
206A
     330
106
     100
AcDbSymbolTableRecord
     100
AcDbBlockTableRecord
       2
Part425787097
       0
BLOCK_RECORD
       5
206B
     330
106
     100
AcDbSymbolTableRecord
     100
AcDbBlockTableRecord
       2
Part1928459335
       0
BLOCK_RECORD
       5
206C
     330
106
     100
AcDbSymbolTableRecord
     100
AcDbBlockTableRecord
       2
Part550837779
       0
BLOCK_RECORD
       5
206D
     330
106
     100
AcDbSymbolTableRecord
     100
AcDbBlockTableRecord
       2
Part682005839
  0
ENDTAB
  0
ENDSEC
  0
SECTION
  2
BLOCKS
  0
BLOCK
  5
128
330
127
100
AcDbEntity
  8
0
100
AcDbBlockBegin
  2
*Model_Space
 70
     0
 10
0.0
 20
0.0
 30
0.0
  3
*Model_Space
  1

  0
ENDBLK
  5
129
330
127
100
AcDbEntity
  8
0
100
AcDbBlockEnd
  0
BLOCK
  5
124
330
123
100
AcDbEntity
 67
     1
  8
0
100
AcDbBlockBegin
  2
*Paper_Space
 70
     0
 10
0.0
 20
0.0
 30
0.0
  3
*Paper_Space
  1

  0
ENDBLK
  5
125
330
123
100
AcDbEntity
 67
     1
  8
0
100
AcDbBlockEnd
  0
BLOCK
  5
131
330
130
100
AcDbEntity
  8
0
100
AcDbBlockBegin
  2
$MODEL_SPACE
 70
     0
 10
0.0
 20
0.0
 30
0.0
  3
$MODEL_SPACE
  1

  0
ENDBLK
  5
21
330
130
100
AcDbEntity
  8
0
100
AcDbBlockEnd
  0
BLOCK
  5
133
330
132
100
AcDbEntity
  8
0
100
AcDbBlockBegin
  2
$PAPER_SPACE
 70
     0
 10
0.0
 20
0.0
 30
0.0
  3
$PAPER_SPACE
  1

  0
ENDBLK
  5
D5
330
132
100
AcDbEntity
  8
0
100
AcDbBlockEnd
       0
BLOCK
       5
206E
     330
2000
     100
AcDbEntity
       8
0
     100
AcDbBlockBegin
       2
Part1983579392
      70
0
      10
-338.416134
      20
-2.5370589E-10
      30
0
       3
Part1983579392
       1

       4
CypCutBlock
       0
LWPOLYLINE
       5
206F
     100
AcDbEntity
       8
1
     100
AcDbPolyline
      90
4
      70
1
      10
-231.390002374
      20
30.2024392663
      42
0
      10
-236.1531420948
      20
27.4524392663
      42
0
      10
-250.3531420948
      20
52.0475607337
      42
0
      10
-245.590002374
      20
54.7975607337
      42
0
    1001
FS_CYPCUT
    1000
Channel
    1070
1
    1000
LeadIn
    1002
{
    1070
3
    1040
1.5
    1040
1.5707963267949
    1040
1
    1040
1
    1070
0
    1040
0.5
    1070
0
    1002
}
    1000
LeadOut
    1002
{
    1070
0
    1040
0
    1040
0
    1040
0
    1070
0
    1002
}
    1000
IsFill
    1070
0
    1000
PathStart
    1040
1.5
    1000
ToolCompensation
    1002
{
    1070
0
    1040
0
    1070
0
    1002
}
       0
LWPOLYLINE
       5
2070
     100
AcDbEntity
       8
1
     100
AcDbPolyline
      90
4
      70
1
      10
-166.0050843882
      20
67.9524392663
      42
0
      10
-180.2050843882
      20
92.5475607337
      42
0
      10
-184.9682241091
      20
89.7975607337
      42
0
      10
-170.7682241091
      20
65.2024392663
      42
0
    1001
FS_CYPCUT
    1000
Channel
    1070
1
    1000
LeadIn
    1002
{
    1070
3
    1040
0.5
    1040
1.5707963267949
    1040
1
    1040
1
    1070
0
    1040
0.5
    1070
0
    1002
}
    1000
LeadOut
    1002
{
    1070
0
    1040
0
    1040
0
    1040
0
    1070
0
    1002
}
    1000
IsFill
    1070
0
    1000
PathStart
    1040
0.5
    1000
ToolCompensation
    1002
{
    1070
0
    1040
0
    1070
0
    1002
}
       0
LWPOLYLINE
       5
2071
     100
AcDbEntity
       8
1
     100
AcDbPolyline
      90
4
      70
1
      10
1.01978703259675E-10
      20
-2.5367138944965E-10
      42
0.039307209575255
      10
-52.7531674668193
      20
119.999999999507
      42
0
      10
-338.4161337771
      20
120
      42
0
      10
-338.4161337771
      20
0
      42
0
    1001
FS_CYPCUT
    1000
Channel
    1070
1
    1000
LeadIn
    1002
{
    1070
3
    1040
3.5
    1040
1.5707963267949
    1040
1
    1040
1
    1070
0
    1040
0.5
    1070
0
    1002
}
    1000
LeadOut
    1002
{
    1070
0
    1040
0
    1040
0
    1040
0
    1070
0
    1002
}
    1000
IsFill
    1070
1
    1000
PathStart
    1040
3.5
    1000
ToolCompensation
    1002
{
    1070
0
    1040
0
    1070
0
    1002
}
    1000
MicroConnect
    1002
{
    1070
2
    1040
1.28244499
    1041
0.8
    1042
0
    1040
3.13776722
    1041
0.8
    1042
0
    1002
}
       0
ENDBLK
       5
2072
     330
2000
     100
AcDbEntity
       8
0
     100
AcDbBlockEnd
       0
BLOCK
       5
2073
     330
2001
     100
AcDbEntity
       8
0
     100
AcDbBlockBegin
       2
Part1841536260
      70
0
      10
-338.416134
      20
-2.5370589E-10
      30
0
       3
Part1841536260
       1

       4
CypCutBlock
       0
LWPOLYLINE
       5
2074
     100
AcDbEntity
       8
1
     100
AcDbPolyline
      90
4
      70
1
      10
-231.390002374
      20
30.2024392663
      42
0
      10
-236.1531420948
      20
27.4524392663
      42
0
      10
-250.3531420948
      20
52.0475607337
      42
0
      10
-245.590002374
      20
54.7975607337
      42
0
    1001
FS_CYPCUT
    1000
Channel
    1070
1
    1000
LeadIn
    1002
{
    1070
3
    1040
1.5
    1040
1.5707963267949
    1040
1
    1040
1
    1070
0
    1040
0.5
    1070
0
    1002
}
    1000
LeadOut
    1002
{
    1070
0
    1040
0
    1040
0
    1040
0
    1070
0
    1002
}
    1000
IsFill
    1070
0
    1000
PathStart
    1040
1.5
    1000
ToolCompensation
    1002
{
    1070
0
    1040
0
    1070
0
    1002
}
       0
LWPOLYLINE
       5
2075
     100
AcDbEntity
       8
1
     100
AcDbPolyline
      90
4
      70
1
      10
-166.0050843882
      20
67.9524392663
      42
0
      10
-180.2050843882
      20
92.5475607337
      42
0
      10
-184.9682241091
      20
89.7975607337
      42
0
      10
-170.7682241091
      20
65.2024392663
      42
0
    1001
FS_CYPCUT
    1000
Channel
    1070
1
    1000
LeadIn
    1002
{
    1070
3
    1040
0.5
    1040
1.5707963267949
    1040
1
    1040
1
    1070
0
    1040
0.5
    1070
0
    1002
}
    1000
LeadOut
    1002
{
    1070
0
    1040
0
    1040
0
    1040
0
    1070
0
    1002
}
    1000
IsFill
    1070
0
    1000
PathStart
    1040
0.5
    1000
ToolCompensation
    1002
{
    1070
0
    1040
0
    1070
0
    1002
}
       0
LWPOLYLINE
       5
2076
     100
AcDbEntity
       8
1
     100
AcDbPolyline
      90
4
      70
1
      10
1.01978703259675E-10
      20
-2.5367138944965E-10
      42
0.039307209575255
      10
-52.7531674668193
      20
119.999999999507
      42
0
      10
-338.4161337771
      20
120
      42
0
      10
-338.4161337771
      20
0
      42
0
    1001
FS_CYPCUT
    1000
Channel
    1070
1
    1000
LeadIn
    1002
{
    1070
3
    1040
3.5
    1040
1.5707963267949
    1040
1
    1040
1
    1070
0
    1040
0.5
    1070
0
    1002
}
    1000
LeadOut
    1002
{
    1070
0
    1040
0
    1040
0
    1040
0
    1070
0
    1002
}
    1000
IsFill
    1070
1
    1000
PathStart
    1040
3.5
    1000
ToolCompensation
    1002
{
    1070
0
    1040
0
    1070
0
    1002
}
    1000
MicroConnect
    1002
{
    1070
2
    1040
1.28244499
    1041
0.8
    1042
0
    1040
3.13776722
    1041
0.8
    1042
0
    1002
}
       0
ENDBLK
       5
2077
     330
2001
     100
AcDbEntity
       8
0
     100
AcDbBlockEnd
       0
BLOCK
       5
2078
     330
2002
     100
AcDbEntity
       8
0
     100
AcDbBlockBegin
       2
Part1369442624
      70
0
      10
0
      20
0
      30
0
       3
Part1369442624
       1

       4
CypCutBlock
       0
LWPOLYLINE
       5
2079
     100
AcDbEntity
       8
1
     100
AcDbPolyline
      90
4
      70
1
      10
76.76
      20
30.5
      42
0
      10
76.76
      20
9.5
      42
0
      10
71
      20
9.5
      42
0
      10
71
      20
30.5
      42
0
    1001
FS_CYPCUT
    1000
Channel
    1070
1
    1000
LeadIn
    1002
{
    1070
3
    1040
0.5
    1040
1.5707963267949
    1040
1
    1040
1
    1070
0
    1040
0.5
    1070
0
    1002
}
    1000
LeadOut
    1002
{
    1070
0
    1040
0
    1040
0
    1040
0
    1070
0
    1002
}
    1000
IsFill
    1070
0
    1000
PathStart
    1040
0.5
    1000
ToolCompensation
    1002
{
    1070
0
    1040
0
    1070
0
    1002
}
       0
LWPOLYLINE
       5
207A
     100
AcDbEntity
       8
1
     100
AcDbPolyline
      90
4
      70
1
      10
226.76
      20
30.5
      42
0
      10
226.76
      20
9.5
      42
0
      10
221
      20
9.5
      42
0
      10
221
      20
30.5
      42
0
    1001
FS_CYPCUT
    1000
Channel
    1070
1
    1000
LeadIn
    1002
{
    1070
3
    1040
0.5
    1040
1.5707963267949
    1040
1
    1040
1
    1070
0
    1040
0.5
    1070
0
    1002
}
    1000
LeadOut
    1002
{
    1070
0
    1040
0
    1040
0
    1040
0
    1070
0
    1002
}
    1000
IsFill
    1070
0
    1000
PathStart
    1040
0.5
    1000
ToolCompensation
    1002
{
    1070
0
    1040
0
    1070
0
    1002
}
       0
LWPOLYLINE
       5
207B
     100
AcDbEntity
       8
1
     100
AcDbPolyline
      90
14
      70
1
      10
332.7
      20
30
      42
0
      10
328
      20
30
      42
0
      10
328
      20
40
      42
0
      10
223
      20
40
      42
0
      10
223
      20
42
      42
0
      10
203
      20
42
      42
0
      10
203
      20
40
      42
0
      10
10
      20
40
      42
0.414213562373095
      10
0
      20
30
      42
0
      10
1.77635683940025E-15
      20
10
      42
0.414213562373095
      10
10
      20
1.77635683940025E-15
      42
0
      10
328
      20
0
      42
0
      10
328
      20
10
      42
0
      10
332.7
      20
10
      42
0
    1001
FS_CYPCUT
    1000
Channel
    1070
1
    1000
LeadIn
    1002
{
    1070
3
    1040
10.5
    1040
1.5707963267949
    1040
1
    1040
1
    1070
0
    1040
0.5
    1070
0
    1002
}
    1000
LeadOut
    1002
{
    1070
0
    1040
0
    1040
0
    1040
0
    1070
0
    1002
}
    1000
IsFill
    1070
1
    1000
PathStart
    1040
10.5
    1000
ToolCompensation
    1002
{
    1070
0
    1040
0
    1070
0
    1002
}
    1000
MicroConnect
    1002
{
    1070
2
    1040
6.59128215
    1041
0.8
    1042
0
    1040
10.8349488
    1041
0.8
    1042
0
    1002
}
       0
ENDBLK
       5
207C
     330
2002
     100
AcDbEntity
       8
0
     100
AcDbBlockEnd
       0
BLOCK
       5
207D
     330
2003
     100
AcDbEntity
       8
0
     100
AcDbBlockBegin
       2
Part1451734777
      70
0
      10
-451.4
      20
-300
      30
0
       3
Part1451734777
       1

       4
CypCutBlock
       0
CIRCLE
       5
207E
     100
AcDbEntity
       8
1
     100
AcDbCircle
      10
-396.4427782458
      20
-151.7174084352
      30
0
      40
2.50000000000003
    1001
FS_CYPCUT
    1000
Channel
    1070
1
    1000
LeadIn
    1002
{
    1070
3
    1040
0
    1040
1.5707963267949
    1040
1
    1040
1
    1070
0
    1040
0.5
    1070
0
    1002
}
    1000
LeadOut
    1002
{
    1070
0
    1040
0
    1040
0
    1040
0
    1070
0
    1002
}
    1000
IsFill
    1070
0
    1000
PathStart
    1040
0
    1000
ToolCompensation
    1002
{
    1070
0
    1040
0
    1070
0
    1002
}
       0
CIRCLE
       5
207F
     100
AcDbEntity
       8
1
     100
AcDbCircle
      10
-389.3572217542
      20
-102.2220057274
      30
0
      40
2.50000000000006
    1001
FS_CYPCUT
    1000
Channel
    1070
1
    1000
LeadIn
    1002
{
    1070
3
    1040
1.27675647831893E-15
    1040
1.5707963267949
    1040
1
    1040
1
    1070
0
    1040
0.5
    1070
0
    1002
}
    1000
LeadOut
    1002
{
    1070
0
    1040
0
    1040
0
    1040
0
    1070
0
    1002
}
    1000
IsFill
    1070
0
    1000
PathStart
    1040
1.27675647831893E-15
    1000
ToolCompensation
    1002
{
    1070
0
    1040
0
    1070
0
    1002
}
       0
CIRCLE
       5
2080
     100
AcDbEntity
       8
1
     100
AcDbCircle
      10
-389.3572217542
      20
102.2220057274
      30
0
      40
2.50000000000006
    1001
FS_CYPCUT
    1000
Channel
    1070
1
    1000
LeadIn
    1002
{
    1070
3
    1040
1.27675647831893E-15
    1040
1.5707963267949
    1040
1
    1040
1
    1070
0
    1040
0.5
    1070
0
    1002
}
    1000
LeadOut
    1002
{
    1070
0
    1040
0
    1040
0
    1040
0
    1070
0
    1002
}
    1000
IsFill
    1070
0
    1000
PathStart
    1040
1.27675647831893E-15
    1000
ToolCompensation
    1002
{
    1070
0
    1040
0
    1070
0
    1002
}
       0
CIRCLE
       5
2081
     100
AcDbEntity
       8
1
     100
AcDbCircle
      10
-396.4427782458
      20
151.7174084352
      30
0
      40
2.50000000000003
    1001
FS_CYPCUT
    1000
Channel
    1070
1
    1000
LeadIn
    1002
{
    1070
3
    1040
0
    1040
1.5707963267949
    1040
1
    1040
1
    1070
0
    1040
0.5
    1070
0
    1002
}
    1000
LeadOut
    1002
{
    1070
0
    1040
0
    1040
0
    1040
0
    1070
0
    1002
}
    1000
IsFill
    1070
0
    1000
PathStart
    1040
0
    1000
ToolCompensation
    1002
{
    1070
0
    1040
0
    1070
0
    1002
}
       0
LWPOLYLINE
       5
2082
     100
AcDbEntity
       8
1
     100
AcDbPolyline
      90
4
      70
1
      10
-291.4
      20
14.2
      42
0
      10
-291.4
      20
-14.2
      42
0
      10
-296.9
      20
-14.2
      42
0
      10
-296.9
      20
14.2
      42
0
    1001
FS_CYPCUT
    1000
Channel
    1070
1
    1000
LeadIn
    1002
{
    1070
3
    1040
0.5
    1040
1.5707963267949
    1040
1
    1040
1
    1070
0
    1040
0.5
    1070
0
    1002
}
    1000
LeadOut
    1002
{
    1070
0
    1040
0
    1040
0
    1040
0
    1070
0
    1002
}
    1000
IsFill
    1070
0
    1000
PathStart
    1040
0.5
    1000
ToolCompensation
    1002
{
    1070
0
    1040
0
    1070
0
    1002
}
       0
LWPOLYLINE
       5
2083
     100
AcDbEntity
       8
1
     100
AcDbPolyline
      90
4
      70
1
      10
-215.9
      20
14.2
      42
0
      10
-215.9
      20
-14.2
      42
0
      10
-221.4
      20
-14.2
      42
0
      10
-221.4
      20
14.2
      42
0
    1001
FS_CYPCUT
    1000
Channel
    1070
1
    1000
LeadIn
    1002
{
    1070
3
    1040
0.5
    1040
1.5707963267949
    1040
1
    1040
1
    1070
0
    1040
0.5
    1070
0
    1002
}
    1000
LeadOut
    1002
{
    1070
0
    1040
0
    1040
0
    1040
0
    1070
0
    1002
}
    1000
IsFill
    1070
0
    1000
PathStart
    1040
0.5
    1000
ToolCompensation
    1002
{
    1070
0
    1040
0
    1070
0
    1002
}
       0
CIRCLE
       5
2084
     100
AcDbEntity
       8
1
     100
AcDbCircle
      10
12.8
      20
0
      30
0
      40
17.5
    1001
FS_CYPCUT
    1000
Channel
    1070
1
    1000
LeadIn
    1002
{
    1070
3
    1040
0
    1040
1.5707963267949
    1040
1
    1040
1
    1070
0
    1040
0.5
    1070
0
    1002
}
    1000
LeadOut
    1002
{
    1070
0
    1040
0
    1040
0
    1040
0
    1070
0
    1002
}
    1000
IsFill
    1070
0
    1000
PathStart
    1040
0
    1000
ToolCompensation
    1002
{
    1070
0
    1040
0
    1070
0
    1002
}
       0
CIRCLE
       5
2085
     100
AcDbEntity
       8
1
     100
AcDbCircle
      10
75.6
      20
0
      30
0
      40
32.5
    1001
FS_CYPCUT
    1000
Channel
    1070
1
    1000
LeadIn
    1002
{
    1070
3
    1040
0
    1040
1.5707963267949
    1040
1
    1040
1
    1070
0
    1040
0.5
    1070
0
    1002
}
    1000
LeadOut
    1002
{
    1070
0
    1040
0
    1040
0
    1040
0
    1070
0
    1002
}
    1000
IsFill
    1070
0
    1000
PathStart
    1040
0
    1000
ToolCompensation
    1002
{
    1070
0
    1040
0
    1070
0
    1002
}
       0
CIRCLE
       5
2086
     100
AcDbEntity
       8
1
     100
AcDbCircle
      10
75.6
      20
62.8
      30
0
      40
17.5
    1001
FS_CYPCUT
    1000
Channel
    1070
1
    1000
LeadIn
    1002
{
    1070
3
    1040
0
    1040
1.5707963267949
    1040
1
    1040
1
    1070
0
    1040
0.5
    1070
0
    1002
}
    1000
LeadOut
    1002
{
    1070
0
    1040
0
    1040
0
    1040
0
    1070
0
    1002
}
    1000
IsFill
    1070
0
    1000
PathStart
    1040
0
    1000
ToolCompensation
    1002
{
    1070
0
    1040
0
    1070
0
    1002
}
       0
CIRCLE
       5
2087
     100
AcDbEntity
       8
1
     100
AcDbCircle
      10
75.6
      20
-62.8
      30
0
      40
17.5
    1001
FS_CYPCUT
    1000
Channel
    1070
1
    1000
LeadIn
    1002
{
    1070
3
    1040
0
    1040
1.5707963267949
    1040
1
    1040
1
    1070
0
    1040
0.5
    1070
0
    1002
}
    1000
LeadOut
    1002
{
    1070
0
    1040
0
    1040
0
    1040
0
    1070
0
    1002
}
    1000
IsFill
    1070
0
    1000
PathStart
    1040
0
    1000
ToolCompensation
    1002
{
    1070
0
    1040
0
    1070
0
    1002
}
       0
CIRCLE
       5
2088
     100
AcDbEntity
       8
1
     100
AcDbCircle
      10
40.8807731911
      20
-242.5274732681
      30
0
      40
2.50000000000003
    1001
FS_CYPCUT
    1000
Channel
    1070
1
    1000
LeadIn
    1002
{
    1070
3
    1040
0
    1040
1.5707963267949
    1040
1
    1040
1
    1070
0
    1040
0.5
    1070
0
    1002
}
    1000
LeadOut
    1002
{
    1070
0
    1040
0
    1040
0
    1040
0
    1070
0
    1002
}
    1000
IsFill
    1070
0
    1000
PathStart
    1040
1
    1000
ToolCompensation
    1002
{
    1070
0
    1040
0
    1070
0
    1002
}
       0
CIRCLE
       5
2089
     100
AcDbEntity
       8
1
     100
AcDbCircle
      10
36.6294392961
      20
-272.2247148927
      30
0
      40
2.5
    1001
FS_CYPCUT
    1000
Channel
    1070
1
    1000
LeadIn
    1002
{
    1070
3
    1040
6.38378239159465E-16
    1040
1.5707963267949
    1040
1
    1040
1
    1070
0
    1040
0.5
    1070
0
    1002
}
    1000
LeadOut
    1002
{
    1070
0
    1040
0
    1040
0
    1040
0
    1070
0
    1002
}
    1000
IsFill
    1070
0
    1000
PathStart
    1040
6.38378239159465E-16
    1000
ToolCompensation
    1002
{
    1070
0
    1040
0
    1070
0
    1002
}
       0
CIRCLE
       5
208A
     100
AcDbEntity
       8
1
     100
AcDbCircle
      10
138.4
      20
0
      30
0
      40
17.5
    1001
FS_CYPCUT
    1000
Channel
    1070
1
    1000
LeadIn
    1002
{
    1070
3
    1040
8.32667268468867E-17
    1040
1.5707963267949
    1040
1
    1040
1
    1070
0
    1040
0.5
    1070
0
    1002
}
    1000
LeadOut
    1002
{
    1070
0
    1040
0
    1040
0
    1040
0
    1070
0
    1002
}
    1000
IsFill
    1070
0
    1000
PathStart
    1040
8.32667268468867E-17
    1000
ToolCompensation
    1002
{
    1070
0
    1040
0
    1070
0
    1002
}
       0
LWPOLYLINE
       5
208B
     100
AcDbEntity
       8
1
     100
AcDbPolyline
      90
4
      70
1
      10
372.6
      20
14.2
      42
0
      10
372.6
      20
-14.2
      42
0
      10
367.1
      20
-14.2
      42
0
      10
367.1
      20
14.2
      42
0
    1001
FS_CYPCUT
    1000
Channel
    1070
1
    1000
LeadIn
    1002
{
    1070
3
    1040
0.5
    1040
1.5707963267949
    1040
1
    1040
1
    1070
0
    1040
0.5
    1070
0
    1002
}
    1000
LeadOut
    1002
{
    1070
0
    1040
0
    1040
0
    1040
0
    1070
0
    1002
}
    1000
IsFill
    1070
0
    1000
PathStart
    1040
0.5
    1000
ToolCompensation
    1002
{
    1070
0
    1040
0
    1070
0
    1002
}
       0
LWPOLYLINE
       5
208C
     100
AcDbEntity
       8
1
     100
AcDbPolyline
      90
4
      70
1
      10
448.1
      20
14.2
      42
0
      10
448.1
      20
-14.2
      42
0
      10
442.6
      20
-14.2
      42
0
      10
442.6
      20
14.2
      42
0
    1001
FS_CYPCUT
    1000
Channel
    1070
1
    1000
LeadIn
    1002
{
    1070
3
    1040
0.5
    1040
1.5707963267949
    1040
1
    1040
1
    1070
0
    1040
0.5
    1070
0
    1002
}
    1000
LeadOut
    1002
{
    1070
0
    1040
0
    1040
0
    1040
0
    1070
0
    1002
}
    1000
IsFill
    1070
0
    1000
PathStart
    1040
0.5
    1000
ToolCompensation
    1002
{
    1070
0
    1040
0
    1070
0
    1002
}
       0
LWPOLYLINE
       5
208D
     100
AcDbEntity
       8
1
     100
AcDbPolyline
      90
16
      70
1
      10
451.4
      20
295
      42
0.414213562373088
      10
446.4
      20
300
      42
0
      10
89.8
      20
300
      42
0
      10
89.8
      20
291.5
      42
0
      10
61.4
      20
291.5
      42
0
      10
61.4
      20
300
      42
0
      10
-446.4
      20
300
      42
0.414213562373095
      10
-451.4
      20
295
      42
0
      10
-451.4
      20
-295
      42
0.414213562373108
      10
-446.4
      20
-300
      42
0
      10
61.4
      20
-300
      42
0
      10
61.4
      20
-291.5
      42
0
      10
89.8
      20
-291.5
      42
0
      10
89.8
      20
-300
      42
0
      10
446.4
      20
-300
      42
0.414213562373088
      10
451.4
      20
-295
      42
0
    1001
FS_CYPCUT
    1000
Channel
    1070
1
    1000
LeadIn
    1002
{
    1070
3
    1040
7.5
    1040
1.5707963267949
    1040
1
    1040
1
    1070
0
    1040
0.5
    1070
0
    1002
}
    1000
LeadOut
    1002
{
    1070
0
    1040
0
    1040
0
    1040
0
    1070
0
    1002
}
    1000
IsFill
    1070
1
    1000
PathStart
    1040
7.5
    1000
ToolCompensation
    1002
{
    1070
0
    1040
0
    1070
0
    1002
}
    1000
MicroConnect
    1002
{
    1070
2
    1040
1.62040411
    1041
0.8
    1042
0
    1040
13.4068783
    1041
0.8
    1042
0
    1002
}
       0
ENDBLK
       5
208E
     330
2003
     100
AcDbEntity
       8
0
     100
AcDbBlockEnd
       0
BLOCK
       5
208F
     330
2004
     100
AcDbEntity
       8
0
     100
AcDbBlockBegin
       2
Part1936413174
      70
0
      10
-80
      20
-80
      30
0
       3
Part1936413174
       1

       4
CypCutBlock
       0
LWPOLYLINE
       5
2090
     100
AcDbEntity
       8
1
     100
AcDbPolyline
      90
4
      70
1
      10
-66.1
      20
-39.5
      42
0
      10
-71.9
      20
-39.5
      42
0
      10
-71.9
      20
-60.5
      42
0
      10
-66.1
      20
-60.5
      42
0
    1001
FS_CYPCUT
    1000
Channel
    1070
1
    1000
LeadIn
    1002
{
    1070
3
    1040
1.5
    1040
1.5707963267949
    1040
1
    1040
1
    1070
0
    1040
0.5
    1070
0
    1002
}
    1000
LeadOut
    1002
{
    1070
0
    1040
0
    1040
0
    1040
0
    1070
0
    1002
}
    1000
IsFill
    1070
0
    1000
PathStart
    1040
1.5
    1000
ToolCompensation
    1002
{
    1070
0
    1040
0
    1070
0
    1002
}
       0
CIRCLE
       5
2091
     100
AcDbEntity
       8
1
     100
AcDbCircle
      10
-45
      20
-37
      30
0
      40
4.24999999999998
    1001
FS_CYPCUT
    1000
Channel
    1070
1
    1000
LeadIn
    1002
{
    1070
3
    1040
0
    1040
1.5707963267949
    1040
1
    1040
1
    1070
0
    1040
0.5
    1070
0
    1002
}
    1000
LeadOut
    1002
{
    1070
0
    1040
0
    1040
0
    1040
0
    1070
0
    1002
}
    1000
IsFill
    1070
0
    1000
PathStart
    1040
0
    1000
ToolCompensation
    1002
{
    1070
0
    1040
0
    1070
0
    1002
}
       0
CIRCLE
       5
2092
     100
AcDbEntity
       8
1
     100
AcDbCircle
      10
-45
      20
45
      30
0
      40
4.24999999999999
    1001
FS_CYPCUT
    1000
Channel
    1070
1
    1000
LeadIn
    1002
{
    1070
3
    1040
0
    1040
1.5707963267949
    1040
1
    1040
1
    1070
0
    1040
0.5
    1070
0
    1002
}
    1000
LeadOut
    1002
{
    1070
0
    1040
0
    1040
0
    1040
0
    1070
0
    1002
}
    1000
IsFill
    1070
0
    1000
PathStart
    1040
0
    1000
ToolCompensation
    1002
{
    1070
0
    1040
0
    1070
0
    1002
}
       0
CIRCLE
       5
2093
     100
AcDbEntity
       8
1
     100
AcDbCircle
      10
45
      20
45
      30
0
      40
4.24999999999999
    1001
FS_CYPCUT
    1000
Channel
    1070
1
    1000
LeadIn
    1002
{
    1070
3
    1040
0
    1040
1.5707963267949
    1040
1
    1040
1
    1070
0
    1040
0.5
    1070
0
    1002
}
    1000
LeadOut
    1002
{
    1070
0
    1040
0
    1040
0
    1040
0
    1070
0
    1002
}
    1000
IsFill
    1070
0
    1000
PathStart
    1040
0
    1000
ToolCompensation
    1002
{
    1070
0
    1040
0
    1070
0
    1002
}
       0
CIRCLE
       5
2094
     100
AcDbEntity
       8
1
     100
AcDbCircle
      10
45
      20
-37
      30
0
      40
4.25
    1001
FS_CYPCUT
    1000
Channel
    1070
1
    1000
LeadIn
    1002
{
    1070
3
    1040
0
    1040
1.5707963267949
    1040
1
    1040
1
    1070
0
    1040
0.5
    1070
0
    1002
}
    1000
LeadOut
    1002
{
    1070
0
    1040
0
    1040
0
    1040
0
    1070
0
    1002
}
    1000
IsFill
    1070
0
    1000
PathStart
    1040
0
    1000
ToolCompensation
    1002
{
    1070
0
    1040
0
    1070
0
    1002
}
       0
LWPOLYLINE
       5
2095
     100
AcDbEntity
       8
1
     100
AcDbPolyline
      90
4
      70
1
      10
71.9
      20
-39.5
      42
0
      10
71.9
      20
-60.5
      42
0
      10
66.1
      20
-60.5
      42
0
      10
66.1
      20
-39.5
      42
0
    1001
FS_CYPCUT
    1000
Channel
    1070
1
    1000
LeadIn
    1002
{
    1070
3
    1040
0.5
    1040
1.5707963267949
    1040
1
    1040
1
    1070
0
    1040
0.5
    1070
0
    1002
}
    1000
LeadOut
    1002
{
    1070
0
    1040
0
    1040
0
    1040
0
    1070
0
    1002
}
    1000
IsFill
    1070
0
    1000
PathStart
    1040
0.5
    1000
ToolCompensation
    1002
{
    1070
0
    1040
0
    1070
0
    1002
}
       0
LWPOLYLINE
       5
2096
     100
AcDbEntity
       8
1
     100
AcDbPolyline
      90
8
      70
1
      10
80
      20
50
      42
0
      10
80
      20
-70
      42
-0.414213562373095
      10
70
      20
-80
      42
0
      10
-70
      20
-80
      42
-0.414213562373094
      10
-79.9999999999999
      20
-70
      42
0
      10
-80
      20
50
      42
-0.414213562373095
      10
-70
      20
60
      42
0
      10
70
      20
60
      42
-0.414213562373094
    1001
FS_CYPCUT
    1000
Channel
    1070
1
    1000
LeadIn
    1002
{
    1070
3
    1040
2.5
    1040
1.5707963267949
    1040
1
    1040
1
    1070
0
    1040
0.5
    1070
0
    1002
}
    1000
LeadOut
    1002
{
    1070
0
    1040
0
    1040
0
    1040
0
    1070
0
    1002
}
    1000
IsFill
    1070
1
    1000
PathStart
    1040
2.5
    1000
ToolCompensation
    1002
{
    1070
0
    1040
0
    1070
0
    1002
}
    1000
MicroConnect
    1002
{
    1070
2
    1040
0.458530806
    1041
0.8
    1042
0
    1040
4.41666667
    1041
0.8
    1042
0
    1002
}
       0
ENDBLK
       5
2097
     330
2004
     100
AcDbEntity
       8
0
     100
AcDbBlockEnd
       0
BLOCK
       5
2098
     330
2005
     100
AcDbEntity
       8
0
     100
AcDbBlockBegin
       2
Part407627364
      70
0
      10
-80
      20
-80
      30
0
       3
Part407627364
       1

       4
CypCutBlock
       0
LWPOLYLINE
       5
2099
     100
AcDbEntity
       8
1
     100
AcDbPolyline
      90
4
      70
1
      10
-66.1
      20
-39.5
      42
0
      10
-71.9
      20
-39.5
      42
0
      10
-71.9
      20
-60.5
      42
0
      10
-66.1
      20
-60.5
      42
0
    1001
FS_CYPCUT
    1000
Channel
    1070
1
    1000
LeadIn
    1002
{
    1070
3
    1040
1.5
    1040
1.5707963267949
    1040
1
    1040
1
    1070
0
    1040
0.5
    1070
0
    1002
}
    1000
LeadOut
    1002
{
    1070
0
    1040
0
    1040
0
    1040
0
    1070
0
    1002
}
    1000
IsFill
    1070
0
    1000
PathStart
    1040
1.5
    1000
ToolCompensation
    1002
{
    1070
0
    1040
0
    1070
0
    1002
}
       0
CIRCLE
       5
209A
     100
AcDbEntity
       8
1
     100
AcDbCircle
      10
-45
      20
-37
      30
0
      40
4.24999999999998
    1001
FS_CYPCUT
    1000
Channel
    1070
1
    1000
LeadIn
    1002
{
    1070
3
    1040
0
    1040
1.5707963267949
    1040
1
    1040
1
    1070
0
    1040
0.5
    1070
0
    1002
}
    1000
LeadOut
    1002
{
    1070
0
    1040
0
    1040
0
    1040
0
    1070
0
    1002
}
    1000
IsFill
    1070
0
    1000
PathStart
    1040
0
    1000
ToolCompensation
    1002
{
    1070
0
    1040
0
    1070
0
    1002
}
       0
CIRCLE
       5
209B
     100
AcDbEntity
       8
1
     100
AcDbCircle
      10
-45
      20
45
      30
0
      40
4.24999999999999
    1001
FS_CYPCUT
    1000
Channel
    1070
1
    1000
LeadIn
    1002
{
    1070
3
    1040
0
    1040
1.5707963267949
    1040
1
    1040
1
    1070
0
    1040
0.5
    1070
0
    1002
}
    1000
LeadOut
    1002
{
    1070
0
    1040
0
    1040
0
    1040
0
    1070
0
    1002
}
    1000
IsFill
    1070
0
    1000
PathStart
    1040
0
    1000
ToolCompensation
    1002
{
    1070
0
    1040
0
    1070
0
    1002
}
       0
CIRCLE
       5
209C
     100
AcDbEntity
       8
1
     100
AcDbCircle
      10
45
      20
45
      30
0
      40
4.24999999999999
    1001
FS_CYPCUT
    1000
Channel
    1070
1
    1000
LeadIn
    1002
{
    1070
3
    1040
0
    1040
1.5707963267949
    1040
1
    1040
1
    1070
0
    1040
0.5
    1070
0
    1002
}
    1000
LeadOut
    1002
{
    1070
0
    1040
0
    1040
0
    1040
0
    1070
0
    1002
}
    1000
IsFill
    1070
0
    1000
PathStart
    1040
0
    1000
ToolCompensation
    1002
{
    1070
0
    1040
0
    1070
0
    1002
}
       0
CIRCLE
       5
209D
     100
AcDbEntity
       8
1
     100
AcDbCircle
      10
45
      20
-37
      30
0
      40
4.25
    1001
FS_CYPCUT
    1000
Channel
    1070
1
    1000
LeadIn
    1002
{
    1070
3
    1040
0
    1040
1.5707963267949
    1040
1
    1040
1
    1070
0
    1040
0.5
    1070
0
    1002
}
    1000
LeadOut
    1002
{
    1070
0
    1040
0
    1040
0
    1040
0
    1070
0
    1002
}
    1000
IsFill
    1070
0
    1000
PathStart
    1040
0
    1000
ToolCompensation
    1002
{
    1070
0
    1040
0
    1070
0
    1002
}
       0
LWPOLYLINE
       5
209E
     100
AcDbEntity
       8
1
     100
AcDbPolyline
      90
4
      70
1
      10
71.9
      20
-39.5
      42
0
      10
71.9
      20
-60.5
      42
0
      10
66.1
      20
-60.5
      42
0
      10
66.1
      20
-39.5
      42
0
    1001
FS_CYPCUT
    1000
Channel
    1070
1
    1000
LeadIn
    1002
{
    1070
3
    1040
0.5
    1040
1.5707963267949
    1040
1
    1040
1
    1070
0
    1040
0.5
    1070
0
    1002
}
    1000
LeadOut
    1002
{
    1070
0
    1040
0
    1040
0
    1040
0
    1070
0
    1002
}
    1000
IsFill
    1070
0
    1000
PathStart
    1040
0.5
    1000
ToolCompensation
    1002
{
    1070
0
    1040
0
    1070
0
    1002
}
       0
LWPOLYLINE
       5
209F
     100
AcDbEntity
       8
1
     100
AcDbPolyline
      90
8
      70
1
      10
80
      20
50
      42
0
      10
80
      20
-70
      42
-0.414213562373095
      10
70
      20
-80
      42
0
      10
-70
      20
-80
      42
-0.414213562373094
      10
-79.9999999999999
      20
-70
      42
0
      10
-80
      20
50
      42
-0.414213562373095
      10
-70
      20
60
      42
0
      10
70
      20
60
      42
-0.414213562373094
    1001
FS_CYPCUT
    1000
Channel
    1070
1
    1000
LeadIn
    1002
{
    1070
3
    1040
2.5
    1040
1.5707963267949
    1040
1
    1040
1
    1070
0
    1040
0.5
    1070
0
    1002
}
    1000
LeadOut
    1002
{
    1070
0
    1040
0
    1040
0
    1040
0
    1070
0
    1002
}
    1000
IsFill
    1070
1
    1000
PathStart
    1040
2.5
    1000
ToolCompensation
    1002
{
    1070
0
    1040
0
    1070
0
    1002
}
    1000
MicroConnect
    1002
{
    1070
2
    1040
0.458530806
    1041
0.8
    1042
0
    1040
4.41666667
    1041
0.8
    1042
0
    1002
}
       0
ENDBLK
       5
20A0
     330
2005
     100
AcDbEntity
       8
0
     100
AcDbBlockEnd
       0
BLOCK
       5
20A1
     330
2006
     100
AcDbEntity
       8
0
     100
AcDbBlockBegin
       2
Part1106952901
      70
0
      10
-31.9792719
      20
-25
      30
0
       3
Part1106952901
       1

       4
CypCutBlock
       0
LINE
       5
20A2
     100
AcDbEntity
       8
2
     100
AcDbLine
      10
4.0103640642
      20
-25
      30
0
      11
4.0103640642
      21
25
      31
0
    1001
FS_CYPCUT
    1000
Channel
    1070
2
    1000
LeadIn
    1002
{
    1070
0
    1040
0
    1040
0
    1040
0
    1040
0
    1070
0
    1040
0
    1070
0
    1002
}
    1000
LeadOut
    1002
{
    1070
0
    1040
0
    1040
0
    1040
0
    1070
0
    1002
}
    1000
IsFill
    1070
0
    1000
PathStart
    1040
0
    1000
ToolCompensation
    1002
{
    1070
0
    1040
0
    1070
0
    1002
}
       0
CIRCLE
       5
20A3
     100
AcDbEntity
       8
1
     100
AcDbCircle
      10
30
      20
0
      30
0
      40
6.99999999999998
    1001
FS_CYPCUT
    1000
Channel
    1070
1
    1000
LeadIn
    1002
{
    1070
0
    1040
0
    1040
0
    1040
0
    1040
0
    1070
0
    1040
0
    1070
0
    1002
}
    1000
LeadOut
    1002
{
    1070
0
    1040
0
    1040
0
    1040
0
    1070
0
    1002
}
    1000
IsFill
    1070
0
    1000
PathStart
    1040
0
    1000
ToolCompensation
    1002
{
    1070
0
    1040
0
    1070
0
    1002
}
       0
LWPOLYLINE
       5
20A4
     100
AcDbEntity
       8
1
     100
AcDbPolyline
      90
8
      70
1
      10
50
      20
20
      42
0.414213562373096
      10
45
      20
25
      42
0
      10
-26.9792718716
      20
25
      42
0.414213562373096
      10
-31.9792718716
      20
20
      42
0
      10
-31.9792718716
      20
-20
      42
0.414213562373094
      10
-26.9792718716
      20
-25
      42
0
      10
45
      20
-25
      42
0.414213562373093
      10
50
      20
-20
      42
0
    1001
FS_CYPCUT
    1000
Channel
    1070
1
    1000
LeadIn
    1002
{
    1070
0
    1040
0
    1040
0
    1040
0
    1040
0
    1070
0
    1040
0
    1070
0
    1002
}
    1000
LeadOut
    1002
{
    1070
0
    1040
0
    1040
0
    1040
0
    1070
0
    1002
}
    1000
IsFill
    1070
1
    1000
PathStart
    1040
0
    1000
ToolCompensation
    1002
{
    1070
0
    1040
0
    1070
0
    1002
}
       0
ENDBLK
       5
20A5
     330
2006
     100
AcDbEntity
       8
0
     100
AcDbBlockEnd
       0
BLOCK
       5
20A6
     330
2007
     100
AcDbEntity
       8
0
     100
AcDbBlockBegin
       2
Part1621055646
      70
0
      10
-25.4
      20
0
      30
0
       3
Part1621055646
       1

       4
CypCutBlock
       0
CIRCLE
       5
20A7
     100
AcDbEntity
       8
1
     100
AcDbCircle
      10
-12.7
      20
10
      30
0
      40
4.50000000000001
    1001
FS_CYPCUT
    1000
Channel
    1070
1
    1000
LeadIn
    1002
{
    1070
3
    1040
0
    1040
1.5707963267949
    1040
1
    1040
1
    1070
0
    1040
0.5
    1070
0
    1002
}
    1000
LeadOut
    1002
{
    1070
0
    1040
0
    1040
0
    1040
0
    1070
0
    1002
}
    1000
IsFill
    1070
0
    1000
PathStart
    1040
0
    1000
ToolCompensation
    1002
{
    1070
0
    1040
0
    1070
0
    1002
}
       0
CIRCLE
       5
20A8
     100
AcDbEntity
       8
1
     100
AcDbCircle
      10
-12.7
      20
50
      30
0
      40
4.50000000000003
    1001
FS_CYPCUT
    1000
Channel
    1070
1
    1000
LeadIn
    1002
{
    1070
3
    1040
0
    1040
1.5707963267949
    1040
1
    1040
1
    1070
0
    1040
0.5
    1070
0
    1002
}
    1000
LeadOut
    1002
{
    1070
0
    1040
0
    1040
0
    1040
0
    1070
0
    1002
}
    1000
IsFill
    1070
0
    1000
PathStart
    1040
1
    1000
ToolCompensation
    1002
{
    1070
0
    1040
0
    1070
0
    1002
}
       0
CIRCLE
       5
20A9
     100
AcDbEntity
       8
1
     100
AcDbCircle
      10
-12.7
      20
90
      30
0
      40
4.5
    1001
FS_CYPCUT
    1000
Channel
    1070
1
    1000
LeadIn
    1002
{
    1070
3
    1040
0
    1040
1.5707963267949
    1040
1
    1040
1
    1070
0
    1040
0.5
    1070
0
    1002
}
    1000
LeadOut
    1002
{
    1070
0
    1040
0
    1040
0
    1040
0
    1070
0
    1002
}
    1000
IsFill
    1070
0
    1000
PathStart
    1040
1
    1000
ToolCompensation
    1002
{
    1070
0
    1040
0
    1070
0
    1002
}
       0
LWPOLYLINE
       5
20AA
     100
AcDbEntity
       8
1
     100
AcDbPolyline
      90
8
      70
1
      10
0
      20
95
      42
0
      10
0
      20
5
      42
-0.414213562373095
      10
-5
      20
0
      42
0
      10
-20.4
      20
0
      42
-0.414213562373095
      10
-25.4
      20
5
      42
0
      10
-25.4
      20
95
      42
-0.414213562373095
      10
-20.4
      20
100
      42
0
      10
-5
      20
100
      42
-0.414213562373095
    1001
FS_CYPCUT
    1000
Channel
    1070
1
    1000
LeadIn
    1002
{
    1070
3
    1040
0.5
    1040
1.5707963267949
    1040
1
    1040
1
    1070
0
    1040
0.5
    1070
0
    1002
}
    1000
LeadOut
    1002
{
    1070
0
    1040
0
    1040
0
    1040
0
    1070
0
    1002
}
    1000
IsFill
    1070
1
    1000
PathStart
    1040
0.5
    1000
ToolCompensation
    1002
{
    1070
0
    1040
0
    1070
0
    1002
}
       0
ENDBLK
       5
20AB
     330
2007
     100
AcDbEntity
       8
0
     100
AcDbBlockEnd
       0
BLOCK
       5
20AC
     330
2008
     100
AcDbEntity
       8
0
     100
AcDbBlockBegin
       2
Part2043137591
      70
0
      10
-20
      20
-20
      30
0
       3
Part2043137591
       1

       4
CypCutBlock
       0
CIRCLE
       5
20AD
     100
AcDbEntity
       8
1
     100
AcDbCircle
      10
0
      20
0
      30
0
      40
5.25
    1001
FS_CYPCUT
    1000
Channel
    1070
1
    1000
LeadIn
    1002
{
    1070
3
    1040
0
    1040
1.5707963267949
    1040
1
    1040
1
    1070
0
    1040
0.5
    1070
0
    1002
}
    1000
LeadOut
    1002
{
    1070
0
    1040
0
    1040
0
    1040
0
    1070
0
    1002
}
    1000
IsFill
    1070
0
    1000
PathStart
    1040
0
    1000
ToolCompensation
    1002
{
    1070
0
    1040
0
    1070
0
    1002
}
       0
LWPOLYLINE
       5
20AE
     100
AcDbEntity
       8
1
     100
AcDbPolyline
      90
8
      70
1
      10
20
      20
14
      42
0
      10
20
      20
-14
      42
-0.414213562373095
      10
14
      20
-20
      42
0
      10
-14
      20
-20
      42
-0.414213562373095
      10
-20
      20
-14
      42
0
      10
-20
      20
14
      42
-0.414213562373095
      10
-14
      20
20
      42
0
      10
14
      20
20
      42
-0.414213562373095
    1001
FS_CYPCUT
    1000
Channel
    1070
1
    1000
LeadIn
    1002
{
    1070
3
    1040
0.5
    1040
1.5707963267949
    1040
1
    1040
1
    1070
0
    1040
0.5
    1070
0
    1002
}
    1000
LeadOut
    1002
{
    1070
0
    1040
0
    1040
0
    1040
0
    1070
0
    1002
}
    1000
IsFill
    1070
1
    1000
PathStart
    1040
0.5
    1000
ToolCompensation
    1002
{
    1070
0
    1040
0
    1070
0
    1002
}
    1000
MicroConnect
    1002
{
    1070
1
    1040
4.48533063
    1041
0.8
    1042
0
    1002
}
       0
ENDBLK
       5
20AF
     330
2008
     100
AcDbEntity
       8
0
     100
AcDbBlockEnd
       0
BLOCK
       5
20B0
     330
2009
     100
AcDbEntity
       8
0
     100
AcDbBlockBegin
       2
Part1659823463
      70
0
      10
-100
      20
-35
      30
0
       3
Part1659823463
       1

       4
CypCutBlock
       0
CIRCLE
       5
20B1
     100
AcDbEntity
       8
1
     100
AcDbCircle
      10
-75
      20
13
      30
0
      40
4.25
    1001
FS_CYPCUT
    1000
Channel
    1070
1
    1000
LeadIn
    1002
{
    1070
3
    1040
1.11022302462516E-16
    1040
1.5707963267949
    1040
1
    1040
1
    1070
0
    1040
0.5
    1070
0
    1002
}
    1000
LeadOut
    1002
{
    1070
0
    1040
0
    1040
0
    1040
0
    1070
0
    1002
}
    1000
IsFill
    1070
0
    1000
PathStart
    1040
1.11022302462516E-16
    1000
ToolCompensation
    1002
{
    1070
0
    1040
0
    1070
0
    1002
}
       0
CIRCLE
       5
20B2
     100
AcDbEntity
       8
1
     100
AcDbCircle
      10
75
      20
13
      30
0
      40
4.25
    1001
FS_CYPCUT
    1000
Channel
    1070
1
    1000
LeadIn
    1002
{
    1070
3
    1040
1.11022302462516E-16
    1040
1.5707963267949
    1040
1
    1040
1
    1070
0
    1040
0.5
    1070
0
    1002
}
    1000
LeadOut
    1002
{
    1070
0
    1040
0
    1040
0
    1040
0
    1070
0
    1002
}
    1000
IsFill
    1070
0
    1000
PathStart
    1040
1.11022302462516E-16
    1000
ToolCompensation
    1002
{
    1070
0
    1040
0
    1070
0
    1002
}
       0
LWPOLYLINE
       5
20B3
     100
AcDbEntity
       8
1
     100
AcDbPolyline
      90
24
      70
1
      10
100
      20
25
      42
0.414213562373095
      10
90
      20
35
      42
0
      10
67
      20
35
      42
0.414213562373093
      10
65
      20
33
      42
0
      10
65
      20
30.65
      42
-0.414213562373091
      10
63
      20
28.65
      42
0
      10
43
      20
28.65
      42
0.414213562373098
      10
41
      20
26.65
      42
0
      10
41
      20
-9.35
      42
-0.414213562373095
      10
39
      20
-11.35
      42
0
      10
-39
      20
-11.35
      42
-0.414213562373091
      10
-41
      20
-9.35
      42
0
      10
-41
      20
26.65
      42
0.414213562373097
      10
-43
      20
28.65
      42
0
      10
-63
      20
28.65
      42
-0.414213562373092
      10
-65
      20
30.65
      42
0
      10
-65
      20
33
      42
0.414213562373095
      10
-67
      20
35
      42
0
      10
-90
      20
35
      42
0.414213562373095
      10
-100
      20
25
      42
0
      10
-100
      20
-25
      42
0.414213562373095
      10
-90
      20
-35
      42
0
      10
90
      20
-35
      42
0.414213562373095
      10
100
      20
-25
      42
0
    1001
FS_CYPCUT
    1000
Channel
    1070
1
    1000
LeadIn
    1002
{
    1070
3
    1040
21.5
    1040
1.5707963267949
    1040
1
    1040
1
    1070
0
    1040
0.5
    1070
0
    1002
}
    1000
LeadOut
    1002
{
    1070
0
    1040
0
    1040
0
    1040
0
    1070
0
    1002
}
    1000
IsFill
    1070
1
    1000
PathStart
    1040
21.5
    1000
ToolCompensation
    1002
{
    1070
0
    1040
0
    1070
0
    1002
}
    1000
MicroConnect
    1002
{
    1070
1
    1040
21.3246097
    1041
0.8
    1042
0
    1002
}
       0
ENDBLK
       5
20B4
     330
2009
     100
AcDbEntity
       8
0
     100
AcDbBlockEnd
       0
BLOCK
       5
20B5
     330
200A
     100
AcDbEntity
       8
0
     100
AcDbBlockBegin
       2
Part1237759770
      70
0
      10
-25.4
      20
0
      30
0
       3
Part1237759770
       1

       4
CypCutBlock
       0
CIRCLE
       5
20B6
     100
AcDbEntity
       8
1
     100
AcDbCircle
      10
-12.7
      20
10
      30
0
      40
4.50000000000001
    1001
FS_CYPCUT
    1000
Channel
    1070
1
    1000
LeadIn
    1002
{
    1070
3
    1040
0
    1040
1.5707963267949
    1040
1
    1040
1
    1070
0
    1040
0.5
    1070
0
    1002
}
    1000
LeadOut
    1002
{
    1070
0
    1040
0
    1040
0
    1040
0
    1070
0
    1002
}
    1000
IsFill
    1070
0
    1000
PathStart
    1040
0
    1000
ToolCompensation
    1002
{
    1070
0
    1040
0
    1070
0
    1002
}
       0
CIRCLE
       5
20B7
     100
AcDbEntity
       8
1
     100
AcDbCircle
      10
-12.7
      20
50
      30
0
      40
4.50000000000003
    1001
FS_CYPCUT
    1000
Channel
    1070
1
    1000
LeadIn
    1002
{
    1070
3
    1040
0
    1040
1.5707963267949
    1040
1
    1040
1
    1070
0
    1040
0.5
    1070
0
    1002
}
    1000
LeadOut
    1002
{
    1070
0
    1040
0
    1040
0
    1040
0
    1070
0
    1002
}
    1000
IsFill
    1070
0
    1000
PathStart
    1040
1
    1000
ToolCompensation
    1002
{
    1070
0
    1040
0
    1070
0
    1002
}
       0
CIRCLE
       5
20B8
     100
AcDbEntity
       8
1
     100
AcDbCircle
      10
-12.7
      20
90
      30
0
      40
4.5
    1001
FS_CYPCUT
    1000
Channel
    1070
1
    1000
LeadIn
    1002
{
    1070
3
    1040
0
    1040
1.5707963267949
    1040
1
    1040
1
    1070
0
    1040
0.5
    1070
0
    1002
}
    1000
LeadOut
    1002
{
    1070
0
    1040
0
    1040
0
    1040
0
    1070
0
    1002
}
    1000
IsFill
    1070
0
    1000
PathStart
    1040
1
    1000
ToolCompensation
    1002
{
    1070
0
    1040
0
    1070
0
    1002
}
       0
LWPOLYLINE
       5
20B9
     100
AcDbEntity
       8
1
     100
AcDbPolyline
      90
8
      70
1
      10
0
      20
95
      42
0
      10
0
      20
5
      42
-0.414213562373095
      10
-5
      20
0
      42
0
      10
-20.4
      20
0
      42
-0.414213562373095
      10
-25.4
      20
5
      42
0
      10
-25.4
      20
95
      42
-0.414213562373095
      10
-20.4
      20
100
      42
0
      10
-5
      20
100
      42
-0.414213562373095
    1001
FS_CYPCUT
    1000
Channel
    1070
1
    1000
LeadIn
    1002
{
    1070
3
    1040
0.5
    1040
1.5707963267949
    1040
1
    1040
1
    1070
0
    1040
0.5
    1070
0
    1002
}
    1000
LeadOut
    1002
{
    1070
0
    1040
0
    1040
0
    1040
0
    1070
0
    1002
}
    1000
IsFill
    1070
1
    1000
PathStart
    1040
0.5
    1000
ToolCompensation
    1002
{
    1070
0
    1040
0
    1070
0
    1002
}
       0
ENDBLK
       5
20BA
     330
200A
     100
AcDbEntity
       8
0
     100
AcDbBlockEnd
       0
BLOCK
       5
20BB
     330
200B
     100
AcDbEntity
       8
0
     100
AcDbBlockBegin
       2
Part2082980233
      70
0
      10
-25.4
      20
0
      30
0
       3
Part2082980233
       1

       4
CypCutBlock
       0
CIRCLE
       5
20BC
     100
AcDbEntity
       8
1
     100
AcDbCircle
      10
-12.7
      20
10
      30
0
      40
4.50000000000001
    1001
FS_CYPCUT
    1000
Channel
    1070
1
    1000
LeadIn
    1002
{
    1070
3
    1040
0
    1040
1.5707963267949
    1040
1
    1040
1
    1070
0
    1040
0.5
    1070
0
    1002
}
    1000
LeadOut
    1002
{
    1070
0
    1040
0
    1040
0
    1040
0
    1070
0
    1002
}
    1000
IsFill
    1070
0
    1000
PathStart
    1040
0
    1000
ToolCompensation
    1002
{
    1070
0
    1040
0
    1070
0
    1002
}
       0
CIRCLE
       5
20BD
     100
AcDbEntity
       8
1
     100
AcDbCircle
      10
-12.7
      20
50
      30
0
      40
4.50000000000003
    1001
FS_CYPCUT
    1000
Channel
    1070
1
    1000
LeadIn
    1002
{
    1070
3
    1040
0
    1040
1.5707963267949
    1040
1
    1040
1
    1070
0
    1040
0.5
    1070
0
    1002
}
    1000
LeadOut
    1002
{
    1070
0
    1040
0
    1040
0
    1040
0
    1070
0
    1002
}
    1000
IsFill
    1070
0
    1000
PathStart
    1040
1
    1000
ToolCompensation
    1002
{
    1070
0
    1040
0
    1070
0
    1002
}
       0
CIRCLE
       5
20BE
     100
AcDbEntity
       8
1
     100
AcDbCircle
      10
-12.7
      20
90
      30
0
      40
4.5
    1001
FS_CYPCUT
    1000
Channel
    1070
1
    1000
LeadIn
    1002
{
    1070
3
    1040
0
    1040
1.5707963267949
    1040
1
    1040
1
    1070
0
    1040
0.5
    1070
0
    1002
}
    1000
LeadOut
    1002
{
    1070
0
    1040
0
    1040
0
    1040
0
    1070
0
    1002
}
    1000
IsFill
    1070
0
    1000
PathStart
    1040
1
    1000
ToolCompensation
    1002
{
    1070
0
    1040
0
    1070
0
    1002
}
       0
LWPOLYLINE
       5
20BF
     100
AcDbEntity
       8
1
     100
AcDbPolyline
      90
8
      70
1
      10
0
      20
95
      42
0
      10
0
      20
5
      42
-0.414213562373095
      10
-5
      20
0
      42
0
      10
-20.4
      20
0
      42
-0.414213562373095
      10
-25.4
      20
5
      42
0
      10
-25.4
      20
95
      42
-0.414213562373095
      10
-20.4
      20
100
      42
0
      10
-5
      20
100
      42
-0.414213562373095
    1001
FS_CYPCUT
    1000
Channel
    1070
1
    1000
LeadIn
    1002
{
    1070
3
    1040
0.5
    1040
1.5707963267949
    1040
1
    1040
1
    1070
0
    1040
0.5
    1070
0
    1002
}
    1000
LeadOut
    1002
{
    1070
0
    1040
0
    1040
0
    1040
0
    1070
0
    1002
}
    1000
IsFill
    1070
1
    1000
PathStart
    1040
0.5
    1000
ToolCompensation
    1002
{
    1070
0
    1040
0
    1070
0
    1002
}
       0
ENDBLK
       5
20C0
     330
200B
     100
AcDbEntity
       8
0
     100
AcDbBlockEnd
       0
BLOCK
       5
20C1
     330
200C
     100
AcDbEntity
       8
0
     100
AcDbBlockBegin
       2
CommonPart1440687146
      70
0
      10
585.9999
      20
606
      30
0
       3
CommonPart1440687146
       1

       4
CypCutBlock
       0
LWPOLYLINE
       5
20C2
     100
AcDbEntity
       8
1
     100
AcDbPolyline
      90
4
      70
1
      10
800.4999
      20
943.65
      42
0
      10
800.4999
      20
949.65
      42
-1
      10
811.4999
      20
949.65
      42
0
      10
811.4999
      20
943.65
      42
-1
    1001
FS_CYPCUT
    1000
Channel
    1070
1
    1000
LeadIn
    1002
{
    1070
3
    1040
1.5
    1040
1.5707963267949
    1040
1
    1040
1
    1070
0
    1040
0.5
    1070
0
    1002
}
    1000
LeadOut
    1002
{
    1070
0
    1040
0
    1040
0
    1040
0
    1070
0
    1002
}
    1000
IsFill
    1070
0
    1000
PathStart
    1040
1.5
    1000
ToolCompensation
    1002
{
    1070
0
    1040
0
    1070
0
    1002
}
       0
LWPOLYLINE
       5
20C3
     100
AcDbEntity
       8
1
     100
AcDbPolyline
      90
4
      70
1
      10
650.4999
      20
943.65
      42
0
      10
650.4999
      20
949.65
      42
-1
      10
661.4999
      20
949.65
      42
0
      10
661.4999
      20
943.65
      42
-1
    1001
FS_CYPCUT
    1000
Channel
    1070
1
    1000
LeadIn
    1002
{
    1070
3
    1040
3.5
    1040
1.5707963267949
    1040
1
    1040
1
    1070
0
    1040
0.5
    1070
0
    1002
}
    1000
LeadOut
    1002
{
    1070
0
    1040
0
    1040
0
    1040
0
    1070
0
    1002
}
    1000
IsFill
    1070
0
    1000
PathStart
    1040
3.5
    1000
ToolCompensation
    1002
{
    1070
0
    1040
0
    1070
0
    1002
}
       0
CIRCLE
       5
20C4
     100
AcDbEntity
       8
1
     100
AcDbCircle
      10
626.127553746
      20
890.8578280663
      30
0
      40
6.25
    1001
FS_CYPCUT
    1000
Channel
    1070
1
    1000
LeadIn
    1002
{
    1070
3
    1040
0
    1040
1.5707963267949
    1040
1
    1040
1
    1070
0
    1040
0.5
    1070
0
    1002
}
    1000
LeadOut
    1002
{
    1070
0
    1040
0
    1040
0
    1040
0
    1070
0
    1002
}
    1000
IsFill
    1070
0
    1000
PathStart
    1040
0
    1000
ToolCompensation
    1002
{
    1070
0
    1040
0
    1070
0
    1002
}
       0
CIRCLE
       5
20C5
     100
AcDbEntity
       8
1
     100
AcDbCircle
      10
610.6677947124
      20
832.8837316902
      30
0
      40
2.5
    1001
FS_CYPCUT
    1000
Channel
    1070
1
    1000
LeadIn
    1002
{
    1070
3
    1040
0
    1040
1.5707963267949
    1040
1
    1040
1
    1070
0
    1040
0.5
    1070
0
    1002
}
    1000
LeadOut
    1002
{
    1070
0
    1040
0
    1040
0
    1040
0
    1070
0
    1002
}
    1000
IsFill
    1070
0
    1000
PathStart
    1040
0
    1000
ToolCompensation
    1002
{
    1070
0
    1040
0
    1070
0
    1002
}
       0
LWPOLYLINE
       5
20C6
     100
AcDbEntity
       8
1
     100
AcDbPolyline
      90
4
      70
1
      10
663.8114674067
      20
855.137713187
      42
0
      10
680.8136102638
      20
874.8081767876
      42
0
      10
682.5536897362
      20
873.3041410734
      42
0
      10
665.551546879
      20
853.6336774727
      42
0
    1001
FS_CYPCUT
    1000
Channel
    1070
1
    1000
LeadIn
    1002
{
    1070
3
    1040
2.5
    1040
1.5707963267949
    1040
1
    1040
1
    1070
0
    1040
0.5
    1070
0
    1002
}
    1000
LeadOut
    1002
{
    1070
0
    1040
0
    1040
0
    1040
0
    1070
0
    1002
}
    1000
IsFill
    1070
0
    1000
PathStart
    1040
2.5
    1000
ToolCompensation
    1002
{
    1070
0
    1040
0
    1070
0
    1002
}
       0
CIRCLE
       5
20C7
     100
AcDbEntity
       8
1
     100
AcDbCircle
      10
689.6341533006
      20
840.6342533006
      30
0
      40
4.25
    1001
FS_CYPCUT
    1000
Channel
    1070
1
    1000
LeadIn
    1002
{
    1070
3
    1040
0
    1040
1.5707963267949
    1040
1
    1040
1
    1070
0
    1040
0.5
    1070
0
    1002
}
    1000
LeadOut
    1002
{
    1070
0
    1040
0
    1040
0
    1040
0
    1070
0
    1002
}
    1000
IsFill
    1070
0
    1000
PathStart
    1040
0
    1000
ToolCompensation
    1002
{
    1070
0
    1040
0
    1070
0
    1002
}
       0
CIRCLE
       5
20C8
     100
AcDbEntity
       8
1
     100
AcDbCircle
      10
680.3374138786
      20
911.25
      30
0
      40
4.25
    1001
FS_CYPCUT
    1000
Channel
    1070
1
    1000
LeadIn
    1002
{
    1070
3
    1040
0
    1040
1.5707963267949
    1040
1
    1040
1
    1070
0
    1040
0.5
    1070
0
    1002
}
    1000
LeadOut
    1002
{
    1070
0
    1040
0
    1040
0
    1040
0
    1070
0
    1002
}
    1000
IsFill
    1070
0
    1000
PathStart
    1040
0
    1000
ToolCompensation
    1002
{
    1070
0
    1040
0
    1070
0
    1002
}
       0
CIRCLE
       5
20C9
     100
AcDbEntity
       8
1
     100
AcDbCircle
      10
730.9999
      20
882
      30
0
      40
42.45
    1001
FS_CYPCUT
    1000
Channel
    1070
1
    1000
LeadIn
    1002
{
    1070
3
    1040
0
    1040
1.5707963267949
    1040
1
    1040
1
    1070
0
    1040
0.5
    1070
0
    1002
}
    1000
LeadOut
    1002
{
    1070
0
    1040
0
    1040
0
    1040
0
    1070
0
    1002
}
    1000
IsFill
    1070
0
    1000
PathStart
    1040
0
    1000
ToolCompensation
    1002
{
    1070
0
    1040
0
    1070
0
    1002
}
       0
CIRCLE
       5
20CA
     100
AcDbEntity
       8
1
     100
AcDbCircle
      10
772.3656466994
      20
840.6342533006
      30
0
      40
4.25
    1001
FS_CYPCUT
    1000
Channel
    1070
1
    1000
LeadIn
    1002
{
    1070
3
    1040
0
    1040
1.5707963267949
    1040
1
    1040
1
    1070
0
    1040
0.5
    1070
0
    1002
}
    1000
LeadOut
    1002
{
    1070
0
    1040
0
    1040
0
    1040
0
    1070
0
    1002
}
    1000
IsFill
    1070
0
    1000
PathStart
    1040
0
    1000
ToolCompensation
    1002
{
    1070
0
    1040
0
    1070
0
    1002
}
       0
LWPOLYLINE
       5
20CB
     100
AcDbEntity
       8
1
     100
AcDbPolyline
      90
4
      70
1
      10
779.4461102638
      20
873.3041410734
      42
0
      10
781.1861897362
      20
874.8081767876
      42
0
      10
798.1883325933
      20
855.137713187
      42
0
      10
796.448253121
      20
853.6336774727
      42
0
    1001
FS_CYPCUT
    1000
Channel
    1070
1
    1000
LeadIn
    1002
{
    1070
3
    1040
3.5
    1040
1.5707963267949
    1040
1
    1040
1
    1070
0
    1040
0.5
    1070
0
    1002
}
    1000
LeadOut
    1002
{
    1070
0
    1040
0
    1040
0
    1040
0
    1070
0
    1002
}
    1000
IsFill
    1070
0
    1000
PathStart
    1040
3.5
    1000
ToolCompensation
    1002
{
    1070
0
    1040
0
    1070
0
    1002
}
       0
CIRCLE
       5
20CC
     100
AcDbEntity
       8
1
     100
AcDbCircle
      10
781.6623861214
      20
911.25
      30
0
      40
4.25
    1001
FS_CYPCUT
    1000
Channel
    1070
1
    1000
LeadIn
    1002
{
    1070
3
    1040
0
    1040
1.5707963267949
    1040
1
    1040
1
    1070
0
    1040
0.5
    1070
0
    1002
}
    1000
LeadOut
    1002
{
    1070
0
    1040
0
    1040
0
    1040
0
    1070
0
    1002
}
    1000
IsFill
    1070
0
    1000
PathStart
    1040
0
    1000
ToolCompensation
    1002
{
    1070
0
    1040
0
    1070
0
    1002
}
       0
CIRCLE
       5
20CD
     100
AcDbEntity
       8
1
     100
AcDbCircle
      10
835.872246254
      20
890.8578280663
      30
0
      40
6.25
    1001
FS_CYPCUT
    1000
Channel
    1070
1
    1000
LeadIn
    1002
{
    1070
3
    1040
0
    1040
1.5707963267949
    1040
1
    1040
1
    1070
0
    1040
0.5
    1070
0
    1002
}
    1000
LeadOut
    1002
{
    1070
0
    1040
0
    1040
0
    1040
0
    1070
0
    1002
}
    1000
IsFill
    1070
0
    1000
PathStart
    1040
0
    1000
ToolCompensation
    1002
{
    1070
0
    1040
0
    1070
0
    1002
}
       0
CIRCLE
       5
20CE
     100
AcDbEntity
       8
1
     100
AcDbCircle
      10
851.3320052876
      20
832.8837316902
      30
0
      40
2.5
    1001
FS_CYPCUT
    1000
Channel
    1070
1
    1000
LeadIn
    1002
{
    1070
3
    1040
0
    1040
1.5707963267949
    1040
1
    1040
1
    1070
0
    1040
0.5
    1070
0
    1002
}
    1000
LeadOut
    1002
{
    1070
0
    1040
0
    1040
0
    1040
0
    1070
0
    1002
}
    1000
IsFill
    1070
0
    1000
PathStart
    1040
0
    1000
ToolCompensation
    1002
{
    1070
0
    1040
0
    1070
0
    1002
}
       0
CIRCLE
       5
20CF
     100
AcDbEntity
       8
1
     100
AcDbCircle
      10
859.0618848044
      20
803.8966835022
      30
0
      40
2.5
    1001
FS_CYPCUT
    1000
Channel
    1070
1
    1000
LeadIn
    1002
{
    1070
3
    1040
0
    1040
1.5707963267949
    1040
1
    1040
1
    1070
0
    1040
0.5
    1070
0
    1002
}
    1000
LeadOut
    1002
{
    1070
0
    1040
0
    1040
0
    1040
0
    1070
0
    1002
}
    1000
IsFill
    1070
0
    1000
PathStart
    1040
0
    1000
ToolCompensation
    1002
{
    1070
0
    1040
0
    1070
0
    1002
}
       0
LWPOLYLINE
       5
20D0
     100
AcDbEntity
       8
1
     100
AcDbPolyline
      90
4
      70
1
      10
841.5693245495
      20
801.4312933017
      42
0
      10
843.3094040219
      20
802.935329016
      42
0
      10
860.311546879
      20
783.2648654153
      42
0
      10
858.5714674067
      20
781.760829701
      42
0
    1001
FS_CYPCUT
    1000
Channel
    1070
1
    1000
LeadIn
    1002
{
    1070
3
    1040
1.5
    1040
1.5707963267949
    1040
1
    1040
1
    1070
0
    1040
0.5
    1070
0
    1002
}
    1000
LeadOut
    1002
{
    1070
0
    1040
0
    1040
0
    1040
0
    1070
0
    1002
}
    1000
IsFill
    1070
0
    1000
PathStart
    1040
1.5
    1000
ToolCompensation
    1002
{
    1070
0
    1040
0
    1070
0
    1002
}
       0
LWPOLYLINE
       5
20D1
     100
AcDbEntity
       8
1
     100
AcDbPolyline
      90
4
      70
1
      10
601.688253121
      20
783.2648654153
      42
0
      10
618.6903959781
      20
802.935329016
      42
0
      10
620.4304754505
      20
801.4312933017
      42
0
      10
603.4283325933
      20
781.760829701
      42
0
    1001
FS_CYPCUT
    1000
Channel
    1070
1
    1000
LeadIn
    1002
{
    1070
3
    1040
0.5
    1040
1.5707963267949
    1040
1
    1040
1
    1070
0
    1040
0.5
    1070
0
    1002
}
    1000
LeadOut
    1002
{
    1070
0
    1040
0
    1040
0
    1040
0
    1070
0
    1002
}
    1000
IsFill
    1070
0
    1000
PathStart
    1040
0.5
    1000
ToolCompensation
    1002
{
    1070
0
    1040
0
    1070
0
    1002
}
       0
CIRCLE
       5
20D2
     100
AcDbEntity
       8
1
     100
AcDbCircle
      10
602.9379151956
      20
803.8966835022
      30
0
      40
2.5
    1001
FS_CYPCUT
    1000
Channel
    1070
1
    1000
LeadIn
    1002
{
    1070
3
    1040
2.4980018054066E-16
    1040
1.5707963267949
    1040
1
    1040
1
    1070
0
    1040
0.5
    1070
0
    1002
}
    1000
LeadOut
    1002
{
    1070
0
    1040
0
    1040
0
    1040
0
    1070
0
    1002
}
    1000
IsFill
    1070
0
    1000
PathStart
    1040
2.4980018054066E-16
    1000
ToolCompensation
    1002
{
    1070
0
    1040
0
    1070
0
    1002
}
       0
LWPOLYLINE
       5
20D3
     100
AcDbEntity
       8
1
     100
AcDbPolyline
      90
4
      70
1
      10
595.8499
      20
736.5
      42
0
      10
595.8499
      20
762.5
      42
0
      10
598.1499
      20
762.5
      42
0
      10
598.1499
      20
736.5
      42
0
    1001
FS_CYPCUT
    1000
Channel
    1070
1
    1000
LeadIn
    1002
{
    1070
3
    1040
2.5
    1040
1.5707963267949
    1040
1
    1040
1
    1070
0
    1040
0.5
    1070
0
    1002
}
    1000
LeadOut
    1002
{
    1070
0
    1040
0
    1040
0
    1040
0
    1070
0
    1002
}
    1000
IsFill
    1070
0
    1000
PathStart
    1040
2.5
    1000
ToolCompensation
    1002
{
    1070
0
    1040
0
    1070
0
    1002
}
       0
LWPOLYLINE
       5
20D4
     100
AcDbEntity
       8
1
     100
AcDbPolyline
      90
4
      70
1
      10
863.8499
      20
736.5
      42
0
      10
863.8499
      20
762.5
      42
0
      10
866.1499
      20
762.5
      42
0
      10
866.1499
      20
736.5
      42
0
    1001
FS_CYPCUT
    1000
Channel
    1070
1
    1000
LeadIn
    1002
{
    1070
3
    1040
0.5
    1040
1.5707963267949
    1040
1
    1040
1
    1070
0
    1040
0.5
    1070
0
    1002
}
    1000
LeadOut
    1002
{
    1070
0
    1040
0
    1040
0
    1040
0
    1070
0
    1002
}
    1000
IsFill
    1070
0
    1000
PathStart
    1040
0.5
    1000
ToolCompensation
    1002
{
    1070
0
    1040
0
    1070
0
    1002
}
       0
LWPOLYLINE
       5
20D5
     100
AcDbEntity
       8
1
     100
AcDbPolyline
      90
4
      70
1
      10
863.8499
      20
618
      42
0
      10
863.8499
      20
644
      42
0
      10
866.1499
      20
644
      42
0
      10
866.1499
      20
618
      42
0
    1001
FS_CYPCUT
    1000
Channel
    1070
1
    1000
LeadIn
    1002
{
    1070
3
    1040
0.5
    1040
1.5707963267949
    1040
1
    1040
1
    1070
0
    1040
0.5
    1070
0
    1002
}
    1000
LeadOut
    1002
{
    1070
0
    1040
0
    1040
0
    1040
0
    1070
0
    1002
}
    1000
IsFill
    1070
0
    1000
PathStart
    1040
0.5
    1000
ToolCompensation
    1002
{
    1070
0
    1040
0
    1070
0
    1002
}
       0
LWPOLYLINE
       5
20D6
     100
AcDbEntity
       8
1
     100
AcDbPolyline
      90
4
      70
1
      10
595.8499
      20
618
      42
0
      10
595.8499
      20
644
      42
0
      10
598.1499
      20
644
      42
0
      10
598.1499
      20
618
      42
0
    1001
FS_CYPCUT
    1000
Channel
    1070
1
    1000
LeadIn
    1002
{
    1070
3
    1040
0.5
    1040
1.5707963267949
    1040
1
    1040
1
    1070
0
    1040
0.5
    1070
0
    1002
}
    1000
LeadOut
    1002
{
    1070
0
    1040
0
    1040
0
    1040
0
    1070
0
    1002
}
    1000
IsFill
    1070
0
    1000
PathStart
    1040
0.5
    1000
ToolCompensation
    1002
{
    1070
0
    1040
0
    1070
0
    1002
}
       0
LWPOLYLINE
       5
20D7
     100
AcDbEntity
       8
1
     100
AcDbPolyline
      90
14
      70
0
      10
875.9999
      20
610.7625
      42
0
      10
865.9999
      20
610.7625
      42
0
      10
865.9999
      20
606
      42
0
      10
595.9999
      20
606
      42
0
      10
595.9999
      20
610.7625
      42
0
      10
585.9999
      20
610.7625
      42
0
      10
585.9999
      20
816.6895632593
      42
-0.0652429341302035
      10
586.337550604
      20
819.266189765
      42
0
      10
624.020333734786
      20
960.576626505597
      42
-0.339788024013317
      10
633.6826831308
      20
968
      42
0
      10
828.3171168692
      20
968
      42
-0.339788024013315
      10
837.979466265214
      20
960.576626505597
      42
0
      10
875.662249396014
      20
819.266189764897
      42
-0.0652420117029676
      10
875.999899999932
      20
816.6896
      42
0
    1001
FS_CYPCUT
    1000
Channel
    1070
1
    1000
LeadIn
    1002
{
    1070
0
    1040
0.01
    1040
1.5707963267949
    1040
1
    1040
1
    1070
0
    1040
0.5
    1070
0
    1002
}
    1000
LeadOut
    1002
{
    1070
0
    1040
0
    1040
0
    1040
0
    1070
0
    1002
}
    1000
IsFill
    1070
1
    1000
PathStart
    1040
0
    1000
ToolCompensation
    1002
{
    1070
0
    1040
0
    1070
0
    1002
}
    1000
MicroConnect
    1002
{
    1070
1
    1040
0
    1041
0.1
    1042
0
    1002
}
       0
LWPOLYLINE
       5
20D8
     100
AcDbEntity
       8
1
     100
AcDbPolyline
      90
4
      70
1
      10
1090.5
      20
943.65
      42
0
      10
1090.5
      20
949.65
      42
-1
      10
1101.5
      20
949.65
      42
0
      10
1101.5
      20
943.65
      42
-1
    1001
FS_CYPCUT
    1000
Channel
    1070
1
    1000
LeadIn
    1002
{
    1070
3
    1040
1.5
    1040
1.5707963267949
    1040
1
    1040
1
    1070
0
    1040
0.5
    1070
0
    1002
}
    1000
LeadOut
    1002
{
    1070
0
    1040
0
    1040
0
    1040
0
    1070
0
    1002
}
    1000
IsFill
    1070
0
    1000
PathStart
    1040
1.5
    1000
ToolCompensation
    1002
{
    1070
0
    1040
0
    1070
0
    1002
}
       0
LWPOLYLINE
       5
20D9
     100
AcDbEntity
       8
1
     100
AcDbPolyline
      90
4
      70
1
      10
940.5
      20
943.65
      42
0
      10
940.5
      20
949.65
      42
-1
      10
951.5
      20
949.65
      42
0
      10
951.5
      20
943.65
      42
-1
    1001
FS_CYPCUT
    1000
Channel
    1070
1
    1000
LeadIn
    1002
{
    1070
3
    1040
3.5
    1040
1.5707963267949
    1040
1
    1040
1
    1070
0
    1040
0.5
    1070
0
    1002
}
    1000
LeadOut
    1002
{
    1070
0
    1040
0
    1040
0
    1040
0
    1070
0
    1002
}
    1000
IsFill
    1070
0
    1000
PathStart
    1040
3.5
    1000
ToolCompensation
    1002
{
    1070
0
    1040
0
    1070
0
    1002
}
       0
CIRCLE
       5
20DA
     100
AcDbEntity
       8
1
     100
AcDbCircle
      10
916.127653746
      20
890.8578280663
      30
0
      40
6.25
    1001
FS_CYPCUT
    1000
Channel
    1070
1
    1000
LeadIn
    1002
{
    1070
3
    1040
0
    1040
1.5707963267949
    1040
1
    1040
1
    1070
0
    1040
0.5
    1070
0
    1002
}
    1000
LeadOut
    1002
{
    1070
0
    1040
0
    1040
0
    1040
0
    1070
0
    1002
}
    1000
IsFill
    1070
0
    1000
PathStart
    1040
0
    1000
ToolCompensation
    1002
{
    1070
0
    1040
0
    1070
0
    1002
}
       0
CIRCLE
       5
20DB
     100
AcDbEntity
       8
1
     100
AcDbCircle
      10
900.6678947124
      20
832.8837316902
      30
0
      40
2.5
    1001
FS_CYPCUT
    1000
Channel
    1070
1
    1000
LeadIn
    1002
{
    1070
3
    1040
0
    1040
1.5707963267949
    1040
1
    1040
1
    1070
0
    1040
0.5
    1070
0
    1002
}
    1000
LeadOut
    1002
{
    1070
0
    1040
0
    1040
0
    1040
0
    1070
0
    1002
}
    1000
IsFill
    1070
0
    1000
PathStart
    1040
0
    1000
ToolCompensation
    1002
{
    1070
0
    1040
0
    1070
0
    1002
}
       0
LWPOLYLINE
       5
20DC
     100
AcDbEntity
       8
1
     100
AcDbPolyline
      90
4
      70
1
      10
953.8115674067
      20
855.137713187
      42
0
      10
970.8137102638
      20
874.8081767876
      42
0
      10
972.5537897362
      20
873.3041410734
      42
0
      10
955.551646879
      20
853.6336774727
      42
0
    1001
FS_CYPCUT
    1000
Channel
    1070
1
    1000
LeadIn
    1002
{
    1070
3
    1040
2.5
    1040
1.5707963267949
    1040
1
    1040
1
    1070
0
    1040
0.5
    1070
0
    1002
}
    1000
LeadOut
    1002
{
    1070
0
    1040
0
    1040
0
    1040
0
    1070
0
    1002
}
    1000
IsFill
    1070
0
    1000
PathStart
    1040
2.5
    1000
ToolCompensation
    1002
{
    1070
0
    1040
0
    1070
0
    1002
}
       0
CIRCLE
       5
20DD
     100
AcDbEntity
       8
1
     100
AcDbCircle
      10
979.6342533006
      20
840.6342533006
      30
0
      40
4.25
    1001
FS_CYPCUT
    1000
Channel
    1070
1
    1000
LeadIn
    1002
{
    1070
3
    1040
0
    1040
1.5707963267949
    1040
1
    1040
1
    1070
0
    1040
0.5
    1070
0
    1002
}
    1000
LeadOut
    1002
{
    1070
0
    1040
0
    1040
0
    1040
0
    1070
0
    1002
}
    1000
IsFill
    1070
0
    1000
PathStart
    1040
0
    1000
ToolCompensation
    1002
{
    1070
0
    1040
0
    1070
0
    1002
}
       0
CIRCLE
       5
20DE
     100
AcDbEntity
       8
1
     100
AcDbCircle
      10
970.3375138786
      20
911.25
      30
0
      40
4.25
    1001
FS_CYPCUT
    1000
Channel
    1070
1
    1000
LeadIn
    1002
{
    1070
3
    1040
0
    1040
1.5707963267949
    1040
1
    1040
1
    1070
0
    1040
0.5
    1070
0
    1002
}
    1000
LeadOut
    1002
{
    1070
0
    1040
0
    1040
0
    1040
0
    1070
0
    1002
}
    1000
IsFill
    1070
0
    1000
PathStart
    1040
0
    1000
ToolCompensation
    1002
{
    1070
0
    1040
0
    1070
0
    1002
}
       0
CIRCLE
       5
20DF
     100
AcDbEntity
       8
1
     100
AcDbCircle
      10
1021
      20
882
      30
0
      40
42.45
    1001
FS_CYPCUT
    1000
Channel
    1070
1
    1000
LeadIn
    1002
{
    1070
3
    1040
0
    1040
1.5707963267949
    1040
1
    1040
1
    1070
0
    1040
0.5
    1070
0
    1002
}
    1000
LeadOut
    1002
{
    1070
0
    1040
0
    1040
0
    1040
0
    1070
0
    1002
}
    1000
IsFill
    1070
0
    1000
PathStart
    1040
0
    1000
ToolCompensation
    1002
{
    1070
0
    1040
0
    1070
0
    1002
}
       0
CIRCLE
       5
20E0
     100
AcDbEntity
       8
1
     100
AcDbCircle
      10
1062.3657466994
      20
840.6342533006
      30
0
      40
4.25
    1001
FS_CYPCUT
    1000
Channel
    1070
1
    1000
LeadIn
    1002
{
    1070
3
    1040
0
    1040
1.5707963267949
    1040
1
    1040
1
    1070
0
    1040
0.5
    1070
0
    1002
}
    1000
LeadOut
    1002
{
    1070
0
    1040
0
    1040
0
    1040
0
    1070
0
    1002
}
    1000
IsFill
    1070
0
    1000
PathStart
    1040
0
    1000
ToolCompensation
    1002
{
    1070
0
    1040
0
    1070
0
    1002
}
       0
LWPOLYLINE
       5
20E1
     100
AcDbEntity
       8
1
     100
AcDbPolyline
      90
4
      70
1
      10
1069.4462102638
      20
873.3041410734
      42
0
      10
1071.1862897362
      20
874.8081767876
      42
0
      10
1088.1884325933
      20
855.137713187
      42
0
      10
1086.448353121
      20
853.6336774727
      42
0
    1001
FS_CYPCUT
    1000
Channel
    1070
1
    1000
LeadIn
    1002
{
    1070
3
    1040
3.5
    1040
1.5707963267949
    1040
1
    1040
1
    1070
0
    1040
0.5
    1070
0
    1002
}
    1000
LeadOut
    1002
{
    1070
0
    1040
0
    1040
0
    1040
0
    1070
0
    1002
}
    1000
IsFill
    1070
0
    1000
PathStart
    1040
3.5
    1000
ToolCompensation
    1002
{
    1070
0
    1040
0
    1070
0
    1002
}
       0
CIRCLE
       5
20E2
     100
AcDbEntity
       8
1
     100
AcDbCircle
      10
1071.6624861214
      20
911.25
      30
0
      40
4.25
    1001
FS_CYPCUT
    1000
Channel
    1070
1
    1000
LeadIn
    1002
{
    1070
3
    1040
0
    1040
1.5707963267949
    1040
1
    1040
1
    1070
0
    1040
0.5
    1070
0
    1002
}
    1000
LeadOut
    1002
{
    1070
0
    1040
0
    1040
0
    1040
0
    1070
0
    1002
}
    1000
IsFill
    1070
0
    1000
PathStart
    1040
0
    1000
ToolCompensation
    1002
{
    1070
0
    1040
0
    1070
0
    1002
}
       0
CIRCLE
       5
20E3
     100
AcDbEntity
       8
1
     100
AcDbCircle
      10
1125.872346254
      20
890.8578280663
      30
0
      40
6.25
    1001
FS_CYPCUT
    1000
Channel
    1070
1
    1000
LeadIn
    1002
{
    1070
3
    1040
0
    1040
1.5707963267949
    1040
1
    1040
1
    1070
0
    1040
0.5
    1070
0
    1002
}
    1000
LeadOut
    1002
{
    1070
0
    1040
0
    1040
0
    1040
0
    1070
0
    1002
}
    1000
IsFill
    1070
0
    1000
PathStart
    1040
0
    1000
ToolCompensation
    1002
{
    1070
0
    1040
0
    1070
0
    1002
}
       0
CIRCLE
       5
20E4
     100
AcDbEntity
       8
1
     100
AcDbCircle
      10
1141.3321052876
      20
832.8837316902
      30
0
      40
2.5
    1001
FS_CYPCUT
    1000
Channel
    1070
1
    1000
LeadIn
    1002
{
    1070
3
    1040
0
    1040
1.5707963267949
    1040
1
    1040
1
    1070
0
    1040
0.5
    1070
0
    1002
}
    1000
LeadOut
    1002
{
    1070
0
    1040
0
    1040
0
    1040
0
    1070
0
    1002
}
    1000
IsFill
    1070
0
    1000
PathStart
    1040
0
    1000
ToolCompensation
    1002
{
    1070
0
    1040
0
    1070
0
    1002
}
       0
CIRCLE
       5
20E5
     100
AcDbEntity
       8
1
     100
AcDbCircle
      10
1149.0619848044
      20
803.8966835022
      30
0
      40
2.5
    1001
FS_CYPCUT
    1000
Channel
    1070
1
    1000
LeadIn
    1002
{
    1070
3
    1040
0
    1040
1.5707963267949
    1040
1
    1040
1
    1070
0
    1040
0.5
    1070
0
    1002
}
    1000
LeadOut
    1002
{
    1070
0
    1040
0
    1040
0
    1040
0
    1070
0
    1002
}
    1000
IsFill
    1070
0
    1000
PathStart
    1040
0
    1000
ToolCompensation
    1002
{
    1070
0
    1040
0
    1070
0
    1002
}
       0
LWPOLYLINE
       5
20E6
     100
AcDbEntity
       8
1
     100
AcDbPolyline
      90
4
      70
1
      10
1131.5694245495
      20
801.4312933017
      42
0
      10
1133.3095040219
      20
802.935329016
      42
0
      10
1150.311646879
      20
783.2648654153
      42
0
      10
1148.5715674067
      20
781.760829701
      42
0
    1001
FS_CYPCUT
    1000
Channel
    1070
1
    1000
LeadIn
    1002
{
    1070
3
    1040
1.5
    1040
1.5707963267949
    1040
1
    1040
1
    1070
0
    1040
0.5
    1070
0
    1002
}
    1000
LeadOut
    1002
{
    1070
0
    1040
0
    1040
0
    1040
0
    1070
0
    1002
}
    1000
IsFill
    1070
0
    1000
PathStart
    1040
1.5
    1000
ToolCompensation
    1002
{
    1070
0
    1040
0
    1070
0
    1002
}
       0
LWPOLYLINE
       5
20E7
     100
AcDbEntity
       8
1
     100
AcDbPolyline
      90
4
      70
1
      10
891.688353121
      20
783.2648654153
      42
0
      10
908.6904959781
      20
802.935329016
      42
0
      10
910.4305754505
      20
801.4312933017
      42
0
      10
893.4284325933
      20
781.760829701
      42
0
    1001
FS_CYPCUT
    1000
Channel
    1070
1
    1000
LeadIn
    1002
{
    1070
3
    1040
0.5
    1040
1.5707963267949
    1040
1
    1040
1
    1070
0
    1040
0.5
    1070
0
    1002
}
    1000
LeadOut
    1002
{
    1070
0
    1040
0
    1040
0
    1040
0
    1070
0
    1002
}
    1000
IsFill
    1070
0
    1000
PathStart
    1040
0.5
    1000
ToolCompensation
    1002
{
    1070
0
    1040
0
    1070
0
    1002
}
       0
CIRCLE
       5
20E8
     100
AcDbEntity
       8
1
     100
AcDbCircle
      10
892.9380151956
      20
803.8966835022
      30
0
      40
2.5
    1001
FS_CYPCUT
    1000
Channel
    1070
1
    1000
LeadIn
    1002
{
    1070
3
    1040
2.4980018054066E-16
    1040
1.5707963267949
    1040
1
    1040
1
    1070
0
    1040
0.5
    1070
0
    1002
}
    1000
LeadOut
    1002
{
    1070
0
    1040
0
    1040
0
    1040
0
    1070
0
    1002
}
    1000
IsFill
    1070
0
    1000
PathStart
    1040
2.4980018054066E-16
    1000
ToolCompensation
    1002
{
    1070
0
    1040
0
    1070
0
    1002
}
       0
LWPOLYLINE
       5
20E9
     100
AcDbEntity
       8
1
     100
AcDbPolyline
      90
4
      70
1
      10
885.85
      20
736.5
      42
0
      10
885.85
      20
762.5
      42
0
      10
888.15
      20
762.5
      42
0
      10
888.15
      20
736.5
      42
0
    1001
FS_CYPCUT
    1000
Channel
    1070
1
    1000
LeadIn
    1002
{
    1070
3
    1040
2.5
    1040
1.5707963267949
    1040
1
    1040
1
    1070
0
    1040
0.5
    1070
0
    1002
}
    1000
LeadOut
    1002
{
    1070
0
    1040
0
    1040
0
    1040
0
    1070
0
    1002
}
    1000
IsFill
    1070
0
    1000
PathStart
    1040
2.5
    1000
ToolCompensation
    1002
{
    1070
0
    1040
0
    1070
0
    1002
}
       0
LWPOLYLINE
       5
20EA
     100
AcDbEntity
       8
1
     100
AcDbPolyline
      90
4
      70
1
      10
1153.85
      20
736.5
      42
0
      10
1153.85
      20
762.5
      42
0
      10
1156.15
      20
762.5
      42
0
      10
1156.15
      20
736.5
      42
0
    1001
FS_CYPCUT
    1000
Channel
    1070
1
    1000
LeadIn
    1002
{
    1070
3
    1040
0.5
    1040
1.5707963267949
    1040
1
    1040
1
    1070
0
    1040
0.5
    1070
0
    1002
}
    1000
LeadOut
    1002
{
    1070
0
    1040
0
    1040
0
    1040
0
    1070
0
    1002
}
    1000
IsFill
    1070
0
    1000
PathStart
    1040
0.5
    1000
ToolCompensation
    1002
{
    1070
0
    1040
0
    1070
0
    1002
}
       0
LWPOLYLINE
       5
20EB
     100
AcDbEntity
       8
1
     100
AcDbPolyline
      90
4
      70
1
      10
1153.85
      20
618
      42
0
      10
1153.85
      20
644
      42
0
      10
1156.15
      20
644
      42
0
      10
1156.15
      20
618
      42
0
    1001
FS_CYPCUT
    1000
Channel
    1070
1
    1000
LeadIn
    1002
{
    1070
3
    1040
0.5
    1040
1.5707963267949
    1040
1
    1040
1
    1070
0
    1040
0.5
    1070
0
    1002
}
    1000
LeadOut
    1002
{
    1070
0
    1040
0
    1040
0
    1040
0
    1070
0
    1002
}
    1000
IsFill
    1070
0
    1000
PathStart
    1040
0.5
    1000
ToolCompensation
    1002
{
    1070
0
    1040
0
    1070
0
    1002
}
       0
LWPOLYLINE
       5
20EC
     100
AcDbEntity
       8
1
     100
AcDbPolyline
      90
4
      70
1
      10
885.85
      20
618
      42
0
      10
885.85
      20
644
      42
0
      10
888.15
      20
644
      42
0
      10
888.15
      20
618
      42
0
    1001
FS_CYPCUT
    1000
Channel
    1070
1
    1000
LeadIn
    1002
{
    1070
3
    1040
0.5
    1040
1.5707963267949
    1040
1
    1040
1
    1070
0
    1040
0.5
    1070
0
    1002
}
    1000
LeadOut
    1002
{
    1070
0
    1040
0
    1040
0
    1040
0
    1070
0
    1002
}
    1000
IsFill
    1070
0
    1000
PathStart
    1040
0.5
    1000
ToolCompensation
    1002
{
    1070
0
    1040
0
    1070
0
    1002
}
       0
LWPOLYLINE
       5
20ED
     100
AcDbEntity
       8
1
     100
AcDbPolyline
      90
14
      70
1
      10
876
      20
816.6895632593
      42
-0.0652429341302035
      10
876.337650604
      20
819.266189765
      42
0
      10
914.020433734786
      20
960.576626505597
      42
-0.339788024013317
      10
923.6827831308
      20
968
      42
0
      10
1118.3172168692
      20
968
      42
-0.339788024013315
      10
1127.97956626521
      20
960.576626505597
      42
0
      10
1165.66234939601
      20
819.266189764897
      42
-0.0652429341302111
      10
1166
      20
816.6895632593
      42
0
      10
1166
      20
610.7625
      42
0
      10
1156
      20
610.7625
      42
0
      10
1156
      20
606
      42
0
      10
886
      20
606
      42
0
      10
886
      20
610.7625
      42
0
      10
876
      20
610.7625
      42
0
    1001
FS_CYPCUT
    1000
Channel
    1070
1
    1000
LeadIn
    1002
{
    1070
0
    1040
13
    1040
1.5707963267949
    1040
1
    1040
1
    1070
0
    1040
0.5
    1070
0
    1002
}
    1000
LeadOut
    1002
{
    1070
0
    1040
0
    1040
0
    1040
0
    1070
0
    1002
}
    1000
IsFill
    1070
1
    1000
PathStart
    1040
13
    1000
ToolCompensation
    1002
{
    1070
0
    1040
0
    1070
0
    1002
}
       0
ENDBLK
       5
20EE
     330
200C
     100
AcDbEntity
       8
0
     100
AcDbBlockEnd
       0
BLOCK
       5
20EF
     330
200D
     100
AcDbEntity
       8
0
     100
AcDbBlockBegin
       2
CommonPart
      70
0
      10
3
      20
606
      30
0
       3
CommonPart
       1

       4
CypCutBlock
       0
LWPOLYLINE
       5
20F0
     100
AcDbEntity
       8
1
     100
AcDbPolyline
      90
4
      70
1
      10
217.5
      20
943.65
      42
0
      10
217.5
      20
949.65
      42
-1
      10
228.5
      20
949.65
      42
0
      10
228.5
      20
943.65
      42
-1
    1001
FS_CYPCUT
    1000
Channel
    1070
1
    1000
LeadIn
    1002
{
    1070
3
    1040
1.5
    1040
1.5707963267949
    1040
1
    1040
1
    1070
0
    1040
0.5
    1070
0
    1002
}
    1000
LeadOut
    1002
{
    1070
0
    1040
0
    1040
0
    1040
0
    1070
0
    1002
}
    1000
IsFill
    1070
0
    1000
PathStart
    1040
1.5
    1000
ToolCompensation
    1002
{
    1070
0
    1040
0
    1070
0
    1002
}
       0
LWPOLYLINE
       5
20F1
     100
AcDbEntity
       8
1
     100
AcDbPolyline
      90
4
      70
1
      10
67.5000000000001
      20
943.65
      42
0
      10
67.5000000000001
      20
949.65
      42
-1
      10
78.5000000000001
      20
949.65
      42
0
      10
78.5000000000001
      20
943.65
      42
-1
    1001
FS_CYPCUT
    1000
Channel
    1070
1
    1000
LeadIn
    1002
{
    1070
3
    1040
3.5
    1040
1.5707963267949
    1040
1
    1040
1
    1070
0
    1040
0.5
    1070
0
    1002
}
    1000
LeadOut
    1002
{
    1070
0
    1040
0
    1040
0
    1040
0
    1070
0
    1002
}
    1000
IsFill
    1070
0
    1000
PathStart
    1040
3.5
    1000
ToolCompensation
    1002
{
    1070
0
    1040
0
    1070
0
    1002
}
       0
CIRCLE
       5
20F2
     100
AcDbEntity
       8
1
     100
AcDbCircle
      10
43.1276537460001
      20
890.8578280663
      30
0
      40
6.25000000000001
    1001
FS_CYPCUT
    1000
Channel
    1070
1
    1000
LeadIn
    1002
{
    1070
3
    1040
0
    1040
1.5707963267949
    1040
1
    1040
1
    1070
0
    1040
0.5
    1070
0
    1002
}
    1000
LeadOut
    1002
{
    1070
0
    1040
0
    1040
0
    1040
0
    1070
0
    1002
}
    1000
IsFill
    1070
0
    1000
PathStart
    1040
0
    1000
ToolCompensation
    1002
{
    1070
0
    1040
0
    1070
0
    1002
}
       0
CIRCLE
       5
20F3
     100
AcDbEntity
       8
1
     100
AcDbCircle
      10
27.6678947124001
      20
832.8837316902
      30
0
      40
2.50000000000001
    1001
FS_CYPCUT
    1000
Channel
    1070
1
    1000
LeadIn
    1002
{
    1070
3
    1040
0
    1040
1.5707963267949
    1040
1
    1040
1
    1070
0
    1040
0.5
    1070
0
    1002
}
    1000
LeadOut
    1002
{
    1070
0
    1040
0
    1040
0
    1040
0
    1070
0
    1002
}
    1000
IsFill
    1070
0
    1000
PathStart
    1040
0
    1000
ToolCompensation
    1002
{
    1070
0
    1040
0
    1070
0
    1002
}
       0
LWPOLYLINE
       5
20F4
     100
AcDbEntity
       8
1
     100
AcDbPolyline
      90
4
      70
1
      10
80.8115674067001
      20
855.137713187
      42
0
      10
97.8137102638001
      20
874.8081767876
      42
0
      10
99.5537897362001
      20
873.3041410734
      42
0
      10
82.5516468790001
      20
853.6336774727
      42
0
    1001
FS_CYPCUT
    1000
Channel
    1070
1
    1000
LeadIn
    1002
{
    1070
3
    1040
2.5
    1040
1.5707963267949
    1040
1
    1040
1
    1070
0
    1040
0.5
    1070
0
    1002
}
    1000
LeadOut
    1002
{
    1070
0
    1040
0
    1040
0
    1040
0
    1070
0
    1002
}
    1000
IsFill
    1070
0
    1000
PathStart
    1040
2.5
    1000
ToolCompensation
    1002
{
    1070
0
    1040
0
    1070
0
    1002
}
       0
CIRCLE
       5
20F5
     100
AcDbEntity
       8
1
     100
AcDbCircle
      10
106.6342533006
      20
840.6342533006
      30
0
      40
4.25
    1001
FS_CYPCUT
    1000
Channel
    1070
1
    1000
LeadIn
    1002
{
    1070
3
    1040
0
    1040
1.5707963267949
    1040
1
    1040
1
    1070
0
    1040
0.5
    1070
0
    1002
}
    1000
LeadOut
    1002
{
    1070
0
    1040
0
    1040
0
    1040
0
    1070
0
    1002
}
    1000
IsFill
    1070
0
    1000
PathStart
    1040
0
    1000
ToolCompensation
    1002
{
    1070
0
    1040
0
    1070
0
    1002
}
       0
CIRCLE
       5
20F6
     100
AcDbEntity
       8
1
     100
AcDbCircle
      10
97.3375138786001
      20
911.25
      30
0
      40
4.25
    1001
FS_CYPCUT
    1000
Channel
    1070
1
    1000
LeadIn
    1002
{
    1070
3
    1040
0
    1040
1.5707963267949
    1040
1
    1040
1
    1070
0
    1040
0.5
    1070
0
    1002
}
    1000
LeadOut
    1002
{
    1070
0
    1040
0
    1040
0
    1040
0
    1070
0
    1002
}
    1000
IsFill
    1070
0
    1000
PathStart
    1040
0
    1000
ToolCompensation
    1002
{
    1070
0
    1040
0
    1070
0
    1002
}
       0
CIRCLE
       5
20F7
     100
AcDbEntity
       8
1
     100
AcDbCircle
      10
148
      20
882
      30
0
      40
42.45
    1001
FS_CYPCUT
    1000
Channel
    1070
1
    1000
LeadIn
    1002
{
    1070
3
    1040
0
    1040
1.5707963267949
    1040
1
    1040
1
    1070
0
    1040
0.5
    1070
0
    1002
}
    1000
LeadOut
    1002
{
    1070
0
    1040
0
    1040
0
    1040
0
    1070
0
    1002
}
    1000
IsFill
    1070
0
    1000
PathStart
    1040
0
    1000
ToolCompensation
    1002
{
    1070
0
    1040
0
    1070
0
    1002
}
       0
CIRCLE
       5
20F8
     100
AcDbEntity
       8
1
     100
AcDbCircle
      10
189.3657466994
      20
840.6342533006
      30
0
      40
4.25
    1001
FS_CYPCUT
    1000
Channel
    1070
1
    1000
LeadIn
    1002
{
    1070
3
    1040
0
    1040
1.5707963267949
    1040
1
    1040
1
    1070
0
    1040
0.5
    1070
0
    1002
}
    1000
LeadOut
    1002
{
    1070
0
    1040
0
    1040
0
    1040
0
    1070
0
    1002
}
    1000
IsFill
    1070
0
    1000
PathStart
    1040
0
    1000
ToolCompensation
    1002
{
    1070
0
    1040
0
    1070
0
    1002
}
       0
LWPOLYLINE
       5
20F9
     100
AcDbEntity
       8
1
     100
AcDbPolyline
      90
4
      70
1
      10
196.4462102638
      20
873.3041410734
      42
0
      10
198.1862897362
      20
874.8081767876
      42
0
      10
215.1884325933
      20
855.137713187
      42
0
      10
213.448353121
      20
853.6336774727
      42
0
    1001
FS_CYPCUT
    1000
Channel
    1070
1
    1000
LeadIn
    1002
{
    1070
3
    1040
3.5
    1040
1.5707963267949
    1040
1
    1040
1
    1070
0
    1040
0.5
    1070
0
    1002
}
    1000
LeadOut
    1002
{
    1070
0
    1040
0
    1040
0
    1040
0
    1070
0
    1002
}
    1000
IsFill
    1070
0
    1000
PathStart
    1040
3.5
    1000
ToolCompensation
    1002
{
    1070
0
    1040
0
    1070
0
    1002
}
       0
CIRCLE
       5
20FA
     100
AcDbEntity
       8
1
     100
AcDbCircle
      10
198.6624861214
      20
911.25
      30
0
      40
4.24999999999997
    1001
FS_CYPCUT
    1000
Channel
    1070
1
    1000
LeadIn
    1002
{
    1070
3
    1040
0
    1040
1.5707963267949
    1040
1
    1040
1
    1070
0
    1040
0.5
    1070
0
    1002
}
    1000
LeadOut
    1002
{
    1070
0
    1040
0
    1040
0
    1040
0
    1070
0
    1002
}
    1000
IsFill
    1070
0
    1000
PathStart
    1040
0
    1000
ToolCompensation
    1002
{
    1070
0
    1040
0
    1070
0
    1002
}
       0
CIRCLE
       5
20FB
     100
AcDbEntity
       8
1
     100
AcDbCircle
      10
252.872346254
      20
890.8578280663
      30
0
      40
6.25
    1001
FS_CYPCUT
    1000
Channel
    1070
1
    1000
LeadIn
    1002
{
    1070
3
    1040
0
    1040
1.5707963267949
    1040
1
    1040
1
    1070
0
    1040
0.5
    1070
0
    1002
}
    1000
LeadOut
    1002
{
    1070
0
    1040
0
    1040
0
    1040
0
    1070
0
    1002
}
    1000
IsFill
    1070
0
    1000
PathStart
    1040
0
    1000
ToolCompensation
    1002
{
    1070
0
    1040
0
    1070
0
    1002
}
       0
CIRCLE
       5
20FC
     100
AcDbEntity
       8
1
     100
AcDbCircle
      10
268.3321052876
      20
832.8837316902
      30
0
      40
2.50000000000006
    1001
FS_CYPCUT
    1000
Channel
    1070
1
    1000
LeadIn
    1002
{
    1070
3
    1040
0
    1040
1.5707963267949
    1040
1
    1040
1
    1070
0
    1040
0.5
    1070
0
    1002
}
    1000
LeadOut
    1002
{
    1070
0
    1040
0
    1040
0
    1040
0
    1070
0
    1002
}
    1000
IsFill
    1070
0
    1000
PathStart
    1040
0
    1000
ToolCompensation
    1002
{
    1070
0
    1040
0
    1070
0
    1002
}
       0
CIRCLE
       5
20FD
     100
AcDbEntity
       8
1
     100
AcDbCircle
      10
276.0619848044
      20
803.8966835022
      30
0
      40
2.50000000000006
    1001
FS_CYPCUT
    1000
Channel
    1070
1
    1000
LeadIn
    1002
{
    1070
3
    1040
0
    1040
1.5707963267949
    1040
1
    1040
1
    1070
0
    1040
0.5
    1070
0
    1002
}
    1000
LeadOut
    1002
{
    1070
0
    1040
0
    1040
0
    1040
0
    1070
0
    1002
}
    1000
IsFill
    1070
0
    1000
PathStart
    1040
0
    1000
ToolCompensation
    1002
{
    1070
0
    1040
0
    1070
0
    1002
}
       0
LWPOLYLINE
       5
20FE
     100
AcDbEntity
       8
1
     100
AcDbPolyline
      90
4
      70
1
      10
258.5694245495
      20
801.4312933017
      42
0
      10
260.3095040219
      20
802.935329016
      42
0
      10
277.311646879
      20
783.2648654153
      42
0
      10
275.5715674067
      20
781.760829701
      42
0
    1001
FS_CYPCUT
    1000
Channel
    1070
1
    1000
LeadIn
    1002
{
    1070
3
    1040
1.5
    1040
1.5707963267949
    1040
1
    1040
1
    1070
0
    1040
0.5
    1070
0
    1002
}
    1000
LeadOut
    1002
{
    1070
0
    1040
0
    1040
0
    1040
0
    1070
0
    1002
}
    1000
IsFill
    1070
0
    1000
PathStart
    1040
1.5
    1000
ToolCompensation
    1002
{
    1070
0
    1040
0
    1070
0
    1002
}
       0
LWPOLYLINE
       5
20FF
     100
AcDbEntity
       8
1
     100
AcDbPolyline
      90
4
      70
1
      10
18.6883531210001
      20
783.2648654153
      42
0
      10
35.6904959781001
      20
802.935329016
      42
0
      10
37.4305754505001
      20
801.4312933017
      42
0
      10
20.4284325933001
      20
781.760829701
      42
0
    1001
FS_CYPCUT
    1000
Channel
    1070
1
    1000
LeadIn
    1002
{
    1070
3
    1040
0.5
    1040
1.5707963267949
    1040
1
    1040
1
    1070
0
    1040
0.5
    1070
0
    1002
}
    1000
LeadOut
    1002
{
    1070
0
    1040
0
    1040
0
    1040
0
    1070
0
    1002
}
    1000
IsFill
    1070
0
    1000
PathStart
    1040
0.5
    1000
ToolCompensation
    1002
{
    1070
0
    1040
0
    1070
0
    1002
}
       0
CIRCLE
       5
2100
     100
AcDbEntity
       8
1
     100
AcDbCircle
      10
19.9380151956001
      20
803.8966835022
      30
0
      40
2.50000000000003
    1001
FS_CYPCUT
    1000
Channel
    1070
1
    1000
LeadIn
    1002
{
    1070
3
    1040
2.4980018054066E-16
    1040
1.5707963267949
    1040
1
    1040
1
    1070
0
    1040
0.5
    1070
0
    1002
}
    1000
LeadOut
    1002
{
    1070
0
    1040
0
    1040
0
    1040
0
    1070
0
    1002
}
    1000
IsFill
    1070
0
    1000
PathStart
    1040
2.4980018054066E-16
    1000
ToolCompensation
    1002
{
    1070
0
    1040
0
    1070
0
    1002
}
       0
LWPOLYLINE
       5
2101
     100
AcDbEntity
       8
1
     100
AcDbPolyline
      90
4
      70
1
      10
12.85
      20
736.5
      42
0
      10
12.85
      20
762.5
      42
0
      10
15.1500000000001
      20
762.5
      42
0
      10
15.1500000000001
      20
736.5
      42
0
    1001
FS_CYPCUT
    1000
Channel
    1070
1
    1000
LeadIn
    1002
{
    1070
3
    1040
2.5
    1040
1.5707963267949
    1040
1
    1040
1
    1070
0
    1040
0.5
    1070
0
    1002
}
    1000
LeadOut
    1002
{
    1070
0
    1040
0
    1040
0
    1040
0
    1070
0
    1002
}
    1000
IsFill
    1070
0
    1000
PathStart
    1040
2.5
    1000
ToolCompensation
    1002
{
    1070
0
    1040
0
    1070
0
    1002
}
       0
LWPOLYLINE
       5
2102
     100
AcDbEntity
       8
1
     100
AcDbPolyline
      90
4
      70
1
      10
280.85
      20
736.5
      42
0
      10
280.85
      20
762.5
      42
0
      10
283.15
      20
762.5
      42
0
      10
283.15
      20
736.5
      42
0
    1001
FS_CYPCUT
    1000
Channel
    1070
1
    1000
LeadIn
    1002
{
    1070
3
    1040
0.5
    1040
1.5707963267949
    1040
1
    1040
1
    1070
0
    1040
0.5
    1070
0
    1002
}
    1000
LeadOut
    1002
{
    1070
0
    1040
0
    1040
0
    1040
0
    1070
0
    1002
}
    1000
IsFill
    1070
0
    1000
PathStart
    1040
0.5
    1000
ToolCompensation
    1002
{
    1070
0
    1040
0
    1070
0
    1002
}
       0
LWPOLYLINE
       5
2103
     100
AcDbEntity
       8
1
     100
AcDbPolyline
      90
4
      70
1
      10
280.85
      20
618
      42
0
      10
280.85
      20
644
      42
0
      10
283.15
      20
644
      42
0
      10
283.15
      20
618
      42
0
    1001
FS_CYPCUT
    1000
Channel
    1070
1
    1000
LeadIn
    1002
{
    1070
3
    1040
0.5
    1040
1.5707963267949
    1040
1
    1040
1
    1070
0
    1040
0.5
    1070
0
    1002
}
    1000
LeadOut
    1002
{
    1070
0
    1040
0
    1040
0
    1040
0
    1070
0
    1002
}
    1000
IsFill
    1070
0
    1000
PathStart
    1040
0.5
    1000
ToolCompensation
    1002
{
    1070
0
    1040
0
    1070
0
    1002
}
       0
LWPOLYLINE
       5
2104
     100
AcDbEntity
       8
1
     100
AcDbPolyline
      90
4
      70
1
      10
12.85
      20
618
      42
0
      10
12.85
      20
644
      42
0
      10
15.15
      20
644
      42
0
      10
15.15
      20
618
      42
0
    1001
FS_CYPCUT
    1000
Channel
    1070
1
    1000
LeadIn
    1002
{
    1070
3
    1040
0.5
    1040
1.5707963267949
    1040
1
    1040
1
    1070
0
    1040
0.5
    1070
0
    1002
}
    1000
LeadOut
    1002
{
    1070
0
    1040
0
    1040
0
    1040
0
    1070
0
    1002
}
    1000
IsFill
    1070
0
    1000
PathStart
    1040
0.5
    1000
ToolCompensation
    1002
{
    1070
0
    1040
0
    1070
0
    1002
}
       0
LWPOLYLINE
       5
2105
     100
AcDbEntity
       8
1
     100
AcDbPolyline
      90
14
      70
0
      10
293
      20
610.7625
      42
0
      10
283
      20
610.7625
      42
0
      10
283
      20
606
      42
0
      10
13
      20
606
      42
0
      10
13
      20
610.7625
      42
0
      10
3.00000000000004
      20
610.7625
      42
0
      10
3.00000000000006
      20
816.6895632593
      42
-0.0652429341302035
      10
3.33765060400006
      20
819.266189765
      42
0
      10
41.0204337347861
      20
960.576626505597
      42
-0.339788024013317
      10
50.6827831308001
      20
968
      42
0
      10
245.3172168692
      20
968
      42
-0.339788024013315
      10
254.979566265214
      20
960.576626505597
      42
0
      10
292.662349396014
      20
819.266189764897
      42
-0.0652420117029676
      10
292.999999999933
      20
816.6896
      42
0
    1001
FS_CYPCUT
    1000
Channel
    1070
1
    1000
LeadIn
    1002
{
    1070
0
    1040
0.01
    1040
1.5707963267949
    1040
1
    1040
1
    1070
0
    1040
0.5
    1070
0
    1002
}
    1000
LeadOut
    1002
{
    1070
0
    1040
0
    1040
0
    1040
0
    1070
0
    1002
}
    1000
IsFill
    1070
1
    1000
PathStart
    1040
0
    1000
ToolCompensation
    1002
{
    1070
0
    1040
0
    1070
0
    1002
}
    1000
MicroConnect
    1002
{
    1070
1
    1040
0
    1041
0.1
    1042
0
    1002
}
       0
LWPOLYLINE
       5
2106
     100
AcDbEntity
       8
1
     100
AcDbPolyline
      90
4
      70
1
      10
507.5001
      20
943.65
      42
0
      10
507.5001
      20
949.65
      42
-1
      10
518.5001
      20
949.65
      42
0
      10
518.5001
      20
943.65
      42
-1
    1001
FS_CYPCUT
    1000
Channel
    1070
1
    1000
LeadIn
    1002
{
    1070
3
    1040
1.5
    1040
1.5707963267949
    1040
1
    1040
1
    1070
0
    1040
0.5
    1070
0
    1002
}
    1000
LeadOut
    1002
{
    1070
0
    1040
0
    1040
0
    1040
0
    1070
0
    1002
}
    1000
IsFill
    1070
0
    1000
PathStart
    1040
1.5
    1000
ToolCompensation
    1002
{
    1070
0
    1040
0
    1070
0
    1002
}
       0
LWPOLYLINE
       5
2107
     100
AcDbEntity
       8
1
     100
AcDbPolyline
      90
4
      70
1
      10
357.5001
      20
943.65
      42
0
      10
357.5001
      20
949.65
      42
-1
      10
368.5001
      20
949.65
      42
0
      10
368.5001
      20
943.65
      42
-1
    1001
FS_CYPCUT
    1000
Channel
    1070
1
    1000
LeadIn
    1002
{
    1070
3
    1040
3.5
    1040
1.5707963267949
    1040
1
    1040
1
    1070
0
    1040
0.5
    1070
0
    1002
}
    1000
LeadOut
    1002
{
    1070
0
    1040
0
    1040
0
    1040
0
    1070
0
    1002
}
    1000
IsFill
    1070
0
    1000
PathStart
    1040
3.5
    1000
ToolCompensation
    1002
{
    1070
0
    1040
0
    1070
0
    1002
}
       0
CIRCLE
       5
2108
     100
AcDbEntity
       8
1
     100
AcDbCircle
      10
333.127753746
      20
890.8578280663
      30
0
      40
6.25000000000006
    1001
FS_CYPCUT
    1000
Channel
    1070
1
    1000
LeadIn
    1002
{
    1070
3
    1040
0
    1040
1.5707963267949
    1040
1
    1040
1
    1070
0
    1040
0.5
    1070
0
    1002
}
    1000
LeadOut
    1002
{
    1070
0
    1040
0
    1040
0
    1040
0
    1070
0
    1002
}
    1000
IsFill
    1070
0
    1000
PathStart
    1040
0
    1000
ToolCompensation
    1002
{
    1070
0
    1040
0
    1070
0
    1002
}
       0
CIRCLE
       5
2109
     100
AcDbEntity
       8
1
     100
AcDbCircle
      10
317.6679947124
      20
832.8837316902
      30
0
      40
2.50000000000006
    1001
FS_CYPCUT
    1000
Channel
    1070
1
    1000
LeadIn
    1002
{
    1070
3
    1040
0
    1040
1.5707963267949
    1040
1
    1040
1
    1070
0
    1040
0.5
    1070
0
    1002
}
    1000
LeadOut
    1002
{
    1070
0
    1040
0
    1040
0
    1040
0
    1070
0
    1002
}
    1000
IsFill
    1070
0
    1000
PathStart
    1040
0
    1000
ToolCompensation
    1002
{
    1070
0
    1040
0
    1070
0
    1002
}
       0
LWPOLYLINE
       5
210A
     100
AcDbEntity
       8
1
     100
AcDbPolyline
      90
4
      70
1
      10
370.8116674067
      20
855.137713187
      42
0
      10
387.8138102638
      20
874.8081767876
      42
0
      10
389.5538897362
      20
873.3041410734
      42
0
      10
372.551746879
      20
853.6336774727
      42
0
    1001
FS_CYPCUT
    1000
Channel
    1070
1
    1000
LeadIn
    1002
{
    1070
3
    1040
2.5
    1040
1.5707963267949
    1040
1
    1040
1
    1070
0
    1040
0.5
    1070
0
    1002
}
    1000
LeadOut
    1002
{
    1070
0
    1040
0
    1040
0
    1040
0
    1070
0
    1002
}
    1000
IsFill
    1070
0
    1000
PathStart
    1040
2.5
    1000
ToolCompensation
    1002
{
    1070
0
    1040
0
    1070
0
    1002
}
       0
CIRCLE
       5
210B
     100
AcDbEntity
       8
1
     100
AcDbCircle
      10
396.6343533006
      20
840.6342533006
      30
0
      40
4.25
    1001
FS_CYPCUT
    1000
Channel
    1070
1
    1000
LeadIn
    1002
{
    1070
3
    1040
0
    1040
1.5707963267949
    1040
1
    1040
1
    1070
0
    1040
0.5
    1070
0
    1002
}
    1000
LeadOut
    1002
{
    1070
0
    1040
0
    1040
0
    1040
0
    1070
0
    1002
}
    1000
IsFill
    1070
0
    1000
PathStart
    1040
0
    1000
ToolCompensation
    1002
{
    1070
0
    1040
0
    1070
0
    1002
}
       0
CIRCLE
       5
210C
     100
AcDbEntity
       8
1
     100
AcDbCircle
      10
387.3376138786
      20
911.25
      30
0
      40
4.25
    1001
FS_CYPCUT
    1000
Channel
    1070
1
    1000
LeadIn
    1002
{
    1070
3
    1040
0
    1040
1.5707963267949
    1040
1
    1040
1
    1070
0
    1040
0.5
    1070
0
    1002
}
    1000
LeadOut
    1002
{
    1070
0
    1040
0
    1040
0
    1040
0
    1070
0
    1002
}
    1000
IsFill
    1070
0
    1000
PathStart
    1040
0
    1000
ToolCompensation
    1002
{
    1070
0
    1040
0
    1070
0
    1002
}
       0
CIRCLE
       5
210D
     100
AcDbEntity
       8
1
     100
AcDbCircle
      10
438.0001
      20
882
      30
0
      40
42.45
    1001
FS_CYPCUT
    1000
Channel
    1070
1
    1000
LeadIn
    1002
{
    1070
3
    1040
0
    1040
1.5707963267949
    1040
1
    1040
1
    1070
0
    1040
0.5
    1070
0
    1002
}
    1000
LeadOut
    1002
{
    1070
0
    1040
0
    1040
0
    1040
0
    1070
0
    1002
}
    1000
IsFill
    1070
0
    1000
PathStart
    1040
0
    1000
ToolCompensation
    1002
{
    1070
0
    1040
0
    1070
0
    1002
}
       0
CIRCLE
       5
210E
     100
AcDbEntity
       8
1
     100
AcDbCircle
      10
479.3658466994
      20
840.6342533006
      30
0
      40
4.25
    1001
FS_CYPCUT
    1000
Channel
    1070
1
    1000
LeadIn
    1002
{
    1070
3
    1040
0
    1040
1.5707963267949
    1040
1
    1040
1
    1070
0
    1040
0.5
    1070
0
    1002
}
    1000
LeadOut
    1002
{
    1070
0
    1040
0
    1040
0
    1040
0
    1070
0
    1002
}
    1000
IsFill
    1070
0
    1000
PathStart
    1040
0
    1000
ToolCompensation
    1002
{
    1070
0
    1040
0
    1070
0
    1002
}
       0
LWPOLYLINE
       5
210F
     100
AcDbEntity
       8
1
     100
AcDbPolyline
      90
4
      70
1
      10
486.4463102638
      20
873.3041410734
      42
0
      10
488.1863897362
      20
874.8081767876
      42
0
      10
505.1885325933
      20
855.137713187
      42
0
      10
503.448453121
      20
853.6336774727
      42
0
    1001
FS_CYPCUT
    1000
Channel
    1070
1
    1000
LeadIn
    1002
{
    1070
3
    1040
3.5
    1040
1.5707963267949
    1040
1
    1040
1
    1070
0
    1040
0.5
    1070
0
    1002
}
    1000
LeadOut
    1002
{
    1070
0
    1040
0
    1040
0
    1040
0
    1070
0
    1002
}
    1000
IsFill
    1070
0
    1000
PathStart
    1040
3.5
    1000
ToolCompensation
    1002
{
    1070
0
    1040
0
    1070
0
    1002
}
       0
CIRCLE
       5
2110
     100
AcDbEntity
       8
1
     100
AcDbCircle
      10
488.6625861214
      20
911.25
      30
0
      40
4.25
    1001
FS_CYPCUT
    1000
Channel
    1070
1
    1000
LeadIn
    1002
{
    1070
3
    1040
0
    1040
1.5707963267949
    1040
1
    1040
1
    1070
0
    1040
0.5
    1070
0
    1002
}
    1000
LeadOut
    1002
{
    1070
0
    1040
0
    1040
0
    1040
0
    1070
0
    1002
}
    1000
IsFill
    1070
0
    1000
PathStart
    1040
0
    1000
ToolCompensation
    1002
{
    1070
0
    1040
0
    1070
0
    1002
}
       0
CIRCLE
       5
2111
     100
AcDbEntity
       8
1
     100
AcDbCircle
      10
542.872446254
      20
890.8578280663
      30
0
      40
6.25
    1001
FS_CYPCUT
    1000
Channel
    1070
1
    1000
LeadIn
    1002
{
    1070
3
    1040
0
    1040
1.5707963267949
    1040
1
    1040
1
    1070
0
    1040
0.5
    1070
0
    1002
}
    1000
LeadOut
    1002
{
    1070
0
    1040
0
    1040
0
    1040
0
    1070
0
    1002
}
    1000
IsFill
    1070
0
    1000
PathStart
    1040
0
    1000
ToolCompensation
    1002
{
    1070
0
    1040
0
    1070
0
    1002
}
       0
CIRCLE
       5
2112
     100
AcDbEntity
       8
1
     100
AcDbCircle
      10
558.3322052876
      20
832.8837316902
      30
0
      40
2.5
    1001
FS_CYPCUT
    1000
Channel
    1070
1
    1000
LeadIn
    1002
{
    1070
3
    1040
0
    1040
1.5707963267949
    1040
1
    1040
1
    1070
0
    1040
0.5
    1070
0
    1002
}
    1000
LeadOut
    1002
{
    1070
0
    1040
0
    1040
0
    1040
0
    1070
0
    1002
}
    1000
IsFill
    1070
0
    1000
PathStart
    1040
0
    1000
ToolCompensation
    1002
{
    1070
0
    1040
0
    1070
0
    1002
}
       0
CIRCLE
       5
2113
     100
AcDbEntity
       8
1
     100
AcDbCircle
      10
566.0620848044
      20
803.8966835022
      30
0
      40
2.5
    1001
FS_CYPCUT
    1000
Channel
    1070
1
    1000
LeadIn
    1002
{
    1070
3
    1040
0
    1040
1.5707963267949
    1040
1
    1040
1
    1070
0
    1040
0.5
    1070
0
    1002
}
    1000
LeadOut
    1002
{
    1070
0
    1040
0
    1040
0
    1040
0
    1070
0
    1002
}
    1000
IsFill
    1070
0
    1000
PathStart
    1040
0
    1000
ToolCompensation
    1002
{
    1070
0
    1040
0
    1070
0
    1002
}
       0
LWPOLYLINE
       5
2114
     100
AcDbEntity
       8
1
     100
AcDbPolyline
      90
4
      70
1
      10
548.5695245495
      20
801.4312933017
      42
0
      10
550.3096040219
      20
802.935329016
      42
0
      10
567.311746879
      20
783.2648654153
      42
0
      10
565.5716674067
      20
781.760829701
      42
0
    1001
FS_CYPCUT
    1000
Channel
    1070
1
    1000
LeadIn
    1002
{
    1070
3
    1040
1.5
    1040
1.5707963267949
    1040
1
    1040
1
    1070
0
    1040
0.5
    1070
0
    1002
}
    1000
LeadOut
    1002
{
    1070
0
    1040
0
    1040
0
    1040
0
    1070
0
    1002
}
    1000
IsFill
    1070
0
    1000
PathStart
    1040
1.5
    1000
ToolCompensation
    1002
{
    1070
0
    1040
0
    1070
0
    1002
}
       0
LWPOLYLINE
       5
2115
     100
AcDbEntity
       8
1
     100
AcDbPolyline
      90
4
      70
1
      10
308.688453121
      20
783.2648654153
      42
0
      10
325.6905959781
      20
802.935329016
      42
0
      10
327.4306754505
      20
801.4312933017
      42
0
      10
310.4285325933
      20
781.760829701
      42
0
    1001
FS_CYPCUT
    1000
Channel
    1070
1
    1000
LeadIn
    1002
{
    1070
3
    1040
0.5
    1040
1.5707963267949
    1040
1
    1040
1
    1070
0
    1040
0.5
    1070
0
    1002
}
    1000
LeadOut
    1002
{
    1070
0
    1040
0
    1040
0
    1040
0
    1070
0
    1002
}
    1000
IsFill
    1070
0
    1000
PathStart
    1040
0.5
    1000
ToolCompensation
    1002
{
    1070
0
    1040
0
    1070
0
    1002
}
       0
CIRCLE
       5
2116
     100
AcDbEntity
       8
1
     100
AcDbCircle
      10
309.9381151956
      20
803.8966835022
      30
0
      40
2.50000000000006
    1001
FS_CYPCUT
    1000
Channel
    1070
1
    1000
LeadIn
    1002
{
    1070
3
    1040
2.4980018054066E-16
    1040
1.5707963267949
    1040
1
    1040
1
    1070
0
    1040
0.5
    1070
0
    1002
}
    1000
LeadOut
    1002
{
    1070
0
    1040
0
    1040
0
    1040
0
    1070
0
    1002
}
    1000
IsFill
    1070
0
    1000
PathStart
    1040
2.4980018054066E-16
    1000
ToolCompensation
    1002
{
    1070
0
    1040
0
    1070
0
    1002
}
       0
LWPOLYLINE
       5
2117
     100
AcDbEntity
       8
1
     100
AcDbPolyline
      90
4
      70
1
      10
302.8501
      20
736.5
      42
0
      10
302.8501
      20
762.5
      42
0
      10
305.1501
      20
762.5
      42
0
      10
305.1501
      20
736.5
      42
0
    1001
FS_CYPCUT
    1000
Channel
    1070
1
    1000
LeadIn
    1002
{
    1070
3
    1040
2.5
    1040
1.5707963267949
    1040
1
    1040
1
    1070
0
    1040
0.5
    1070
0
    1002
}
    1000
LeadOut
    1002
{
    1070
0
    1040
0
    1040
0
    1040
0
    1070
0
    1002
}
    1000
IsFill
    1070
0
    1000
PathStart
    1040
2.5
    1000
ToolCompensation
    1002
{
    1070
0
    1040
0
    1070
0
    1002
}
       0
LWPOLYLINE
       5
2118
     100
AcDbEntity
       8
1
     100
AcDbPolyline
      90
4
      70
1
      10
570.8501
      20
736.5
      42
0
      10
570.8501
      20
762.5
      42
0
      10
573.1501
      20
762.5
      42
0
      10
573.1501
      20
736.5
      42
0
    1001
FS_CYPCUT
    1000
Channel
    1070
1
    1000
LeadIn
    1002
{
    1070
3
    1040
0.5
    1040
1.5707963267949
    1040
1
    1040
1
    1070
0
    1040
0.5
    1070
0
    1002
}
    1000
LeadOut
    1002
{
    1070
0
    1040
0
    1040
0
    1040
0
    1070
0
    1002
}
    1000
IsFill
    1070
0
    1000
PathStart
    1040
0.5
    1000
ToolCompensation
    1002
{
    1070
0
    1040
0
    1070
0
    1002
}
       0
LWPOLYLINE
       5
2119
     100
AcDbEntity
       8
1
     100
AcDbPolyline
      90
4
      70
1
      10
570.8501
      20
618
      42
0
      10
570.8501
      20
644
      42
0
      10
573.1501
      20
644
      42
0
      10
573.1501
      20
618
      42
0
    1001
FS_CYPCUT
    1000
Channel
    1070
1
    1000
LeadIn
    1002
{
    1070
3
    1040
0.5
    1040
1.5707963267949
    1040
1
    1040
1
    1070
0
    1040
0.5
    1070
0
    1002
}
    1000
LeadOut
    1002
{
    1070
0
    1040
0
    1040
0
    1040
0
    1070
0
    1002
}
    1000
IsFill
    1070
0
    1000
PathStart
    1040
0.5
    1000
ToolCompensation
    1002
{
    1070
0
    1040
0
    1070
0
    1002
}
       0
LWPOLYLINE
       5
211A
     100
AcDbEntity
       8
1
     100
AcDbPolyline
      90
4
      70
1
      10
302.8501
      20
618
      42
0
      10
302.8501
      20
644
      42
0
      10
305.1501
      20
644
      42
0
      10
305.1501
      20
618
      42
0
    1001
FS_CYPCUT
    1000
Channel
    1070
1
    1000
LeadIn
    1002
{
    1070
3
    1040
0.5
    1040
1.5707963267949
    1040
1
    1040
1
    1070
0
    1040
0.5
    1070
0
    1002
}
    1000
LeadOut
    1002
{
    1070
0
    1040
0
    1040
0
    1040
0
    1070
0
    1002
}
    1000
IsFill
    1070
0
    1000
PathStart
    1040
0.5
    1000
ToolCompensation
    1002
{
    1070
0
    1040
0
    1070
0
    1002
}
       0
LWPOLYLINE
       5
211B
     100
AcDbEntity
       8
1
     100
AcDbPolyline
      90
14
      70
1
      10
293.0001
      20
816.6895632593
      42
-0.0652429341302035
      10
293.337750604
      20
819.266189765
      42
0
      10
331.020533734786
      20
960.576626505597
      42
-0.339788024013317
      10
340.6828831308
      20
968
      42
0
      10
535.3173168692
      20
968
      42
-0.339788024013315
      10
544.979666265214
      20
960.576626505597
      42
0
      10
582.662449396014
      20
819.266189764897
      42
-0.0652429341302111
      10
583.0001
      20
816.6895632593
      42
0
      10
583.0001
      20
610.7625
      42
0
      10
573.0001
      20
610.7625
      42
0
      10
573.0001
      20
606
      42
0
      10
303.0001
      20
606
      42
0
      10
303.0001
      20
610.7625
      42
0
      10
293.0001
      20
610.7625
      42
0
    1001
FS_CYPCUT
    1000
Channel
    1070
1
    1000
LeadIn
    1002
{
    1070
0
    1040
13
    1040
1.5707963267949
    1040
1
    1040
1
    1070
0
    1040
0.5
    1070
0
    1002
}
    1000
LeadOut
    1002
{
    1070
0
    1040
0
    1040
0
    1040
0
    1070
0
    1002
}
    1000
IsFill
    1070
1
    1000
PathStart
    1040
13
    1000
ToolCompensation
    1002
{
    1070
0
    1040
0
    1070
0
    1002
}
       0
ENDBLK
       5
211C
     330
200D
     100
AcDbEntity
       8
0
     100
AcDbBlockEnd
       0
BLOCK
       5
211D
     330
200E
     100
AcDbEntity
       8
0
     100
AcDbBlockBegin
       2
Part1391791728
      70
0
      10
-60
      20
-17.5
      30
0
       3
Part1391791728
       1

       4
CypCutBlock
       0
LWPOLYLINE
       5
211E
     100
AcDbEntity
       8
1
     100
AcDbPolyline
      90
4
      70
1
      10
-34
      20
11
      42
0
      10
-45
      20
11
      42
1
      10
-45
      20
-11
      42
0
      10
-34
      20
-11
      42
1
    1001
FS_CYPCUT
    1000
Channel
    1070
1
    1000
LeadIn
    1002
{
    1070
3
    1040
1.5
    1040
1.5707963267949
    1040
1
    1040
1
    1070
0
    1040
0.5
    1070
0
    1002
}
    1000
LeadOut
    1002
{
    1070
0
    1040
0
    1040
0
    1040
0
    1070
0
    1002
}
    1000
IsFill
    1070
0
    1000
PathStart
    1040
1.5
    1000
ToolCompensation
    1002
{
    1070
0
    1040
0
    1070
0
    1002
}
       0
LWPOLYLINE
       5
211F
     100
AcDbEntity
       8
1
     100
AcDbPolyline
      90
10
      70
1
      10
2
      20
8
      42
0
      10
0
      20
8
      42
0
      10
0
      20
17.5
      42
0
      10
-52.3330443577
      20
15.3194564851
      42
0.402068666166113
      10
-60
      20
7.3263919004
      42
0
      10
-60
      20
-7.3263919004
      42
0.402068666166112
      10
-52.3330443577
      20
-15.3194564851
      42
0
      10
0
      20
-17.5
      42
0
      10
0
      20
-8
      42
0
      10
2
      20
-8
      42
0
    1001
FS_CYPCUT
    1000
Channel
    1070
1
    1000
LeadIn
    1002
{
    1070
3
    1040
2.5
    1040
1.5707963267949
    1040
1
    1040
1
    1070
0
    1040
0.5
    1070
0
    1002
}
    1000
LeadOut
    1002
{
    1070
0
    1040
0
    1040
0
    1040
0
    1070
0
    1002
}
    1000
IsFill
    1070
1
    1000
PathStart
    1040
2.5
    1000
ToolCompensation
    1002
{
    1070
0
    1040
0
    1070
0
    1002
}
    1000
MicroConnect
    1002
{
    1070
2
    1040
4.65327075
    1041
0.8
    1042
0
    1040
9.73161641
    1041
0.8
    1042
0
    1002
}
       0
ENDBLK
       5
2120
     330
200E
     100
AcDbEntity
       8
0
     100
AcDbBlockEnd
       0
BLOCK
       5
2121
     330
200F
     100
AcDbEntity
       8
0
     100
AcDbBlockBegin
       2
Part623606508
      70
0
      10
-31
      20
-31
      30
0
       3
Part623606508
       1

       4
CypCutBlock
       0
CIRCLE
       5
2122
     100
AcDbEntity
       8
1
     100
AcDbCircle
      10
0
      20
0
      30
0
      40
6.49000000000009
    1001
FS_CYPCUT
    1000
Channel
    1070
1
    1000
LeadIn
    1002
{
    1070
3
    1040
0
    1040
1.5707963267949
    1040
1
    1040
1
    1070
0
    1040
0.5
    1070
0
    1002
}
    1000
LeadOut
    1002
{
    1070
0
    1040
0
    1040
0
    1040
0
    1070
0
    1002
}
    1000
IsFill
    1070
0
    1000
PathStart
    1040
0
    1000
ToolCompensation
    1002
{
    1070
0
    1040
0
    1070
0
    1002
}
       0
CIRCLE
       5
2123
     100
AcDbEntity
       8
1
     100
AcDbCircle
      10
0
      20
0
      30
0
      40
31
    1001
FS_CYPCUT
    1000
Channel
    1070
1
    1000
LeadIn
    1002
{
    1070
3
    1040
0
    1040
1.5707963267949
    1040
1
    1040
1
    1070
0
    1040
0.5
    1070
0
    1002
}
    1000
LeadOut
    1002
{
    1070
0
    1040
0
    1040
0
    1040
0
    1070
0
    1002
}
    1000
IsFill
    1070
1
    1000
PathStart
    1040
0
    1000
ToolCompensation
    1002
{
    1070
0
    1040
0
    1070
0
    1002
}
    1000
MicroConnect
    1002
{
    1070
1
    1040
0.42757533
    1041
0.8
    1042
0
    1002
}
       0
ENDBLK
       5
2124
     330
200F
     100
AcDbEntity
       8
0
     100
AcDbBlockEnd
       0
BLOCK
       5
2125
     330
2010
     100
AcDbEntity
       8
0
     100
AcDbBlockBegin
       2
Part1159274559
      70
0
      10
-25
      20
-60
      30
0
       3
Part1159274559
       1

       4
CypCutBlock
       0
CIRCLE
       5
2126
     100
AcDbEntity
       8
1
     100
AcDbCircle
      10
0
      20
-40
      30
0
      40
6.75000000000001
    1001
FS_CYPCUT
    1000
Channel
    1070
1
    1000
LeadIn
    1002
{
    1070
3
    1040
0
    1040
1.5707963267949
    1040
1
    1040
1
    1070
0
    1040
0.5
    1070
0
    1002
}
    1000
LeadOut
    1002
{
    1070
0
    1040
0
    1040
0
    1040
0
    1070
0
    1002
}
    1000
IsFill
    1070
0
    1000
PathStart
    1040
0
    1000
ToolCompensation
    1002
{
    1070
0
    1040
0
    1070
0
    1002
}
       0
LINE
       5
2127
     100
AcDbEntity
       8
2
     100
AcDbLine
      10
25
      20
-4.0103640642
      30
0
      11
-25
      21
-4.0103640642
      31
0
    1001
FS_CYPCUT
    1000
Channel
    1070
2
    1000
LeadIn
    1002
{
    1070
3
    1040
0
    1040
1.5707963267949
    1040
1
    1040
1
    1070
0
    1040
0.5
    1070
0
    1002
}
    1000
LeadOut
    1002
{
    1070
0
    1040
0
    1040
0
    1040
0
    1070
0
    1002
}
    1000
IsFill
    1070
0
    1000
PathStart
    1040
0
    1000
ToolCompensation
    1002
{
    1070
0
    1040
0
    1070
0
    1002
}
       0
LWPOLYLINE
       5
2128
     100
AcDbEntity
       8
1
     100
AcDbPolyline
      90
4
      70
1
      10
5.5
      20
45.9792718716
      42
0
      10
5.5
      20
15.9792718716
      42
-1
      10
-5.5
      20
15.9792718716
      42
0
      10
-5.5
      20
45.9792718716
      42
-1
    1001
FS_CYPCUT
    1000
Channel
    1070
1
    1000
LeadIn
    1002
{
    1070
3
    1040
0.5
    1040
1.5707963267949
    1040
1
    1040
1
    1070
0
    1040
0.5
    1070
0
    1002
}
    1000
LeadOut
    1002
{
    1070
0
    1040
0
    1040
0
    1040
0
    1070
0
    1002
}
    1000
IsFill
    1070
0
    1000
PathStart
    1040
0.5
    1000
ToolCompensation
    1002
{
    1070
0
    1040
0
    1070
0
    1002
}
       0
LWPOLYLINE
       5
2129
     100
AcDbEntity
       8
1
     100
AcDbPolyline
      90
8
      70
1
      10
25
      20
56.9792718716
      42
0
      10
25
      20
-55
      42
-0.414213562373095
      10
20
      20
-60
      42
0
      10
-20
      20
-60
      42
-0.414213562373095
      10
-25
      20
-55
      42
0
      10
-25
      20
56.9792718716
      42
-0.414213562373096
      10
-20
      20
61.9792718716
      42
0
      10
20
      20
61.9792718716
      42
-0.414213562373096
    1001
FS_CYPCUT
    1000
Channel
    1070
1
    1000
LeadIn
    1002
{
    1070
3
    1040
0.5
    1040
1.5707963267949
    1040
1
    1040
1
    1070
0
    1040
0.5
    1070
0
    1002
}
    1000
LeadOut
    1002
{
    1070
0
    1040
0
    1040
0
    1040
0
    1070
0
    1002
}
    1000
IsFill
    1070
1
    1000
PathStart
    1040
0.5
    1000
ToolCompensation
    1002
{
    1070
0
    1040
0
    1070
0
    1002
}
    1000
MicroConnect
    1002
{
    1070
1
    1040
4.74522207
    1041
0.8
    1042
0
    1002
}
       0
ENDBLK
       5
212A
     330
2010
     100
AcDbEntity
       8
0
     100
AcDbBlockEnd
       0
BLOCK
       5
212B
     330
2011
     100
AcDbEntity
       8
0
     100
AcDbBlockBegin
       2
Part1196445435
      70
0
      10
-31.9792719
      20
-25
      30
0
       3
Part1196445435
       1

       4
CypCutBlock
       0
LINE
       5
212C
     100
AcDbEntity
       8
2
     100
AcDbLine
      10
4.0103640642
      20
-25
      30
0
      11
4.0103640642
      21
25
      31
0
    1001
FS_CYPCUT
    1000
Channel
    1070
2
    1000
LeadIn
    1002
{
    1070
0
    1040
0
    1040
0
    1040
0
    1040
0
    1070
0
    1040
0
    1070
0
    1002
}
    1000
LeadOut
    1002
{
    1070
0
    1040
0
    1040
0
    1040
0
    1070
0
    1002
}
    1000
IsFill
    1070
0
    1000
PathStart
    1040
0
    1000
ToolCompensation
    1002
{
    1070
0
    1040
0
    1070
0
    1002
}
       0
CIRCLE
       5
212D
     100
AcDbEntity
       8
1
     100
AcDbCircle
      10
30
      20
0
      30
0
      40
6.99999999999998
    1001
FS_CYPCUT
    1000
Channel
    1070
1
    1000
LeadIn
    1002
{
    1070
0
    1040
0
    1040
0
    1040
0
    1040
0
    1070
0
    1040
0
    1070
0
    1002
}
    1000
LeadOut
    1002
{
    1070
0
    1040
0
    1040
0
    1040
0
    1070
0
    1002
}
    1000
IsFill
    1070
0
    1000
PathStart
    1040
0
    1000
ToolCompensation
    1002
{
    1070
0
    1040
0
    1070
0
    1002
}
       0
LWPOLYLINE
       5
212E
     100
AcDbEntity
       8
1
     100
AcDbPolyline
      90
8
      70
1
      10
50
      20
20
      42
0.414213562373096
      10
45
      20
25
      42
0
      10
-26.9792718716
      20
25
      42
0.414213562373096
      10
-31.9792718716
      20
20
      42
0
      10
-31.9792718716
      20
-20
      42
0.414213562373094
      10
-26.9792718716
      20
-25
      42
0
      10
45
      20
-25
      42
0.414213562373093
      10
50
      20
-20
      42
0
    1001
FS_CYPCUT
    1000
Channel
    1070
1
    1000
LeadIn
    1002
{
    1070
0
    1040
0
    1040
0
    1040
0
    1040
0
    1070
0
    1040
0
    1070
0
    1002
}
    1000
LeadOut
    1002
{
    1070
0
    1040
0
    1040
0
    1040
0
    1070
0
    1002
}
    1000
IsFill
    1070
1
    1000
PathStart
    1040
0
    1000
ToolCompensation
    1002
{
    1070
0
    1040
0
    1070
0
    1002
}
       0
ENDBLK
       5
212F
     330
2011
     100
AcDbEntity
       8
0
     100
AcDbBlockEnd
       0
BLOCK
       5
2130
     330
2012
     100
AcDbEntity
       8
0
     100
AcDbBlockBegin
       2
Part1619535840
      70
0
      10
-31.9792719
      20
-25
      30
0
       3
Part1619535840
       1

       4
CypCutBlock
       0
LINE
       5
2131
     100
AcDbEntity
       8
2
     100
AcDbLine
      10
4.0103640642
      20
-25
      30
0
      11
4.0103640642
      21
25
      31
0
    1001
FS_CYPCUT
    1000
Channel
    1070
2
    1000
LeadIn
    1002
{
    1070
0
    1040
0
    1040
0
    1040
0
    1040
0
    1070
0
    1040
0
    1070
0
    1002
}
    1000
LeadOut
    1002
{
    1070
0
    1040
0
    1040
0
    1040
0
    1070
0
    1002
}
    1000
IsFill
    1070
0
    1000
PathStart
    1040
0
    1000
ToolCompensation
    1002
{
    1070
0
    1040
0
    1070
0
    1002
}
       0
CIRCLE
       5
2132
     100
AcDbEntity
       8
1
     100
AcDbCircle
      10
30
      20
0
      30
0
      40
6.99999999999998
    1001
FS_CYPCUT
    1000
Channel
    1070
1
    1000
LeadIn
    1002
{
    1070
0
    1040
0
    1040
0
    1040
0
    1040
0
    1070
0
    1040
0
    1070
0
    1002
}
    1000
LeadOut
    1002
{
    1070
0
    1040
0
    1040
0
    1040
0
    1070
0
    1002
}
    1000
IsFill
    1070
0
    1000
PathStart
    1040
0
    1000
ToolCompensation
    1002
{
    1070
0
    1040
0
    1070
0
    1002
}
       0
LWPOLYLINE
       5
2133
     100
AcDbEntity
       8
1
     100
AcDbPolyline
      90
8
      70
1
      10
50
      20
20
      42
0.414213562373096
      10
45
      20
25
      42
0
      10
-26.9792718716
      20
25
      42
0.414213562373096
      10
-31.9792718716
      20
20
      42
0
      10
-31.9792718716
      20
-20
      42
0.414213562373094
      10
-26.9792718716
      20
-25
      42
0
      10
45
      20
-25
      42
0.414213562373093
      10
50
      20
-20
      42
0
    1001
FS_CYPCUT
    1000
Channel
    1070
1
    1000
LeadIn
    1002
{
    1070
0
    1040
0
    1040
0
    1040
0
    1040
0
    1070
0
    1040
0
    1070
0
    1002
}
    1000
LeadOut
    1002
{
    1070
0
    1040
0
    1040
0
    1040
0
    1070
0
    1002
}
    1000
IsFill
    1070
1
    1000
PathStart
    1040
0
    1000
ToolCompensation
    1002
{
    1070
0
    1040
0
    1070
0
    1002
}
       0
ENDBLK
       5
2134
     330
2012
     100
AcDbEntity
       8
0
     100
AcDbBlockEnd
       0
BLOCK
       5
2135
     330
2013
     100
AcDbEntity
       8
0
     100
AcDbBlockBegin
       2
Part1581304676
      70
0
      10
-31.9792719
      20
-25
      30
0
       3
Part1581304676
       1

       4
CypCutBlock
       0
LINE
       5
2136
     100
AcDbEntity
       8
2
     100
AcDbLine
      10
4.0103640642
      20
-25
      30
0
      11
4.0103640642
      21
25
      31
0
    1001
FS_CYPCUT
    1000
Channel
    1070
2
    1000
LeadIn
    1002
{
    1070
0
    1040
0
    1040
0
    1040
0
    1040
0
    1070
0
    1040
0
    1070
0
    1002
}
    1000
LeadOut
    1002
{
    1070
0
    1040
0
    1040
0
    1040
0
    1070
0
    1002
}
    1000
IsFill
    1070
0
    1000
PathStart
    1040
0
    1000
ToolCompensation
    1002
{
    1070
0
    1040
0
    1070
0
    1002
}
       0
CIRCLE
       5
2137
     100
AcDbEntity
       8
1
     100
AcDbCircle
      10
30
      20
0
      30
0
      40
6.99999999999998
    1001
FS_CYPCUT
    1000
Channel
    1070
1
    1000
LeadIn
    1002
{
    1070
0
    1040
0
    1040
0
    1040
0
    1040
0
    1070
0
    1040
0
    1070
0
    1002
}
    1000
LeadOut
    1002
{
    1070
0
    1040
0
    1040
0
    1040
0
    1070
0
    1002
}
    1000
IsFill
    1070
0
    1000
PathStart
    1040
0
    1000
ToolCompensation
    1002
{
    1070
0
    1040
0
    1070
0
    1002
}
       0
LWPOLYLINE
       5
2138
     100
AcDbEntity
       8
1
     100
AcDbPolyline
      90
8
      70
1
      10
50
      20
20
      42
0.414213562373096
      10
45
      20
25
      42
0
      10
-26.9792718716
      20
25
      42
0.414213562373096
      10
-31.9792718716
      20
20
      42
0
      10
-31.9792718716
      20
-20
      42
0.414213562373094
      10
-26.9792718716
      20
-25
      42
0
      10
45
      20
-25
      42
0.414213562373093
      10
50
      20
-20
      42
0
    1001
FS_CYPCUT
    1000
Channel
    1070
1
    1000
LeadIn
    1002
{
    1070
0
    1040
0
    1040
0
    1040
0
    1040
0
    1070
0
    1040
0
    1070
0
    1002
}
    1000
LeadOut
    1002
{
    1070
0
    1040
0
    1040
0
    1040
0
    1070
0
    1002
}
    1000
IsFill
    1070
1
    1000
PathStart
    1040
0
    1000
ToolCompensation
    1002
{
    1070
0
    1040
0
    1070
0
    1002
}
       0
ENDBLK
       5
2139
     330
2013
     100
AcDbEntity
       8
0
     100
AcDbBlockEnd
       0
BLOCK
       5
213A
     330
2014
     100
AcDbEntity
       8
0
     100
AcDbBlockBegin
       2
Part1557669242
      70
0
      10
-20
      20
-20
      30
0
       3
Part1557669242
       1

       4
CypCutBlock
       0
CIRCLE
       5
213B
     100
AcDbEntity
       8
1
     100
AcDbCircle
      10
0
      20
0
      30
0
      40
5.25
    1001
FS_CYPCUT
    1000
Channel
    1070
1
    1000
LeadIn
    1002
{
    1070
3
    1040
0
    1040
1.5707963267949
    1040
1
    1040
1
    1070
0
    1040
0.5
    1070
0
    1002
}
    1000
LeadOut
    1002
{
    1070
0
    1040
0
    1040
0
    1040
0
    1070
0
    1002
}
    1000
IsFill
    1070
0
    1000
PathStart
    1040
0
    1000
ToolCompensation
    1002
{
    1070
0
    1040
0
    1070
0
    1002
}
       0
LWPOLYLINE
       5
213C
     100
AcDbEntity
       8
1
     100
AcDbPolyline
      90
8
      70
1
      10
20
      20
14
      42
0
      10
20
      20
-14
      42
-0.414213562373095
      10
14
      20
-20
      42
0
      10
-14
      20
-20
      42
-0.414213562373095
      10
-20
      20
-14
      42
0
      10
-20
      20
14
      42
-0.414213562373095
      10
-14
      20
20
      42
0
      10
14
      20
20
      42
-0.414213562373095
    1001
FS_CYPCUT
    1000
Channel
    1070
1
    1000
LeadIn
    1002
{
    1070
3
    1040
0.5
    1040
1.5707963267949
    1040
1
    1040
1
    1070
0
    1040
0.5
    1070
0
    1002
}
    1000
LeadOut
    1002
{
    1070
0
    1040
0
    1040
0
    1040
0
    1070
0
    1002
}
    1000
IsFill
    1070
1
    1000
PathStart
    1040
0.5
    1000
ToolCompensation
    1002
{
    1070
0
    1040
0
    1070
0
    1002
}
    1000
MicroConnect
    1002
{
    1070
1
    1040
4.48533063
    1041
0.8
    1042
0
    1002
}
       0
ENDBLK
       5
213D
     330
2014
     100
AcDbEntity
       8
0
     100
AcDbBlockEnd
       0
BLOCK
       5
213E
     330
2015
     100
AcDbEntity
       8
0
     100
AcDbBlockBegin
       2
Part419161880
      70
0
      10
-20
      20
-20
      30
0
       3
Part419161880
       1

       4
CypCutBlock
       0
CIRCLE
       5
213F
     100
AcDbEntity
       8
1
     100
AcDbCircle
      10
0
      20
0
      30
0
      40
5.25
    1001
FS_CYPCUT
    1000
Channel
    1070
1
    1000
LeadIn
    1002
{
    1070
3
    1040
0
    1040
1.5707963267949
    1040
1
    1040
1
    1070
0
    1040
0.5
    1070
0
    1002
}
    1000
LeadOut
    1002
{
    1070
0
    1040
0
    1040
0
    1040
0
    1070
0
    1002
}
    1000
IsFill
    1070
0
    1000
PathStart
    1040
0
    1000
ToolCompensation
    1002
{
    1070
0
    1040
0
    1070
0
    1002
}
       0
LWPOLYLINE
       5
2140
     100
AcDbEntity
       8
1
     100
AcDbPolyline
      90
8
      70
1
      10
20
      20
14
      42
0
      10
20
      20
-14
      42
-0.414213562373095
      10
14
      20
-20
      42
0
      10
-14
      20
-20
      42
-0.414213562373095
      10
-20
      20
-14
      42
0
      10
-20
      20
14
      42
-0.414213562373095
      10
-14
      20
20
      42
0
      10
14
      20
20
      42
-0.414213562373095
    1001
FS_CYPCUT
    1000
Channel
    1070
1
    1000
LeadIn
    1002
{
    1070
3
    1040
0.5
    1040
1.5707963267949
    1040
1
    1040
1
    1070
0
    1040
0.5
    1070
0
    1002
}
    1000
LeadOut
    1002
{
    1070
0
    1040
0
    1040
0
    1040
0
    1070
0
    1002
}
    1000
IsFill
    1070
1
    1000
PathStart
    1040
0.5
    1000
ToolCompensation
    1002
{
    1070
0
    1040
0
    1070
0
    1002
}
    1000
MicroConnect
    1002
{
    1070
1
    1040
4.48533063
    1041
0.8
    1042
0
    1002
}
       0
ENDBLK
       5
2141
     330
2015
     100
AcDbEntity
       8
0
     100
AcDbBlockEnd
       0
BLOCK
       5
2142
     330
2016
     100
AcDbEntity
       8
0
     100
AcDbBlockBegin
       2
Part1197746022
      70
0
      10
-20
      20
-20
      30
0
       3
Part1197746022
       1

       4
CypCutBlock
       0
CIRCLE
       5
2143
     100
AcDbEntity
       8
1
     100
AcDbCircle
      10
0
      20
0
      30
0
      40
5.25
    1001
FS_CYPCUT
    1000
Channel
    1070
1
    1000
LeadIn
    1002
{
    1070
3
    1040
0
    1040
1.5707963267949
    1040
1
    1040
1
    1070
0
    1040
0.5
    1070
0
    1002
}
    1000
LeadOut
    1002
{
    1070
0
    1040
0
    1040
0
    1040
0
    1070
0
    1002
}
    1000
IsFill
    1070
0
    1000
PathStart
    1040
0
    1000
ToolCompensation
    1002
{
    1070
0
    1040
0
    1070
0
    1002
}
       0
LWPOLYLINE
       5
2144
     100
AcDbEntity
       8
1
     100
AcDbPolyline
      90
8
      70
1
      10
20
      20
14
      42
0
      10
20
      20
-14
      42
-0.414213562373095
      10
14
      20
-20
      42
0
      10
-14
      20
-20
      42
-0.414213562373095
      10
-20
      20
-14
      42
0
      10
-20
      20
14
      42
-0.414213562373095
      10
-14
      20
20
      42
0
      10
14
      20
20
      42
-0.414213562373095
    1001
FS_CYPCUT
    1000
Channel
    1070
1
    1000
LeadIn
    1002
{
    1070
3
    1040
0.5
    1040
1.5707963267949
    1040
1
    1040
1
    1070
0
    1040
0.5
    1070
0
    1002
}
    1000
LeadOut
    1002
{
    1070
0
    1040
0
    1040
0
    1040
0
    1070
0
    1002
}
    1000
IsFill
    1070
1
    1000
PathStart
    1040
0.5
    1000
ToolCompensation
    1002
{
    1070
0
    1040
0
    1070
0
    1002
}
    1000
MicroConnect
    1002
{
    1070
1
    1040
4.48533063
    1041
0.8
    1042
0
    1002
}
       0
ENDBLK
       5
2145
     330
2016
     100
AcDbEntity
       8
0
     100
AcDbBlockEnd
       0
BLOCK
       5
2146
     330
2017
     100
AcDbEntity
       8
0
     100
AcDbBlockBegin
       2
Part1222766513
      70
0
      10
-25.4
      20
0
      30
0
       3
Part1222766513
       1

       4
CypCutBlock
       0
CIRCLE
       5
2147
     100
AcDbEntity
       8
1
     100
AcDbCircle
      10
-12.7
      20
10
      30
0
      40
4.50000000000001
    1001
FS_CYPCUT
    1000
Channel
    1070
1
    1000
LeadIn
    1002
{
    1070
3
    1040
0
    1040
1.5707963267949
    1040
1
    1040
1
    1070
0
    1040
0.5
    1070
0
    1002
}
    1000
LeadOut
    1002
{
    1070
0
    1040
0
    1040
0
    1040
0
    1070
0
    1002
}
    1000
IsFill
    1070
0
    1000
PathStart
    1040
0
    1000
ToolCompensation
    1002
{
    1070
0
    1040
0
    1070
0
    1002
}
       0
CIRCLE
       5
2148
     100
AcDbEntity
       8
1
     100
AcDbCircle
      10
-12.7
      20
50
      30
0
      40
4.50000000000003
    1001
FS_CYPCUT
    1000
Channel
    1070
1
    1000
LeadIn
    1002
{
    1070
3
    1040
0
    1040
1.5707963267949
    1040
1
    1040
1
    1070
0
    1040
0.5
    1070
0
    1002
}
    1000
LeadOut
    1002
{
    1070
0
    1040
0
    1040
0
    1040
0
    1070
0
    1002
}
    1000
IsFill
    1070
0
    1000
PathStart
    1040
1
    1000
ToolCompensation
    1002
{
    1070
0
    1040
0
    1070
0
    1002
}
       0
CIRCLE
       5
2149
     100
AcDbEntity
       8
1
     100
AcDbCircle
      10
-12.7
      20
90
      30
0
      40
4.5
    1001
FS_CYPCUT
    1000
Channel
    1070
1
    1000
LeadIn
    1002
{
    1070
3
    1040
0
    1040
1.5707963267949
    1040
1
    1040
1
    1070
0
    1040
0.5
    1070
0
    1002
}
    1000
LeadOut
    1002
{
    1070
0
    1040
0
    1040
0
    1040
0
    1070
0
    1002
}
    1000
IsFill
    1070
0
    1000
PathStart
    1040
1
    1000
ToolCompensation
    1002
{
    1070
0
    1040
0
    1070
0
    1002
}
       0
LWPOLYLINE
       5
214A
     100
AcDbEntity
       8
1
     100
AcDbPolyline
      90
8
      70
1
      10
0
      20
95
      42
0
      10
0
      20
5
      42
-0.414213562373095
      10
-5
      20
0
      42
0
      10
-20.4
      20
0
      42
-0.414213562373095
      10
-25.4
      20
5
      42
0
      10
-25.4
      20
95
      42
-0.414213562373095
      10
-20.4
      20
100
      42
0
      10
-5
      20
100
      42
-0.414213562373095
    1001
FS_CYPCUT
    1000
Channel
    1070
1
    1000
LeadIn
    1002
{
    1070
3
    1040
0.5
    1040
1.5707963267949
    1040
1
    1040
1
    1070
0
    1040
0.5
    1070
0
    1002
}
    1000
LeadOut
    1002
{
    1070
0
    1040
0
    1040
0
    1040
0
    1070
0
    1002
}
    1000
IsFill
    1070
1
    1000
PathStart
    1040
0.5
    1000
ToolCompensation
    1002
{
    1070
0
    1040
0
    1070
0
    1002
}
       0
ENDBLK
       5
214B
     330
2017
     100
AcDbEntity
       8
0
     100
AcDbBlockEnd
       0
BLOCK
       5
214C
     330
2018
     100
AcDbEntity
       8
0
     100
AcDbBlockBegin
       2
Part1320207480
      70
0
      10
-145
      20
-181
      30
0
       3
Part1320207480
       1

       4
CypCutBlock
       0
LWPOLYLINE
       5
214D
     100
AcDbEntity
       8
1
     100
AcDbPolyline
      90
4
      70
1
      10
-69.5
      20
-156.65
      42
0
      10
-69.5
      20
-162.65
      42
-1
      10
-80.5
      20
-162.65
      42
0
      10
-80.5
      20
-156.65
      42
-1
    1001
FS_CYPCUT
    1000
Channel
    1070
1
    1000
LeadIn
    1002
{
    1070
3
    1040
1.5
    1040
1.5707963267949
    1040
1
    1040
1
    1070
0
    1040
0.5
    1070
0
    1002
}
    1000
LeadOut
    1002
{
    1070
0
    1040
0
    1040
0
    1040
0
    1070
0
    1002
}
    1000
IsFill
    1070
0
    1000
PathStart
    1040
1.5
    1000
ToolCompensation
    1002
{
    1070
0
    1040
0
    1070
0
    1002
}
       0
CIRCLE
       5
214E
     100
AcDbEntity
       8
1
     100
AcDbCircle
      10
-53.033008589
      20
-119.6931164497
      30
0
      40
4.24999999999999
    1001
FS_CYPCUT
    1000
Channel
    1070
1
    1000
LeadIn
    1002
{
    1070
3
    1040
0
    1040
1.5707963267949
    1040
1
    1040
1
    1070
0
    1040
0.5
    1070
0
    1002
}
    1000
LeadOut
    1002
{
    1070
0
    1040
0
    1040
0
    1040
0
    1070
0
    1002
}
    1000
IsFill
    1070
0
    1000
PathStart
    1040
0
    1000
ToolCompensation
    1002
{
    1070
0
    1040
0
    1070
0
    1002
}
       0
LWPOLYLINE
       5
214F
     100
AcDbEntity
       8
1
     100
AcDbPolyline
      90
4
      70
1
      10
-48.4462102638
      20
-86.3041410734
      42
0
      10
-65.448353121
      20
-66.6336774727
      42
0
      10
-67.1884325933
      20
-68.137713187
      42
0
      10
-50.1862897362
      20
-87.8081767876
      42
0
    1001
FS_CYPCUT
    1000
Channel
    1070
1
    1000
LeadIn
    1002
{
    1070
3
    1040
0.5
    1040
1.5707963267949
    1040
1
    1040
1
    1070
0
    1040
0.5
    1070
0
    1002
}
    1000
LeadOut
    1002
{
    1070
0
    1040
0
    1040
0
    1040
0
    1070
0
    1002
}
    1000
IsFill
    1070
0
    1000
PathStart
    1040
0.5
    1000
ToolCompensation
    1002
{
    1070
0
    1040
0
    1070
0
    1002
}
       0
CIRCLE
       5
2150
     100
AcDbEntity
       8
1
     100
AcDbCircle
      10
-41.3657466994
      20
-53.6342533006
      30
0
      40
4.24999999999999
    1001
FS_CYPCUT
    1000
Channel
    1070
1
    1000
LeadIn
    1002
{
    1070
3
    1040
0
    1040
1.5707963267949
    1040
1
    1040
1
    1070
0
    1040
0.5
    1070
0
    1002
}
    1000
LeadOut
    1002
{
    1070
0
    1040
0
    1040
0
    1040
0
    1070
0
    1002
}
    1000
IsFill
    1070
0
    1000
PathStart
    1040
0
    1000
ToolCompensation
    1002
{
    1070
0
    1040
0
    1070
0
    1002
}
       0
CIRCLE
       5
2151
     100
AcDbEntity
       8
1
     100
AcDbCircle
      10
0
      20
-95
      30
0
      40
42.45
    1001
FS_CYPCUT
    1000
Channel
    1070
1
    1000
LeadIn
    1002
{
    1070
3
    1040
0
    1040
1.5707963267949
    1040
1
    1040
1
    1070
0
    1040
0.5
    1070
0
    1002
}
    1000
LeadOut
    1002
{
    1070
0
    1040
0
    1040
0
    1040
0
    1070
0
    1002
}
    1000
IsFill
    1070
0
    1000
PathStart
    1040
1
    1000
ToolCompensation
    1002
{
    1070
0
    1040
0
    1070
0
    1002
}
       0
CIRCLE
       5
2152
     100
AcDbEntity
       8
1
     100
AcDbCircle
      10
41.3657466994
      20
-53.6342533006
      30
0
      40
4.24999999999999
    1001
FS_CYPCUT
    1000
Channel
    1070
1
    1000
LeadIn
    1002
{
    1070
3
    1040
0
    1040
1.5707963267949
    1040
1
    1040
1
    1070
0
    1040
0.5
    1070
0
    1002
}
    1000
LeadOut
    1002
{
    1070
0
    1040
0
    1040
0
    1040
0
    1070
0
    1002
}
    1000
IsFill
    1070
0
    1000
PathStart
    1040
0
    1000
ToolCompensation
    1002
{
    1070
0
    1040
0
    1070
0
    1002
}
       0
LWPOLYLINE
       5
2153
     100
AcDbEntity
       8
1
     100
AcDbPolyline
      90
4
      70
1
      10
67.1884325933
      20
-68.137713187
      42
0
      10
50.1862897362
      20
-87.8081767876
      42
0
      10
48.4462102638
      20
-86.3041410734
      42
0
      10
65.448353121
      20
-66.6336774727
      42
0
    1001
FS_CYPCUT
    1000
Channel
    1070
1
    1000
LeadIn
    1002
{
    1070
3
    1040
0.5
    1040
1.5707963267949
    1040
1
    1040
1
    1070
0
    1040
0.5
    1070
0
    1002
}
    1000
LeadOut
    1002
{
    1070
0
    1040
0
    1040
0
    1040
0
    1070
0
    1002
}
    1000
IsFill
    1070
0
    1000
PathStart
    1040
0.5
    1000
ToolCompensation
    1002
{
    1070
0
    1040
0
    1070
0
    1002
}
       0
CIRCLE
       5
2154
     100
AcDbEntity
       8
1
     100
AcDbCircle
      10
53.033008589
      20
-119.6931164497
      30
0
      40
4.24999999999999
    1001
FS_CYPCUT
    1000
Channel
    1070
1
    1000
LeadIn
    1002
{
    1070
3
    1040
1.94289029309402E-16
    1040
1.5707963267949
    1040
1
    1040
1
    1070
0
    1040
0.5
    1070
0
    1002
}
    1000
LeadOut
    1002
{
    1070
0
    1040
0
    1040
0
    1040
0
    1070
0
    1002
}
    1000
IsFill
    1070
0
    1000
PathStart
    1040
1.94289029309402E-16
    1000
ToolCompensation
    1002
{
    1070
0
    1040
0
    1070
0
    1002
}
       0
LWPOLYLINE
       5
2155
     100
AcDbEntity
       8
1
     100
AcDbPolyline
      90
4
      70
1
      10
80.5
      20
-156.65
      42
0
      10
80.5
      20
-162.65
      42
-1
      10
69.5
      20
-162.65
      42
0
      10
69.5
      20
-156.65
      42
-1
    1001
FS_CYPCUT
    1000
Channel
    1070
1
    1000
LeadIn
    1002
{
    1070
3
    1040
1.5
    1040
1.5707963267949
    1040
1
    1040
1
    1070
0
    1040
0.5
    1070
0
    1002
}
    1000
LeadOut
    1002
{
    1070
0
    1040
0
    1040
0
    1040
0
    1070
0
    1002
}
    1000
IsFill
    1070
0
    1000
PathStart
    1040
1.5
    1000
ToolCompensation
    1002
{
    1070
0
    1040
0
    1070
0
    1002
}
       0
LWPOLYLINE
       5
2156
     100
AcDbEntity
       8
1
     100
AcDbPolyline
      90
4
      70
1
      10
129.311646879
      20
3.7351345847
      42
0
      10
112.3095040219
      20
-15.935329016
      42
0
      10
110.5694245495
      20
-14.4312933017
      42
0
      10
127.5715674067
      20
5.239170299
      42
0
    1001
FS_CYPCUT
    1000
Channel
    1070
1
    1000
LeadIn
    1002
{
    1070
3
    1040
0.5
    1040
1.5707963267949
    1040
1
    1040
1
    1070
0
    1040
0.5
    1070
0
    1002
}
    1000
LeadOut
    1002
{
    1070
0
    1040
0
    1040
0
    1040
0
    1070
0
    1002
}
    1000
IsFill
    1070
0
    1000
PathStart
    1040
0.5
    1000
ToolCompensation
    1002
{
    1070
0
    1040
0
    1070
0
    1002
}
       0
LWPOLYLINE
       5
2157
     100
AcDbEntity
       8
1
     100
AcDbPolyline
      90
4
      70
1
      10
-110.5694245495
      20
-14.4312933017
      42
0
      10
-127.5715674067
      20
5.239170299
      42
0
      10
-129.311646879
      20
3.7351345847
      42
0
      10
-112.3095040219
      20
-15.935329016
      42
0
    1001
FS_CYPCUT
    1000
Channel
    1070
1
    1000
LeadIn
    1002
{
    1070
3
    1040
0.5
    1040
1.5707963267949
    1040
1
    1040
1
    1070
0
    1040
0.5
    1070
0
    1002
}
    1000
LeadOut
    1002
{
    1070
0
    1040
0
    1040
0
    1040
0
    1070
0
    1002
}
    1000
IsFill
    1070
0
    1000
PathStart
    1040
0.5
    1000
ToolCompensation
    1002
{
    1070
0
    1040
0
    1070
0
    1002
}
       0
LWPOLYLINE
       5
2158
     100
AcDbEntity
       8
1
     100
AcDbPolyline
      90
4
      70
1
      10
-132.85
      20
50.5
      42
0
      10
-132.85
      20
24.5
      42
0
      10
-135.15
      20
24.5
      42
0
      10
-135.15
      20
50.5
      42
0
    1001
FS_CYPCUT
    1000
Channel
    1070
1
    1000
LeadIn
    1002
{
    1070
3
    1040
0.5
    1040
1.5707963267949
    1040
1
    1040
1
    1070
0
    1040
0.5
    1070
0
    1002
}
    1000
LeadOut
    1002
{
    1070
0
    1040
0
    1040
0
    1040
0
    1070
0
    1002
}
    1000
IsFill
    1070
0
    1000
PathStart
    1040
0.5
    1000
ToolCompensation
    1002
{
    1070
0
    1040
0
    1070
0
    1002
}
       0
LWPOLYLINE
       5
2159
     100
AcDbEntity
       8
1
     100
AcDbPolyline
      90
4
      70
1
      10
135.15
      20
50.5
      42
0
      10
132.85
      20
50.5
      42
0
      10
132.85
      20
24.5
      42
0
      10
135.15
      20
24.5
      42
0
    1001
FS_CYPCUT
    1000
Channel
    1070
1
    1000
LeadIn
    1002
{
    1070
3
    1040
1.5
    1040
1.5707963267949
    1040
1
    1040
1
    1070
0
    1040
0.5
    1070
0
    1002
}
    1000
LeadOut
    1002
{
    1070
0
    1040
0
    1040
0
    1040
0
    1070
0
    1002
}
    1000
IsFill
    1070
0
    1000
PathStart
    1040
1.5
    1000
ToolCompensation
    1002
{
    1070
0
    1040
0
    1070
0
    1002
}
       0
LWPOLYLINE
       5
215A
     100
AcDbEntity
       8
1
     100
AcDbPolyline
      90
4
      70
1
      10
135.15
      20
169
      42
0
      10
135.15
      20
143
      42
0
      10
132.85
      20
143
      42
0
      10
132.85
      20
169
      42
0
    1001
FS_CYPCUT
    1000
Channel
    1070
1
    1000
LeadIn
    1002
{
    1070
3
    1040
0.5
    1040
1.5707963267949
    1040
1
    1040
1
    1070
0
    1040
0.5
    1070
0
    1002
}
    1000
LeadOut
    1002
{
    1070
0
    1040
0
    1040
0
    1040
0
    1070
0
    1002
}
    1000
IsFill
    1070
0
    1000
PathStart
    1040
0.5
    1000
ToolCompensation
    1002
{
    1070
0
    1040
0
    1070
0
    1002
}
       0
LWPOLYLINE
       5
215B
     100
AcDbEntity
       8
1
     100
AcDbPolyline
      90
4
      70
1
      10
-132.85
      20
169
      42
0
      10
-132.85
      20
143
      42
0
      10
-135.15
      20
143
      42
0
      10
-135.15
      20
169
      42
0
    1001
FS_CYPCUT
    1000
Channel
    1070
1
    1000
LeadIn
    1002
{
    1070
3
    1040
0.5
    1040
1.5707963267949
    1040
1
    1040
1
    1070
0
    1040
0.5
    1070
0
    1002
}
    1000
LeadOut
    1002
{
    1070
0
    1040
0
    1040
0
    1040
0
    1070
0
    1002
}
    1000
IsFill
    1070
0
    1000
PathStart
    1040
0.5
    1000
ToolCompensation
    1002
{
    1070
0
    1040
0
    1070
0
    1002
}
       0
LWPOLYLINE
       5
215C
     100
AcDbEntity
       8
1
     100
AcDbPolyline
      90
22
      70
1
      10
145
      20
176.2375
      42
0
      10
135
      20
176.2375
      42
0
      10
135
      20
181
      42
0
      10
-135
      20
181
      42
0
      10
-135
      20
176.2375
      42
0
      10
-145
      20
176.2375
      42
0
      10
-145
      20
-29.6895632593
      42
0.0652429341302116
      10
-144.662349396
      20
-32.266189765
      42
0
      10
-106.9795662652
      20
-173.5766265056
      42
0.339788024013313
      10
-97.3172168692
      20
-181
      42
0
      10
-43
      20
-181
      42
0.414213562373096
      10
-40
      20
-178
      42
0
      10
-40
      20
-144
      42
-0.414213562373105
      10
-37
      20
-141
      42
0
      10
37
      20
-141
      42
-0.414213562373096
      10
40
      20
-144
      42
0
      10
40
      20
-178
      42
0.414213562373097
      10
43
      20
-181
      42
0
      10
97.3172168692
      20
-181
      42
0.339788024013318
      10
106.9795662652
      20
-173.5766265056
      42
0
      10
144.662349396016
      20
-32.2661897648974
      42
0.0652429341302029
      10
145.000000000002
      20
-29.6895632593
      42
0
    1001
FS_CYPCUT
    1000
Channel
    1070
1
    1000
LeadIn
    1002
{
    1070
3
    1040
2.5
    1040
1.5707963267949
    1040
1
    1040
1
    1070
0
    1040
0.5
    1070
0
    1002
}
    1000
LeadOut
    1002
{
    1070
0
    1040
0
    1040
0
    1040
0
    1070
0
    1002
}
    1000
IsFill
    1070
1
    1000
PathStart
    1040
2.5
    1000
ToolCompensation
    1002
{
    1070
0
    1040
0
    1070
0
    1002
}
    1000
MicroConnect
    1002
{
    1070
2
    1040
5.17126984
    1041
0.8
    1042
0
    1040
19.6085638
    1041
0.8
    1042
0
    1002
}
       0
ENDBLK
       5
215D
     330
2018
     100
AcDbEntity
       8
0
     100
AcDbBlockEnd
       0
BLOCK
       5
215E
     330
2019
     100
AcDbEntity
       8
0
     100
AcDbBlockBegin
       2
CommonPart1876554275
      70
0
      10
296
      20
970.99909
      30
0
       3
CommonPart1876554275
       1

       4
CypCutBlock
       0
LWPOLYLINE
       5
215F
     100
AcDbEntity
       8
1
     100
AcDbPolyline
      90
4
      70
1
      10
371.5
      20
995.34909
      42
0
      10
371.5
      20
989.34909
      42
-1
      10
360.5
      20
989.34909
      42
0
      10
360.5
      20
995.34909
      42
-1
    1001
FS_CYPCUT
    1000
Channel
    1070
1
    1000
LeadIn
    1002
{
    1070
3
    1040
1.5
    1040
1.5707963267949
    1040
1
    1040
1
    1070
0
    1040
0.5
    1070
0
    1002
}
    1000
LeadOut
    1002
{
    1070
0
    1040
0
    1040
0
    1040
0
    1070
0
    1002
}
    1000
IsFill
    1070
0
    1000
PathStart
    1040
1.5
    1000
ToolCompensation
    1002
{
    1070
0
    1040
0
    1070
0
    1002
}
       0
CIRCLE
       5
2160
     100
AcDbEntity
       8
1
     100
AcDbCircle
      10
387.966991411
      20
1032.3059735503
      30
0
      40
4.25
    1001
FS_CYPCUT
    1000
Channel
    1070
1
    1000
LeadIn
    1002
{
    1070
3
    1040
0
    1040
1.5707963267949
    1040
1
    1040
1
    1070
0
    1040
0.5
    1070
0
    1002
}
    1000
LeadOut
    1002
{
    1070
0
    1040
0
    1040
0
    1040
0
    1070
0
    1002
}
    1000
IsFill
    1070
0
    1000
PathStart
    1040
0
    1000
ToolCompensation
    1002
{
    1070
0
    1040
0
    1070
0
    1002
}
       0
LWPOLYLINE
       5
2161
     100
AcDbEntity
       8
1
     100
AcDbPolyline
      90
4
      70
1
      10
392.5537897362
      20
1065.6949489266
      42
0
      10
390.8137102638
      20
1064.1909132124
      42
0
      10
373.8115674067
      20
1083.861376813
      42
0
      10
375.551646879
      20
1085.3654125273
      42
0
    1001
FS_CYPCUT
    1000
Channel
    1070
1
    1000
LeadIn
    1002
{
    1070
3
    1040
3.5
    1040
1.5707963267949
    1040
1
    1040
1
    1070
0
    1040
0.5
    1070
0
    1002
}
    1000
LeadOut
    1002
{
    1070
0
    1040
0
    1040
0
    1040
0
    1070
0
    1002
}
    1000
IsFill
    1070
0
    1000
PathStart
    1040
3.5
    1000
ToolCompensation
    1002
{
    1070
0
    1040
0
    1070
0
    1002
}
       0
CIRCLE
       5
2162
     100
AcDbEntity
       8
1
     100
AcDbCircle
      10
399.6342533006
      20
1098.3648366994
      30
0
      40
4.25
    1001
FS_CYPCUT
    1000
Channel
    1070
1
    1000
LeadIn
    1002
{
    1070
3
    1040
0
    1040
1.5707963267949
    1040
1
    1040
1
    1070
0
    1040
0.5
    1070
0
    1002
}
    1000
LeadOut
    1002
{
    1070
0
    1040
0
    1040
0
    1040
0
    1070
0
    1002
}
    1000
IsFill
    1070
0
    1000
PathStart
    1040
0
    1000
ToolCompensation
    1002
{
    1070
0
    1040
0
    1070
0
    1002
}
       0
CIRCLE
       5
2163
     100
AcDbEntity
       8
1
     100
AcDbCircle
      10
441
      20
1056.99909
      30
0
      40
42.45
    1001
FS_CYPCUT
    1000
Channel
    1070
1
    1000
LeadIn
    1002
{
    1070
3
    1040
0
    1040
1.5707963267949
    1040
1
    1040
1
    1070
0
    1040
0.5
    1070
0
    1002
}
    1000
LeadOut
    1002
{
    1070
0
    1040
0
    1040
0
    1040
0
    1070
0
    1002
}
    1000
IsFill
    1070
0
    1000
PathStart
    1040
0
    1000
ToolCompensation
    1002
{
    1070
0
    1040
0
    1070
0
    1002
}
       0
CIRCLE
       5
2164
     100
AcDbEntity
       8
1
     100
AcDbCircle
      10
482.3657466994
      20
1098.3648366994
      30
0
      40
4.25
    1001
FS_CYPCUT
    1000
Channel
    1070
1
    1000
LeadIn
    1002
{
    1070
3
    1040
0
    1040
1.5707963267949
    1040
1
    1040
1
    1070
0
    1040
0.5
    1070
0
    1002
}
    1000
LeadOut
    1002
{
    1070
0
    1040
0
    1040
0
    1040
0
    1070
0
    1002
}
    1000
IsFill
    1070
0
    1000
PathStart
    1040
0
    1000
ToolCompensation
    1002
{
    1070
0
    1040
0
    1070
0
    1002
}
       0
LWPOLYLINE
       5
2165
     100
AcDbEntity
       8
1
     100
AcDbPolyline
      90
4
      70
1
      10
508.1884325933
      20
1083.861376813
      42
0
      10
491.1862897362
      20
1064.1909132124
      42
0
      10
489.4462102638
      20
1065.6949489266
      42
0
      10
506.448353121
      20
1085.3654125273
      42
0
    1001
FS_CYPCUT
    1000
Channel
    1070
1
    1000
LeadIn
    1002
{
    1070
3
    1040
0.5
    1040
1.5707963267949
    1040
1
    1040
1
    1070
0
    1040
0.5
    1070
0
    1002
}
    1000
LeadOut
    1002
{
    1070
0
    1040
0
    1040
0
    1040
0
    1070
0
    1002
}
    1000
IsFill
    1070
0
    1000
PathStart
    1040
0.5
    1000
ToolCompensation
    1002
{
    1070
0
    1040
0
    1070
0
    1002
}
       0
CIRCLE
       5
2166
     100
AcDbEntity
       8
1
     100
AcDbCircle
      10
494.033008589
      20
1032.3059735503
      30
0
      40
4.24999999999994
    1001
FS_CYPCUT
    1000
Channel
    1070
1
    1000
LeadIn
    1002
{
    1070
3
    1040
1.94289029309402E-16
    1040
1.5707963267949
    1040
1
    1040
1
    1070
0
    1040
0.5
    1070
0
    1002
}
    1000
LeadOut
    1002
{
    1070
0
    1040
0
    1040
0
    1040
0
    1070
0
    1002
}
    1000
IsFill
    1070
0
    1000
PathStart
    1040
1.94289029309402E-16
    1000
ToolCompensation
    1002
{
    1070
0
    1040
0
    1070
0
    1002
}
       0
LWPOLYLINE
       5
2167
     100
AcDbEntity
       8
1
     100
AcDbPolyline
      90
4
      70
1
      10
521.5
      20
995.34909
      42
0
      10
521.5
      20
989.34909
      42
-1
      10
510.5
      20
989.34909
      42
0
      10
510.5
      20
995.34909
      42
-1
    1001
FS_CYPCUT
    1000
Channel
    1070
1
    1000
LeadIn
    1002
{
    1070
3
    1040
1.5
    1040
1.5707963267949
    1040
1
    1040
1
    1070
0
    1040
0.5
    1070
0
    1002
}
    1000
LeadOut
    1002
{
    1070
0
    1040
0
    1040
0
    1040
0
    1070
0
    1002
}
    1000
IsFill
    1070
0
    1000
PathStart
    1040
1.5
    1000
ToolCompensation
    1002
{
    1070
0
    1040
0
    1070
0
    1002
}
       0
LWPOLYLINE
       5
2168
     100
AcDbEntity
       8
1
     100
AcDbPolyline
      90
4
      70
1
      10
570.311646879
      20
1155.7342245847
      42
0
      10
553.3095040219
      20
1136.063760984
      42
0
      10
551.5694245495
      20
1137.5677966983
      42
0
      10
568.5715674067
      20
1157.238260299
      42
0
    1001
FS_CYPCUT
    1000
Channel
    1070
1
    1000
LeadIn
    1002
{
    1070
3
    1040
0.5
    1040
1.5707963267949
    1040
1
    1040
1
    1070
0
    1040
0.5
    1070
0
    1002
}
    1000
LeadOut
    1002
{
    1070
0
    1040
0
    1040
0
    1040
0
    1070
0
    1002
}
    1000
IsFill
    1070
0
    1000
PathStart
    1040
0.5
    1000
ToolCompensation
    1002
{
    1070
0
    1040
0
    1070
0
    1002
}
       0
LWPOLYLINE
       5
2169
     100
AcDbEntity
       8
1
     100
AcDbPolyline
      90
4
      70
1
      10
330.4305754505
      20
1137.5677966983
      42
0
      10
328.6904959781
      20
1136.063760984
      42
0
      10
311.688353121
      20
1155.7342245847
      42
0
      10
313.4284325933
      20
1157.238260299
      42
0
    1001
FS_CYPCUT
    1000
Channel
    1070
1
    1000
LeadIn
    1002
{
    1070
3
    1040
3.5
    1040
1.5707963267949
    1040
1
    1040
1
    1070
0
    1040
0.5
    1070
0
    1002
}
    1000
LeadOut
    1002
{
    1070
0
    1040
0
    1040
0
    1040
0
    1070
0
    1002
}
    1000
IsFill
    1070
0
    1000
PathStart
    1040
3.5
    1000
ToolCompensation
    1002
{
    1070
0
    1040
0
    1070
0
    1002
}
       0
LWPOLYLINE
       5
216A
     100
AcDbEntity
       8
1
     100
AcDbPolyline
      90
4
      70
1
      10
308.15
      20
1202.49909
      42
0
      10
308.15
      20
1176.49909
      42
0
      10
305.85
      20
1176.49909
      42
0
      10
305.85
      20
1202.49909
      42
0
    1001
FS_CYPCUT
    1000
Channel
    1070
1
    1000
LeadIn
    1002
{
    1070
3
    1040
0.5
    1040
1.5707963267949
    1040
1
    1040
1
    1070
0
    1040
0.5
    1070
0
    1002
}
    1000
LeadOut
    1002
{
    1070
0
    1040
0
    1040
0
    1040
0
    1070
0
    1002
}
    1000
IsFill
    1070
0
    1000
PathStart
    1040
0.5
    1000
ToolCompensation
    1002
{
    1070
0
    1040
0
    1070
0
    1002
}
       0
LWPOLYLINE
       5
216B
     100
AcDbEntity
       8
1
     100
AcDbPolyline
      90
4
      70
1
      10
576.15
      20
1202.49909
      42
0
      10
576.15
      20
1176.49909
      42
0
      10
573.85
      20
1176.49909
      42
0
      10
573.85
      20
1202.49909
      42
0
    1001
FS_CYPCUT
    1000
Channel
    1070
1
    1000
LeadIn
    1002
{
    1070
3
    1040
2.5
    1040
1.5707963267949
    1040
1
    1040
1
    1070
0
    1040
0.5
    1070
0
    1002
}
    1000
LeadOut
    1002
{
    1070
0
    1040
0
    1040
0
    1040
0
    1070
0
    1002
}
    1000
IsFill
    1070
0
    1000
PathStart
    1040
2.5
    1000
ToolCompensation
    1002
{
    1070
0
    1040
0
    1070
0
    1002
}
       0
LWPOLYLINE
       5
216C
     100
AcDbEntity
       8
1
     100
AcDbPolyline
      90
4
      70
1
      10
576.15
      20
1320.99909
      42
0
      10
576.15
      20
1294.99909
      42
0
      10
573.85
      20
1294.99909
      42
0
      10
573.85
      20
1320.99909
      42
0
    1001
FS_CYPCUT
    1000
Channel
    1070
1
    1000
LeadIn
    1002
{
    1070
3
    1040
0.5
    1040
1.5707963267949
    1040
1
    1040
1
    1070
0
    1040
0.5
    1070
0
    1002
}
    1000
LeadOut
    1002
{
    1070
0
    1040
0
    1040
0
    1040
0
    1070
0
    1002
}
    1000
IsFill
    1070
0
    1000
PathStart
    1040
0.5
    1000
ToolCompensation
    1002
{
    1070
0
    1040
0
    1070
0
    1002
}
       0
LWPOLYLINE
       5
216D
     100
AcDbEntity
       8
1
     100
AcDbPolyline
      90
4
      70
1
      10
308.15
      20
1320.99909
      42
0
      10
308.15
      20
1294.99909
      42
0
      10
305.85
      20
1294.99909
      42
0
      10
305.85
      20
1320.99909
      42
0
    1001
FS_CYPCUT
    1000
Channel
    1070
1
    1000
LeadIn
    1002
{
    1070
3
    1040
0.5
    1040
1.5707963267949
    1040
1
    1040
1
    1070
0
    1040
0.5
    1070
0
    1002
}
    1000
LeadOut
    1002
{
    1070
0
    1040
0
    1040
0
    1040
0
    1070
0
    1002
}
    1000
IsFill
    1070
0
    1000
PathStart
    1040
0.5
    1000
ToolCompensation
    1002
{
    1070
0
    1040
0
    1070
0
    1002
}
       0
LWPOLYLINE
       5
216E
     100
AcDbEntity
       8
1
     100
AcDbPolyline
      90
22
      70
0
      10
586
      20
1328.23659
      42
0
      10
576
      20
1328.23659
      42
0
      10
576
      20
1332.99909
      42
0
      10
306
      20
1332.99909
      42
0
      10
306
      20
1328.23659
      42
0
      10
296
      20
1328.23659
      42
0
      10
296
      20
1122.3095267407
      42
0.0652429341302116
      10
296.337650604
      20
1119.732900235
      42
0
      10
334.0204337348
      20
978.4224634944
      42
0.339788024013313
      10
343.6827831308
      20
970.99909
      42
0
      10
398
      20
970.99909
      42
0.414213562373096
      10
401
      20
973.99909
      42
0
      10
401
      20
1007.99909
      42
-0.414213562373105
      10
404
      20
1010.99909
      42
0
      10
478
      20
1010.99909
      42
-0.414213562373096
      10
481
      20
1007.99909
      42
0
      10
481
      20
973.99909
      42
0.414213562373097
      10
484
      20
970.99909
      42
0
      10
538.3172168692
      20
970.99909
      42
0.339788024013318
      10
547.9795662652
      20
978.4224634944
      42
0
      10
585.662349396016
      20
1119.7329002351
      42
0.0652429341302029
      10
586.000000000002
      20
1122.3095267407
      42
0
    1001
FS_CYPCUT
    1000
Channel
    1070
1
    1000
LeadIn
    1002
{
    1070
0
    1040
0.01
    1040
1.5707963267949
    1040
1
    1040
1
    1070
0
    1040
0.5
    1070
0
    1002
}
    1000
LeadOut
    1002
{
    1070
0
    1040
0
    1040
0
    1040
0
    1070
0
    1002
}
    1000
IsFill
    1070
1
    1000
PathStart
    1040
0
    1000
ToolCompensation
    1002
{
    1070
0
    1040
0
    1070
0
    1002
}
    1000
MicroConnect
    1002
{
    1070
1
    1040
0
    1041
0.1
    1042
0
    1002
}
       0
LWPOLYLINE
       5
216F
     100
AcDbEntity
       8
1
     100
AcDbPolyline
      90
4
      70
1
      10
661.5001
      20
995.34909
      42
0
      10
661.5001
      20
989.34909
      42
-1
      10
650.5001
      20
989.34909
      42
0
      10
650.5001
      20
995.34909
      42
-1
    1001
FS_CYPCUT
    1000
Channel
    1070
1
    1000
LeadIn
    1002
{
    1070
3
    1040
1.5
    1040
1.5707963267949
    1040
1
    1040
1
    1070
0
    1040
0.5
    1070
0
    1002
}
    1000
LeadOut
    1002
{
    1070
0
    1040
0
    1040
0
    1040
0
    1070
0
    1002
}
    1000
IsFill
    1070
0
    1000
PathStart
    1040
1.5
    1000
ToolCompensation
    1002
{
    1070
0
    1040
0
    1070
0
    1002
}
       0
CIRCLE
       5
2170
     100
AcDbEntity
       8
1
     100
AcDbCircle
      10
677.967091411
      20
1032.3059735503
      30
0
      40
4.25
    1001
FS_CYPCUT
    1000
Channel
    1070
1
    1000
LeadIn
    1002
{
    1070
3
    1040
0
    1040
1.5707963267949
    1040
1
    1040
1
    1070
0
    1040
0.5
    1070
0
    1002
}
    1000
LeadOut
    1002
{
    1070
0
    1040
0
    1040
0
    1040
0
    1070
0
    1002
}
    1000
IsFill
    1070
0
    1000
PathStart
    1040
0
    1000
ToolCompensation
    1002
{
    1070
0
    1040
0
    1070
0
    1002
}
       0
LWPOLYLINE
       5
2171
     100
AcDbEntity
       8
1
     100
AcDbPolyline
      90
4
      70
1
      10
682.5538897362
      20
1065.6949489266
      42
0
      10
680.8138102638
      20
1064.1909132124
      42
0
      10
663.8116674067
      20
1083.861376813
      42
0
      10
665.551746879
      20
1085.3654125273
      42
0
    1001
FS_CYPCUT
    1000
Channel
    1070
1
    1000
LeadIn
    1002
{
    1070
3
    1040
3.5
    1040
1.5707963267949
    1040
1
    1040
1
    1070
0
    1040
0.5
    1070
0
    1002
}
    1000
LeadOut
    1002
{
    1070
0
    1040
0
    1040
0
    1040
0
    1070
0
    1002
}
    1000
IsFill
    1070
0
    1000
PathStart
    1040
3.5
    1000
ToolCompensation
    1002
{
    1070
0
    1040
0
    1070
0
    1002
}
       0
CIRCLE
       5
2172
     100
AcDbEntity
       8
1
     100
AcDbCircle
      10
689.6343533006
      20
1098.3648366994
      30
0
      40
4.25
    1001
FS_CYPCUT
    1000
Channel
    1070
1
    1000
LeadIn
    1002
{
    1070
3
    1040
0
    1040
1.5707963267949
    1040
1
    1040
1
    1070
0
    1040
0.5
    1070
0
    1002
}
    1000
LeadOut
    1002
{
    1070
0
    1040
0
    1040
0
    1040
0
    1070
0
    1002
}
    1000
IsFill
    1070
0
    1000
PathStart
    1040
0
    1000
ToolCompensation
    1002
{
    1070
0
    1040
0
    1070
0
    1002
}
       0
CIRCLE
       5
2173
     100
AcDbEntity
       8
1
     100
AcDbCircle
      10
731.0001
      20
1056.99909
      30
0
      40
42.45
    1001
FS_CYPCUT
    1000
Channel
    1070
1
    1000
LeadIn
    1002
{
    1070
3
    1040
0
    1040
1.5707963267949
    1040
1
    1040
1
    1070
0
    1040
0.5
    1070
0
    1002
}
    1000
LeadOut
    1002
{
    1070
0
    1040
0
    1040
0
    1040
0
    1070
0
    1002
}
    1000
IsFill
    1070
0
    1000
PathStart
    1040
0
    1000
ToolCompensation
    1002
{
    1070
0
    1040
0
    1070
0
    1002
}
       0
CIRCLE
       5
2174
     100
AcDbEntity
       8
1
     100
AcDbCircle
      10
772.3658466994
      20
1098.3648366994
      30
0
      40
4.25
    1001
FS_CYPCUT
    1000
Channel
    1070
1
    1000
LeadIn
    1002
{
    1070
3
    1040
0
    1040
1.5707963267949
    1040
1
    1040
1
    1070
0
    1040
0.5
    1070
0
    1002
}
    1000
LeadOut
    1002
{
    1070
0
    1040
0
    1040
0
    1040
0
    1070
0
    1002
}
    1000
IsFill
    1070
0
    1000
PathStart
    1040
0
    1000
ToolCompensation
    1002
{
    1070
0
    1040
0
    1070
0
    1002
}
       0
LWPOLYLINE
       5
2175
     100
AcDbEntity
       8
1
     100
AcDbPolyline
      90
4
      70
1
      10
798.1885325933
      20
1083.861376813
      42
0
      10
781.1863897362
      20
1064.1909132124
      42
0
      10
779.4463102638
      20
1065.6949489266
      42
0
      10
796.448453121
      20
1085.3654125273
      42
0
    1001
FS_CYPCUT
    1000
Channel
    1070
1
    1000
LeadIn
    1002
{
    1070
3
    1040
0.5
    1040
1.5707963267949
    1040
1
    1040
1
    1070
0
    1040
0.5
    1070
0
    1002
}
    1000
LeadOut
    1002
{
    1070
0
    1040
0
    1040
0
    1040
0
    1070
0
    1002
}
    1000
IsFill
    1070
0
    1000
PathStart
    1040
0.5
    1000
ToolCompensation
    1002
{
    1070
0
    1040
0
    1070
0
    1002
}
       0
CIRCLE
       5
2176
     100
AcDbEntity
       8
1
     100
AcDbCircle
      10
784.033108589
      20
1032.3059735503
      30
0
      40
4.25
    1001
FS_CYPCUT
    1000
Channel
    1070
1
    1000
LeadIn
    1002
{
    1070
3
    1040
1.94289029309402E-16
    1040
1.5707963267949
    1040
1
    1040
1
    1070
0
    1040
0.5
    1070
0
    1002
}
    1000
LeadOut
    1002
{
    1070
0
    1040
0
    1040
0
    1040
0
    1070
0
    1002
}
    1000
IsFill
    1070
0
    1000
PathStart
    1040
1.94289029309402E-16
    1000
ToolCompensation
    1002
{
    1070
0
    1040
0
    1070
0
    1002
}
       0
LWPOLYLINE
       5
2177
     100
AcDbEntity
       8
1
     100
AcDbPolyline
      90
4
      70
1
      10
811.5001
      20
995.34909
      42
0
      10
811.5001
      20
989.34909
      42
-1
      10
800.5001
      20
989.34909
      42
0
      10
800.5001
      20
995.34909
      42
-1
    1001
FS_CYPCUT
    1000
Channel
    1070
1
    1000
LeadIn
    1002
{
    1070
3
    1040
1.5
    1040
1.5707963267949
    1040
1
    1040
1
    1070
0
    1040
0.5
    1070
0
    1002
}
    1000
LeadOut
    1002
{
    1070
0
    1040
0
    1040
0
    1040
0
    1070
0
    1002
}
    1000
IsFill
    1070
0
    1000
PathStart
    1040
1.5
    1000
ToolCompensation
    1002
{
    1070
0
    1040
0
    1070
0
    1002
}
       0
LWPOLYLINE
       5
2178
     100
AcDbEntity
       8
1
     100
AcDbPolyline
      90
4
      70
1
      10
860.311746879
      20
1155.7342245847
      42
0
      10
843.3096040219
      20
1136.063760984
      42
0
      10
841.5695245495
      20
1137.5677966983
      42
0
      10
858.5716674067
      20
1157.238260299
      42
0
    1001
FS_CYPCUT
    1000
Channel
    1070
1
    1000
LeadIn
    1002
{
    1070
3
    1040
0.5
    1040
1.5707963267949
    1040
1
    1040
1
    1070
0
    1040
0.5
    1070
0
    1002
}
    1000
LeadOut
    1002
{
    1070
0
    1040
0
    1040
0
    1040
0
    1070
0
    1002
}
    1000
IsFill
    1070
0
    1000
PathStart
    1040
0.5
    1000
ToolCompensation
    1002
{
    1070
0
    1040
0
    1070
0
    1002
}
       0
LWPOLYLINE
       5
2179
     100
AcDbEntity
       8
1
     100
AcDbPolyline
      90
4
      70
1
      10
620.4306754505
      20
1137.5677966983
      42
0
      10
618.6905959781
      20
1136.063760984
      42
0
      10
601.688453121
      20
1155.7342245847
      42
0
      10
603.4285325933
      20
1157.238260299
      42
0
    1001
FS_CYPCUT
    1000
Channel
    1070
1
    1000
LeadIn
    1002
{
    1070
3
    1040
3.5
    1040
1.5707963267949
    1040
1
    1040
1
    1070
0
    1040
0.5
    1070
0
    1002
}
    1000
LeadOut
    1002
{
    1070
0
    1040
0
    1040
0
    1040
0
    1070
0
    1002
}
    1000
IsFill
    1070
0
    1000
PathStart
    1040
3.5
    1000
ToolCompensation
    1002
{
    1070
0
    1040
0
    1070
0
    1002
}
       0
LWPOLYLINE
       5
217A
     100
AcDbEntity
       8
1
     100
AcDbPolyline
      90
4
      70
1
      10
598.1501
      20
1202.49909
      42
0
      10
598.1501
      20
1176.49909
      42
0
      10
595.8501
      20
1176.49909
      42
0
      10
595.8501
      20
1202.49909
      42
0
    1001
FS_CYPCUT
    1000
Channel
    1070
1
    1000
LeadIn
    1002
{
    1070
3
    1040
0.5
    1040
1.5707963267949
    1040
1
    1040
1
    1070
0
    1040
0.5
    1070
0
    1002
}
    1000
LeadOut
    1002
{
    1070
0
    1040
0
    1040
0
    1040
0
    1070
0
    1002
}
    1000
IsFill
    1070
0
    1000
PathStart
    1040
0.5
    1000
ToolCompensation
    1002
{
    1070
0
    1040
0
    1070
0
    1002
}
       0
LWPOLYLINE
       5
217B
     100
AcDbEntity
       8
1
     100
AcDbPolyline
      90
4
      70
1
      10
866.1501
      20
1202.49909
      42
0
      10
866.1501
      20
1176.49909
      42
0
      10
863.8501
      20
1176.49909
      42
0
      10
863.8501
      20
1202.49909
      42
0
    1001
FS_CYPCUT
    1000
Channel
    1070
1
    1000
LeadIn
    1002
{
    1070
3
    1040
2.5
    1040
1.5707963267949
    1040
1
    1040
1
    1070
0
    1040
0.5
    1070
0
    1002
}
    1000
LeadOut
    1002
{
    1070
0
    1040
0
    1040
0
    1040
0
    1070
0
    1002
}
    1000
IsFill
    1070
0
    1000
PathStart
    1040
2.5
    1000
ToolCompensation
    1002
{
    1070
0
    1040
0
    1070
0
    1002
}
       0
LWPOLYLINE
       5
217C
     100
AcDbEntity
       8
1
     100
AcDbPolyline
      90
4
      70
1
      10
866.1501
      20
1320.99909
      42
0
      10
866.1501
      20
1294.99909
      42
0
      10
863.8501
      20
1294.99909
      42
0
      10
863.8501
      20
1320.99909
      42
0
    1001
FS_CYPCUT
    1000
Channel
    1070
1
    1000
LeadIn
    1002
{
    1070
3
    1040
0.5
    1040
1.5707963267949
    1040
1
    1040
1
    1070
0
    1040
0.5
    1070
0
    1002
}
    1000
LeadOut
    1002
{
    1070
0
    1040
0
    1040
0
    1040
0
    1070
0
    1002
}
    1000
IsFill
    1070
0
    1000
PathStart
    1040
0.5
    1000
ToolCompensation
    1002
{
    1070
0
    1040
0
    1070
0
    1002
}
       0
LWPOLYLINE
       5
217D
     100
AcDbEntity
       8
1
     100
AcDbPolyline
      90
4
      70
1
      10
598.1501
      20
1320.99909
      42
0
      10
598.1501
      20
1294.99909
      42
0
      10
595.8501
      20
1294.99909
      42
0
      10
595.8501
      20
1320.99909
      42
0
    1001
FS_CYPCUT
    1000
Channel
    1070
1
    1000
LeadIn
    1002
{
    1070
3
    1040
0.5
    1040
1.5707963267949
    1040
1
    1040
1
    1070
0
    1040
0.5
    1070
0
    1002
}
    1000
LeadOut
    1002
{
    1070
0
    1040
0
    1040
0
    1040
0
    1070
0
    1002
}
    1000
IsFill
    1070
0
    1000
PathStart
    1040
0.5
    1000
ToolCompensation
    1002
{
    1070
0
    1040
0
    1070
0
    1002
}
       0
LWPOLYLINE
       5
217E
     100
AcDbEntity
       8
1
     100
AcDbPolyline
      90
22
      70
1
      10
586.0001
      20
1328.23659
      42
0
      10
586.000100000068
      20
1122.30949
      42
0.0652420117029705
      10
586.337750604
      20
1119.732900235
      42
0
      10
624.0205337348
      20
978.4224634944
      42
0.339788024013313
      10
633.6828831308
      20
970.99909
      42
0
      10
688.0001
      20
970.99909
      42
0.414213562373096
      10
691.0001
      20
973.99909
      42
0
      10
691.0001
      20
1007.99909
      42
-0.414213562373105
      10
694.0001
      20
1010.99909
      42
0
      10
768.0001
      20
1010.99909
      42
-0.414213562373096
      10
771.0001
      20
1007.99909
      42
0
      10
771.0001
      20
973.99909
      42
0.414213562373097
      10
774.0001
      20
970.99909
      42
0
      10
828.3173168692
      20
970.99909
      42
0.339788024013318
      10
837.9796662652
      20
978.4224634944
      42
0
      10
875.662449396016
      20
1119.7329002351
      42
0.0652429341302029
      10
876.000100000002
      20
1122.3095267407
      42
0
      10
876.0001
      20
1328.23659
      42
0
      10
866.0001
      20
1328.23659
      42
0
      10
866.0001
      20
1332.99909
      42
0
      10
596.0001
      20
1332.99909
      42
0
      10
596.0001
      20
1328.23659
      42
0
    1001
FS_CYPCUT
    1000
Channel
    1070
1
    1000
LeadIn
    1002
{
    1070
0
    1040
0
    1040
0
    1040
0
    1040
0
    1070
0
    1040
0
    1070
0
    1002
}
    1000
LeadOut
    1002
{
    1070
0
    1040
0
    1040
0
    1040
0
    1070
0
    1002
}
    1000
IsFill
    1070
1
    1000
PathStart
    1040
0
    1000
ToolCompensation
    1002
{
    1070
0
    1040
0
    1070
0
    1002
}
       0
ENDBLK
       5
217F
     330
2019
     100
AcDbEntity
       8
0
     100
AcDbBlockEnd
       0
BLOCK
       5
2180
     330
201A
     100
AcDbEntity
       8
0
     100
AcDbBlockBegin
       2
Part919846116
      70
0
      10
-145
      20
-181
      30
0
       3
Part919846116
       1

       4
CypCutBlock
       0
LWPOLYLINE
       5
2181
     100
AcDbEntity
       8
1
     100
AcDbPolyline
      90
4
      70
1
      10
-69.5
      20
-156.65
      42
0
      10
-69.5
      20
-162.65
      42
-1
      10
-80.5
      20
-162.65
      42
0
      10
-80.5
      20
-156.65
      42
-1
    1001
FS_CYPCUT
    1000
Channel
    1070
1
    1000
LeadIn
    1002
{
    1070
3
    1040
1.5
    1040
1.5707963267949
    1040
1
    1040
1
    1070
0
    1040
0.5
    1070
0
    1002
}
    1000
LeadOut
    1002
{
    1070
0
    1040
0
    1040
0
    1040
0
    1070
0
    1002
}
    1000
IsFill
    1070
0
    1000
PathStart
    1040
1.5
    1000
ToolCompensation
    1002
{
    1070
0
    1040
0
    1070
0
    1002
}
       0
LWPOLYLINE
       5
2182
     100
AcDbEntity
       8
1
     100
AcDbPolyline
      90
4
      70
1
      10
80.5
      20
-156.65
      42
1
      10
69.5
      20
-156.65
      42
0
      10
69.5
      20
-162.65
      42
1
      10
80.5
      20
-162.65
      42
0
    1001
FS_CYPCUT
    1000
Channel
    1070
1
    1000
LeadIn
    1002
{
    1070
3
    1040
0.5
    1040
1.5707963267949
    1040
1
    1040
1
    1070
0
    1040
0.5
    1070
0
    1002
}
    1000
LeadOut
    1002
{
    1070
0
    1040
0
    1040
0
    1040
0
    1070
0
    1002
}
    1000
IsFill
    1070
0
    1000
PathStart
    1040
0.5
    1000
ToolCompensation
    1002
{
    1070
0
    1040
0
    1070
0
    1002
}
       0
CIRCLE
       5
2183
     100
AcDbEntity
       8
1
     100
AcDbCircle
      10
104.872346254
      20
-103.8578280663
      30
0
      40
6.25000000000001
    1001
FS_CYPCUT
    1000
Channel
    1070
1
    1000
LeadIn
    1002
{
    1070
3
    1040
0
    1040
1.5707963267949
    1040
1
    1040
1
    1070
0
    1040
0.5
    1070
0
    1002
}
    1000
LeadOut
    1002
{
    1070
0
    1040
0
    1040
0
    1040
0
    1070
0
    1002
}
    1000
IsFill
    1070
0
    1000
PathStart
    1040
0
    1000
ToolCompensation
    1002
{
    1070
0
    1040
0
    1070
0
    1002
}
       0
CIRCLE
       5
2184
     100
AcDbEntity
       8
1
     100
AcDbCircle
      10
120.3321052876
      20
-45.8837316902
      30
0
      40
2.50000000000001
    1001
FS_CYPCUT
    1000
Channel
    1070
1
    1000
LeadIn
    1002
{
    1070
3
    1040
0
    1040
1.5707963267949
    1040
1
    1040
1
    1070
0
    1040
0.5
    1070
0
    1002
}
    1000
LeadOut
    1002
{
    1070
0
    1040
0
    1040
0
    1040
0
    1070
0
    1002
}
    1000
IsFill
    1070
0
    1000
PathStart
    1040
1
    1000
ToolCompensation
    1002
{
    1070
0
    1040
0
    1070
0
    1002
}
       0
LWPOLYLINE
       5
2185
     100
AcDbEntity
       8
1
     100
AcDbPolyline
      90
4
      70
1
      10
67.1884325933
      20
-68.137713187
      42
0
      10
65.448353121
      20
-66.6336774727
      42
0
      10
48.4462102638
      20
-86.3041410734
      42
0
      10
50.1862897362
      20
-87.8081767876
      42
0
    1001
FS_CYPCUT
    1000
Channel
    1070
1
    1000
LeadIn
    1002
{
    1070
3
    1040
1.5
    1040
1.5707963267949
    1040
1
    1040
1
    1070
0
    1040
0.5
    1070
0
    1002
}
    1000
LeadOut
    1002
{
    1070
0
    1040
0
    1040
0
    1040
0
    1070
0
    1002
}
    1000
IsFill
    1070
0
    1000
PathStart
    1040
1.5
    1000
ToolCompensation
    1002
{
    1070
0
    1040
0
    1070
0
    1002
}
       0
CIRCLE
       5
2186
     100
AcDbEntity
       8
1
     100
AcDbCircle
      10
41.3657466994
      20
-53.6342533006
      30
0
      40
4.24999999999999
    1001
FS_CYPCUT
    1000
Channel
    1070
1
    1000
LeadIn
    1002
{
    1070
3
    1040
0
    1040
1.5707963267949
    1040
1
    1040
1
    1070
0
    1040
0.5
    1070
0
    1002
}
    1000
LeadOut
    1002
{
    1070
0
    1040
0
    1040
0
    1040
0
    1070
0
    1002
}
    1000
IsFill
    1070
0
    1000
PathStart
    1040
0
    1000
ToolCompensation
    1002
{
    1070
0
    1040
0
    1070
0
    1002
}
       0
CIRCLE
       5
2187
     100
AcDbEntity
       8
1
     100
AcDbCircle
      10
50.6624861214
      20
-124.25
      30
0
      40
4.24999999999999
    1001
FS_CYPCUT
    1000
Channel
    1070
1
    1000
LeadIn
    1002
{
    1070
3
    1040
0
    1040
1.5707963267949
    1040
1
    1040
1
    1070
0
    1040
0.5
    1070
0
    1002
}
    1000
LeadOut
    1002
{
    1070
0
    1040
0
    1040
0
    1040
0
    1070
0
    1002
}
    1000
IsFill
    1070
0
    1000
PathStart
    1040
0
    1000
ToolCompensation
    1002
{
    1070
0
    1040
0
    1070
0
    1002
}
       0
CIRCLE
       5
2188
     100
AcDbEntity
       8
1
     100
AcDbCircle
      10
0
      20
-95
      30
0
      40
42.45
    1001
FS_CYPCUT
    1000
Channel
    1070
1
    1000
LeadIn
    1002
{
    1070
3
    1040
0
    1040
1.5707963267949
    1040
1
    1040
1
    1070
0
    1040
0.5
    1070
0
    1002
}
    1000
LeadOut
    1002
{
    1070
0
    1040
0
    1040
0
    1040
0
    1070
0
    1002
}
    1000
IsFill
    1070
0
    1000
PathStart
    1040
1
    1000
ToolCompensation
    1002
{
    1070
0
    1040
0
    1070
0
    1002
}
       0
CIRCLE
       5
2189
     100
AcDbEntity
       8
1
     100
AcDbCircle
      10
-41.3657466994
      20
-53.6342533006
      30
0
      40
4.24999999999999
    1001
FS_CYPCUT
    1000
Channel
    1070
1
    1000
LeadIn
    1002
{
    1070
3
    1040
0
    1040
1.5707963267949
    1040
1
    1040
1
    1070
0
    1040
0.5
    1070
0
    1002
}
    1000
LeadOut
    1002
{
    1070
0
    1040
0
    1040
0
    1040
0
    1070
0
    1002
}
    1000
IsFill
    1070
0
    1000
PathStart
    1040
0
    1000
ToolCompensation
    1002
{
    1070
0
    1040
0
    1070
0
    1002
}
       0
LWPOLYLINE
       5
218A
     100
AcDbEntity
       8
1
     100
AcDbPolyline
      90
4
      70
1
      10
-48.4462102638
      20
-86.3041410734
      42
0
      10
-65.448353121
      20
-66.6336774727
      42
0
      10
-67.1884325933
      20
-68.137713187
      42
0
      10
-50.1862897362
      20
-87.8081767876
      42
0
    1001
FS_CYPCUT
    1000
Channel
    1070
1
    1000
LeadIn
    1002
{
    1070
3
    1040
0.5
    1040
1.5707963267949
    1040
1
    1040
1
    1070
0
    1040
0.5
    1070
0
    1002
}
    1000
LeadOut
    1002
{
    1070
0
    1040
0
    1040
0
    1040
0
    1070
0
    1002
}
    1000
IsFill
    1070
0
    1000
PathStart
    1040
0.5
    1000
ToolCompensation
    1002
{
    1070
0
    1040
0
    1070
0
    1002
}
       0
CIRCLE
       5
218B
     100
AcDbEntity
       8
1
     100
AcDbCircle
      10
-50.6624861214
      20
-124.25
      30
0
      40
4.24999999999999
    1001
FS_CYPCUT
    1000
Channel
    1070
1
    1000
LeadIn
    1002
{
    1070
3
    1040
0
    1040
1.5707963267949
    1040
1
    1040
1
    1070
0
    1040
0.5
    1070
0
    1002
}
    1000
LeadOut
    1002
{
    1070
0
    1040
0
    1040
0
    1040
0
    1070
0
    1002
}
    1000
IsFill
    1070
0
    1000
PathStart
    1040
0
    1000
ToolCompensation
    1002
{
    1070
0
    1040
0
    1070
0
    1002
}
       0
CIRCLE
       5
218C
     100
AcDbEntity
       8
1
     100
AcDbCircle
      10
-104.872346254
      20
-103.8578280663
      30
0
      40
6.25
    1001
FS_CYPCUT
    1000
Channel
    1070
1
    1000
LeadIn
    1002
{
    1070
3
    1040
0
    1040
1.5707963267949
    1040
1
    1040
1
    1070
0
    1040
0.5
    1070
0
    1002
}
    1000
LeadOut
    1002
{
    1070
0
    1040
0
    1040
0
    1040
0
    1070
0
    1002
}
    1000
IsFill
    1070
0
    1000
PathStart
    1040
0
    1000
ToolCompensation
    1002
{
    1070
0
    1040
0
    1070
0
    1002
}
       0
CIRCLE
       5
218D
     100
AcDbEntity
       8
1
     100
AcDbCircle
      10
-120.3321052876
      20
-45.8837316902
      30
0
      40
2.50000000000001
    1001
FS_CYPCUT
    1000
Channel
    1070
1
    1000
LeadIn
    1002
{
    1070
3
    1040
0
    1040
1.5707963267949
    1040
1
    1040
1
    1070
0
    1040
0.5
    1070
0
    1002
}
    1000
LeadOut
    1002
{
    1070
0
    1040
0
    1040
0
    1040
0
    1070
0
    1002
}
    1000
IsFill
    1070
0
    1000
PathStart
    1040
1
    1000
ToolCompensation
    1002
{
    1070
0
    1040
0
    1070
0
    1002
}
       0
CIRCLE
       5
218E
     100
AcDbEntity
       8
1
     100
AcDbCircle
      10
-128.0619848044
      20
-16.8966835022
      30
0
      40
2.50000000000001
    1001
FS_CYPCUT
    1000
Channel
    1070
1
    1000
LeadIn
    1002
{
    1070
3
    1040
0
    1040
1.5707963267949
    1040
1
    1040
1
    1070
0
    1040
0.5
    1070
0
    1002
}
    1000
LeadOut
    1002
{
    1070
0
    1040
0
    1040
0
    1040
0
    1070
0
    1002
}
    1000
IsFill
    1070
0
    1000
PathStart
    1040
1
    1000
ToolCompensation
    1002
{
    1070
0
    1040
0
    1070
0
    1002
}
       0
LWPOLYLINE
       5
218F
     100
AcDbEntity
       8
1
     100
AcDbPolyline
      90
4
      70
1
      10
-110.5694245495
      20
-14.4312933017
      42
0
      10
-112.3095040219
      20
-15.935329016
      42
0
      10
-129.311646879
      20
3.7351345847
      42
0
      10
-127.5715674067
      20
5.239170299
      42
0
    1001
FS_CYPCUT
    1000
Channel
    1070
1
    1000
LeadIn
    1002
{
    1070
3
    1040
1.5
    1040
1.5707963267949
    1040
1
    1040
1
    1070
0
    1040
0.5
    1070
0
    1002
}
    1000
LeadOut
    1002
{
    1070
0
    1040
0
    1040
0
    1040
0
    1070
0
    1002
}
    1000
IsFill
    1070
0
    1000
PathStart
    1040
1.5
    1000
ToolCompensation
    1002
{
    1070
0
    1040
0
    1070
0
    1002
}
       0
LWPOLYLINE
       5
2190
     100
AcDbEntity
       8
1
     100
AcDbPolyline
      90
4
      70
1
      10
129.311646879
      20
3.7351345847
      42
0
      10
112.3095040219
      20
-15.935329016
      42
0
      10
110.5694245495
      20
-14.4312933017
      42
0
      10
127.5715674067
      20
5.239170299
      42
0
    1001
FS_CYPCUT
    1000
Channel
    1070
1
    1000
LeadIn
    1002
{
    1070
3
    1040
0.5
    1040
1.5707963267949
    1040
1
    1040
1
    1070
0
    1040
0.5
    1070
0
    1002
}
    1000
LeadOut
    1002
{
    1070
0
    1040
0
    1040
0
    1040
0
    1070
0
    1002
}
    1000
IsFill
    1070
0
    1000
PathStart
    1040
0.5
    1000
ToolCompensation
    1002
{
    1070
0
    1040
0
    1070
0
    1002
}
       0
CIRCLE
       5
2191
     100
AcDbEntity
       8
1
     100
AcDbCircle
      10
128.0619848044
      20
-16.8966835022
      30
0
      40
2.50000000000003
    1001
FS_CYPCUT
    1000
Channel
    1070
1
    1000
LeadIn
    1002
{
    1070
3
    1040
2.4980018054066E-16
    1040
1.5707963267949
    1040
1
    1040
1
    1070
0
    1040
0.5
    1070
0
    1002
}
    1000
LeadOut
    1002
{
    1070
0
    1040
0
    1040
0
    1040
0
    1070
0
    1002
}
    1000
IsFill
    1070
0
    1000
PathStart
    1040
2.4980018054066E-16
    1000
ToolCompensation
    1002
{
    1070
0
    1040
0
    1070
0
    1002
}
       0
LWPOLYLINE
       5
2192
     100
AcDbEntity
       8
1
     100
AcDbPolyline
      90
4
      70
1
      10
135.15
      20
50.5
      42
0
      10
132.85
      20
50.5
      42
0
      10
132.85
      20
24.5
      42
0
      10
135.15
      20
24.5
      42
0
    1001
FS_CYPCUT
    1000
Channel
    1070
1
    1000
LeadIn
    1002
{
    1070
3
    1040
1.5
    1040
1.5707963267949
    1040
1
    1040
1
    1070
0
    1040
0.5
    1070
0
    1002
}
    1000
LeadOut
    1002
{
    1070
0
    1040
0
    1040
0
    1040
0
    1070
0
    1002
}
    1000
IsFill
    1070
0
    1000
PathStart
    1040
1.5
    1000
ToolCompensation
    1002
{
    1070
0
    1040
0
    1070
0
    1002
}
       0
LWPOLYLINE
       5
2193
     100
AcDbEntity
       8
1
     100
AcDbPolyline
      90
4
      70
1
      10
-132.85
      20
50.5
      42
0
      10
-132.85
      20
24.5
      42
0
      10
-135.15
      20
24.5
      42
0
      10
-135.15
      20
50.5
      42
0
    1001
FS_CYPCUT
    1000
Channel
    1070
1
    1000
LeadIn
    1002
{
    1070
3
    1040
0.5
    1040
1.5707963267949
    1040
1
    1040
1
    1070
0
    1040
0.5
    1070
0
    1002
}
    1000
LeadOut
    1002
{
    1070
0
    1040
0
    1040
0
    1040
0
    1070
0
    1002
}
    1000
IsFill
    1070
0
    1000
PathStart
    1040
0.5
    1000
ToolCompensation
    1002
{
    1070
0
    1040
0
    1070
0
    1002
}
       0
LWPOLYLINE
       5
2194
     100
AcDbEntity
       8
1
     100
AcDbPolyline
      90
4
      70
1
      10
-132.85
      20
169
      42
0
      10
-132.85
      20
143
      42
0
      10
-135.15
      20
143
      42
0
      10
-135.15
      20
169
      42
0
    1001
FS_CYPCUT
    1000
Channel
    1070
1
    1000
LeadIn
    1002
{
    1070
3
    1040
0.5
    1040
1.5707963267949
    1040
1
    1040
1
    1070
0
    1040
0.5
    1070
0
    1002
}
    1000
LeadOut
    1002
{
    1070
0
    1040
0
    1040
0
    1040
0
    1070
0
    1002
}
    1000
IsFill
    1070
0
    1000
PathStart
    1040
0.5
    1000
ToolCompensation
    1002
{
    1070
0
    1040
0
    1070
0
    1002
}
       0
LWPOLYLINE
       5
2195
     100
AcDbEntity
       8
1
     100
AcDbPolyline
      90
4
      70
1
      10
135.15
      20
169
      42
0
      10
135.15
      20
143
      42
0
      10
132.85
      20
143
      42
0
      10
132.85
      20
169
      42
0
    1001
FS_CYPCUT
    1000
Channel
    1070
1
    1000
LeadIn
    1002
{
    1070
3
    1040
0.5
    1040
1.5707963267949
    1040
1
    1040
1
    1070
0
    1040
0.5
    1070
0
    1002
}
    1000
LeadOut
    1002
{
    1070
0
    1040
0
    1040
0
    1040
0
    1070
0
    1002
}
    1000
IsFill
    1070
0
    1000
PathStart
    1040
0.5
    1000
ToolCompensation
    1002
{
    1070
0
    1040
0
    1070
0
    1002
}
       0
LWPOLYLINE
       5
2196
     100
AcDbEntity
       8
1
     100
AcDbPolyline
      90
14
      70
1
      10
145
      20
176.2375
      42
0
      10
145
      20
-29.6895632593
      42
-0.0652429341302035
      10
144.662349396
      20
-32.266189765
      42
0
      10
106.979566265214
      20
-173.576626505597
      42
-0.339788024013317
      10
97.3172168692
      20
-181
      42
0
      10
-97.3172168692
      20
-181
      42
-0.339788024013315
      10
-106.979566265214
      20
-173.576626505597
      42
0
      10
-144.662349396014
      20
-32.266189764897
      42
-0.0652429341302111
      10
-145
      20
-29.6895632593
      42
0
      10
-145
      20
176.2375
      42
0
      10
-135
      20
176.2375
      42
0
      10
-135
      20
181
      42
0
      10
135
      20
181
      42
0
      10
135
      20
176.2375
      42
0
    1001
FS_CYPCUT
    1000
Channel
    1070
1
    1000
LeadIn
    1002
{
    1070
3
    1040
11.5
    1040
1.5707963267949
    1040
1
    1040
1
    1070
0
    1040
0.5
    1070
0
    1002
}
    1000
LeadOut
    1002
{
    1070
0
    1040
0
    1040
0
    1040
0
    1070
0
    1002
}
    1000
IsFill
    1070
1
    1000
PathStart
    1040
11.5
    1000
ToolCompensation
    1002
{
    1070
0
    1040
0
    1070
0
    1002
}
    1000
MicroConnect
    1002
{
    1070
2
    1040
2.08715731
    1041
0.8
    1042
0
    1040
11.2871336
    1041
0.8
    1042
0
    1002
}
       0
ENDBLK
       5
2197
     330
201A
     100
AcDbEntity
       8
0
     100
AcDbBlockEnd
       0
BLOCK
       5
2198
     330
201B
     100
AcDbEntity
       8
0
     100
AcDbBlockBegin
       2
Part1891687201
      70
0
      10
-59
      20
-71.4375
      30
0
       3
Part1891687201
       1

       4
CypCutBlock
       0
LWPOLYLINE
       5
2199
     100
AcDbEntity
       8
1
     100
AcDbPolyline
      90
6
      70
1
      10
31.4655896708222
      20
-21
      42
-0.577350269189626
      10
27.1354626519
      20
-28.5000000000001
      42
0
      10
-27.1354626519
      20
-28.5
      42
-0.577350269189626
      10
-31.4655896708221
      20
-21.0000000000001
      42
0
      10
-4.3301270189
      20
26
      42
-0.577350269189625
      10
4.3301270189
      20
26
      42
0
    1001
FS_CYPCUT
    1000
Channel
    1070
1
    1000
LeadIn
    1002
{
    1070
3
    1040
1.5
    1040
1.5707963267949
    1040
1
    1040
1
    1070
0
    1040
0.5
    1070
0
    1002
}
    1000
LeadOut
    1002
{
    1070
0
    1040
0
    1040
0
    1040
0
    1070
0
    1002
}
    1000
IsFill
    1070
0
    1000
PathStart
    1040
1.5
    1000
ToolCompensation
    1002
{
    1070
0
    1040
0
    1070
0
    1002
}
       0
LWPOLYLINE
       5
219A
     100
AcDbEntity
       8
1
     100
AcDbPolyline
      90
32
      70
1
      10
58.9999999999999
      20
62.5
      42
0.414213562373091
      10
58
      20
63.5
      42
0
      10
50
      20
63.5
      42
0
      10
50
      20
70.4375
      42
0.414213562373106
      10
49
      20
71.4375
      42
0
      10
31
      20
71.4375
      42
0.414213562373102
      10
30
      20
70.4375
      42
0
      10
30
      20
63.5
      42
0
      10
-30
      20
63.5
      42
0
      10
-30
      20
70.4375
      42
0.414213562373101
      10
-31
      20
71.4375000000001
      42
0
      10
-49
      20
71.4374999999999
      42
0.414213562373086
      10
-50
      20
70.4375
      42
0
      10
-50
      20
63.5
      42
0
      10
-58
      20
63.5
      42
0.414213562373103
      10
-59
      20
62.5
      42
0
      10
-59
      20
-62.5
      42
0.414213562373097
      10
-58
      20
-63.5
      42
0
      10
-50
      20
-63.5
      42
0
      10
-50
      20
-70.4375
      42
0.414213562373093
      10
-49
      20
-71.4375
      42
0
      10
-31
      20
-71.4375
      42
0.414213562373104
      10
-30
      20
-70.4375
      42
0
      10
-30
      20
-63.5
      42
0
      10
30
      20
-63.5
      42
0
      10
30
      20
-70.4375
      42
0.41421356237311
      10
31
      20
-71.4375
      42
0
      10
49
      20
-71.4375000000002
      42
0.414213562373099
      10
50
      20
-70.4375
      42
0
      10
50
      20
-63.5
      42
0
      10
58
      20
-63.5
      42
0.414213562373091
      10
59
      20
-62.5
      42
0
    1001
FS_CYPCUT
    1000
Channel
    1070
1
    1000
LeadIn
    1002
{
    1070
3
    1040
15.5
    1040
1.5707963267949
    1040
1
    1040
1
    1070
0
    1040
0.5
    1070
0
    1002
}
    1000
LeadOut
    1002
{
    1070
0
    1040
0
    1040
0
    1040
0
    1070
0
    1002
}
    1000
IsFill
    1070
1
    1000
PathStart
    1040
15.5
    1000
ToolCompensation
    1002
{
    1070
0
    1040
0
    1070
0
    1002
}
    1000
MicroConnect
    1002
{
    1070
2
    1040
15.4377038
    1041
0.8
    1042
0
    1040
31.4485379
    1041
0.8
    1042
0
    1002
}
       0
ENDBLK
       5
219B
     330
201B
     100
AcDbEntity
       8
0
     100
AcDbBlockEnd
       0
BLOCK
       5
219C
     330
201C
     100
AcDbEntity
       8
0
     100
AcDbBlockBegin
       2
Part1595143634
      70
0
      10
-80
      20
-80
      30
0
       3
Part1595143634
       1

       4
CypCutBlock
       0
LWPOLYLINE
       5
219D
     100
AcDbEntity
       8
1
     100
AcDbPolyline
      90
4
      70
1
      10
-66.1
      20
-39.5
      42
0
      10
-71.9
      20
-39.5
      42
0
      10
-71.9
      20
-60.5
      42
0
      10
-66.1
      20
-60.5
      42
0
    1001
FS_CYPCUT
    1000
Channel
    1070
1
    1000
LeadIn
    1002
{
    1070
3
    1040
1.5
    1040
1.5707963267949
    1040
1
    1040
1
    1070
0
    1040
0.5
    1070
0
    1002
}
    1000
LeadOut
    1002
{
    1070
0
    1040
0
    1040
0
    1040
0
    1070
0
    1002
}
    1000
IsFill
    1070
0
    1000
PathStart
    1040
1.5
    1000
ToolCompensation
    1002
{
    1070
0
    1040
0
    1070
0
    1002
}
       0
CIRCLE
       5
219E
     100
AcDbEntity
       8
1
     100
AcDbCircle
      10
-45
      20
-37
      30
0
      40
4.24999999999998
    1001
FS_CYPCUT
    1000
Channel
    1070
1
    1000
LeadIn
    1002
{
    1070
3
    1040
0
    1040
1.5707963267949
    1040
1
    1040
1
    1070
0
    1040
0.5
    1070
0
    1002
}
    1000
LeadOut
    1002
{
    1070
0
    1040
0
    1040
0
    1040
0
    1070
0
    1002
}
    1000
IsFill
    1070
0
    1000
PathStart
    1040
0
    1000
ToolCompensation
    1002
{
    1070
0
    1040
0
    1070
0
    1002
}
       0
CIRCLE
       5
219F
     100
AcDbEntity
       8
1
     100
AcDbCircle
      10
-45
      20
45
      30
0
      40
4.24999999999999
    1001
FS_CYPCUT
    1000
Channel
    1070
1
    1000
LeadIn
    1002
{
    1070
3
    1040
0
    1040
1.5707963267949
    1040
1
    1040
1
    1070
0
    1040
0.5
    1070
0
    1002
}
    1000
LeadOut
    1002
{
    1070
0
    1040
0
    1040
0
    1040
0
    1070
0
    1002
}
    1000
IsFill
    1070
0
    1000
PathStart
    1040
0
    1000
ToolCompensation
    1002
{
    1070
0
    1040
0
    1070
0
    1002
}
       0
CIRCLE
       5
21A0
     100
AcDbEntity
       8
1
     100
AcDbCircle
      10
45
      20
45
      30
0
      40
4.24999999999999
    1001
FS_CYPCUT
    1000
Channel
    1070
1
    1000
LeadIn
    1002
{
    1070
3
    1040
0
    1040
1.5707963267949
    1040
1
    1040
1
    1070
0
    1040
0.5
    1070
0
    1002
}
    1000
LeadOut
    1002
{
    1070
0
    1040
0
    1040
0
    1040
0
    1070
0
    1002
}
    1000
IsFill
    1070
0
    1000
PathStart
    1040
0
    1000
ToolCompensation
    1002
{
    1070
0
    1040
0
    1070
0
    1002
}
       0
CIRCLE
       5
21A1
     100
AcDbEntity
       8
1
     100
AcDbCircle
      10
45
      20
-37
      30
0
      40
4.25
    1001
FS_CYPCUT
    1000
Channel
    1070
1
    1000
LeadIn
    1002
{
    1070
3
    1040
0
    1040
1.5707963267949
    1040
1
    1040
1
    1070
0
    1040
0.5
    1070
0
    1002
}
    1000
LeadOut
    1002
{
    1070
0
    1040
0
    1040
0
    1040
0
    1070
0
    1002
}
    1000
IsFill
    1070
0
    1000
PathStart
    1040
0
    1000
ToolCompensation
    1002
{
    1070
0
    1040
0
    1070
0
    1002
}
       0
LWPOLYLINE
       5
21A2
     100
AcDbEntity
       8
1
     100
AcDbPolyline
      90
4
      70
1
      10
71.9
      20
-39.5
      42
0
      10
71.9
      20
-60.5
      42
0
      10
66.1
      20
-60.5
      42
0
      10
66.1
      20
-39.5
      42
0
    1001
FS_CYPCUT
    1000
Channel
    1070
1
    1000
LeadIn
    1002
{
    1070
3
    1040
0.5
    1040
1.5707963267949
    1040
1
    1040
1
    1070
0
    1040
0.5
    1070
0
    1002
}
    1000
LeadOut
    1002
{
    1070
0
    1040
0
    1040
0
    1040
0
    1070
0
    1002
}
    1000
IsFill
    1070
0
    1000
PathStart
    1040
0.5
    1000
ToolCompensation
    1002
{
    1070
0
    1040
0
    1070
0
    1002
}
       0
LWPOLYLINE
       5
21A3
     100
AcDbEntity
       8
1
     100
AcDbPolyline
      90
8
      70
1
      10
80
      20
50
      42
0
      10
80
      20
-70
      42
-0.414213562373095
      10
70
      20
-80
      42
0
      10
-70
      20
-80
      42
-0.414213562373094
      10
-79.9999999999999
      20
-70
      42
0
      10
-80
      20
50
      42
-0.414213562373095
      10
-70
      20
60
      42
0
      10
70
      20
60
      42
-0.414213562373094
    1001
FS_CYPCUT
    1000
Channel
    1070
1
    1000
LeadIn
    1002
{
    1070
3
    1040
2.5
    1040
1.5707963267949
    1040
1
    1040
1
    1070
0
    1040
0.5
    1070
0
    1002
}
    1000
LeadOut
    1002
{
    1070
0
    1040
0
    1040
0
    1040
0
    1070
0
    1002
}
    1000
IsFill
    1070
1
    1000
PathStart
    1040
2.5
    1000
ToolCompensation
    1002
{
    1070
0
    1040
0
    1070
0
    1002
}
    1000
MicroConnect
    1002
{
    1070
2
    1040
0.458530806
    1041
0.8
    1042
0
    1040
4.41666667
    1041
0.8
    1042
0
    1002
}
       0
ENDBLK
       5
21A4
     330
201C
     100
AcDbEntity
       8
0
     100
AcDbBlockEnd
       0
BLOCK
       5
21A5
     330
201D
     100
AcDbEntity
       8
0
     100
AcDbBlockBegin
       2
Part205020426
      70
0
      10
-100
      20
-35
      30
0
       3
Part205020426
       1

       4
CypCutBlock
       0
CIRCLE
       5
21A6
     100
AcDbEntity
       8
1
     100
AcDbCircle
      10
-75
      20
13
      30
0
      40
4.25
    1001
FS_CYPCUT
    1000
Channel
    1070
1
    1000
LeadIn
    1002
{
    1070
3
    1040
1.11022302462516E-16
    1040
1.5707963267949
    1040
1
    1040
1
    1070
0
    1040
0.5
    1070
0
    1002
}
    1000
LeadOut
    1002
{
    1070
0
    1040
0
    1040
0
    1040
0
    1070
0
    1002
}
    1000
IsFill
    1070
0
    1000
PathStart
    1040
1.11022302462516E-16
    1000
ToolCompensation
    1002
{
    1070
0
    1040
0
    1070
0
    1002
}
       0
CIRCLE
       5
21A7
     100
AcDbEntity
       8
1
     100
AcDbCircle
      10
75
      20
13
      30
0
      40
4.25
    1001
FS_CYPCUT
    1000
Channel
    1070
1
    1000
LeadIn
    1002
{
    1070
3
    1040
1.11022302462516E-16
    1040
1.5707963267949
    1040
1
    1040
1
    1070
0
    1040
0.5
    1070
0
    1002
}
    1000
LeadOut
    1002
{
    1070
0
    1040
0
    1040
0
    1040
0
    1070
0
    1002
}
    1000
IsFill
    1070
0
    1000
PathStart
    1040
1.11022302462516E-16
    1000
ToolCompensation
    1002
{
    1070
0
    1040
0
    1070
0
    1002
}
       0
LWPOLYLINE
       5
21A8
     100
AcDbEntity
       8
1
     100
AcDbPolyline
      90
24
      70
1
      10
100
      20
25
      42
0.414213562373095
      10
90
      20
35
      42
0
      10
67
      20
35
      42
0.414213562373093
      10
65
      20
33
      42
0
      10
65
      20
30.65
      42
-0.414213562373091
      10
63
      20
28.65
      42
0
      10
43
      20
28.65
      42
0.414213562373098
      10
41
      20
26.65
      42
0
      10
41
      20
-9.35
      42
-0.414213562373095
      10
39
      20
-11.35
      42
0
      10
-39
      20
-11.35
      42
-0.414213562373091
      10
-41
      20
-9.35
      42
0
      10
-41
      20
26.65
      42
0.414213562373097
      10
-43
      20
28.65
      42
0
      10
-63
      20
28.65
      42
-0.414213562373092
      10
-65
      20
30.65
      42
0
      10
-65
      20
33
      42
0.414213562373095
      10
-67
      20
35
      42
0
      10
-90
      20
35
      42
0.414213562373095
      10
-100
      20
25
      42
0
      10
-100
      20
-25
      42
0.414213562373095
      10
-90
      20
-35
      42
0
      10
90
      20
-35
      42
0.414213562373095
      10
100
      20
-25
      42
0
    1001
FS_CYPCUT
    1000
Channel
    1070
1
    1000
LeadIn
    1002
{
    1070
3
    1040
21.5
    1040
1.5707963267949
    1040
1
    1040
1
    1070
0
    1040
0.5
    1070
0
    1002
}
    1000
LeadOut
    1002
{
    1070
0
    1040
0
    1040
0
    1040
0
    1070
0
    1002
}
    1000
IsFill
    1070
1
    1000
PathStart
    1040
21.5
    1000
ToolCompensation
    1002
{
    1070
0
    1040
0
    1070
0
    1002
}
    1000
MicroConnect
    1002
{
    1070
1
    1040
21.3246097
    1041
0.8
    1042
0
    1002
}
       0
ENDBLK
       5
21A9
     330
201D
     100
AcDbEntity
       8
0
     100
AcDbBlockEnd
       0
BLOCK
       5
21AA
     330
201E
     100
AcDbEntity
       8
0
     100
AcDbBlockBegin
       2
CommonPart1878156045
      70
0
      10
296
      20
1335.99909
      30
0
       3
CommonPart1878156045
       1

       4
CypCutBlock
       0
LWPOLYLINE
       5
21AB
     100
AcDbEntity
       8
1
     100
AcDbPolyline
      90
4
      70
1
      10
510.5
      20
1673.64909
      42
0
      10
510.5
      20
1679.64909
      42
-1
      10
521.5
      20
1679.64909
      42
0
      10
521.5
      20
1673.64909
      42
-1
    1001
FS_CYPCUT
    1000
Channel
    1070
1
    1000
LeadIn
    1002
{
    1070
3
    1040
1.5
    1040
1.5707963267949
    1040
1
    1040
1
    1070
0
    1040
0.5
    1070
0
    1002
}
    1000
LeadOut
    1002
{
    1070
0
    1040
0
    1040
0
    1040
0
    1070
0
    1002
}
    1000
IsFill
    1070
0
    1000
PathStart
    1040
1.5
    1000
ToolCompensation
    1002
{
    1070
0
    1040
0
    1070
0
    1002
}
       0
CIRCLE
       5
21AC
     100
AcDbEntity
       8
1
     100
AcDbCircle
      10
494.033008589
      20
1636.6922064497
      30
0
      40
4.25
    1001
FS_CYPCUT
    1000
Channel
    1070
1
    1000
LeadIn
    1002
{
    1070
3
    1040
0
    1040
1.5707963267949
    1040
1
    1040
1
    1070
0
    1040
0.5
    1070
0
    1002
}
    1000
LeadOut
    1002
{
    1070
0
    1040
0
    1040
0
    1040
0
    1070
0
    1002
}
    1000
IsFill
    1070
0
    1000
PathStart
    1040
0
    1000
ToolCompensation
    1002
{
    1070
0
    1040
0
    1070
0
    1002
}
       0
LWPOLYLINE
       5
21AD
     100
AcDbEntity
       8
1
     100
AcDbPolyline
      90
4
      70
1
      10
489.4462102638
      20
1603.3032310734
      42
0
      10
491.1862897362
      20
1604.8072667876
      42
0
      10
508.1884325933
      20
1585.136803187
      42
0
      10
506.448353121
      20
1583.6327674727
      42
0
    1001
FS_CYPCUT
    1000
Channel
    1070
1
    1000
LeadIn
    1002
{
    1070
3
    1040
3.5
    1040
1.5707963267949
    1040
1
    1040
1
    1070
0
    1040
0.5
    1070
0
    1002
}
    1000
LeadOut
    1002
{
    1070
0
    1040
0
    1040
0
    1040
0
    1070
0
    1002
}
    1000
IsFill
    1070
0
    1000
PathStart
    1040
3.5
    1000
ToolCompensation
    1002
{
    1070
0
    1040
0
    1070
0
    1002
}
       0
CIRCLE
       5
21AE
     100
AcDbEntity
       8
1
     100
AcDbCircle
      10
482.3657466994
      20
1570.6333433006
      30
0
      40
4.25
    1001
FS_CYPCUT
    1000
Channel
    1070
1
    1000
LeadIn
    1002
{
    1070
3
    1040
0
    1040
1.5707963267949
    1040
1
    1040
1
    1070
0
    1040
0.5
    1070
0
    1002
}
    1000
LeadOut
    1002
{
    1070
0
    1040
0
    1040
0
    1040
0
    1070
0
    1002
}
    1000
IsFill
    1070
0
    1000
PathStart
    1040
0
    1000
ToolCompensation
    1002
{
    1070
0
    1040
0
    1070
0
    1002
}
       0
CIRCLE
       5
21AF
     100
AcDbEntity
       8
1
     100
AcDbCircle
      10
441
      20
1611.99909
      30
0
      40
42.45
    1001
FS_CYPCUT
    1000
Channel
    1070
1
    1000
LeadIn
    1002
{
    1070
3
    1040
0
    1040
1.5707963267949
    1040
1
    1040
1
    1070
0
    1040
0.5
    1070
0
    1002
}
    1000
LeadOut
    1002
{
    1070
0
    1040
0
    1040
0
    1040
0
    1070
0
    1002
}
    1000
IsFill
    1070
0
    1000
PathStart
    1040
0
    1000
ToolCompensation
    1002
{
    1070
0
    1040
0
    1070
0
    1002
}
       0
CIRCLE
       5
21B0
     100
AcDbEntity
       8
1
     100
AcDbCircle
      10
399.6342533006
      20
1570.6333433006
      30
0
      40
4.25
    1001
FS_CYPCUT
    1000
Channel
    1070
1
    1000
LeadIn
    1002
{
    1070
3
    1040
0
    1040
1.5707963267949
    1040
1
    1040
1
    1070
0
    1040
0.5
    1070
0
    1002
}
    1000
LeadOut
    1002
{
    1070
0
    1040
0
    1040
0
    1040
0
    1070
0
    1002
}
    1000
IsFill
    1070
0
    1000
PathStart
    1040
0
    1000
ToolCompensation
    1002
{
    1070
0
    1040
0
    1070
0
    1002
}
       0
LWPOLYLINE
       5
21B1
     100
AcDbEntity
       8
1
     100
AcDbPolyline
      90
4
      70
1
      10
373.8115674067
      20
1585.136803187
      42
0
      10
390.8137102638
      20
1604.8072667876
      42
0
      10
392.5537897362
      20
1603.3032310734
      42
0
      10
375.551646879
      20
1583.6327674727
      42
0
    1001
FS_CYPCUT
    1000
Channel
    1070
1
    1000
LeadIn
    1002
{
    1070
3
    1040
0.5
    1040
1.5707963267949
    1040
1
    1040
1
    1070
0
    1040
0.5
    1070
0
    1002
}
    1000
LeadOut
    1002
{
    1070
0
    1040
0
    1040
0
    1040
0
    1070
0
    1002
}
    1000
IsFill
    1070
0
    1000
PathStart
    1040
0.5
    1000
ToolCompensation
    1002
{
    1070
0
    1040
0
    1070
0
    1002
}
       0
CIRCLE
       5
21B2
     100
AcDbEntity
       8
1
     100
AcDbCircle
      10
387.966991411
      20
1636.6922064497
      30
0
      40
4.25
    1001
FS_CYPCUT
    1000
Channel
    1070
1
    1000
LeadIn
    1002
{
    1070
3
    1040
1.94289029309402E-16
    1040
1.5707963267949
    1040
1
    1040
1
    1070
0
    1040
0.5
    1070
0
    1002
}
    1000
LeadOut
    1002
{
    1070
0
    1040
0
    1040
0
    1040
0
    1070
0
    1002
}
    1000
IsFill
    1070
0
    1000
PathStart
    1040
1.94289029309402E-16
    1000
ToolCompensation
    1002
{
    1070
0
    1040
0
    1070
0
    1002
}
       0
LWPOLYLINE
       5
21B3
     100
AcDbEntity
       8
1
     100
AcDbPolyline
      90
4
      70
1
      10
360.5
      20
1673.64909
      42
0
      10
360.5
      20
1679.64909
      42
-1
      10
371.5
      20
1679.64909
      42
0
      10
371.5
      20
1673.64909
      42
-1
    1001
FS_CYPCUT
    1000
Channel
    1070
1
    1000
LeadIn
    1002
{
    1070
3
    1040
1.5
    1040
1.5707963267949
    1040
1
    1040
1
    1070
0
    1040
0.5
    1070
0
    1002
}
    1000
LeadOut
    1002
{
    1070
0
    1040
0
    1040
0
    1040
0
    1070
0
    1002
}
    1000
IsFill
    1070
0
    1000
PathStart
    1040
1.5
    1000
ToolCompensation
    1002
{
    1070
0
    1040
0
    1070
0
    1002
}
       0
LWPOLYLINE
       5
21B4
     100
AcDbEntity
       8
1
     100
AcDbPolyline
      90
4
      70
1
      10
311.688353121
      20
1513.2639554153
      42
0
      10
328.6904959781
      20
1532.934419016
      42
0
      10
330.4305754505
      20
1531.4303833017
      42
0
      10
313.4284325933
      20
1511.759919701
      42
0
    1001
FS_CYPCUT
    1000
Channel
    1070
1
    1000
LeadIn
    1002
{
    1070
3
    1040
0.5
    1040
1.5707963267949
    1040
1
    1040
1
    1070
0
    1040
0.5
    1070
0
    1002
}
    1000
LeadOut
    1002
{
    1070
0
    1040
0
    1040
0
    1040
0
    1070
0
    1002
}
    1000
IsFill
    1070
0
    1000
PathStart
    1040
0.5
    1000
ToolCompensation
    1002
{
    1070
0
    1040
0
    1070
0
    1002
}
       0
LWPOLYLINE
       5
21B5
     100
AcDbEntity
       8
1
     100
AcDbPolyline
      90
4
      70
1
      10
551.5694245495
      20
1531.4303833017
      42
0
      10
553.3095040219
      20
1532.934419016
      42
0
      10
570.311646879
      20
1513.2639554153
      42
0
      10
568.5715674067
      20
1511.759919701
      42
0
    1001
FS_CYPCUT
    1000
Channel
    1070
1
    1000
LeadIn
    1002
{
    1070
3
    1040
3.5
    1040
1.5707963267949
    1040
1
    1040
1
    1070
0
    1040
0.5
    1070
0
    1002
}
    1000
LeadOut
    1002
{
    1070
0
    1040
0
    1040
0
    1040
0
    1070
0
    1002
}
    1000
IsFill
    1070
0
    1000
PathStart
    1040
3.5
    1000
ToolCompensation
    1002
{
    1070
0
    1040
0
    1070
0
    1002
}
       0
LWPOLYLINE
       5
21B6
     100
AcDbEntity
       8
1
     100
AcDbPolyline
      90
4
      70
1
      10
573.85
      20
1466.49909
      42
0
      10
573.85
      20
1492.49909
      42
0
      10
576.15
      20
1492.49909
      42
0
      10
576.15
      20
1466.49909
      42
0
    1001
FS_CYPCUT
    1000
Channel
    1070
1
    1000
LeadIn
    1002
{
    1070
3
    1040
0.5
    1040
1.5707963267949
    1040
1
    1040
1
    1070
0
    1040
0.5
    1070
0
    1002
}
    1000
LeadOut
    1002
{
    1070
0
    1040
0
    1040
0
    1040
0
    1070
0
    1002
}
    1000
IsFill
    1070
0
    1000
PathStart
    1040
0.5
    1000
ToolCompensation
    1002
{
    1070
0
    1040
0
    1070
0
    1002
}
       0
LWPOLYLINE
       5
21B7
     100
AcDbEntity
       8
1
     100
AcDbPolyline
      90
4
      70
1
      10
305.85
      20
1466.49909
      42
0
      10
305.85
      20
1492.49909
      42
0
      10
308.15
      20
1492.49909
      42
0
      10
308.15
      20
1466.49909
      42
0
    1001
FS_CYPCUT
    1000
Channel
    1070
1
    1000
LeadIn
    1002
{
    1070
3
    1040
2.5
    1040
1.5707963267949
    1040
1
    1040
1
    1070
0
    1040
0.5
    1070
0
    1002
}
    1000
LeadOut
    1002
{
    1070
0
    1040
0
    1040
0
    1040
0
    1070
0
    1002
}
    1000
IsFill
    1070
0
    1000
PathStart
    1040
2.5
    1000
ToolCompensation
    1002
{
    1070
0
    1040
0
    1070
0
    1002
}
       0
LWPOLYLINE
       5
21B8
     100
AcDbEntity
       8
1
     100
AcDbPolyline
      90
4
      70
1
      10
305.85
      20
1347.99909
      42
0
      10
305.85
      20
1373.99909
      42
0
      10
308.15
      20
1373.99909
      42
0
      10
308.15
      20
1347.99909
      42
0
    1001
FS_CYPCUT
    1000
Channel
    1070
1
    1000
LeadIn
    1002
{
    1070
3
    1040
0.5
    1040
1.5707963267949
    1040
1
    1040
1
    1070
0
    1040
0.5
    1070
0
    1002
}
    1000
LeadOut
    1002
{
    1070
0
    1040
0
    1040
0
    1040
0
    1070
0
    1002
}
    1000
IsFill
    1070
0
    1000
PathStart
    1040
0.5
    1000
ToolCompensation
    1002
{
    1070
0
    1040
0
    1070
0
    1002
}
       0
LWPOLYLINE
       5
21B9
     100
AcDbEntity
       8
1
     100
AcDbPolyline
      90
4
      70
1
      10
573.85
      20
1347.99909
      42
0
      10
573.85
      20
1373.99909
      42
0
      10
576.15
      20
1373.99909
      42
0
      10
576.15
      20
1347.99909
      42
0
    1001
FS_CYPCUT
    1000
Channel
    1070
1
    1000
LeadIn
    1002
{
    1070
3
    1040
0.5
    1040
1.5707963267949
    1040
1
    1040
1
    1070
0
    1040
0.5
    1070
0
    1002
}
    1000
LeadOut
    1002
{
    1070
0
    1040
0
    1040
0
    1040
0
    1070
0
    1002
}
    1000
IsFill
    1070
0
    1000
PathStart
    1040
0.5
    1000
ToolCompensation
    1002
{
    1070
0
    1040
0
    1070
0
    1002
}
       0
LWPOLYLINE
       5
21BA
     100
AcDbEntity
       8
1
     100
AcDbPolyline
      90
22
      70
0
      10
586
      20
1340.76159
      42
0
      10
576
      20
1340.76159
      42
0
      10
576
      20
1335.99909
      42
0
      10
306
      20
1335.99909
      42
0
      10
306
      20
1340.76159
      42
0
      10
296
      20
1340.76159
      42
0
      10
295.999999999998
      20
1546.6886532593
      42
-0.0652429341302029
      10
296.337650603984
      20
1549.2652797649
      42
0
      10
334.0204337348
      20
1690.5757165056
      42
-0.339788024013318
      10
343.6827831308
      20
1697.99909
      42
0
      10
398
      20
1697.99909
      42
-0.414213562373097
      10
401
      20
1694.99909
      42
0
      10
401
      20
1660.99909
      42
0.414213562373096
      10
404
      20
1657.99909
      42
0
      10
478
      20
1657.99909
      42
0.414213562373105
      10
481
      20
1660.99909
      42
0
      10
481
      20
1694.99909
      42
-0.414213562373096
      10
484
      20
1697.99909
      42
0
      10
538.3172168692
      20
1697.99909
      42
-0.339788024013313
      10
547.9795662652
      20
1690.5757165056
      42
0
      10
585.662349396
      20
1549.265279765
      42
-0.0652420117029705
      10
585.999999999933
      20
1546.68869
      42
0
    1001
FS_CYPCUT
    1000
Channel
    1070
1
    1000
LeadIn
    1002
{
    1070
0
    1040
0.01
    1040
1.5707963267949
    1040
1
    1040
1
    1070
0
    1040
0.5
    1070
0
    1002
}
    1000
LeadOut
    1002
{
    1070
0
    1040
0
    1040
0
    1040
0
    1070
0
    1002
}
    1000
IsFill
    1070
1
    1000
PathStart
    1040
0
    1000
ToolCompensation
    1002
{
    1070
0
    1040
0
    1070
0
    1002
}
    1000
MicroConnect
    1002
{
    1070
1
    1040
0
    1041
0.1
    1042
0
    1002
}
       0
LWPOLYLINE
       5
21BB
     100
AcDbEntity
       8
1
     100
AcDbPolyline
      90
4
      70
1
      10
800.5001
      20
1673.64909
      42
0
      10
800.5001
      20
1679.64909
      42
-1
      10
811.5001
      20
1679.64909
      42
0
      10
811.5001
      20
1673.64909
      42
-1
    1001
FS_CYPCUT
    1000
Channel
    1070
1
    1000
LeadIn
    1002
{
    1070
3
    1040
1.5
    1040
1.5707963267949
    1040
1
    1040
1
    1070
0
    1040
0.5
    1070
0
    1002
}
    1000
LeadOut
    1002
{
    1070
0
    1040
0
    1040
0
    1040
0
    1070
0
    1002
}
    1000
IsFill
    1070
0
    1000
PathStart
    1040
1.5
    1000
ToolCompensation
    1002
{
    1070
0
    1040
0
    1070
0
    1002
}
       0
CIRCLE
       5
21BC
     100
AcDbEntity
       8
1
     100
AcDbCircle
      10
784.033108589
      20
1636.6922064497
      30
0
      40
4.25
    1001
FS_CYPCUT
    1000
Channel
    1070
1
    1000
LeadIn
    1002
{
    1070
3
    1040
0
    1040
1.5707963267949
    1040
1
    1040
1
    1070
0
    1040
0.5
    1070
0
    1002
}
    1000
LeadOut
    1002
{
    1070
0
    1040
0
    1040
0
    1040
0
    1070
0
    1002
}
    1000
IsFill
    1070
0
    1000
PathStart
    1040
0
    1000
ToolCompensation
    1002
{
    1070
0
    1040
0
    1070
0
    1002
}
       0
LWPOLYLINE
       5
21BD
     100
AcDbEntity
       8
1
     100
AcDbPolyline
      90
4
      70
1
      10
779.4463102638
      20
1603.3032310734
      42
0
      10
781.1863897362
      20
1604.8072667876
      42
0
      10
798.1885325933
      20
1585.136803187
      42
0
      10
796.448453121
      20
1583.6327674727
      42
0
    1001
FS_CYPCUT
    1000
Channel
    1070
1
    1000
LeadIn
    1002
{
    1070
3
    1040
3.5
    1040
1.5707963267949
    1040
1
    1040
1
    1070
0
    1040
0.5
    1070
0
    1002
}
    1000
LeadOut
    1002
{
    1070
0
    1040
0
    1040
0
    1040
0
    1070
0
    1002
}
    1000
IsFill
    1070
0
    1000
PathStart
    1040
3.5
    1000
ToolCompensation
    1002
{
    1070
0
    1040
0
    1070
0
    1002
}
       0
CIRCLE
       5
21BE
     100
AcDbEntity
       8
1
     100
AcDbCircle
      10
772.3658466994
      20
1570.6333433006
      30
0
      40
4.25
    1001
FS_CYPCUT
    1000
Channel
    1070
1
    1000
LeadIn
    1002
{
    1070
3
    1040
0
    1040
1.5707963267949
    1040
1
    1040
1
    1070
0
    1040
0.5
    1070
0
    1002
}
    1000
LeadOut
    1002
{
    1070
0
    1040
0
    1040
0
    1040
0
    1070
0
    1002
}
    1000
IsFill
    1070
0
    1000
PathStart
    1040
0
    1000
ToolCompensation
    1002
{
    1070
0
    1040
0
    1070
0
    1002
}
       0
CIRCLE
       5
21BF
     100
AcDbEntity
       8
1
     100
AcDbCircle
      10
731.0001
      20
1611.99909
      30
0
      40
42.45
    1001
FS_CYPCUT
    1000
Channel
    1070
1
    1000
LeadIn
    1002
{
    1070
3
    1040
0
    1040
1.5707963267949
    1040
1
    1040
1
    1070
0
    1040
0.5
    1070
0
    1002
}
    1000
LeadOut
    1002
{
    1070
0
    1040
0
    1040
0
    1040
0
    1070
0
    1002
}
    1000
IsFill
    1070
0
    1000
PathStart
    1040
0
    1000
ToolCompensation
    1002
{
    1070
0
    1040
0
    1070
0
    1002
}
       0
CIRCLE
       5
21C0
     100
AcDbEntity
       8
1
     100
AcDbCircle
      10
689.6343533006
      20
1570.6333433006
      30
0
      40
4.25
    1001
FS_CYPCUT
    1000
Channel
    1070
1
    1000
LeadIn
    1002
{
    1070
3
    1040
0
    1040
1.5707963267949
    1040
1
    1040
1
    1070
0
    1040
0.5
    1070
0
    1002
}
    1000
LeadOut
    1002
{
    1070
0
    1040
0
    1040
0
    1040
0
    1070
0
    1002
}
    1000
IsFill
    1070
0
    1000
PathStart
    1040
0
    1000
ToolCompensation
    1002
{
    1070
0
    1040
0
    1070
0
    1002
}
       0
LWPOLYLINE
       5
21C1
     100
AcDbEntity
       8
1
     100
AcDbPolyline
      90
4
      70
1
      10
663.8116674067
      20
1585.136803187
      42
0
      10
680.8138102638
      20
1604.8072667876
      42
0
      10
682.5538897362
      20
1603.3032310734
      42
0
      10
665.551746879
      20
1583.6327674727
      42
0
    1001
FS_CYPCUT
    1000
Channel
    1070
1
    1000
LeadIn
    1002
{
    1070
3
    1040
0.5
    1040
1.5707963267949
    1040
1
    1040
1
    1070
0
    1040
0.5
    1070
0
    1002
}
    1000
LeadOut
    1002
{
    1070
0
    1040
0
    1040
0
    1040
0
    1070
0
    1002
}
    1000
IsFill
    1070
0
    1000
PathStart
    1040
0.5
    1000
ToolCompensation
    1002
{
    1070
0
    1040
0
    1070
0
    1002
}
       0
CIRCLE
       5
21C2
     100
AcDbEntity
       8
1
     100
AcDbCircle
      10
677.967091411
      20
1636.6922064497
      30
0
      40
4.25
    1001
FS_CYPCUT
    1000
Channel
    1070
1
    1000
LeadIn
    1002
{
    1070
3
    1040
1.94289029309402E-16
    1040
1.5707963267949
    1040
1
    1040
1
    1070
0
    1040
0.5
    1070
0
    1002
}
    1000
LeadOut
    1002
{
    1070
0
    1040
0
    1040
0
    1040
0
    1070
0
    1002
}
    1000
IsFill
    1070
0
    1000
PathStart
    1040
1.94289029309402E-16
    1000
ToolCompensation
    1002
{
    1070
0
    1040
0
    1070
0
    1002
}
       0
LWPOLYLINE
       5
21C3
     100
AcDbEntity
       8
1
     100
AcDbPolyline
      90
4
      70
1
      10
650.5001
      20
1673.64909
      42
0
      10
650.5001
      20
1679.64909
      42
-1
      10
661.5001
      20
1679.64909
      42
0
      10
661.5001
      20
1673.64909
      42
-1
    1001
FS_CYPCUT
    1000
Channel
    1070
1
    1000
LeadIn
    1002
{
    1070
3
    1040
1.5
    1040
1.5707963267949
    1040
1
    1040
1
    1070
0
    1040
0.5
    1070
0
    1002
}
    1000
LeadOut
    1002
{
    1070
0
    1040
0
    1040
0
    1040
0
    1070
0
    1002
}
    1000
IsFill
    1070
0
    1000
PathStart
    1040
1.5
    1000
ToolCompensation
    1002
{
    1070
0
    1040
0
    1070
0
    1002
}
       0
LWPOLYLINE
       5
21C4
     100
AcDbEntity
       8
1
     100
AcDbPolyline
      90
4
      70
1
      10
601.688453121
      20
1513.2639554153
      42
0
      10
618.6905959781
      20
1532.934419016
      42
0
      10
620.4306754505
      20
1531.4303833017
      42
0
      10
603.4285325933
      20
1511.759919701
      42
0
    1001
FS_CYPCUT
    1000
Channel
    1070
1
    1000
LeadIn
    1002
{
    1070
3
    1040
0.5
    1040
1.5707963267949
    1040
1
    1040
1
    1070
0
    1040
0.5
    1070
0
    1002
}
    1000
LeadOut
    1002
{
    1070
0
    1040
0
    1040
0
    1040
0
    1070
0
    1002
}
    1000
IsFill
    1070
0
    1000
PathStart
    1040
0.5
    1000
ToolCompensation
    1002
{
    1070
0
    1040
0
    1070
0
    1002
}
       0
LWPOLYLINE
       5
21C5
     100
AcDbEntity
       8
1
     100
AcDbPolyline
      90
4
      70
1
      10
841.5695245495
      20
1531.4303833017
      42
0
      10
843.3096040219
      20
1532.934419016
      42
0
      10
860.311746879
      20
1513.2639554153
      42
0
      10
858.5716674067
      20
1511.759919701
      42
0
    1001
FS_CYPCUT
    1000
Channel
    1070
1
    1000
LeadIn
    1002
{
    1070
3
    1040
3.5
    1040
1.5707963267949
    1040
1
    1040
1
    1070
0
    1040
0.5
    1070
0
    1002
}
    1000
LeadOut
    1002
{
    1070
0
    1040
0
    1040
0
    1040
0
    1070
0
    1002
}
    1000
IsFill
    1070
0
    1000
PathStart
    1040
3.5
    1000
ToolCompensation
    1002
{
    1070
0
    1040
0
    1070
0
    1002
}
       0
LWPOLYLINE
       5
21C6
     100
AcDbEntity
       8
1
     100
AcDbPolyline
      90
4
      70
1
      10
863.8501
      20
1466.49909
      42
0
      10
863.8501
      20
1492.49909
      42
0
      10
866.1501
      20
1492.49909
      42
0
      10
866.1501
      20
1466.49909
      42
0
    1001
FS_CYPCUT
    1000
Channel
    1070
1
    1000
LeadIn
    1002
{
    1070
3
    1040
0.5
    1040
1.5707963267949
    1040
1
    1040
1
    1070
0
    1040
0.5
    1070
0
    1002
}
    1000
LeadOut
    1002
{
    1070
0
    1040
0
    1040
0
    1040
0
    1070
0
    1002
}
    1000
IsFill
    1070
0
    1000
PathStart
    1040
0.5
    1000
ToolCompensation
    1002
{
    1070
0
    1040
0
    1070
0
    1002
}
       0
LWPOLYLINE
       5
21C7
     100
AcDbEntity
       8
1
     100
AcDbPolyline
      90
4
      70
1
      10
595.8501
      20
1466.49909
      42
0
      10
595.8501
      20
1492.49909
      42
0
      10
598.1501
      20
1492.49909
      42
0
      10
598.1501
      20
1466.49909
      42
0
    1001
FS_CYPCUT
    1000
Channel
    1070
1
    1000
LeadIn
    1002
{
    1070
3
    1040
2.5
    1040
1.5707963267949
    1040
1
    1040
1
    1070
0
    1040
0.5
    1070
0
    1002
}
    1000
LeadOut
    1002
{
    1070
0
    1040
0
    1040
0
    1040
0
    1070
0
    1002
}
    1000
IsFill
    1070
0
    1000
PathStart
    1040
2.5
    1000
ToolCompensation
    1002
{
    1070
0
    1040
0
    1070
0
    1002
}
       0
LWPOLYLINE
       5
21C8
     100
AcDbEntity
       8
1
     100
AcDbPolyline
      90
4
      70
1
      10
595.8501
      20
1347.99909
      42
0
      10
595.8501
      20
1373.99909
      42
0
      10
598.1501
      20
1373.99909
      42
0
      10
598.1501
      20
1347.99909
      42
0
    1001
FS_CYPCUT
    1000
Channel
    1070
1
    1000
LeadIn
    1002
{
    1070
3
    1040
0.5
    1040
1.5707963267949
    1040
1
    1040
1
    1070
0
    1040
0.5
    1070
0
    1002
}
    1000
LeadOut
    1002
{
    1070
0
    1040
0
    1040
0
    1040
0
    1070
0
    1002
}
    1000
IsFill
    1070
0
    1000
PathStart
    1040
0.5
    1000
ToolCompensation
    1002
{
    1070
0
    1040
0
    1070
0
    1002
}
       0
LWPOLYLINE
       5
21C9
     100
AcDbEntity
       8
1
     100
AcDbPolyline
      90
4
      70
1
      10
863.8501
      20
1347.99909
      42
0
      10
863.8501
      20
1373.99909
      42
0
      10
866.1501
      20
1373.99909
      42
0
      10
866.1501
      20
1347.99909
      42
0
    1001
FS_CYPCUT
    1000
Channel
    1070
1
    1000
LeadIn
    1002
{
    1070
3
    1040
0.5
    1040
1.5707963267949
    1040
1
    1040
1
    1070
0
    1040
0.5
    1070
0
    1002
}
    1000
LeadOut
    1002
{
    1070
0
    1040
0
    1040
0
    1040
0
    1070
0
    1002
}
    1000
IsFill
    1070
0
    1000
PathStart
    1040
0.5
    1000
ToolCompensation
    1002
{
    1070
0
    1040
0
    1070
0
    1002
}
       0
LWPOLYLINE
       5
21CA
     100
AcDbEntity
       8
1
     100
AcDbPolyline
      90
22
      70
1
      10
586.000099999998
      20
1546.6886532593
      42
-0.0652429341302029
      10
586.337750603984
      20
1549.2652797649
      42
0
      10
624.0205337348
      20
1690.5757165056
      42
-0.339788024013318
      10
633.6828831308
      20
1697.99909
      42
0
      10
688.0001
      20
1697.99909
      42
-0.414213562373097
      10
691.0001
      20
1694.99909
      42
0
      10
691.0001
      20
1660.99909
      42
0.414213562373096
      10
694.0001
      20
1657.99909
      42
0
      10
768.0001
      20
1657.99909
      42
0.414213562373105
      10
771.0001
      20
1660.99909
      42
0
      10
771.0001
      20
1694.99909
      42
-0.414213562373096
      10
774.0001
      20
1697.99909
      42
0
      10
828.3173168692
      20
1697.99909
      42
-0.339788024013313
      10
837.9796662652
      20
1690.5757165056
      42
0
      10
875.662449396
      20
1549.265279765
      42
-0.0652429341302116
      10
876.0001
      20
1546.6886532593
      42
0
      10
876.0001
      20
1340.76159
      42
0
      10
866.0001
      20
1340.76159
      42
0
      10
866.0001
      20
1335.99909
      42
0
      10
596.0001
      20
1335.99909
      42
0
      10
596.0001
      20
1340.76159
      42
0
      10
586.0001
      20
1340.76159
      42
0
    1001
FS_CYPCUT
    1000
Channel
    1070
1
    1000
LeadIn
    1002
{
    1070
0
    1040
21
    1040
1.5707963267949
    1040
1
    1040
1
    1070
0
    1040
0.5
    1070
0
    1002
}
    1000
LeadOut
    1002
{
    1070
0
    1040
0
    1040
0
    1040
0
    1070
0
    1002
}
    1000
IsFill
    1070
1
    1000
PathStart
    1040
21
    1000
ToolCompensation
    1002
{
    1070
0
    1040
0
    1070
0
    1002
}
       0
ENDBLK
       5
21CB
     330
201E
     100
AcDbEntity
       8
0
     100
AcDbBlockEnd
       0
BLOCK
       5
21CC
     330
201F
     100
AcDbEntity
       8
0
     100
AcDbBlockBegin
       2
Part225148215
      70
0
      10
-100
      20
-35
      30
0
       3
Part225148215
       1

       4
CypCutBlock
       0
CIRCLE
       5
21CD
     100
AcDbEntity
       8
1
     100
AcDbCircle
      10
-75
      20
13
      30
0
      40
4.25
    1001
FS_CYPCUT
    1000
Channel
    1070
1
    1000
LeadIn
    1002
{
    1070
3
    1040
1.11022302462516E-16
    1040
1.5707963267949
    1040
1
    1040
1
    1070
0
    1040
0.5
    1070
0
    1002
}
    1000
LeadOut
    1002
{
    1070
0
    1040
0
    1040
0
    1040
0
    1070
0
    1002
}
    1000
IsFill
    1070
0
    1000
PathStart
    1040
1.11022302462516E-16
    1000
ToolCompensation
    1002
{
    1070
0
    1040
0
    1070
0
    1002
}
       0
CIRCLE
       5
21CE
     100
AcDbEntity
       8
1
     100
AcDbCircle
      10
75
      20
13
      30
0
      40
4.25
    1001
FS_CYPCUT
    1000
Channel
    1070
1
    1000
LeadIn
    1002
{
    1070
3
    1040
1.11022302462516E-16
    1040
1.5707963267949
    1040
1
    1040
1
    1070
0
    1040
0.5
    1070
0
    1002
}
    1000
LeadOut
    1002
{
    1070
0
    1040
0
    1040
0
    1040
0
    1070
0
    1002
}
    1000
IsFill
    1070
0
    1000
PathStart
    1040
1.11022302462516E-16
    1000
ToolCompensation
    1002
{
    1070
0
    1040
0
    1070
0
    1002
}
       0
LWPOLYLINE
       5
21CF
     100
AcDbEntity
       8
1
     100
AcDbPolyline
      90
24
      70
1
      10
100
      20
25
      42
0.414213562373095
      10
90
      20
35
      42
0
      10
67
      20
35
      42
0.414213562373093
      10
65
      20
33
      42
0
      10
65
      20
30.65
      42
-0.414213562373091
      10
63
      20
28.65
      42
0
      10
43
      20
28.65
      42
0.414213562373098
      10
41
      20
26.65
      42
0
      10
41
      20
-9.35
      42
-0.414213562373095
      10
39
      20
-11.35
      42
0
      10
-39
      20
-11.35
      42
-0.414213562373091
      10
-41
      20
-9.35
      42
0
      10
-41
      20
26.65
      42
0.414213562373097
      10
-43
      20
28.65
      42
0
      10
-63
      20
28.65
      42
-0.414213562373092
      10
-65
      20
30.65
      42
0
      10
-65
      20
33
      42
0.414213562373095
      10
-67
      20
35
      42
0
      10
-90
      20
35
      42
0.414213562373095
      10
-100
      20
25
      42
0
      10
-100
      20
-25
      42
0.414213562373095
      10
-90
      20
-35
      42
0
      10
90
      20
-35
      42
0.414213562373095
      10
100
      20
-25
      42
0
    1001
FS_CYPCUT
    1000
Channel
    1070
1
    1000
LeadIn
    1002
{
    1070
3
    1040
21.5
    1040
1.5707963267949
    1040
1
    1040
1
    1070
0
    1040
0.5
    1070
0
    1002
}
    1000
LeadOut
    1002
{
    1070
0
    1040
0
    1040
0
    1040
0
    1070
0
    1002
}
    1000
IsFill
    1070
1
    1000
PathStart
    1040
21.5
    1000
ToolCompensation
    1002
{
    1070
0
    1040
0
    1070
0
    1002
}
    1000
MicroConnect
    1002
{
    1070
1
    1040
21.3246097
    1041
0.8
    1042
0
    1002
}
       0
ENDBLK
       5
21D0
     330
201F
     100
AcDbEntity
       8
0
     100
AcDbBlockEnd
       0
BLOCK
       5
21D1
     330
2020
     100
AcDbEntity
       8
0
     100
AcDbBlockBegin
       2
Part1166080084
      70
0
      10
-1.39888101E-14
      20
-5.70654635E-14
      30
0
       3
Part1166080084
       1

       4
CypCutBlock
       0
LWPOLYLINE
       5
21D2
     100
AcDbEntity
       8
1
     100
AcDbPolyline
      90
6
      70
1
      10
88.6809524417193
      20
40.2426406871193
      42
-0.668178637919299
      10
84.4383117546
      20
30
      42
0
      10
36
      20
30
      42
-0.414213562373094
      10
30
      20
36
      42
0
      10
30
      20
84.4383117546
      42
-0.668178637919298
      10
40.2426406871
      20
88.6809524417
      42
0
    1001
FS_CYPCUT
    1000
Channel
    1070
1
    1000
LeadIn
    1002
{
    1070
3
    1040
5.5
    1040
1.5707963267949
    1040
1
    1040
1
    1070
0
    1040
0.5
    1070
0
    1002
}
    1000
LeadOut
    1002
{
    1070
0
    1040
0
    1040
0
    1040
0
    1070
0
    1002
}
    1000
IsFill
    1070
0
    1000
PathStart
    1040
5.5
    1000
ToolCompensation
    1002
{
    1070
0
    1040
0
    1070
0
    1002
}
       0
LWPOLYLINE
       5
21D3
     100
AcDbEntity
       8
1
     100
AcDbPolyline
      90
28
      70
1
      10
161.35
      20
8.3431457505
      42
0
      10
161.35
      20
4
      42
-0.414213562373088
      10
157.35
      20
0
      42
0
      10
142.6
      20
-5.7065463465733E-14
      42
-0.414213562373093
      10
141.6
      20
1
      42
0
      10
141.6
      20
2.2
      42
0
      10
121.1
      20
2.2
      42
0
      10
121.1
      20
1
      42
-0.414213562373102
      10
120.1
      20
7.99360577730113E-15
      42
0
      10
47.6
      20
0
      42
-0.414213562373088
      10
46.6
      20
1
      42
0
      10
46.6
      20
2.2
      42
0
      10
26.1
      20
2.2
      42
0
      10
26.1
      20
1
      42
-0.414213562373092
      10
25.1
      20
8.10462807976364E-14
      42
0
      10
4
      20
-4.44089209850063E-15
      42
-0.414213562373095
      10
-4.44089209850063E-15
      20
4
      42
0
      10
-1.3988810110277E-14
      20
88.75
      42
-0.414213562373087
      10
1
      20
89.75
      42
0
      10
2.2
      20
89.75
      42
0
      10
2.2
      20
120.25
      42
0
      10
1
      20
120.25
      42
-0.414213562373104
      10
0
      20
121.25
      42
0
      10
-4.44089209850063E-15
      20
156
      42
-0.414213562373091
      10
4
      20
160
      42
0
      10
9.6931457505
      20
160
      42
-0.198912367379661
      10
12.5215728752463
      20
158.828427124746
      42
0
      10
160.1784271247
      20
11.1715728753
      42
-0.198912367379671
    1001
FS_CYPCUT
    1000
Channel
    1070
1
    1000
LeadIn
    1002
{
    1070
3
    1040
26.5
    1040
1.5707963267949
    1040
1
    1040
1
    1070
0
    1040
0.5
    1070
0
    1002
}
    1000
LeadOut
    1002
{
    1070
0
    1040
0
    1040
0
    1040
0
    1070
0
    1002
}
    1000
IsFill
    1070
1
    1000
PathStart
    1040
26.5
    1000
ToolCompensation
    1002
{
    1070
0
    1040
0
    1070
0
    1002
}
    1000
MicroConnect
    1002
{
    1070
2
    1040
5.6354198
    1041
0.8
    1042
0
    1040
19.4054723
    1041
0.8
    1042
0
    1002
}
       0
ENDBLK
       5
21D4
     330
2020
     100
AcDbEntity
       8
0
     100
AcDbBlockEnd
       0
BLOCK
       5
21D5
     330
2021
     100
AcDbEntity
       8
0
     100
AcDbBlockBegin
       2
Part231853994
      70
0
      10
-1.39888101E-14
      20
-5.70654635E-14
      30
0
       3
Part231853994
       1

       4
CypCutBlock
       0
LWPOLYLINE
       5
21D6
     100
AcDbEntity
       8
1
     100
AcDbPolyline
      90
6
      70
1
      10
88.6809524417193
      20
40.2426406871193
      42
-0.668178637919299
      10
84.4383117546
      20
30
      42
0
      10
36
      20
30
      42
-0.414213562373094
      10
30
      20
36
      42
0
      10
30
      20
84.4383117546
      42
-0.668178637919298
      10
40.2426406871
      20
88.6809524417
      42
0
    1001
FS_CYPCUT
    1000
Channel
    1070
1
    1000
LeadIn
    1002
{
    1070
3
    1040
5.5
    1040
1.5707963267949
    1040
1
    1040
1
    1070
0
    1040
0.5
    1070
0
    1002
}
    1000
LeadOut
    1002
{
    1070
0
    1040
0
    1040
0
    1040
0
    1070
0
    1002
}
    1000
IsFill
    1070
0
    1000
PathStart
    1040
5.5
    1000
ToolCompensation
    1002
{
    1070
0
    1040
0
    1070
0
    1002
}
       0
LWPOLYLINE
       5
21D7
     100
AcDbEntity
       8
1
     100
AcDbPolyline
      90
28
      70
1
      10
161.35
      20
8.3431457505
      42
0
      10
161.35
      20
4
      42
-0.414213562373088
      10
157.35
      20
0
      42
0
      10
142.6
      20
-5.7065463465733E-14
      42
-0.414213562373093
      10
141.6
      20
1
      42
0
      10
141.6
      20
2.2
      42
0
      10
121.1
      20
2.2
      42
0
      10
121.1
      20
1
      42
-0.414213562373102
      10
120.1
      20
7.99360577730113E-15
      42
0
      10
47.6
      20
0
      42
-0.414213562373088
      10
46.6
      20
1
      42
0
      10
46.6
      20
2.2
      42
0
      10
26.1
      20
2.2
      42
0
      10
26.1
      20
1
      42
-0.414213562373092
      10
25.1
      20
8.10462807976364E-14
      42
0
      10
4
      20
-4.44089209850063E-15
      42
-0.414213562373095
      10
-4.44089209850063E-15
      20
4
      42
0
      10
-1.3988810110277E-14
      20
88.75
      42
-0.414213562373087
      10
1
      20
89.75
      42
0
      10
2.2
      20
89.75
      42
0
      10
2.2
      20
120.25
      42
0
      10
1
      20
120.25
      42
-0.414213562373104
      10
0
      20
121.25
      42
0
      10
-4.44089209850063E-15
      20
156
      42
-0.414213562373091
      10
4
      20
160
      42
0
      10
9.6931457505
      20
160
      42
-0.198912367379661
      10
12.5215728752463
      20
158.828427124746
      42
0
      10
160.1784271247
      20
11.1715728753
      42
-0.198912367379671
    1001
FS_CYPCUT
    1000
Channel
    1070
1
    1000
LeadIn
    1002
{
    1070
3
    1040
26.5
    1040
1.5707963267949
    1040
1
    1040
1
    1070
0
    1040
0.5
    1070
0
    1002
}
    1000
LeadOut
    1002
{
    1070
0
    1040
0
    1040
0
    1040
0
    1070
0
    1002
}
    1000
IsFill
    1070
1
    1000
PathStart
    1040
26.5
    1000
ToolCompensation
    1002
{
    1070
0
    1040
0
    1070
0
    1002
}
    1000
MicroConnect
    1002
{
    1070
2
    1040
5.6354198
    1041
0.8
    1042
0
    1040
19.4054723
    1041
0.8
    1042
0
    1002
}
       0
ENDBLK
       5
21D8
     330
2021
     100
AcDbEntity
       8
0
     100
AcDbBlockEnd
       0
BLOCK
       5
21D9
     330
2022
     100
AcDbEntity
       8
0
     100
AcDbBlockBegin
       2
Part2106964092
      70
0
      10
-25.4
      20
0
      30
0
       3
Part2106964092
       1

       4
CypCutBlock
       0
CIRCLE
       5
21DA
     100
AcDbEntity
       8
1
     100
AcDbCircle
      10
-12.7
      20
10
      30
0
      40
4.50000000000001
    1001
FS_CYPCUT
    1000
Channel
    1070
1
    1000
LeadIn
    1002
{
    1070
3
    1040
0
    1040
1.5707963267949
    1040
1
    1040
1
    1070
0
    1040
0.5
    1070
0
    1002
}
    1000
LeadOut
    1002
{
    1070
0
    1040
0
    1040
0
    1040
0
    1070
0
    1002
}
    1000
IsFill
    1070
0
    1000
PathStart
    1040
0
    1000
ToolCompensation
    1002
{
    1070
0
    1040
0
    1070
0
    1002
}
       0
CIRCLE
       5
21DB
     100
AcDbEntity
       8
1
     100
AcDbCircle
      10
-12.7
      20
50
      30
0
      40
4.50000000000003
    1001
FS_CYPCUT
    1000
Channel
    1070
1
    1000
LeadIn
    1002
{
    1070
3
    1040
0
    1040
1.5707963267949
    1040
1
    1040
1
    1070
0
    1040
0.5
    1070
0
    1002
}
    1000
LeadOut
    1002
{
    1070
0
    1040
0
    1040
0
    1040
0
    1070
0
    1002
}
    1000
IsFill
    1070
0
    1000
PathStart
    1040
1
    1000
ToolCompensation
    1002
{
    1070
0
    1040
0
    1070
0
    1002
}
       0
CIRCLE
       5
21DC
     100
AcDbEntity
       8
1
     100
AcDbCircle
      10
-12.7
      20
90
      30
0
      40
4.5
    1001
FS_CYPCUT
    1000
Channel
    1070
1
    1000
LeadIn
    1002
{
    1070
3
    1040
0
    1040
1.5707963267949
    1040
1
    1040
1
    1070
0
    1040
0.5
    1070
0
    1002
}
    1000
LeadOut
    1002
{
    1070
0
    1040
0
    1040
0
    1040
0
    1070
0
    1002
}
    1000
IsFill
    1070
0
    1000
PathStart
    1040
1
    1000
ToolCompensation
    1002
{
    1070
0
    1040
0
    1070
0
    1002
}
       0
LWPOLYLINE
       5
21DD
     100
AcDbEntity
       8
1
     100
AcDbPolyline
      90
8
      70
1
      10
0
      20
95
      42
0
      10
0
      20
5
      42
-0.414213562373095
      10
-5
      20
0
      42
0
      10
-20.4
      20
0
      42
-0.414213562373095
      10
-25.4
      20
5
      42
0
      10
-25.4
      20
95
      42
-0.414213562373095
      10
-20.4
      20
100
      42
0
      10
-5
      20
100
      42
-0.414213562373095
    1001
FS_CYPCUT
    1000
Channel
    1070
1
    1000
LeadIn
    1002
{
    1070
3
    1040
0.5
    1040
1.5707963267949
    1040
1
    1040
1
    1070
0
    1040
0.5
    1070
0
    1002
}
    1000
LeadOut
    1002
{
    1070
0
    1040
0
    1040
0
    1040
0
    1070
0
    1002
}
    1000
IsFill
    1070
1
    1000
PathStart
    1040
0.5
    1000
ToolCompensation
    1002
{
    1070
0
    1040
0
    1070
0
    1002
}
       0
ENDBLK
       5
21DE
     330
2022
     100
AcDbEntity
       8
0
     100
AcDbBlockEnd
       0
BLOCK
       5
21DF
     330
2023
     100
AcDbEntity
       8
0
     100
AcDbBlockBegin
       2
Part512654431
      70
0
      10
-1.33226763E-14
      20
-1.33226763E-14
      30
0
       3
Part512654431
       1

       4
CypCutBlock
       0
CIRCLE
       5
21E0
     100
AcDbEntity
       8
1
     100
AcDbCircle
      10
12.5
      20
12
      30
0
      40
4.49999999999999
    1001
FS_CYPCUT
    1000
Channel
    1070
1
    1000
LeadIn
    1002
{
    1070
3
    1040
0
    1040
1.5707963267949
    1040
1
    1040
1
    1070
0
    1040
0.5
    1070
0
    1002
}
    1000
LeadOut
    1002
{
    1070
0
    1040
0
    1040
0
    1040
0
    1070
0
    1002
}
    1000
IsFill
    1070
0
    1000
PathStart
    1040
0
    1000
ToolCompensation
    1002
{
    1070
0
    1040
0
    1070
0
    1002
}
       0
CIRCLE
       5
21E1
     100
AcDbEntity
       8
1
     100
AcDbCircle
      10
103.8333333333
      20
12
      30
0
      40
4.50000000000002
    1001
FS_CYPCUT
    1000
Channel
    1070
1
    1000
LeadIn
    1002
{
    1070
3
    1040
8.32667268468867E-17
    1040
1.5707963267949
    1040
1
    1040
1
    1070
0
    1040
0.5
    1070
0
    1002
}
    1000
LeadOut
    1002
{
    1070
0
    1040
0
    1040
0
    1040
0
    1070
0
    1002
}
    1000
IsFill
    1070
0
    1000
PathStart
    1040
8.32667268468867E-17
    1000
ToolCompensation
    1002
{
    1070
0
    1040
0
    1070
0
    1002
}
       0
CIRCLE
       5
21E2
     100
AcDbEntity
       8
1
     100
AcDbCircle
      10
195.1666666667
      20
12
      30
0
      40
4.49999999999999
    1001
FS_CYPCUT
    1000
Channel
    1070
1
    1000
LeadIn
    1002
{
    1070
3
    1040
0
    1040
1.5707963267949
    1040
1
    1040
1
    1070
0
    1040
0.5
    1070
0
    1002
}
    1000
LeadOut
    1002
{
    1070
0
    1040
0
    1040
0
    1040
0
    1070
0
    1002
}
    1000
IsFill
    1070
0
    1000
PathStart
    1040
1
    1000
ToolCompensation
    1002
{
    1070
0
    1040
0
    1070
0
    1002
}
       0
CIRCLE
       5
21E3
     100
AcDbEntity
       8
1
     100
AcDbCircle
      10
286.5
      20
12
      30
0
      40
4.49999999999988
    1001
FS_CYPCUT
    1000
Channel
    1070
1
    1000
LeadIn
    1002
{
    1070
3
    1040
5.55111512312578E-17
    1040
1.5707963267949
    1040
1
    1040
1
    1070
0
    1040
0.5
    1070
0
    1002
}
    1000
LeadOut
    1002
{
    1070
0
    1040
0
    1040
0
    1040
0
    1070
0
    1002
}
    1000
IsFill
    1070
0
    1000
PathStart
    1040
5.55111512312578E-17
    1000
ToolCompensation
    1002
{
    1070
0
    1040
0
    1070
0
    1002
}
       0
CIRCLE
       5
21E4
     100
AcDbEntity
       8
1
     100
AcDbCircle
      10
286.5
      20
110.6666666667
      30
0
      40
4.49999999999989
    1001
FS_CYPCUT
    1000
Channel
    1070
1
    1000
LeadIn
    1002
{
    1070
3
    1040
3.60822483003176E-16
    1040
1.5707963267949
    1040
1
    1040
1
    1070
0
    1040
0.5
    1070
0
    1002
}
    1000
LeadOut
    1002
{
    1070
0
    1040
0
    1040
0
    1040
0
    1070
0
    1002
}
    1000
IsFill
    1070
0
    1000
PathStart
    1040
3.60822483003176E-16
    1000
ToolCompensation
    1002
{
    1070
0
    1040
0
    1070
0
    1002
}
       0
CIRCLE
       5
21E5
     100
AcDbEntity
       8
1
     100
AcDbCircle
      10
12.5
      20
110.6666666667
      30
0
      40
4.50000000000003
    1001
FS_CYPCUT
    1000
Channel
    1070
1
    1000
LeadIn
    1002
{
    1070
3
    1040
1.38777878078145E-16
    1040
1.5707963267949
    1040
1
    1040
1
    1070
0
    1040
0.5
    1070
0
    1002
}
    1000
LeadOut
    1002
{
    1070
0
    1040
0
    1040
0
    1040
0
    1070
0
    1002
}
    1000
IsFill
    1070
0
    1000
PathStart
    1040
1.38777878078145E-16
    1000
ToolCompensation
    1002
{
    1070
0
    1040
0
    1070
0
    1002
}
       0
LWPOLYLINE
       5
21E6
     100
AcDbEntity
       8
1
     100
AcDbPolyline
      90
4
      70
1
      10
272.25
      20
295.5
      42
0
      10
272.25
      20
24.5
      42
0
      10
26.75
      20
24.5
      42
0
      10
26.75
      20
295.5
      42
0
    1001
FS_CYPCUT
    1000
Channel
    1070
1
    1000
LeadIn
    1002
{
    1070
3
    1040
0.5
    1040
1.5707963267949
    1040
1
    1040
1
    1070
0
    1040
0.5
    1070
0
    1002
}
    1000
LeadOut
    1002
{
    1070
0
    1040
0
    1040
0
    1040
0
    1070
0
    1002
}
    1000
IsFill
    1070
0
    1000
PathStart
    1040
0.5
    1000
ToolCompensation
    1002
{
    1070
0
    1040
0
    1070
0
    1002
}
       0
CIRCLE
       5
21E7
     100
AcDbEntity
       8
1
     100
AcDbCircle
      10
286.5
      20
209.3333333333
      30
0
      40
4.49999999999989
    1001
FS_CYPCUT
    1000
Channel
    1070
1
    1000
LeadIn
    1002
{
    1070
3
    1040
0
    1040
1.5707963267949
    1040
1
    1040
1
    1070
0
    1040
0.5
    1070
0
    1002
}
    1000
LeadOut
    1002
{
    1070
0
    1040
0
    1040
0
    1040
0
    1070
0
    1002
}
    1000
IsFill
    1070
0
    1000
PathStart
    1040
0
    1000
ToolCompensation
    1002
{
    1070
0
    1040
0
    1070
0
    1002
}
       0
CIRCLE
       5
21E8
     100
AcDbEntity
       8
1
     100
AcDbCircle
      10
12.5
      20
209.3333333333
      30
0
      40
4.50000000000003
    1001
FS_CYPCUT
    1000
Channel
    1070
1
    1000
LeadIn
    1002
{
    1070
3
    1040
1.38777878078145E-16
    1040
1.5707963267949
    1040
1
    1040
1
    1070
0
    1040
0.5
    1070
0
    1002
}
    1000
LeadOut
    1002
{
    1070
0
    1040
0
    1040
0
    1040
0
    1070
0
    1002
}
    1000
IsFill
    1070
0
    1000
PathStart
    1040
1.38777878078145E-16
    1000
ToolCompensation
    1002
{
    1070
0
    1040
0
    1070
0
    1002
}
       0
CIRCLE
       5
21E9
     100
AcDbEntity
       8
1
     100
AcDbCircle
      10
12.5
      20
308
      30
0
      40
4.49999999999994
    1001
FS_CYPCUT
    1000
Channel
    1070
1
    1000
LeadIn
    1002
{
    1070
3
    1040
2.22044604925031E-16
    1040
1.5707963267949
    1040
1
    1040
1
    1070
0
    1040
0.5
    1070
0
    1002
}
    1000
LeadOut
    1002
{
    1070
0
    1040
0
    1040
0
    1040
0
    1070
0
    1002
}
    1000
IsFill
    1070
0
    1000
PathStart
    1040
2.22044604925031E-16
    1000
ToolCompensation
    1002
{
    1070
0
    1040
0
    1070
0
    1002
}
       0
CIRCLE
       5
21EA
     100
AcDbEntity
       8
1
     100
AcDbCircle
      10
103.8333333333
      20
308
      30
0
      40
4.49999999999994
    1001
FS_CYPCUT
    1000
Channel
    1070
1
    1000
LeadIn
    1002
{
    1070
3
    1040
3.60822483003176E-16
    1040
1.5707963267949
    1040
1
    1040
1
    1070
0
    1040
0.5
    1070
0
    1002
}
    1000
LeadOut
    1002
{
    1070
0
    1040
0
    1040
0
    1040
0
    1070
0
    1002
}
    1000
IsFill
    1070
0
    1000
PathStart
    1040
3.60822483003176E-16
    1000
ToolCompensation
    1002
{
    1070
0
    1040
0
    1070
0
    1002
}
       0
CIRCLE
       5
21EB
     100
AcDbEntity
       8
1
     100
AcDbCircle
      10
195.1666666667
      20
308
      30
0
      40
4.49999999999994
    1001
FS_CYPCUT
    1000
Channel
    1070
1
    1000
LeadIn
    1002
{
    1070
3
    1040
0
    1040
1.5707963267949
    1040
1
    1040
1
    1070
0
    1040
0.5
    1070
0
    1002
}
    1000
LeadOut
    1002
{
    1070
0
    1040
0
    1040
0
    1040
0
    1070
0
    1002
}
    1000
IsFill
    1070
0
    1000
PathStart
    1040
0
    1000
ToolCompensation
    1002
{
    1070
0
    1040
0
    1070
0
    1002
}
       0
CIRCLE
       5
21EC
     100
AcDbEntity
       8
1
     100
AcDbCircle
      10
286.5
      20
308
      30
0
      40
4.49999999999983
    1001
FS_CYPCUT
    1000
Channel
    1070
1
    1000
LeadIn
    1002
{
    1070
3
    1040
0
    1040
1.5707963267949
    1040
1
    1040
1
    1070
0
    1040
0.5
    1070
0
    1002
}
    1000
LeadOut
    1002
{
    1070
0
    1040
0
    1040
0
    1040
0
    1070
0
    1002
}
    1000
IsFill
    1070
0
    1000
PathStart
    1040
0
    1000
ToolCompensation
    1002
{
    1070
0
    1040
0
    1070
0
    1002
}
       0
LWPOLYLINE
       5
21ED
     100
AcDbEntity
       8
1
     100
AcDbPolyline
      90
8
      70
1
      10
299
      20
315
      42
0.414213562373082
      10
294
      20
320
      42
0
      10
5
      20
320
      42
0.414213562373094
      10
0
      20
315
      42
0
      10
-1.33226762955019E-14
      20
5
      42
0.414213562373095
      10
5
      20
-1.33226762955019E-14
      42
0
      10
294
      20
-5.32907051820075E-15
      42
0.414213562373103
      10
299
      20
5
      42
0
    1001
FS_CYPCUT
    1000
Channel
    1070
1
    1000
LeadIn
    1002
{
    1070
3
    1040
3.5
    1040
1.5707963267949
    1040
1
    1040
1
    1070
0
    1040
0.5
    1070
0
    1002
}
    1000
LeadOut
    1002
{
    1070
0
    1040
0
    1040
0
    1040
0
    1070
0
    1002
}
    1000
IsFill
    1070
1
    1000
PathStart
    1040
3.5
    1000
ToolCompensation
    1002
{
    1070
0
    1040
0
    1070
0
    1002
}
    1000
MicroConnect
    1002
{
    1070
2
    1040
3.14368343
    1041
0.8
    1042
0
    1040
7.0719309
    1041
0.8
    1042
0
    1002
}
       0
ENDBLK
       5
21EE
     330
2023
     100
AcDbEntity
       8
0
     100
AcDbBlockEnd
       0
BLOCK
       5
21EF
     330
2024
     100
AcDbEntity
       8
0
     100
AcDbBlockBegin
       2
Part1580024872
      70
0
      10
-100
      20
-35
      30
0
       3
Part1580024872
       1

       4
CypCutBlock
       0
CIRCLE
       5
21F0
     100
AcDbEntity
       8
1
     100
AcDbCircle
      10
-75
      20
13
      30
0
      40
4.25
    1001
FS_CYPCUT
    1000
Channel
    1070
1
    1000
LeadIn
    1002
{
    1070
3
    1040
1.11022302462516E-16
    1040
1.5707963267949
    1040
1
    1040
1
    1070
0
    1040
0.5
    1070
0
    1002
}
    1000
LeadOut
    1002
{
    1070
0
    1040
0
    1040
0
    1040
0
    1070
0
    1002
}
    1000
IsFill
    1070
0
    1000
PathStart
    1040
1.11022302462516E-16
    1000
ToolCompensation
    1002
{
    1070
0
    1040
0
    1070
0
    1002
}
       0
CIRCLE
       5
21F1
     100
AcDbEntity
       8
1
     100
AcDbCircle
      10
75
      20
13
      30
0
      40
4.25
    1001
FS_CYPCUT
    1000
Channel
    1070
1
    1000
LeadIn
    1002
{
    1070
3
    1040
1.11022302462516E-16
    1040
1.5707963267949
    1040
1
    1040
1
    1070
0
    1040
0.5
    1070
0
    1002
}
    1000
LeadOut
    1002
{
    1070
0
    1040
0
    1040
0
    1040
0
    1070
0
    1002
}
    1000
IsFill
    1070
0
    1000
PathStart
    1040
1.11022302462516E-16
    1000
ToolCompensation
    1002
{
    1070
0
    1040
0
    1070
0
    1002
}
       0
LWPOLYLINE
       5
21F2
     100
AcDbEntity
       8
1
     100
AcDbPolyline
      90
24
      70
1
      10
100
      20
25
      42
0.414213562373095
      10
90
      20
35
      42
0
      10
67
      20
35
      42
0.414213562373093
      10
65
      20
33
      42
0
      10
65
      20
30.65
      42
-0.414213562373091
      10
63
      20
28.65
      42
0
      10
43
      20
28.65
      42
0.414213562373098
      10
41
      20
26.65
      42
0
      10
41
      20
-9.35
      42
-0.414213562373095
      10
39
      20
-11.35
      42
0
      10
-39
      20
-11.35
      42
-0.414213562373091
      10
-41
      20
-9.35
      42
0
      10
-41
      20
26.65
      42
0.414213562373097
      10
-43
      20
28.65
      42
0
      10
-63
      20
28.65
      42
-0.414213562373092
      10
-65
      20
30.65
      42
0
      10
-65
      20
33
      42
0.414213562373095
      10
-67
      20
35
      42
0
      10
-90
      20
35
      42
0.414213562373095
      10
-100
      20
25
      42
0
      10
-100
      20
-25
      42
0.414213562373095
      10
-90
      20
-35
      42
0
      10
90
      20
-35
      42
0.414213562373095
      10
100
      20
-25
      42
0
    1001
FS_CYPCUT
    1000
Channel
    1070
1
    1000
LeadIn
    1002
{
    1070
3
    1040
21.5
    1040
1.5707963267949
    1040
1
    1040
1
    1070
0
    1040
0.5
    1070
0
    1002
}
    1000
LeadOut
    1002
{
    1070
0
    1040
0
    1040
0
    1040
0
    1070
0
    1002
}
    1000
IsFill
    1070
1
    1000
PathStart
    1040
21.5
    1000
ToolCompensation
    1002
{
    1070
0
    1040
0
    1070
0
    1002
}
    1000
MicroConnect
    1002
{
    1070
1
    1040
21.3246097
    1041
0.8
    1042
0
    1002
}
       0
ENDBLK
       5
21F3
     330
2024
     100
AcDbEntity
       8
0
     100
AcDbBlockEnd
       0
BLOCK
       5
21F4
     330
2025
     100
AcDbEntity
       8
0
     100
AcDbBlockBegin
       2
Part1690945309
      70
0
      10
-20
      20
-20
      30
0
       3
Part1690945309
       1

       4
CypCutBlock
       0
CIRCLE
       5
21F5
     100
AcDbEntity
       8
1
     100
AcDbCircle
      10
0
      20
0
      30
0
      40
5.25
    1001
FS_CYPCUT
    1000
Channel
    1070
1
    1000
LeadIn
    1002
{
    1070
3
    1040
0
    1040
1.5707963267949
    1040
1
    1040
1
    1070
0
    1040
0.5
    1070
0
    1002
}
    1000
LeadOut
    1002
{
    1070
0
    1040
0
    1040
0
    1040
0
    1070
0
    1002
}
    1000
IsFill
    1070
0
    1000
PathStart
    1040
0
    1000
ToolCompensation
    1002
{
    1070
0
    1040
0
    1070
0
    1002
}
       0
LWPOLYLINE
       5
21F6
     100
AcDbEntity
       8
1
     100
AcDbPolyline
      90
8
      70
1
      10
20
      20
14
      42
0
      10
20
      20
-14
      42
-0.414213562373095
      10
14
      20
-20
      42
0
      10
-14
      20
-20
      42
-0.414213562373095
      10
-20
      20
-14
      42
0
      10
-20
      20
14
      42
-0.414213562373095
      10
-14
      20
20
      42
0
      10
14
      20
20
      42
-0.414213562373095
    1001
FS_CYPCUT
    1000
Channel
    1070
1
    1000
LeadIn
    1002
{
    1070
3
    1040
0.5
    1040
1.5707963267949
    1040
1
    1040
1
    1070
0
    1040
0.5
    1070
0
    1002
}
    1000
LeadOut
    1002
{
    1070
0
    1040
0
    1040
0
    1040
0
    1070
0
    1002
}
    1000
IsFill
    1070
1
    1000
PathStart
    1040
0.5
    1000
ToolCompensation
    1002
{
    1070
0
    1040
0
    1070
0
    1002
}
    1000
MicroConnect
    1002
{
    1070
1
    1040
4.48533063
    1041
0.8
    1042
0
    1002
}
       0
ENDBLK
       5
21F7
     330
2025
     100
AcDbEntity
       8
0
     100
AcDbBlockEnd
       0
BLOCK
       5
21F8
     330
2026
     100
AcDbEntity
       8
0
     100
AcDbBlockBegin
       2
Part648311408
      70
0
      10
-1.39888101E-14
      20
-5.70654635E-14
      30
0
       3
Part648311408
       1

       4
CypCutBlock
       0
LWPOLYLINE
       5
21F9
     100
AcDbEntity
       8
1
     100
AcDbPolyline
      90
6
      70
1
      10
88.6809524417193
      20
40.2426406871193
      42
-0.668178637919299
      10
84.4383117546
      20
30
      42
0
      10
36
      20
30
      42
-0.414213562373094
      10
30
      20
36
      42
0
      10
30
      20
84.4383117546
      42
-0.668178637919298
      10
40.2426406871
      20
88.6809524417
      42
0
    1001
FS_CYPCUT
    1000
Channel
    1070
1
    1000
LeadIn
    1002
{
    1070
3
    1040
5.5
    1040
1.5707963267949
    1040
1
    1040
1
    1070
0
    1040
0.5
    1070
0
    1002
}
    1000
LeadOut
    1002
{
    1070
0
    1040
0
    1040
0
    1040
0
    1070
0
    1002
}
    1000
IsFill
    1070
0
    1000
PathStart
    1040
5.5
    1000
ToolCompensation
    1002
{
    1070
0
    1040
0
    1070
0
    1002
}
       0
LWPOLYLINE
       5
21FA
     100
AcDbEntity
       8
1
     100
AcDbPolyline
      90
28
      70
1
      10
161.35
      20
8.3431457505
      42
0
      10
161.35
      20
4
      42
-0.414213562373088
      10
157.35
      20
0
      42
0
      10
142.6
      20
-5.7065463465733E-14
      42
-0.414213562373093
      10
141.6
      20
1
      42
0
      10
141.6
      20
2.2
      42
0
      10
121.1
      20
2.2
      42
0
      10
121.1
      20
1
      42
-0.414213562373102
      10
120.1
      20
7.99360577730113E-15
      42
0
      10
47.6
      20
0
      42
-0.414213562373088
      10
46.6
      20
1
      42
0
      10
46.6
      20
2.2
      42
0
      10
26.1
      20
2.2
      42
0
      10
26.1
      20
1
      42
-0.414213562373092
      10
25.1
      20
8.10462807976364E-14
      42
0
      10
4
      20
-4.44089209850063E-15
      42
-0.414213562373095
      10
-4.44089209850063E-15
      20
4
      42
0
      10
-1.3988810110277E-14
      20
88.75
      42
-0.414213562373087
      10
1
      20
89.75
      42
0
      10
2.2
      20
89.75
      42
0
      10
2.2
      20
120.25
      42
0
      10
1
      20
120.25
      42
-0.414213562373104
      10
0
      20
121.25
      42
0
      10
-4.44089209850063E-15
      20
156
      42
-0.414213562373091
      10
4
      20
160
      42
0
      10
9.6931457505
      20
160
      42
-0.198912367379661
      10
12.5215728752463
      20
158.828427124746
      42
0
      10
160.1784271247
      20
11.1715728753
      42
-0.198912367379671
    1001
FS_CYPCUT
    1000
Channel
    1070
1
    1000
LeadIn
    1002
{
    1070
3
    1040
26.5
    1040
1.5707963267949
    1040
1
    1040
1
    1070
0
    1040
0.5
    1070
0
    1002
}
    1000
LeadOut
    1002
{
    1070
0
    1040
0
    1040
0
    1040
0
    1070
0
    1002
}
    1000
IsFill
    1070
1
    1000
PathStart
    1040
26.5
    1000
ToolCompensation
    1002
{
    1070
0
    1040
0
    1070
0
    1002
}
    1000
MicroConnect
    1002
{
    1070
2
    1040
5.6354198
    1041
0.8
    1042
0
    1040
19.4054723
    1041
0.8
    1042
0
    1002
}
       0
ENDBLK
       5
21FB
     330
2026
     100
AcDbEntity
       8
0
     100
AcDbBlockEnd
       0
BLOCK
       5
21FC
     330
2027
     100
AcDbEntity
       8
0
     100
AcDbBlockBegin
       2
Part468756497
      70
0
      10
-75
      20
2.59250363
      30
0
       3
Part468756497
       1

       4
CypCutBlock
       0
LWPOLYLINE
       5
21FD
     100
AcDbEntity
       8
1
     100
AcDbPolyline
      90
4
      70
1
      10
-45.5
      20
50
      42
1
      10
-54.5
      20
50
      42
0
      10
-54.5
      20
20
      42
1
      10
-45.5
      20
20
      42
0
    1001
FS_CYPCUT
    1000
Channel
    1070
1
    1000
LeadIn
    1002
{
    1070
3
    1040
1.5
    1040
1.5707963267949
    1040
1
    1040
1
    1070
0
    1040
0.5
    1070
0
    1002
}
    1000
LeadOut
    1002
{
    1070
0
    1040
0
    1040
0
    1040
0
    1070
0
    1002
}
    1000
IsFill
    1070
0
    1000
PathStart
    1040
1.5
    1000
ToolCompensation
    1002
{
    1070
0
    1040
0
    1070
0
    1002
}
       0
LWPOLYLINE
       5
21FE
     100
AcDbEntity
       8
1
     100
AcDbPolyline
      90
4
      70
1
      10
15
      20
18
      42
0
      10
15
      20
12
      42
0
      10
-15
      20
12
      42
0
      10
-15
      20
18
      42
0
    1001
FS_CYPCUT
    1000
Channel
    1070
1
    1000
LeadIn
    1002
{
    1070
3
    1040
1.5
    1040
1.5707963267949
    1040
1
    1040
1
    1070
0
    1040
0.5
    1070
0
    1002
}
    1000
LeadOut
    1002
{
    1070
0
    1040
0
    1040
0
    1040
0
    1070
0
    1002
}
    1000
IsFill
    1070
0
    1000
PathStart
    1040
1.5
    1000
ToolCompensation
    1002
{
    1070
0
    1040
0
    1070
0
    1002
}
       0
LWPOLYLINE
       5
21FF
     100
AcDbEntity
       8
1
     100
AcDbPolyline
      90
4
      70
1
      10
54.5
      20
50
      42
1
      10
45.5
      20
50
      42
0
      10
45.5
      20
20
      42
0.999999999999999
      10
54.5
      20
20
      42
0
    1001
FS_CYPCUT
    1000
Channel
    1070
1
    1000
LeadIn
    1002
{
    1070
3
    1040
1.5
    1040
1.5707963267949
    1040
1
    1040
1
    1070
0
    1040
0.5
    1070
0
    1002
}
    1000
LeadOut
    1002
{
    1070
0
    1040
0
    1040
0
    1040
0
    1070
0
    1002
}
    1000
IsFill
    1070
0
    1000
PathStart
    1040
1.5
    1000
ToolCompensation
    1002
{
    1070
0
    1040
0
    1070
0
    1002
}
       0
SPLINE
       5
2200
     100
AcDbEntity
       8
1
     100
AcDbSpline
      70
0
      71
3
      72
180
      73
176
      74
0
      40
0
      40
0
      40
0
      40
0
      40
0.0227272727272727
      40
0.0227272727272727
      40
0.0227272727272727
      40
0.0227272727272727
      40
0.0454545454545455
      40
0.0454545454545455
      40
0.0454545454545455
      40
0.0454545454545455
      40
0.0681818181818182
      40
0.0681818181818182
      40
0.0681818181818182
      40
0.0681818181818182
      40
0.0909090909090909
      40
0.0909090909090909
      40
0.0909090909090909
      40
0.0909090909090909
      40
0.113636363636364
      40
0.113636363636364
      40
0.113636363636364
      40
0.113636363636364
      40
0.136363636363636
      40
0.136363636363636
      40
0.136363636363636
      40
0.136363636363636
      40
0.159090909090909
      40
0.159090909090909
      40
0.159090909090909
      40
0.159090909090909
      40
0.181818181818182
      40
0.181818181818182
      40
0.181818181818182
      40
0.181818181818182
      40
0.204545454545455
      40
0.204545454545455
      40
0.204545454545455
      40
0.204545454545455
      40
0.227272727272727
      40
0.227272727272727
      40
0.227272727272727
      40
0.227272727272727
      40
0.25
      40
0.25
      40
0.25
      40
0.25
      40
0.272727272727273
      40
0.272727272727273
      40
0.272727272727273
      40
0.272727272727273
      40
0.295454545454545
      40
0.295454545454545
      40
0.295454545454545
      40
0.295454545454545
      40
0.318181818181818
      40
0.318181818181818
      40
0.318181818181818
      40
0.318181818181818
      40
0.340909090909091
      40
0.340909090909091
      40
0.340909090909091
      40
0.340909090909091
      40
0.363636363636364
      40
0.363636363636364
      40
0.363636363636364
      40
0.363636363636364
      40
0.386363636363636
      40
0.386363636363636
      40
0.386363636363636
      40
0.386363636363636
      40
0.409090909090909
      40
0.409090909090909
      40
0.409090909090909
      40
0.409090909090909
      40
0.431818181818182
      40
0.431818181818182
      40
0.431818181818182
      40
0.431818181818182
      40
0.454545454545455
      40
0.454545454545455
      40
0.454545454545455
      40
0.454545454545455
      40
0.477272727272727
      40
0.477272727272727
      40
0.477272727272727
      40
0.477272727272727
      40
0.5
      40
0.5
      40
0.5
      40
0.5
      40
0.522727272727273
      40
0.522727272727273
      40
0.522727272727273
      40
0.522727272727273
      40
0.545454545454545
      40
0.545454545454545
      40
0.545454545454545
      40
0.545454545454545
      40
0.568181818181818
      40
0.568181818181818
      40
0.568181818181818
      40
0.568181818181818
      40
0.590909090909091
      40
0.590909090909091
      40
0.590909090909091
      40
0.590909090909091
      40
0.613636363636364
      40
0.613636363636364
      40
0.613636363636364
      40
0.613636363636364
      40
0.636363636363636
      40
0.636363636363636
      40
0.636363636363636
      40
0.636363636363636
      40
0.659090909090909
      40
0.659090909090909
      40
0.659090909090909
      40
0.659090909090909
      40
0.681818181818182
      40
0.681818181818182
      40
0.681818181818182
      40
0.681818181818182
      40
0.704545454545455
      40
0.704545454545455
      40
0.704545454545455
      40
0.704545454545455
      40
0.727272727272727
      40
0.727272727272727
      40
0.727272727272727
      40
0.727272727272727
      40
0.75
      40
0.75
      40
0.75
      40
0.75
      40
0.772727272727273
      40
0.772727272727273
      40
0.772727272727273
      40
0.772727272727273
      40
0.795454545454545
      40
0.795454545454545
      40
0.795454545454545
      40
0.795454545454545
      40
0.818181818181818
      40
0.818181818181818
      40
0.818181818181818
      40
0.818181818181818
      40
0.840909090909091
      40
0.840909090909091
      40
0.840909090909091
      40
0.840909090909091
      40
0.863636363636364
      40
0.863636363636364
      40
0.863636363636364
      40
0.863636363636364
      40
0.886363636363636
      40
0.886363636363636
      40
0.886363636363636
      40
0.886363636363636
      40
0.909090909090909
      40
0.909090909090909
      40
0.909090909090909
      40
0.909090909090909
      40
0.931818181818182
      40
0.931818181818182
      40
0.931818181818182
      40
0.931818181818182
      40
0.954545454545455
      40
0.954545454545455
      40
0.954545454545455
      40
0.954545454545455
      40
0.977272727272727
      40
0.977272727272727
      40
0.977272727272727
      40
0.977272727272727
      40
1
      40
1
      40
1
      40
1
      10
75
      20
54.5
      30
0
      10
75
      20
40.5308342448333
      30
0
      10
75
      20
26.5616684896667
      30
0
      10
75
      20
12.5925027345
      30
0
      10
75
      20
12.5925027345
      30
0
      10
75
      20
11.4797898968217
      30
0
      10
74.8142805211299
      20
10.3748400658995
      30
0
      10
74.4505087780101
      20
9.32326982191119
      30
0
      10
74.4505087780101
      20
9.32326982191119
      30
0
      10
74.0867370348903
      20
8.27169957792289
      30
0
      10
73.5499888429583
      20
7.28818179356685
      30
0
      10
72.8624232326492
      20
6.41331986694398
      30
0
      10
72.8624232326492
      20
6.41331986694398
      30
0
      10
72.1748576223401
      20
5.53845794032112
      30
0
      10
71.3460684013233
      20
4.78445908036619
      30
0
      10
70.4102711773063
      20
4.18245126093525
      30
0
      10
70.4102711773063
      20
4.18245126093525
      30
0
      10
69.4744739532892
      20
3.58044344150431
      30
0
      10
68.4447261835534
      20
3.13882665693762
      30
0
      10
67.3635398178604
      20
2.87583254716792
      30
0
      10
67.3635398178604
      20
2.87583254716792
      30
0
      10
66.2823534521674
      20
2.61283843739821
      30
0
      10
65.1648146057792
      20
2.53213663754033
      30
0
      10
64.057059581867
      20
2.63705882838256
      30
0
      10
64.057059581867
      20
2.63705882838256
      30
0
      10
61.1997036250799
      20
2.90769632538169
      30
0
      10
58.3776561322079
      20
3.26091924341491
      30
0
      10
55.5865035452607
      20
3.66160984201066
      30
0
      10
55.5865035452607
      20
3.66160984201066
      30
0
      10
51.3997746648399
      20
4.26290249458554
      30
0
      10
47.2825593227499
      20
4.96989722936927
      30
0
      10
43.219961760777
      20
5.68299028439563
      30
0
      10
43.219961760777
      20
5.68299028439563
      30
0
      10
39.819866868908
      20
6.28685033630573
      30
0
      10
33.4931277416883
      20
7.39379803948781
      30
0
      10
33.1686346673074
      20
7.43833951777788
      30
0
      10
33.1686346673074
      20
7.43833951777788
      30
0
      10
28.5230704281619
      20
8.22397061015434
      30
0
      10
23.9349514047204
      20
8.93000504321254
      30
0
      10
19.3806236846341
      20
9.47147762076872
      30
0
      10
19.3806236846341
      20
9.47147762076872
      30
0
      10
9.29604087587162
      20
10.6913073797694
      30
0
      10
-0.622861103684892
      20
11.019993227111
      30
0
      10
-10.6328875393046
      20
10.3043489015876
      30
0
      10
-10.6328875393046
      20
10.3043489015876
      30
0
      10
-13.53902424642
      20
10.1022054863422
      30
0
      10
-16.4528415788644
      20
9.82037818578675
      30
0
      10
-19.3806236846341
      20
9.47147762076874
      30
0
      10
-19.3806236846341
      20
9.47147762076874
      30
0
      10
-24.5855696504471
      20
8.85305222382425
      30
0
      10
-29.8346511961525
      20
8.01807223520565
      30
0
      10
-35.1631767856646
      20
7.09764388586325
      30
0
      10
-35.1631767856646
      20
7.09764388586325
      30
0
      10
-36.5004573340301
      20
6.86395091237229
      30
0
      10
-37.8377378823956
      20
6.63025793888132
      30
0
      10
-39.1750184307611
      20
6.39656496539036
      30
0
      10
-39.1750184307611
      20
6.39656496539036
      30
0
      10
-40.5233328740997
      20
6.15870673839213
      30
0
      10
-41.8716473174384
      20
5.9208485113939
      30
0
      10
-43.219961760777
      20
5.68299028439567
      30
0
      10
-43.219961760777
      20
5.68299028439567
      30
0
      10
-47.2825593227499
      20
4.96989722936932
      30
0
      10
-51.3997746648399
      20
4.26290249458559
      30
0
      10
-55.5865035452607
      20
3.66160984201072
      30
0
      10
-55.5865035452607
      20
3.66160984201072
      30
0
      10
-58.3776561322079
      20
3.26091924341496
      30
0
      10
-61.1997036250799
      20
2.90769632538174
      30
0
      10
-64.057059581866
      20
2.63705882834416
      30
0
      10
-64.057059581866
      20
2.63705882834416
      30
0
      10
-65.1648146057792
      20
2.5321366375403
      30
0
      10
-66.2823534521674
      20
2.61283843739819
      30
0
      10
-67.3635398178604
      20
2.87583254716789
      30
0
      10
-67.3635398178604
      20
2.87583254716789
      30
0
      10
-68.4447261835534
      20
3.1388266569376
      30
0
      10
-69.4744739532892
      20
3.58044344150428
      30
0
      10
-70.4102711773063
      20
4.18245126093523
      30
0
      10
-70.4102711773063
      20
4.18245126093523
      30
0
      10
-71.3460684013233
      20
4.78445908036617
      30
0
      10
-72.1748576223401
      20
5.5384579403211
      30
0
      10
-72.8624232326492
      20
6.41331986694397
      30
0
      10
-72.8624232326492
      20
6.41331986694397
      30
0
      10
-73.5499888429583
      20
7.28818179356684
      30
0
      10
-74.0867370348903
      20
8.27169957792288
      30
0
      10
-74.4505087780101
      20
9.32326982191118
      30
0
      10
-74.4505087780101
      20
9.32326982191118
      30
0
      10
-74.8142805211299
      20
10.3748400658995
      30
0
      10
-75
      20
11.4797898968217
      30
0
      10
-75
      20
12.5925027345
      30
0
      10
-75
      20
12.5925027345
      30
0
      10
-75
      20
26.5616684896667
      30
0
      10
-75
      20
40.5308342448333
      30
0
      10
-75
      20
54.5
      30
0
      10
-75
      20
54.5
      30
0
      10
-75
      20
57.1920353345514
      30
0
      10
-74.4697277383556
      20
59.8578940170951
      30
0
      10
-73.4395304164814
      20
62.3450103634843
      30
0
      10
-73.4395304164814
      20
62.3450103634843
      30
0
      10
-72.4093330946071
      20
64.8321267098736
      30
0
      10
-70.8992454545793
      20
67.0921325740691
      30
0
      10
-68.9956890143242
      20
68.9956890143242
      30
0
      10
-68.9956890143242
      20
68.9956890143242
      30
0
      10
-67.0921325740691
      20
70.8992454545793
      30
0
      10
-64.8321267098736
      20
72.4093330946071
      30
0
      10
-62.3450103634843
      20
73.4395304164814
      30
0
      10
-62.3450103634843
      20
73.4395304164814
      30
0
      10
-59.8578940170951
      20
74.4697277383556
      30
0
      10
-57.1920353345514
      20
75
      30
0
      10
-54.5
      20
75
      30
0
      10
-54.5
      20
75
      30
0
      10
-52.3931639747667
      20
75
      30
0
      10
-50.2863279495333
      20
75
      30
0
      10
-48.1794919243
      20
75
      30
0
      10
-48.1794919243
      20
75
      30
0
      10
-47.3055831101366
      20
74.9999999999997
      30
0
      10
-46.4354325666969
      20
74.8854425076788
      30
0
      10
-45.5913014732749
      20
74.6592582628904
      30
0
      10
-45.5913014732749
      20
74.6592582628904
      30
0
      10
-44.7471703798528
      20
74.433074018102
      30
0
      10
-43.9363191579568
      20
74.0972084449258
      30
0
      10
-43.1794919243002
      20
73.6602540378441
      30
0
      10
-43.1794919243002
      20
73.6602540378441
      30
0
      10
-41.2623956929668
      20
72.5534180126294
      30
0
      10
-39.3452994616334
      20
71.4465819874147
      30
0
      10
-37.4282032303
      20
70.3397459622
      30
0
      10
-37.4282032303
      20
70.3397459622
      30
0
      10
-36.6713759966511
      20
69.9027915550983
      30
0
      10
-35.860524774757
      20
69.5669259819075
      30
0
      10
-35.0163936813336
      20
69.3407417371111
      30
0
      10
-35.0163936813336
      20
69.3407417371111
      30
0
      10
-34.1722625879102
      20
69.1145574923148
      30
0
      10
-33.3021120444667
      20
68.999999999993
      30
0
      10
-32.4282032303
      20
68.9999999999996
      30
0
      10
-32.4282032303
      20
68.9999999999996
      30
0
      10
-10.8094010767667
      20
68.9999999999997
      30
0
      10
10.8094010767667
      20
68.9999999999999
      30
0
      10
32.4282032303
      20
69
      30
0
      10
32.4282032303
      20
69
      30
0
      10
33.3021120444634
      20
69.0000000000002
      30
0
      10
34.1722625879031
      20
69.114557492321
      30
0
      10
35.0163936813252
      20
69.3407417371095
      30
0
      10
35.0163936813252
      20
69.3407417371095
      30
0
      10
35.8605247747472
      20
69.5669259818979
      30
0
      10
36.6713759966433
      20
69.9027915550741
      30
0
      10
37.4282032302999
      20
70.3397459621558
      30
0
      10
37.4282032302999
      20
70.3397459621558
      30
0
      10
39.3452994616333
      20
71.4465819873705
      30
0
      10
41.2623956929666
      20
72.5534180125853
      30
0
      10
43.1794919243
      20
73.6602540378
      30
0
      10
43.1794919243
      20
73.6602540378
      30
0
      10
43.9363191579565
      20
74.0972084449263
      30
0
      10
44.7471703798526
      20
74.4330740181024
      30
0
      10
45.5913014732747
      20
74.6592582628909
      30
0
      10
45.5913014732747
      20
74.6592582628909
      30
0
      10
46.4354325666968
      20
74.8854425076794
      30
0
      10
47.3055831101366
      20
75.0000000000002
      30
0
      10
48.1794919243
      20
75.0000000000002
      30
0
      10
48.1794919243
      20
75.0000000000002
      30
0
      10
50.2863279495333
      20
75.0000000000002
      30
0
      10
52.3931639747667
      20
75.0000000000001
      30
0
      10
54.5
      20
75
      30
0
      10
54.5
      20
75
      30
0
      10
57.1920353345514
      20
75
      30
0
      10
59.8578940170951
      20
74.4697277383556
      30
0
      10
62.3450103634844
      20
73.4395304164814
      30
0
      10
62.3450103634844
      20
73.4395304164814
      30
0
      10
64.8321267098736
      20
72.4093330946072
      30
0
      10
67.0921325740692
      20
70.8992454545793
      30
0
      10
68.9956890143243
      20
68.9956890143242
      30
0
      10
68.9956890143243
      20
68.9956890143242
      30
0
      10
70.8992454545794
      20
67.0921325740692
      30
0
      10
72.4093330946072
      20
64.8321267098736
      30
0
      10
73.4395304164814
      20
62.3450103634843
      30
0
      10
73.4395304164814
      20
62.3450103634843
      30
0
      10
74.4697277383557
      20
59.8578940170951
      30
0
      10
75.0000000000001
      20
57.1920353345514
      30
0
      10
75.0000000000001
      20
54.5
      30
0
    1001
FS_CYPCUT
    1000
Channel
    1070
1
    1000
LeadIn
    1002
{
    1070
3
    1040
33.5
    1040
1.5707963267949
    1040
1
    1040
1
    1070
0
    1040
0.5
    1070
0
    1002
}
    1000
LeadOut
    1002
{
    1070
0
    1040
0
    1040
0
    1040
0
    1070
0
    1002
}
    1000
IsFill
    1070
1
    1000
PathStart
    1040
33.5
    1000
ToolCompensation
    1002
{
    1070
0
    1040
0
    1070
0
    1002
}
    1000
MicroConnect
    1002
{
    1070
1
    1040
33.3844771
    1041
0.8
    1042
0
    1002
}
       0
ENDBLK
       5
2201
     330
2027
     100
AcDbEntity
       8
0
     100
AcDbBlockEnd
       0
BLOCK
       5
2202
     330
2028
     100
AcDbEntity
       8
0
     100
AcDbBlockBegin
       2
Part806444831
      70
0
      10
-1.39888101E-14
      20
-5.70654635E-14
      30
0
       3
Part806444831
       1

       4
CypCutBlock
       0
LWPOLYLINE
       5
2203
     100
AcDbEntity
       8
1
     100
AcDbPolyline
      90
6
      70
1
      10
88.6809524417193
      20
40.2426406871193
      42
-0.668178637919299
      10
84.4383117546
      20
30
      42
0
      10
36
      20
30
      42
-0.414213562373094
      10
30
      20
36
      42
0
      10
30
      20
84.4383117546
      42
-0.668178637919298
      10
40.2426406871
      20
88.6809524417
      42
0
    1001
FS_CYPCUT
    1000
Channel
    1070
1
    1000
LeadIn
    1002
{
    1070
3
    1040
5.5
    1040
1.5707963267949
    1040
1
    1040
1
    1070
0
    1040
0.5
    1070
0
    1002
}
    1000
LeadOut
    1002
{
    1070
0
    1040
0
    1040
0
    1040
0
    1070
0
    1002
}
    1000
IsFill
    1070
0
    1000
PathStart
    1040
5.5
    1000
ToolCompensation
    1002
{
    1070
0
    1040
0
    1070
0
    1002
}
       0
LWPOLYLINE
       5
2204
     100
AcDbEntity
       8
1
     100
AcDbPolyline
      90
28
      70
1
      10
161.35
      20
8.3431457505
      42
0
      10
161.35
      20
4
      42
-0.414213562373088
      10
157.35
      20
0
      42
0
      10
142.6
      20
-5.7065463465733E-14
      42
-0.414213562373093
      10
141.6
      20
1
      42
0
      10
141.6
      20
2.2
      42
0
      10
121.1
      20
2.2
      42
0
      10
121.1
      20
1
      42
-0.414213562373102
      10
120.1
      20
7.99360577730113E-15
      42
0
      10
47.6
      20
0
      42
-0.414213562373088
      10
46.6
      20
1
      42
0
      10
46.6
      20
2.2
      42
0
      10
26.1
      20
2.2
      42
0
      10
26.1
      20
1
      42
-0.414213562373092
      10
25.1
      20
8.10462807976364E-14
      42
0
      10
4
      20
-4.44089209850063E-15
      42
-0.414213562373095
      10
-4.44089209850063E-15
      20
4
      42
0
      10
-1.3988810110277E-14
      20
88.75
      42
-0.414213562373087
      10
1
      20
89.75
      42
0
      10
2.2
      20
89.75
      42
0
      10
2.2
      20
120.25
      42
0
      10
1
      20
120.25
      42
-0.414213562373104
      10
0
      20
121.25
      42
0
      10
-4.44089209850063E-15
      20
156
      42
-0.414213562373091
      10
4
      20
160
      42
0
      10
9.6931457505
      20
160
      42
-0.198912367379661
      10
12.5215728752463
      20
158.828427124746
      42
0
      10
160.1784271247
      20
11.1715728753
      42
-0.198912367379671
    1001
FS_CYPCUT
    1000
Channel
    1070
1
    1000
LeadIn
    1002
{
    1070
3
    1040
26.5
    1040
1.5707963267949
    1040
1
    1040
1
    1070
0
    1040
0.5
    1070
0
    1002
}
    1000
LeadOut
    1002
{
    1070
0
    1040
0
    1040
0
    1040
0
    1070
0
    1002
}
    1000
IsFill
    1070
1
    1000
PathStart
    1040
26.5
    1000
ToolCompensation
    1002
{
    1070
0
    1040
0
    1070
0
    1002
}
    1000
MicroConnect
    1002
{
    1070
2
    1040
5.6354198
    1041
0.8
    1042
0
    1040
19.4054723
    1041
0.8
    1042
0
    1002
}
       0
ENDBLK
       5
2205
     330
2028
     100
AcDbEntity
       8
0
     100
AcDbBlockEnd
       0
BLOCK
       5
2206
     330
2029
     100
AcDbEntity
       8
0
     100
AcDbBlockBegin
       2
Part647631087
      70
0
      10
-1.33226763E-14
      20
-1.33226763E-14
      30
0
       3
Part647631087
       1

       4
CypCutBlock
       0
CIRCLE
       5
2207
     100
AcDbEntity
       8
1
     100
AcDbCircle
      10
12.5
      20
12
      30
0
      40
4.49999999999999
    1001
FS_CYPCUT
    1000
Channel
    1070
1
    1000
LeadIn
    1002
{
    1070
3
    1040
0
    1040
1.5707963267949
    1040
1
    1040
1
    1070
0
    1040
0.5
    1070
0
    1002
}
    1000
LeadOut
    1002
{
    1070
0
    1040
0
    1040
0
    1040
0
    1070
0
    1002
}
    1000
IsFill
    1070
0
    1000
PathStart
    1040
0
    1000
ToolCompensation
    1002
{
    1070
0
    1040
0
    1070
0
    1002
}
       0
CIRCLE
       5
2208
     100
AcDbEntity
       8
1
     100
AcDbCircle
      10
103.8333333333
      20
12
      30
0
      40
4.50000000000002
    1001
FS_CYPCUT
    1000
Channel
    1070
1
    1000
LeadIn
    1002
{
    1070
3
    1040
8.32667268468867E-17
    1040
1.5707963267949
    1040
1
    1040
1
    1070
0
    1040
0.5
    1070
0
    1002
}
    1000
LeadOut
    1002
{
    1070
0
    1040
0
    1040
0
    1040
0
    1070
0
    1002
}
    1000
IsFill
    1070
0
    1000
PathStart
    1040
8.32667268468867E-17
    1000
ToolCompensation
    1002
{
    1070
0
    1040
0
    1070
0
    1002
}
       0
CIRCLE
       5
2209
     100
AcDbEntity
       8
1
     100
AcDbCircle
      10
195.1666666667
      20
12
      30
0
      40
4.49999999999999
    1001
FS_CYPCUT
    1000
Channel
    1070
1
    1000
LeadIn
    1002
{
    1070
3
    1040
0
    1040
1.5707963267949
    1040
1
    1040
1
    1070
0
    1040
0.5
    1070
0
    1002
}
    1000
LeadOut
    1002
{
    1070
0
    1040
0
    1040
0
    1040
0
    1070
0
    1002
}
    1000
IsFill
    1070
0
    1000
PathStart
    1040
1
    1000
ToolCompensation
    1002
{
    1070
0
    1040
0
    1070
0
    1002
}
       0
CIRCLE
       5
220A
     100
AcDbEntity
       8
1
     100
AcDbCircle
      10
286.5
      20
12
      30
0
      40
4.49999999999988
    1001
FS_CYPCUT
    1000
Channel
    1070
1
    1000
LeadIn
    1002
{
    1070
3
    1040
5.55111512312578E-17
    1040
1.5707963267949
    1040
1
    1040
1
    1070
0
    1040
0.5
    1070
0
    1002
}
    1000
LeadOut
    1002
{
    1070
0
    1040
0
    1040
0
    1040
0
    1070
0
    1002
}
    1000
IsFill
    1070
0
    1000
PathStart
    1040
5.55111512312578E-17
    1000
ToolCompensation
    1002
{
    1070
0
    1040
0
    1070
0
    1002
}
       0
CIRCLE
       5
220B
     100
AcDbEntity
       8
1
     100
AcDbCircle
      10
286.5
      20
110.6666666667
      30
0
      40
4.49999999999989
    1001
FS_CYPCUT
    1000
Channel
    1070
1
    1000
LeadIn
    1002
{
    1070
3
    1040
3.60822483003176E-16
    1040
1.5707963267949
    1040
1
    1040
1
    1070
0
    1040
0.5
    1070
0
    1002
}
    1000
LeadOut
    1002
{
    1070
0
    1040
0
    1040
0
    1040
0
    1070
0
    1002
}
    1000
IsFill
    1070
0
    1000
PathStart
    1040
3.60822483003176E-16
    1000
ToolCompensation
    1002
{
    1070
0
    1040
0
    1070
0
    1002
}
       0
CIRCLE
       5
220C
     100
AcDbEntity
       8
1
     100
AcDbCircle
      10
12.5
      20
110.6666666667
      30
0
      40
4.50000000000003
    1001
FS_CYPCUT
    1000
Channel
    1070
1
    1000
LeadIn
    1002
{
    1070
3
    1040
1.38777878078145E-16
    1040
1.5707963267949
    1040
1
    1040
1
    1070
0
    1040
0.5
    1070
0
    1002
}
    1000
LeadOut
    1002
{
    1070
0
    1040
0
    1040
0
    1040
0
    1070
0
    1002
}
    1000
IsFill
    1070
0
    1000
PathStart
    1040
1.38777878078145E-16
    1000
ToolCompensation
    1002
{
    1070
0
    1040
0
    1070
0
    1002
}
       0
LWPOLYLINE
       5
220D
     100
AcDbEntity
       8
1
     100
AcDbPolyline
      90
4
      70
1
      10
272.25
      20
295.5
      42
0
      10
272.25
      20
24.5
      42
0
      10
26.75
      20
24.5
      42
0
      10
26.75
      20
295.5
      42
0
    1001
FS_CYPCUT
    1000
Channel
    1070
1
    1000
LeadIn
    1002
{
    1070
3
    1040
0.5
    1040
1.5707963267949
    1040
1
    1040
1
    1070
0
    1040
0.5
    1070
0
    1002
}
    1000
LeadOut
    1002
{
    1070
0
    1040
0
    1040
0
    1040
0
    1070
0
    1002
}
    1000
IsFill
    1070
0
    1000
PathStart
    1040
0.5
    1000
ToolCompensation
    1002
{
    1070
0
    1040
0
    1070
0
    1002
}
       0
CIRCLE
       5
220E
     100
AcDbEntity
       8
1
     100
AcDbCircle
      10
286.5
      20
209.3333333333
      30
0
      40
4.49999999999989
    1001
FS_CYPCUT
    1000
Channel
    1070
1
    1000
LeadIn
    1002
{
    1070
3
    1040
0
    1040
1.5707963267949
    1040
1
    1040
1
    1070
0
    1040
0.5
    1070
0
    1002
}
    1000
LeadOut
    1002
{
    1070
0
    1040
0
    1040
0
    1040
0
    1070
0
    1002
}
    1000
IsFill
    1070
0
    1000
PathStart
    1040
0
    1000
ToolCompensation
    1002
{
    1070
0
    1040
0
    1070
0
    1002
}
       0
CIRCLE
       5
220F
     100
AcDbEntity
       8
1
     100
AcDbCircle
      10
12.5
      20
209.3333333333
      30
0
      40
4.50000000000003
    1001
FS_CYPCUT
    1000
Channel
    1070
1
    1000
LeadIn
    1002
{
    1070
3
    1040
1.38777878078145E-16
    1040
1.5707963267949
    1040
1
    1040
1
    1070
0
    1040
0.5
    1070
0
    1002
}
    1000
LeadOut
    1002
{
    1070
0
    1040
0
    1040
0
    1040
0
    1070
0
    1002
}
    1000
IsFill
    1070
0
    1000
PathStart
    1040
1.38777878078145E-16
    1000
ToolCompensation
    1002
{
    1070
0
    1040
0
    1070
0
    1002
}
       0
CIRCLE
       5
2210
     100
AcDbEntity
       8
1
     100
AcDbCircle
      10
12.5
      20
308
      30
0
      40
4.49999999999994
    1001
FS_CYPCUT
    1000
Channel
    1070
1
    1000
LeadIn
    1002
{
    1070
3
    1040
2.22044604925031E-16
    1040
1.5707963267949
    1040
1
    1040
1
    1070
0
    1040
0.5
    1070
0
    1002
}
    1000
LeadOut
    1002
{
    1070
0
    1040
0
    1040
0
    1040
0
    1070
0
    1002
}
    1000
IsFill
    1070
0
    1000
PathStart
    1040
2.22044604925031E-16
    1000
ToolCompensation
    1002
{
    1070
0
    1040
0
    1070
0
    1002
}
       0
CIRCLE
       5
2211
     100
AcDbEntity
       8
1
     100
AcDbCircle
      10
103.8333333333
      20
308
      30
0
      40
4.49999999999994
    1001
FS_CYPCUT
    1000
Channel
    1070
1
    1000
LeadIn
    1002
{
    1070
3
    1040
3.60822483003176E-16
    1040
1.5707963267949
    1040
1
    1040
1
    1070
0
    1040
0.5
    1070
0
    1002
}
    1000
LeadOut
    1002
{
    1070
0
    1040
0
    1040
0
    1040
0
    1070
0
    1002
}
    1000
IsFill
    1070
0
    1000
PathStart
    1040
3.60822483003176E-16
    1000
ToolCompensation
    1002
{
    1070
0
    1040
0
    1070
0
    1002
}
       0
CIRCLE
       5
2212
     100
AcDbEntity
       8
1
     100
AcDbCircle
      10
195.1666666667
      20
308
      30
0
      40
4.49999999999994
    1001
FS_CYPCUT
    1000
Channel
    1070
1
    1000
LeadIn
    1002
{
    1070
3
    1040
0
    1040
1.5707963267949
    1040
1
    1040
1
    1070
0
    1040
0.5
    1070
0
    1002
}
    1000
LeadOut
    1002
{
    1070
0
    1040
0
    1040
0
    1040
0
    1070
0
    1002
}
    1000
IsFill
    1070
0
    1000
PathStart
    1040
0
    1000
ToolCompensation
    1002
{
    1070
0
    1040
0
    1070
0
    1002
}
       0
CIRCLE
       5
2213
     100
AcDbEntity
       8
1
     100
AcDbCircle
      10
286.5
      20
308
      30
0
      40
4.49999999999983
    1001
FS_CYPCUT
    1000
Channel
    1070
1
    1000
LeadIn
    1002
{
    1070
3
    1040
0
    1040
1.5707963267949
    1040
1
    1040
1
    1070
0
    1040
0.5
    1070
0
    1002
}
    1000
LeadOut
    1002
{
    1070
0
    1040
0
    1040
0
    1040
0
    1070
0
    1002
}
    1000
IsFill
    1070
0
    1000
PathStart
    1040
0
    1000
ToolCompensation
    1002
{
    1070
0
    1040
0
    1070
0
    1002
}
       0
LWPOLYLINE
       5
2214
     100
AcDbEntity
       8
1
     100
AcDbPolyline
      90
8
      70
1
      10
299
      20
315
      42
0.414213562373082
      10
294
      20
320
      42
0
      10
5
      20
320
      42
0.414213562373094
      10
0
      20
315
      42
0
      10
-1.33226762955019E-14
      20
5
      42
0.414213562373095
      10
5
      20
-1.33226762955019E-14
      42
0
      10
294
      20
-5.32907051820075E-15
      42
0.414213562373103
      10
299
      20
5
      42
0
    1001
FS_CYPCUT
    1000
Channel
    1070
1
    1000
LeadIn
    1002
{
    1070
3
    1040
3.5
    1040
1.5707963267949
    1040
1
    1040
1
    1070
0
    1040
0.5
    1070
0
    1002
}
    1000
LeadOut
    1002
{
    1070
0
    1040
0
    1040
0
    1040
0
    1070
0
    1002
}
    1000
IsFill
    1070
1
    1000
PathStart
    1040
3.5
    1000
ToolCompensation
    1002
{
    1070
0
    1040
0
    1070
0
    1002
}
    1000
MicroConnect
    1002
{
    1070
2
    1040
3.14368343
    1041
0.8
    1042
0
    1040
7.0719309
    1041
0.8
    1042
0
    1002
}
       0
ENDBLK
       5
2215
     330
2029
     100
AcDbEntity
       8
0
     100
AcDbBlockEnd
       0
BLOCK
       5
2216
     330
202A
     100
AcDbEntity
       8
0
     100
AcDbBlockBegin
       2
Part319176573
      70
0
      10
-18.9369456
      20
-2
      30
0
       3
Part319176573
       1

       4
CypCutBlock
       0
LWPOLYLINE
       5
2217
     100
AcDbEntity
       8
1
     100
AcDbPolyline
      90
4
      70
1
      10
11.5
      20
26
      42
0
      10
11.5
      20
18
      42
-1
      10
-11.5
      20
18
      42
0
      10
-11.5
      20
26
      42
-1
    1001
FS_CYPCUT
    1000
Channel
    1070
1
    1000
LeadIn
    1002
{
    1070
3
    1040
1.5
    1040
1.5707963267949
    1040
1
    1040
1
    1070
0
    1040
0.5
    1070
0
    1002
}
    1000
LeadOut
    1002
{
    1070
0
    1040
0
    1040
0
    1040
0
    1070
0
    1002
}
    1000
IsFill
    1070
0
    1000
PathStart
    1040
1.5
    1000
ToolCompensation
    1002
{
    1070
0
    1040
0
    1070
0
    1002
}
       0
LWPOLYLINE
       5
2218
     100
AcDbEntity
       8
1
     100
AcDbPolyline
      90
14
      70
1
      10
18.9334397089
      20
0.5591064449
      42
0
      10
14.5248732799
      20
37.5910644489
      42
0.379919415754875
      10
9.5599319089
      20
42
      42
0
      10
-9.5599319089
      20
42
      42
0.379919415754876
      10
-14.5248732798751
      20
37.5910644489222
      42
0
      10
-18.9334397089
      20
0.5591064449
      42
0.449359996798009
      10
-18.4369455718
      20
0
      42
0
      10
-9.8
      20
0
      42
0
      10
-9.8
      20
-1.5
      42
0.414213562373097
      10
-9.3
      20
-2
      42
0
      10
9.3
      20
-2
      42
0.414213562373099
      10
9.80000000000001
      20
-1.5
      42
0
      10
9.8
      20
0
      42
0
      10
18.4369455718
      20
0
      42
0.449359996798006
    1001
FS_CYPCUT
    1000
Channel
    1070
1
    1000
LeadIn
    1002
{
    1070
3
    1040
0.5
    1040
1.5707963267949
    1040
1
    1040
1
    1070
0
    1040
0.5
    1070
0
    1002
}
    1000
LeadOut
    1002
{
    1070
0
    1040
0
    1040
0
    1040
0
    1070
0
    1002
}
    1000
IsFill
    1070
1
    1000
PathStart
    1040
0.5
    1000
ToolCompensation
    1002
{
    1070
0
    1040
0
    1070
0
    1002
}
    1000
MicroConnect
    1002
{
    1070
2
    1040
2.536355
    1041
0.8
    1042
0
    1040
9.29819599
    1041
0.8
    1042
0
    1002
}
       0
ENDBLK
       5
2219
     330
202A
     100
AcDbEntity
       8
0
     100
AcDbBlockEnd
       0
BLOCK
       5
221A
     330
202B
     100
AcDbEntity
       8
0
     100
AcDbBlockBegin
       2
Part2079959149
      70
0
      10
-100
      20
-35
      30
0
       3
Part2079959149
       1

       4
CypCutBlock
       0
CIRCLE
       5
221B
     100
AcDbEntity
       8
1
     100
AcDbCircle
      10
-75
      20
13
      30
0
      40
4.25
    1001
FS_CYPCUT
    1000
Channel
    1070
1
    1000
LeadIn
    1002
{
    1070
3
    1040
1.11022302462516E-16
    1040
1.5707963267949
    1040
1
    1040
1
    1070
0
    1040
0.5
    1070
0
    1002
}
    1000
LeadOut
    1002
{
    1070
0
    1040
0
    1040
0
    1040
0
    1070
0
    1002
}
    1000
IsFill
    1070
0
    1000
PathStart
    1040
1.11022302462516E-16
    1000
ToolCompensation
    1002
{
    1070
0
    1040
0
    1070
0
    1002
}
       0
CIRCLE
       5
221C
     100
AcDbEntity
       8
1
     100
AcDbCircle
      10
75
      20
13
      30
0
      40
4.25
    1001
FS_CYPCUT
    1000
Channel
    1070
1
    1000
LeadIn
    1002
{
    1070
3
    1040
1.11022302462516E-16
    1040
1.5707963267949
    1040
1
    1040
1
    1070
0
    1040
0.5
    1070
0
    1002
}
    1000
LeadOut
    1002
{
    1070
0
    1040
0
    1040
0
    1040
0
    1070
0
    1002
}
    1000
IsFill
    1070
0
    1000
PathStart
    1040
1.11022302462516E-16
    1000
ToolCompensation
    1002
{
    1070
0
    1040
0
    1070
0
    1002
}
       0
LWPOLYLINE
       5
221D
     100
AcDbEntity
       8
1
     100
AcDbPolyline
      90
24
      70
1
      10
100
      20
25
      42
0.414213562373095
      10
90
      20
35
      42
0
      10
67
      20
35
      42
0.414213562373093
      10
65
      20
33
      42
0
      10
65
      20
30.65
      42
-0.414213562373091
      10
63
      20
28.65
      42
0
      10
43
      20
28.65
      42
0.414213562373098
      10
41
      20
26.65
      42
0
      10
41
      20
-9.35
      42
-0.414213562373095
      10
39
      20
-11.35
      42
0
      10
-39
      20
-11.35
      42
-0.414213562373091
      10
-41
      20
-9.35
      42
0
      10
-41
      20
26.65
      42
0.414213562373097
      10
-43
      20
28.65
      42
0
      10
-63
      20
28.65
      42
-0.414213562373092
      10
-65
      20
30.65
      42
0
      10
-65
      20
33
      42
0.414213562373095
      10
-67
      20
35
      42
0
      10
-90
      20
35
      42
0.414213562373095
      10
-100
      20
25
      42
0
      10
-100
      20
-25
      42
0.414213562373095
      10
-90
      20
-35
      42
0
      10
90
      20
-35
      42
0.414213562373095
      10
100
      20
-25
      42
0
    1001
FS_CYPCUT
    1000
Channel
    1070
1
    1000
LeadIn
    1002
{
    1070
3
    1040
21.5
    1040
1.5707963267949
    1040
1
    1040
1
    1070
0
    1040
0.5
    1070
0
    1002
}
    1000
LeadOut
    1002
{
    1070
0
    1040
0
    1040
0
    1040
0
    1070
0
    1002
}
    1000
IsFill
    1070
1
    1000
PathStart
    1040
21.5
    1000
ToolCompensation
    1002
{
    1070
0
    1040
0
    1070
0
    1002
}
    1000
MicroConnect
    1002
{
    1070
1
    1040
21.3246097
    1041
0.8
    1042
0
    1002
}
       0
ENDBLK
       5
221E
     330
202B
     100
AcDbEntity
       8
0
     100
AcDbBlockEnd
       0
BLOCK
       5
221F
     330
202C
     100
AcDbEntity
       8
0
     100
AcDbBlockBegin
       2
Part1374865999
      70
0
      10
-1.39888101E-14
      20
-5.70654635E-14
      30
0
       3
Part1374865999
       1

       4
CypCutBlock
       0
LWPOLYLINE
       5
2220
     100
AcDbEntity
       8
1
     100
AcDbPolyline
      90
6
      70
1
      10
88.6809524417193
      20
40.2426406871193
      42
-0.668178637919299
      10
84.4383117546
      20
30
      42
0
      10
36
      20
30
      42
-0.414213562373094
      10
30
      20
36
      42
0
      10
30
      20
84.4383117546
      42
-0.668178637919298
      10
40.2426406871
      20
88.6809524417
      42
0
    1001
FS_CYPCUT
    1000
Channel
    1070
1
    1000
LeadIn
    1002
{
    1070
3
    1040
5.5
    1040
1.5707963267949
    1040
1
    1040
1
    1070
0
    1040
0.5
    1070
0
    1002
}
    1000
LeadOut
    1002
{
    1070
0
    1040
0
    1040
0
    1040
0
    1070
0
    1002
}
    1000
IsFill
    1070
0
    1000
PathStart
    1040
5.5
    1000
ToolCompensation
    1002
{
    1070
0
    1040
0
    1070
0
    1002
}
       0
LWPOLYLINE
       5
2221
     100
AcDbEntity
       8
1
     100
AcDbPolyline
      90
28
      70
1
      10
161.35
      20
8.3431457505
      42
0
      10
161.35
      20
4
      42
-0.414213562373088
      10
157.35
      20
0
      42
0
      10
142.6
      20
-5.7065463465733E-14
      42
-0.414213562373093
      10
141.6
      20
1
      42
0
      10
141.6
      20
2.2
      42
0
      10
121.1
      20
2.2
      42
0
      10
121.1
      20
1
      42
-0.414213562373102
      10
120.1
      20
7.99360577730113E-15
      42
0
      10
47.6
      20
0
      42
-0.414213562373088
      10
46.6
      20
1
      42
0
      10
46.6
      20
2.2
      42
0
      10
26.1
      20
2.2
      42
0
      10
26.1
      20
1
      42
-0.414213562373092
      10
25.1
      20
8.10462807976364E-14
      42
0
      10
4
      20
-4.44089209850063E-15
      42
-0.414213562373095
      10
-4.44089209850063E-15
      20
4
      42
0
      10
-1.3988810110277E-14
      20
88.75
      42
-0.414213562373087
      10
1
      20
89.75
      42
0
      10
2.2
      20
89.75
      42
0
      10
2.2
      20
120.25
      42
0
      10
1
      20
120.25
      42
-0.414213562373104
      10
0
      20
121.25
      42
0
      10
-4.44089209850063E-15
      20
156
      42
-0.414213562373091
      10
4
      20
160
      42
0
      10
9.6931457505
      20
160
      42
-0.198912367379661
      10
12.5215728752463
      20
158.828427124746
      42
0
      10
160.1784271247
      20
11.1715728753
      42
-0.198912367379671
    1001
FS_CYPCUT
    1000
Channel
    1070
1
    1000
LeadIn
    1002
{
    1070
3
    1040
26.5
    1040
1.5707963267949
    1040
1
    1040
1
    1070
0
    1040
0.5
    1070
0
    1002
}
    1000
LeadOut
    1002
{
    1070
0
    1040
0
    1040
0
    1040
0
    1070
0
    1002
}
    1000
IsFill
    1070
1
    1000
PathStart
    1040
26.5
    1000
ToolCompensation
    1002
{
    1070
0
    1040
0
    1070
0
    1002
}
    1000
MicroConnect
    1002
{
    1070
2
    1040
5.6354198
    1041
0.8
    1042
0
    1040
19.4054723
    1041
0.8
    1042
0
    1002
}
       0
ENDBLK
       5
2222
     330
202C
     100
AcDbEntity
       8
0
     100
AcDbBlockEnd
       0
BLOCK
       5
2223
     330
202D
     100
AcDbEntity
       8
0
     100
AcDbBlockBegin
       2
Part1178119592
      70
0
      10
-1.39888101E-14
      20
-5.70654635E-14
      30
0
       3
Part1178119592
       1

       4
CypCutBlock
       0
LWPOLYLINE
       5
2224
     100
AcDbEntity
       8
1
     100
AcDbPolyline
      90
6
      70
1
      10
88.6809524417193
      20
40.2426406871193
      42
-0.668178637919299
      10
84.4383117546
      20
30
      42
0
      10
36
      20
30
      42
-0.414213562373094
      10
30
      20
36
      42
0
      10
30
      20
84.4383117546
      42
-0.668178637919298
      10
40.2426406871
      20
88.6809524417
      42
0
    1001
FS_CYPCUT
    1000
Channel
    1070
1
    1000
LeadIn
    1002
{
    1070
3
    1040
5.5
    1040
1.5707963267949
    1040
1
    1040
1
    1070
0
    1040
0.5
    1070
0
    1002
}
    1000
LeadOut
    1002
{
    1070
0
    1040
0
    1040
0
    1040
0
    1070
0
    1002
}
    1000
IsFill
    1070
0
    1000
PathStart
    1040
5.5
    1000
ToolCompensation
    1002
{
    1070
0
    1040
0
    1070
0
    1002
}
       0
LWPOLYLINE
       5
2225
     100
AcDbEntity
       8
1
     100
AcDbPolyline
      90
28
      70
1
      10
161.35
      20
8.3431457505
      42
0
      10
161.35
      20
4
      42
-0.414213562373088
      10
157.35
      20
0
      42
0
      10
142.6
      20
-5.7065463465733E-14
      42
-0.414213562373093
      10
141.6
      20
1
      42
0
      10
141.6
      20
2.2
      42
0
      10
121.1
      20
2.2
      42
0
      10
121.1
      20
1
      42
-0.414213562373102
      10
120.1
      20
7.99360577730113E-15
      42
0
      10
47.6
      20
0
      42
-0.414213562373088
      10
46.6
      20
1
      42
0
      10
46.6
      20
2.2
      42
0
      10
26.1
      20
2.2
      42
0
      10
26.1
      20
1
      42
-0.414213562373092
      10
25.1
      20
8.10462807976364E-14
      42
0
      10
4
      20
-4.44089209850063E-15
      42
-0.414213562373095
      10
-4.44089209850063E-15
      20
4
      42
0
      10
-1.3988810110277E-14
      20
88.75
      42
-0.414213562373087
      10
1
      20
89.75
      42
0
      10
2.2
      20
89.75
      42
0
      10
2.2
      20
120.25
      42
0
      10
1
      20
120.25
      42
-0.414213562373104
      10
0
      20
121.25
      42
0
      10
-4.44089209850063E-15
      20
156
      42
-0.414213562373091
      10
4
      20
160
      42
0
      10
9.6931457505
      20
160
      42
-0.198912367379661
      10
12.5215728752463
      20
158.828427124746
      42
0
      10
160.1784271247
      20
11.1715728753
      42
-0.198912367379671
    1001
FS_CYPCUT
    1000
Channel
    1070
1
    1000
LeadIn
    1002
{
    1070
3
    1040
26.5
    1040
1.5707963267949
    1040
1
    1040
1
    1070
0
    1040
0.5
    1070
0
    1002
}
    1000
LeadOut
    1002
{
    1070
0
    1040
0
    1040
0
    1040
0
    1070
0
    1002
}
    1000
IsFill
    1070
1
    1000
PathStart
    1040
26.5
    1000
ToolCompensation
    1002
{
    1070
0
    1040
0
    1070
0
    1002
}
    1000
MicroConnect
    1002
{
    1070
2
    1040
5.6354198
    1041
0.8
    1042
0
    1040
19.4054723
    1041
0.8
    1042
0
    1002
}
       0
ENDBLK
       5
2226
     330
202D
     100
AcDbEntity
       8
0
     100
AcDbBlockEnd
       0
BLOCK
       5
2227
     330
202E
     100
AcDbEntity
       8
0
     100
AcDbBlockBegin
       2
CommonPart1005033009
      70
0
      10
222.059
      20
1605.1938
      30
0
       3
CommonPart1005033009
       1

       4
CypCutBlock
       0
LWPOLYLINE
       5
2228
     100
AcDbEntity
       8
1
     100
AcDbPolyline
      90
8
      70
0
      10
267.059
      20
1655.1938
      42
-0.414213562373095
      10
272.059
      20
1650.1938
      42
0
      10
272.059
      20
1605.1938
      42
0
      10
264.1300678119
      20
1605.1938
      42
-0.198912367379659
      10
260.5945339059
      20
1606.6582660941
      42
0
      10
223.523466094067
      20
1643.72933390597
      42
-0.198912367379659
      10
222.059
      20
1647.2648678119
      42
0
      10
222.059
      20
1655.1938
      42
0
    1001
FS_CYPCUT
    1000
Channel
    1070
1
    1000
LeadIn
    1002
{
    1070
0
    1040
0.0127323954473516
    1040
1.5707963267949
    1040
1
    1040
1
    1070
0
    1040
0.5
    1070
0
    1002
}
    1000
LeadOut
    1002
{
    1070
0
    1040
0
    1040
0
    1040
0
    1070
0
    1002
}
    1000
IsFill
    1070
1
    1000
PathStart
    1040
0
    1000
ToolCompensation
    1002
{
    1070
0
    1040
0
    1070
0
    1002
}
    1000
MicroConnect
    1002
{
    1070
1
    1040
0
    1041
0.1
    1042
0
    1002
}
       0
LWPOLYLINE
       5
2229
     100
AcDbEntity
       8
1
     100
AcDbPolyline
      90
8
      70
1
      10
267.059
      20
1655.1939
      42
0.414213562373095
      10
272.059
      20
1660.1939
      42
0
      10
272.059
      20
1705.1939
      42
0
      10
264.1300678119
      20
1705.1939
      42
0.198912367379659
      10
260.594533905967
      20
1703.72943390593
      42
0
      10
223.5234660941
      20
1666.6583660941
      42
0.198912367379659
      10
222.059
      20
1663.1228321881
      42
0
      10
222.059
      20
1655.1939
      42
0
    1001
FS_CYPCUT
    1000
Channel
    1070
1
    1000
LeadIn
    1002
{
    1070
0
    1040
7
    1040
1.5707963267949
    1040
1
    1040
1
    1070
0
    1040
0.5
    1070
0
    1002
}
    1000
LeadOut
    1002
{
    1070
0
    1040
0
    1040
0
    1040
0
    1070
0
    1002
}
    1000
IsFill
    1070
1
    1000
PathStart
    1040
7
    1000
ToolCompensation
    1002
{
    1070
0
    1040
0
    1070
0
    1002
}
       0
ENDBLK
       5
222A
     330
202E
     100
AcDbEntity
       8
0
     100
AcDbBlockEnd
       0
BLOCK
       5
222B
     330
202F
     100
AcDbEntity
       8
0
     100
AcDbBlockBegin
       2
Part1944710623
      70
0
      10
-1.33226763E-14
      20
-1.33226763E-14
      30
0
       3
Part1944710623
       1

       4
CypCutBlock
       0
CIRCLE
       5
222C
     100
AcDbEntity
       8
1
     100
AcDbCircle
      10
12.5
      20
12
      30
0
      40
4.49999999999999
    1001
FS_CYPCUT
    1000
Channel
    1070
1
    1000
LeadIn
    1002
{
    1070
3
    1040
0
    1040
1.5707963267949
    1040
1
    1040
1
    1070
0
    1040
0.5
    1070
0
    1002
}
    1000
LeadOut
    1002
{
    1070
0
    1040
0
    1040
0
    1040
0
    1070
0
    1002
}
    1000
IsFill
    1070
0
    1000
PathStart
    1040
0
    1000
ToolCompensation
    1002
{
    1070
0
    1040
0
    1070
0
    1002
}
       0
CIRCLE
       5
222D
     100
AcDbEntity
       8
1
     100
AcDbCircle
      10
103.8333333333
      20
12
      30
0
      40
4.50000000000002
    1001
FS_CYPCUT
    1000
Channel
    1070
1
    1000
LeadIn
    1002
{
    1070
3
    1040
8.32667268468867E-17
    1040
1.5707963267949
    1040
1
    1040
1
    1070
0
    1040
0.5
    1070
0
    1002
}
    1000
LeadOut
    1002
{
    1070
0
    1040
0
    1040
0
    1040
0
    1070
0
    1002
}
    1000
IsFill
    1070
0
    1000
PathStart
    1040
8.32667268468867E-17
    1000
ToolCompensation
    1002
{
    1070
0
    1040
0
    1070
0
    1002
}
       0
CIRCLE
       5
222E
     100
AcDbEntity
       8
1
     100
AcDbCircle
      10
195.1666666667
      20
12
      30
0
      40
4.49999999999999
    1001
FS_CYPCUT
    1000
Channel
    1070
1
    1000
LeadIn
    1002
{
    1070
3
    1040
0
    1040
1.5707963267949
    1040
1
    1040
1
    1070
0
    1040
0.5
    1070
0
    1002
}
    1000
LeadOut
    1002
{
    1070
0
    1040
0
    1040
0
    1040
0
    1070
0
    1002
}
    1000
IsFill
    1070
0
    1000
PathStart
    1040
1
    1000
ToolCompensation
    1002
{
    1070
0
    1040
0
    1070
0
    1002
}
       0
CIRCLE
       5
222F
     100
AcDbEntity
       8
1
     100
AcDbCircle
      10
286.5
      20
12
      30
0
      40
4.49999999999988
    1001
FS_CYPCUT
    1000
Channel
    1070
1
    1000
LeadIn
    1002
{
    1070
3
    1040
5.55111512312578E-17
    1040
1.5707963267949
    1040
1
    1040
1
    1070
0
    1040
0.5
    1070
0
    1002
}
    1000
LeadOut
    1002
{
    1070
0
    1040
0
    1040
0
    1040
0
    1070
0
    1002
}
    1000
IsFill
    1070
0
    1000
PathStart
    1040
5.55111512312578E-17
    1000
ToolCompensation
    1002
{
    1070
0
    1040
0
    1070
0
    1002
}
       0
CIRCLE
       5
2230
     100
AcDbEntity
       8
1
     100
AcDbCircle
      10
286.5
      20
110.6666666667
      30
0
      40
4.49999999999989
    1001
FS_CYPCUT
    1000
Channel
    1070
1
    1000
LeadIn
    1002
{
    1070
3
    1040
3.60822483003176E-16
    1040
1.5707963267949
    1040
1
    1040
1
    1070
0
    1040
0.5
    1070
0
    1002
}
    1000
LeadOut
    1002
{
    1070
0
    1040
0
    1040
0
    1040
0
    1070
0
    1002
}
    1000
IsFill
    1070
0
    1000
PathStart
    1040
3.60822483003176E-16
    1000
ToolCompensation
    1002
{
    1070
0
    1040
0
    1070
0
    1002
}
       0
CIRCLE
       5
2231
     100
AcDbEntity
       8
1
     100
AcDbCircle
      10
12.5
      20
110.6666666667
      30
0
      40
4.50000000000003
    1001
FS_CYPCUT
    1000
Channel
    1070
1
    1000
LeadIn
    1002
{
    1070
3
    1040
1.38777878078145E-16
    1040
1.5707963267949
    1040
1
    1040
1
    1070
0
    1040
0.5
    1070
0
    1002
}
    1000
LeadOut
    1002
{
    1070
0
    1040
0
    1040
0
    1040
0
    1070
0
    1002
}
    1000
IsFill
    1070
0
    1000
PathStart
    1040
1.38777878078145E-16
    1000
ToolCompensation
    1002
{
    1070
0
    1040
0
    1070
0
    1002
}
       0
LWPOLYLINE
       5
2232
     100
AcDbEntity
       8
1
     100
AcDbPolyline
      90
4
      70
1
      10
272.25
      20
295.5
      42
0
      10
272.25
      20
24.5
      42
0
      10
26.75
      20
24.5
      42
0
      10
26.75
      20
295.5
      42
0
    1001
FS_CYPCUT
    1000
Channel
    1070
1
    1000
LeadIn
    1002
{
    1070
3
    1040
0.5
    1040
1.5707963267949
    1040
1
    1040
1
    1070
0
    1040
0.5
    1070
0
    1002
}
    1000
LeadOut
    1002
{
    1070
0
    1040
0
    1040
0
    1040
0
    1070
0
    1002
}
    1000
IsFill
    1070
0
    1000
PathStart
    1040
0.5
    1000
ToolCompensation
    1002
{
    1070
0
    1040
0
    1070
0
    1002
}
       0
CIRCLE
       5
2233
     100
AcDbEntity
       8
1
     100
AcDbCircle
      10
286.5
      20
209.3333333333
      30
0
      40
4.49999999999989
    1001
FS_CYPCUT
    1000
Channel
    1070
1
    1000
LeadIn
    1002
{
    1070
3
    1040
0
    1040
1.5707963267949
    1040
1
    1040
1
    1070
0
    1040
0.5
    1070
0
    1002
}
    1000
LeadOut
    1002
{
    1070
0
    1040
0
    1040
0
    1040
0
    1070
0
    1002
}
    1000
IsFill
    1070
0
    1000
PathStart
    1040
0
    1000
ToolCompensation
    1002
{
    1070
0
    1040
0
    1070
0
    1002
}
       0
CIRCLE
       5
2234
     100
AcDbEntity
       8
1
     100
AcDbCircle
      10
12.5
      20
209.3333333333
      30
0
      40
4.50000000000003
    1001
FS_CYPCUT
    1000
Channel
    1070
1
    1000
LeadIn
    1002
{
    1070
3
    1040
1.38777878078145E-16
    1040
1.5707963267949
    1040
1
    1040
1
    1070
0
    1040
0.5
    1070
0
    1002
}
    1000
LeadOut
    1002
{
    1070
0
    1040
0
    1040
0
    1040
0
    1070
0
    1002
}
    1000
IsFill
    1070
0
    1000
PathStart
    1040
1.38777878078145E-16
    1000
ToolCompensation
    1002
{
    1070
0
    1040
0
    1070
0
    1002
}
       0
CIRCLE
       5
2235
     100
AcDbEntity
       8
1
     100
AcDbCircle
      10
12.5
      20
308
      30
0
      40
4.49999999999994
    1001
FS_CYPCUT
    1000
Channel
    1070
1
    1000
LeadIn
    1002
{
    1070
3
    1040
2.22044604925031E-16
    1040
1.5707963267949
    1040
1
    1040
1
    1070
0
    1040
0.5
    1070
0
    1002
}
    1000
LeadOut
    1002
{
    1070
0
    1040
0
    1040
0
    1040
0
    1070
0
    1002
}
    1000
IsFill
    1070
0
    1000
PathStart
    1040
2.22044604925031E-16
    1000
ToolCompensation
    1002
{
    1070
0
    1040
0
    1070
0
    1002
}
       0
CIRCLE
       5
2236
     100
AcDbEntity
       8
1
     100
AcDbCircle
      10
103.8333333333
      20
308
      30
0
      40
4.49999999999994
    1001
FS_CYPCUT
    1000
Channel
    1070
1
    1000
LeadIn
    1002
{
    1070
3
    1040
3.60822483003176E-16
    1040
1.5707963267949
    1040
1
    1040
1
    1070
0
    1040
0.5
    1070
0
    1002
}
    1000
LeadOut
    1002
{
    1070
0
    1040
0
    1040
0
    1040
0
    1070
0
    1002
}
    1000
IsFill
    1070
0
    1000
PathStart
    1040
3.60822483003176E-16
    1000
ToolCompensation
    1002
{
    1070
0
    1040
0
    1070
0
    1002
}
       0
CIRCLE
       5
2237
     100
AcDbEntity
       8
1
     100
AcDbCircle
      10
195.1666666667
      20
308
      30
0
      40
4.49999999999994
    1001
FS_CYPCUT
    1000
Channel
    1070
1
    1000
LeadIn
    1002
{
    1070
3
    1040
0
    1040
1.5707963267949
    1040
1
    1040
1
    1070
0
    1040
0.5
    1070
0
    1002
}
    1000
LeadOut
    1002
{
    1070
0
    1040
0
    1040
0
    1040
0
    1070
0
    1002
}
    1000
IsFill
    1070
0
    1000
PathStart
    1040
0
    1000
ToolCompensation
    1002
{
    1070
0
    1040
0
    1070
0
    1002
}
       0
CIRCLE
       5
2238
     100
AcDbEntity
       8
1
     100
AcDbCircle
      10
286.5
      20
308
      30
0
      40
4.49999999999983
    1001
FS_CYPCUT
    1000
Channel
    1070
1
    1000
LeadIn
    1002
{
    1070
3
    1040
0
    1040
1.5707963267949
    1040
1
    1040
1
    1070
0
    1040
0.5
    1070
0
    1002
}
    1000
LeadOut
    1002
{
    1070
0
    1040
0
    1040
0
    1040
0
    1070
0
    1002
}
    1000
IsFill
    1070
0
    1000
PathStart
    1040
0
    1000
ToolCompensation
    1002
{
    1070
0
    1040
0
    1070
0
    1002
}
       0
LWPOLYLINE
       5
2239
     100
AcDbEntity
       8
1
     100
AcDbPolyline
      90
8
      70
1
      10
299
      20
315
      42
0.414213562373082
      10
294
      20
320
      42
0
      10
5
      20
320
      42
0.414213562373094
      10
0
      20
315
      42
0
      10
-1.33226762955019E-14
      20
5
      42
0.414213562373095
      10
5
      20
-1.33226762955019E-14
      42
0
      10
294
      20
-5.32907051820075E-15
      42
0.414213562373103
      10
299
      20
5
      42
0
    1001
FS_CYPCUT
    1000
Channel
    1070
1
    1000
LeadIn
    1002
{
    1070
3
    1040
3.5
    1040
1.5707963267949
    1040
1
    1040
1
    1070
0
    1040
0.5
    1070
0
    1002
}
    1000
LeadOut
    1002
{
    1070
0
    1040
0
    1040
0
    1040
0
    1070
0
    1002
}
    1000
IsFill
    1070
1
    1000
PathStart
    1040
3.5
    1000
ToolCompensation
    1002
{
    1070
0
    1040
0
    1070
0
    1002
}
    1000
MicroConnect
    1002
{
    1070
2
    1040
3.14368343
    1041
0.8
    1042
0
    1040
7.0719309
    1041
0.8
    1042
0
    1002
}
       0
ENDBLK
       5
223A
     330
202F
     100
AcDbEntity
       8
0
     100
AcDbBlockEnd
       0
BLOCK
       5
223B
     330
2030
     100
AcDbEntity
       8
0
     100
AcDbBlockBegin
       2
Part213559828
      70
0
      10
-100
      20
-35
      30
0
       3
Part213559828
       1

       4
CypCutBlock
       0
CIRCLE
       5
223C
     100
AcDbEntity
       8
1
     100
AcDbCircle
      10
-75
      20
13
      30
0
      40
4.25
    1001
FS_CYPCUT
    1000
Channel
    1070
1
    1000
LeadIn
    1002
{
    1070
3
    1040
1.11022302462516E-16
    1040
1.5707963267949
    1040
1
    1040
1
    1070
0
    1040
0.5
    1070
0
    1002
}
    1000
LeadOut
    1002
{
    1070
0
    1040
0
    1040
0
    1040
0
    1070
0
    1002
}
    1000
IsFill
    1070
0
    1000
PathStart
    1040
1.11022302462516E-16
    1000
ToolCompensation
    1002
{
    1070
0
    1040
0
    1070
0
    1002
}
       0
CIRCLE
       5
223D
     100
AcDbEntity
       8
1
     100
AcDbCircle
      10
75
      20
13
      30
0
      40
4.25
    1001
FS_CYPCUT
    1000
Channel
    1070
1
    1000
LeadIn
    1002
{
    1070
3
    1040
1.11022302462516E-16
    1040
1.5707963267949
    1040
1
    1040
1
    1070
0
    1040
0.5
    1070
0
    1002
}
    1000
LeadOut
    1002
{
    1070
0
    1040
0
    1040
0
    1040
0
    1070
0
    1002
}
    1000
IsFill
    1070
0
    1000
PathStart
    1040
1.11022302462516E-16
    1000
ToolCompensation
    1002
{
    1070
0
    1040
0
    1070
0
    1002
}
       0
LWPOLYLINE
       5
223E
     100
AcDbEntity
       8
1
     100
AcDbPolyline
      90
24
      70
1
      10
100
      20
25
      42
0.414213562373095
      10
90
      20
35
      42
0
      10
67
      20
35
      42
0.414213562373093
      10
65
      20
33
      42
0
      10
65
      20
30.65
      42
-0.414213562373091
      10
63
      20
28.65
      42
0
      10
43
      20
28.65
      42
0.414213562373098
      10
41
      20
26.65
      42
0
      10
41
      20
-9.35
      42
-0.414213562373095
      10
39
      20
-11.35
      42
0
      10
-39
      20
-11.35
      42
-0.414213562373091
      10
-41
      20
-9.35
      42
0
      10
-41
      20
26.65
      42
0.414213562373097
      10
-43
      20
28.65
      42
0
      10
-63
      20
28.65
      42
-0.414213562373092
      10
-65
      20
30.65
      42
0
      10
-65
      20
33
      42
0.414213562373095
      10
-67
      20
35
      42
0
      10
-90
      20
35
      42
0.414213562373095
      10
-100
      20
25
      42
0
      10
-100
      20
-25
      42
0.414213562373095
      10
-90
      20
-35
      42
0
      10
90
      20
-35
      42
0.414213562373095
      10
100
      20
-25
      42
0
    1001
FS_CYPCUT
    1000
Channel
    1070
1
    1000
LeadIn
    1002
{
    1070
3
    1040
21.5
    1040
1.5707963267949
    1040
1
    1040
1
    1070
0
    1040
0.5
    1070
0
    1002
}
    1000
LeadOut
    1002
{
    1070
0
    1040
0
    1040
0
    1040
0
    1070
0
    1002
}
    1000
IsFill
    1070
1
    1000
PathStart
    1040
21.5
    1000
ToolCompensation
    1002
{
    1070
0
    1040
0
    1070
0
    1002
}
    1000
MicroConnect
    1002
{
    1070
1
    1040
21.3246097
    1041
0.8
    1042
0
    1002
}
       0
ENDBLK
       5
223F
     330
2030
     100
AcDbEntity
       8
0
     100
AcDbBlockEnd
       0
BLOCK
       5
2240
     330
2031
     100
AcDbEntity
       8
0
     100
AcDbBlockBegin
       2
Part558060035
      70
0
      10
-100
      20
-35
      30
0
       3
Part558060035
       1

       4
CypCutBlock
       0
CIRCLE
       5
2241
     100
AcDbEntity
       8
1
     100
AcDbCircle
      10
-75
      20
13
      30
0
      40
4.25
    1001
FS_CYPCUT
    1000
Channel
    1070
1
    1000
LeadIn
    1002
{
    1070
3
    1040
1.11022302462516E-16
    1040
1.5707963267949
    1040
1
    1040
1
    1070
0
    1040
0.5
    1070
0
    1002
}
    1000
LeadOut
    1002
{
    1070
0
    1040
0
    1040
0
    1040
0
    1070
0
    1002
}
    1000
IsFill
    1070
0
    1000
PathStart
    1040
1.11022302462516E-16
    1000
ToolCompensation
    1002
{
    1070
0
    1040
0
    1070
0
    1002
}
       0
CIRCLE
       5
2242
     100
AcDbEntity
       8
1
     100
AcDbCircle
      10
75
      20
13
      30
0
      40
4.25
    1001
FS_CYPCUT
    1000
Channel
    1070
1
    1000
LeadIn
    1002
{
    1070
3
    1040
1.11022302462516E-16
    1040
1.5707963267949
    1040
1
    1040
1
    1070
0
    1040
0.5
    1070
0
    1002
}
    1000
LeadOut
    1002
{
    1070
0
    1040
0
    1040
0
    1040
0
    1070
0
    1002
}
    1000
IsFill
    1070
0
    1000
PathStart
    1040
1.11022302462516E-16
    1000
ToolCompensation
    1002
{
    1070
0
    1040
0
    1070
0
    1002
}
       0
LWPOLYLINE
       5
2243
     100
AcDbEntity
       8
1
     100
AcDbPolyline
      90
24
      70
1
      10
100
      20
25
      42
0.414213562373095
      10
90
      20
35
      42
0
      10
67
      20
35
      42
0.414213562373093
      10
65
      20
33
      42
0
      10
65
      20
30.65
      42
-0.414213562373091
      10
63
      20
28.65
      42
0
      10
43
      20
28.65
      42
0.414213562373098
      10
41
      20
26.65
      42
0
      10
41
      20
-9.35
      42
-0.414213562373095
      10
39
      20
-11.35
      42
0
      10
-39
      20
-11.35
      42
-0.414213562373091
      10
-41
      20
-9.35
      42
0
      10
-41
      20
26.65
      42
0.414213562373097
      10
-43
      20
28.65
      42
0
      10
-63
      20
28.65
      42
-0.414213562373092
      10
-65
      20
30.65
      42
0
      10
-65
      20
33
      42
0.414213562373095
      10
-67
      20
35
      42
0
      10
-90
      20
35
      42
0.414213562373095
      10
-100
      20
25
      42
0
      10
-100
      20
-25
      42
0.414213562373095
      10
-90
      20
-35
      42
0
      10
90
      20
-35
      42
0.414213562373095
      10
100
      20
-25
      42
0
    1001
FS_CYPCUT
    1000
Channel
    1070
1
    1000
LeadIn
    1002
{
    1070
3
    1040
21.5
    1040
1.5707963267949
    1040
1
    1040
1
    1070
0
    1040
0.5
    1070
0
    1002
}
    1000
LeadOut
    1002
{
    1070
0
    1040
0
    1040
0
    1040
0
    1070
0
    1002
}
    1000
IsFill
    1070
1
    1000
PathStart
    1040
21.5
    1000
ToolCompensation
    1002
{
    1070
0
    1040
0
    1070
0
    1002
}
    1000
MicroConnect
    1002
{
    1070
1
    1040
21.3246097
    1041
0.8
    1042
0
    1002
}
       0
ENDBLK
       5
2244
     330
2031
     100
AcDbEntity
       8
0
     100
AcDbBlockEnd
       0
BLOCK
       5
2245
     330
2032
     100
AcDbEntity
       8
0
     100
AcDbBlockBegin
       2
Part391084237
      70
0
      10
-100
      20
-35
      30
0
       3
Part391084237
       1

       4
CypCutBlock
       0
CIRCLE
       5
2246
     100
AcDbEntity
       8
1
     100
AcDbCircle
      10
-75
      20
13
      30
0
      40
4.25
    1001
FS_CYPCUT
    1000
Channel
    1070
1
    1000
LeadIn
    1002
{
    1070
3
    1040
1.11022302462516E-16
    1040
1.5707963267949
    1040
1
    1040
1
    1070
0
    1040
0.5
    1070
0
    1002
}
    1000
LeadOut
    1002
{
    1070
0
    1040
0
    1040
0
    1040
0
    1070
0
    1002
}
    1000
IsFill
    1070
0
    1000
PathStart
    1040
1.11022302462516E-16
    1000
ToolCompensation
    1002
{
    1070
0
    1040
0
    1070
0
    1002
}
       0
CIRCLE
       5
2247
     100
AcDbEntity
       8
1
     100
AcDbCircle
      10
75
      20
13
      30
0
      40
4.25
    1001
FS_CYPCUT
    1000
Channel
    1070
1
    1000
LeadIn
    1002
{
    1070
3
    1040
1.11022302462516E-16
    1040
1.5707963267949
    1040
1
    1040
1
    1070
0
    1040
0.5
    1070
0
    1002
}
    1000
LeadOut
    1002
{
    1070
0
    1040
0
    1040
0
    1040
0
    1070
0
    1002
}
    1000
IsFill
    1070
0
    1000
PathStart
    1040
1.11022302462516E-16
    1000
ToolCompensation
    1002
{
    1070
0
    1040
0
    1070
0
    1002
}
       0
LWPOLYLINE
       5
2248
     100
AcDbEntity
       8
1
     100
AcDbPolyline
      90
24
      70
1
      10
100
      20
25
      42
0.414213562373095
      10
90
      20
35
      42
0
      10
67
      20
35
      42
0.414213562373093
      10
65
      20
33
      42
0
      10
65
      20
30.65
      42
-0.414213562373091
      10
63
      20
28.65
      42
0
      10
43
      20
28.65
      42
0.414213562373098
      10
41
      20
26.65
      42
0
      10
41
      20
-9.35
      42
-0.414213562373095
      10
39
      20
-11.35
      42
0
      10
-39
      20
-11.35
      42
-0.414213562373091
      10
-41
      20
-9.35
      42
0
      10
-41
      20
26.65
      42
0.414213562373097
      10
-43
      20
28.65
      42
0
      10
-63
      20
28.65
      42
-0.414213562373092
      10
-65
      20
30.65
      42
0
      10
-65
      20
33
      42
0.414213562373095
      10
-67
      20
35
      42
0
      10
-90
      20
35
      42
0.414213562373095
      10
-100
      20
25
      42
0
      10
-100
      20
-25
      42
0.414213562373095
      10
-90
      20
-35
      42
0
      10
90
      20
-35
      42
0.414213562373095
      10
100
      20
-25
      42
0
    1001
FS_CYPCUT
    1000
Channel
    1070
1
    1000
LeadIn
    1002
{
    1070
3
    1040
21.5
    1040
1.5707963267949
    1040
1
    1040
1
    1070
0
    1040
0.5
    1070
0
    1002
}
    1000
LeadOut
    1002
{
    1070
0
    1040
0
    1040
0
    1040
0
    1070
0
    1002
}
    1000
IsFill
    1070
1
    1000
PathStart
    1040
21.5
    1000
ToolCompensation
    1002
{
    1070
0
    1040
0
    1070
0
    1002
}
    1000
MicroConnect
    1002
{
    1070
1
    1040
21.3246097
    1041
0.8
    1042
0
    1002
}
       0
ENDBLK
       5
2249
     330
2032
     100
AcDbEntity
       8
0
     100
AcDbBlockEnd
       0
BLOCK
       5
224A
     330
2033
     100
AcDbEntity
       8
0
     100
AcDbBlockBegin
       2
Part798006680
      70
0
      10
-20
      20
-20
      30
0
       3
Part798006680
       1

       4
CypCutBlock
       0
CIRCLE
       5
224B
     100
AcDbEntity
       8
1
     100
AcDbCircle
      10
0
      20
0
      30
0
      40
5.25
    1001
FS_CYPCUT
    1000
Channel
    1070
1
    1000
LeadIn
    1002
{
    1070
3
    1040
0
    1040
1.5707963267949
    1040
1
    1040
1
    1070
0
    1040
0.5
    1070
0
    1002
}
    1000
LeadOut
    1002
{
    1070
0
    1040
0
    1040
0
    1040
0
    1070
0
    1002
}
    1000
IsFill
    1070
0
    1000
PathStart
    1040
0
    1000
ToolCompensation
    1002
{
    1070
0
    1040
0
    1070
0
    1002
}
       0
LWPOLYLINE
       5
224C
     100
AcDbEntity
       8
1
     100
AcDbPolyline
      90
8
      70
1
      10
20
      20
14
      42
0
      10
20
      20
-14
      42
-0.414213562373095
      10
14
      20
-20
      42
0
      10
-14
      20
-20
      42
-0.414213562373095
      10
-20
      20
-14
      42
0
      10
-20
      20
14
      42
-0.414213562373095
      10
-14
      20
20
      42
0
      10
14
      20
20
      42
-0.414213562373095
    1001
FS_CYPCUT
    1000
Channel
    1070
1
    1000
LeadIn
    1002
{
    1070
3
    1040
0.5
    1040
1.5707963267949
    1040
1
    1040
1
    1070
0
    1040
0.5
    1070
0
    1002
}
    1000
LeadOut
    1002
{
    1070
0
    1040
0
    1040
0
    1040
0
    1070
0
    1002
}
    1000
IsFill
    1070
1
    1000
PathStart
    1040
0.5
    1000
ToolCompensation
    1002
{
    1070
0
    1040
0
    1070
0
    1002
}
    1000
MicroConnect
    1002
{
    1070
1
    1040
4.48533063
    1041
0.8
    1042
0
    1002
}
       0
ENDBLK
       5
224D
     330
2033
     100
AcDbEntity
       8
0
     100
AcDbBlockEnd
       0
BLOCK
       5
224E
     330
2034
     100
AcDbEntity
       8
0
     100
AcDbBlockBegin
       2
Part167835670
      70
0
      10
-1.39888101E-14
      20
-5.70654635E-14
      30
0
       3
Part167835670
       1

       4
CypCutBlock
       0
LWPOLYLINE
       5
224F
     100
AcDbEntity
       8
1
     100
AcDbPolyline
      90
6
      70
1
      10
88.6809524417193
      20
40.2426406871193
      42
-0.668178637919299
      10
84.4383117546
      20
30
      42
0
      10
36
      20
30
      42
-0.414213562373094
      10
30
      20
36
      42
0
      10
30
      20
84.4383117546
      42
-0.668178637919298
      10
40.2426406871
      20
88.6809524417
      42
0
    1001
FS_CYPCUT
    1000
Channel
    1070
1
    1000
LeadIn
    1002
{
    1070
3
    1040
5.5
    1040
1.5707963267949
    1040
1
    1040
1
    1070
0
    1040
0.5
    1070
0
    1002
}
    1000
LeadOut
    1002
{
    1070
0
    1040
0
    1040
0
    1040
0
    1070
0
    1002
}
    1000
IsFill
    1070
0
    1000
PathStart
    1040
5.5
    1000
ToolCompensation
    1002
{
    1070
0
    1040
0
    1070
0
    1002
}
       0
LWPOLYLINE
       5
2250
     100
AcDbEntity
       8
1
     100
AcDbPolyline
      90
28
      70
1
      10
161.35
      20
8.3431457505
      42
0
      10
161.35
      20
4
      42
-0.414213562373088
      10
157.35
      20
0
      42
0
      10
142.6
      20
-5.7065463465733E-14
      42
-0.414213562373093
      10
141.6
      20
1
      42
0
      10
141.6
      20
2.2
      42
0
      10
121.1
      20
2.2
      42
0
      10
121.1
      20
1
      42
-0.414213562373102
      10
120.1
      20
7.99360577730113E-15
      42
0
      10
47.6
      20
0
      42
-0.414213562373088
      10
46.6
      20
1
      42
0
      10
46.6
      20
2.2
      42
0
      10
26.1
      20
2.2
      42
0
      10
26.1
      20
1
      42
-0.414213562373092
      10
25.1
      20
8.10462807976364E-14
      42
0
      10
4
      20
-4.44089209850063E-15
      42
-0.414213562373095
      10
-4.44089209850063E-15
      20
4
      42
0
      10
-1.3988810110277E-14
      20
88.75
      42
-0.414213562373087
      10
1
      20
89.75
      42
0
      10
2.2
      20
89.75
      42
0
      10
2.2
      20
120.25
      42
0
      10
1
      20
120.25
      42
-0.414213562373104
      10
0
      20
121.25
      42
0
      10
-4.44089209850063E-15
      20
156
      42
-0.414213562373091
      10
4
      20
160
      42
0
      10
9.6931457505
      20
160
      42
-0.198912367379661
      10
12.5215728752463
      20
158.828427124746
      42
0
      10
160.1784271247
      20
11.1715728753
      42
-0.198912367379671
    1001
FS_CYPCUT
    1000
Channel
    1070
1
    1000
LeadIn
    1002
{
    1070
3
    1040
26.5
    1040
1.5707963267949
    1040
1
    1040
1
    1070
0
    1040
0.5
    1070
0
    1002
}
    1000
LeadOut
    1002
{
    1070
0
    1040
0
    1040
0
    1040
0
    1070
0
    1002
}
    1000
IsFill
    1070
1
    1000
PathStart
    1040
26.5
    1000
ToolCompensation
    1002
{
    1070
0
    1040
0
    1070
0
    1002
}
    1000
MicroConnect
    1002
{
    1070
2
    1040
5.6354198
    1041
0.8
    1042
0
    1040
19.4054723
    1041
0.8
    1042
0
    1002
}
       0
ENDBLK
       5
2251
     330
2034
     100
AcDbEntity
       8
0
     100
AcDbBlockEnd
       0
BLOCK
       5
2252
     330
2035
     100
AcDbEntity
       8
0
     100
AcDbBlockBegin
       2
Part98993106
      70
0
      10
-1.39888101E-14
      20
-5.70654635E-14
      30
0
       3
Part98993106
       1

       4
CypCutBlock
       0
LWPOLYLINE
       5
2253
     100
AcDbEntity
       8
1
     100
AcDbPolyline
      90
6
      70
1
      10
88.6809524417193
      20
40.2426406871193
      42
-0.668178637919299
      10
84.4383117546
      20
30
      42
0
      10
36
      20
30
      42
-0.414213562373094
      10
30
      20
36
      42
0
      10
30
      20
84.4383117546
      42
-0.668178637919298
      10
40.2426406871
      20
88.6809524417
      42
0
    1001
FS_CYPCUT
    1000
Channel
    1070
1
    1000
LeadIn
    1002
{
    1070
3
    1040
5.5
    1040
1.5707963267949
    1040
1
    1040
1
    1070
0
    1040
0.5
    1070
0
    1002
}
    1000
LeadOut
    1002
{
    1070
0
    1040
0
    1040
0
    1040
0
    1070
0
    1002
}
    1000
IsFill
    1070
0
    1000
PathStart
    1040
5.5
    1000
ToolCompensation
    1002
{
    1070
0
    1040
0
    1070
0
    1002
}
       0
LWPOLYLINE
       5
2254
     100
AcDbEntity
       8
1
     100
AcDbPolyline
      90
28
      70
1
      10
161.35
      20
8.3431457505
      42
0
      10
161.35
      20
4
      42
-0.414213562373088
      10
157.35
      20
0
      42
0
      10
142.6
      20
-5.7065463465733E-14
      42
-0.414213562373093
      10
141.6
      20
1
      42
0
      10
141.6
      20
2.2
      42
0
      10
121.1
      20
2.2
      42
0
      10
121.1
      20
1
      42
-0.414213562373102
      10
120.1
      20
7.99360577730113E-15
      42
0
      10
47.6
      20
0
      42
-0.414213562373088
      10
46.6
      20
1
      42
0
      10
46.6
      20
2.2
      42
0
      10
26.1
      20
2.2
      42
0
      10
26.1
      20
1
      42
-0.414213562373092
      10
25.1
      20
8.10462807976364E-14
      42
0
      10
4
      20
-4.44089209850063E-15
      42
-0.414213562373095
      10
-4.44089209850063E-15
      20
4
      42
0
      10
-1.3988810110277E-14
      20
88.75
      42
-0.414213562373087
      10
1
      20
89.75
      42
0
      10
2.2
      20
89.75
      42
0
      10
2.2
      20
120.25
      42
0
      10
1
      20
120.25
      42
-0.414213562373104
      10
0
      20
121.25
      42
0
      10
-4.44089209850063E-15
      20
156
      42
-0.414213562373091
      10
4
      20
160
      42
0
      10
9.6931457505
      20
160
      42
-0.198912367379661
      10
12.5215728752463
      20
158.828427124746
      42
0
      10
160.1784271247
      20
11.1715728753
      42
-0.198912367379671
    1001
FS_CYPCUT
    1000
Channel
    1070
1
    1000
LeadIn
    1002
{
    1070
3
    1040
26.5
    1040
1.5707963267949
    1040
1
    1040
1
    1070
0
    1040
0.5
    1070
0
    1002
}
    1000
LeadOut
    1002
{
    1070
0
    1040
0
    1040
0
    1040
0
    1070
0
    1002
}
    1000
IsFill
    1070
1
    1000
PathStart
    1040
26.5
    1000
ToolCompensation
    1002
{
    1070
0
    1040
0
    1070
0
    1002
}
    1000
MicroConnect
    1002
{
    1070
2
    1040
5.6354198
    1041
0.8
    1042
0
    1040
19.4054723
    1041
0.8
    1042
0
    1002
}
       0
ENDBLK
       5
2255
     330
2035
     100
AcDbEntity
       8
0
     100
AcDbBlockEnd
       0
BLOCK
       5
2256
     330
2036
     100
AcDbEntity
       8
0
     100
AcDbBlockBegin
       2
Part479146896
      70
0
      10
-1.39888101E-14
      20
-5.70654635E-14
      30
0
       3
Part479146896
       1

       4
CypCutBlock
       0
LWPOLYLINE
       5
2257
     100
AcDbEntity
       8
1
     100
AcDbPolyline
      90
6
      70
1
      10
88.6809524417193
      20
40.2426406871193
      42
-0.668178637919299
      10
84.4383117546
      20
30
      42
0
      10
36
      20
30
      42
-0.414213562373094
      10
30
      20
36
      42
0
      10
30
      20
84.4383117546
      42
-0.668178637919298
      10
40.2426406871
      20
88.6809524417
      42
0
    1001
FS_CYPCUT
    1000
Channel
    1070
1
    1000
LeadIn
    1002
{
    1070
3
    1040
5.5
    1040
1.5707963267949
    1040
1
    1040
1
    1070
0
    1040
0.5
    1070
0
    1002
}
    1000
LeadOut
    1002
{
    1070
0
    1040
0
    1040
0
    1040
0
    1070
0
    1002
}
    1000
IsFill
    1070
0
    1000
PathStart
    1040
5.5
    1000
ToolCompensation
    1002
{
    1070
0
    1040
0
    1070
0
    1002
}
       0
LWPOLYLINE
       5
2258
     100
AcDbEntity
       8
1
     100
AcDbPolyline
      90
28
      70
1
      10
161.35
      20
8.3431457505
      42
0
      10
161.35
      20
4
      42
-0.414213562373088
      10
157.35
      20
0
      42
0
      10
142.6
      20
-5.7065463465733E-14
      42
-0.414213562373093
      10
141.6
      20
1
      42
0
      10
141.6
      20
2.2
      42
0
      10
121.1
      20
2.2
      42
0
      10
121.1
      20
1
      42
-0.414213562373102
      10
120.1
      20
7.99360577730113E-15
      42
0
      10
47.6
      20
0
      42
-0.414213562373088
      10
46.6
      20
1
      42
0
      10
46.6
      20
2.2
      42
0
      10
26.1
      20
2.2
      42
0
      10
26.1
      20
1
      42
-0.414213562373092
      10
25.1
      20
8.10462807976364E-14
      42
0
      10
4
      20
-4.44089209850063E-15
      42
-0.414213562373095
      10
-4.44089209850063E-15
      20
4
      42
0
      10
-1.3988810110277E-14
      20
88.75
      42
-0.414213562373087
      10
1
      20
89.75
      42
0
      10
2.2
      20
89.75
      42
0
      10
2.2
      20
120.25
      42
0
      10
1
      20
120.25
      42
-0.414213562373104
      10
0
      20
121.25
      42
0
      10
-4.44089209850063E-15
      20
156
      42
-0.414213562373091
      10
4
      20
160
      42
0
      10
9.6931457505
      20
160
      42
-0.198912367379661
      10
12.5215728752463
      20
158.828427124746
      42
0
      10
160.1784271247
      20
11.1715728753
      42
-0.198912367379671
    1001
FS_CYPCUT
    1000
Channel
    1070
1
    1000
LeadIn
    1002
{
    1070
3
    1040
26.5
    1040
1.5707963267949
    1040
1
    1040
1
    1070
0
    1040
0.5
    1070
0
    1002
}
    1000
LeadOut
    1002
{
    1070
0
    1040
0
    1040
0
    1040
0
    1070
0
    1002
}
    1000
IsFill
    1070
1
    1000
PathStart
    1040
26.5
    1000
ToolCompensation
    1002
{
    1070
0
    1040
0
    1070
0
    1002
}
    1000
MicroConnect
    1002
{
    1070
2
    1040
5.6354198
    1041
0.8
    1042
0
    1040
19.4054723
    1041
0.8
    1042
0
    1002
}
       0
ENDBLK
       5
2259
     330
2036
     100
AcDbEntity
       8
0
     100
AcDbBlockEnd
       0
BLOCK
       5
225A
     330
2037
     100
AcDbEntity
       8
0
     100
AcDbBlockBegin
       2
Part1516181917
      70
0
      10
-1.39888101E-14
      20
-5.70654635E-14
      30
0
       3
Part1516181917
       1

       4
CypCutBlock
       0
LWPOLYLINE
       5
225B
     100
AcDbEntity
       8
1
     100
AcDbPolyline
      90
6
      70
1
      10
88.6809524417193
      20
40.2426406871193
      42
-0.668178637919299
      10
84.4383117546
      20
30
      42
0
      10
36
      20
30
      42
-0.414213562373094
      10
30
      20
36
      42
0
      10
30
      20
84.4383117546
      42
-0.668178637919298
      10
40.2426406871
      20
88.6809524417
      42
0
    1001
FS_CYPCUT
    1000
Channel
    1070
1
    1000
LeadIn
    1002
{
    1070
3
    1040
5.5
    1040
1.5707963267949
    1040
1
    1040
1
    1070
0
    1040
0.5
    1070
0
    1002
}
    1000
LeadOut
    1002
{
    1070
0
    1040
0
    1040
0
    1040
0
    1070
0
    1002
}
    1000
IsFill
    1070
0
    1000
PathStart
    1040
5.5
    1000
ToolCompensation
    1002
{
    1070
0
    1040
0
    1070
0
    1002
}
       0
LWPOLYLINE
       5
225C
     100
AcDbEntity
       8
1
     100
AcDbPolyline
      90
28
      70
1
      10
161.35
      20
8.3431457505
      42
0
      10
161.35
      20
4
      42
-0.414213562373088
      10
157.35
      20
0
      42
0
      10
142.6
      20
-5.7065463465733E-14
      42
-0.414213562373093
      10
141.6
      20
1
      42
0
      10
141.6
      20
2.2
      42
0
      10
121.1
      20
2.2
      42
0
      10
121.1
      20
1
      42
-0.414213562373102
      10
120.1
      20
7.99360577730113E-15
      42
0
      10
47.6
      20
0
      42
-0.414213562373088
      10
46.6
      20
1
      42
0
      10
46.6
      20
2.2
      42
0
      10
26.1
      20
2.2
      42
0
      10
26.1
      20
1
      42
-0.414213562373092
      10
25.1
      20
8.10462807976364E-14
      42
0
      10
4
      20
-4.44089209850063E-15
      42
-0.414213562373095
      10
-4.44089209850063E-15
      20
4
      42
0
      10
-1.3988810110277E-14
      20
88.75
      42
-0.414213562373087
      10
1
      20
89.75
      42
0
      10
2.2
      20
89.75
      42
0
      10
2.2
      20
120.25
      42
0
      10
1
      20
120.25
      42
-0.414213562373104
      10
0
      20
121.25
      42
0
      10
-4.44089209850063E-15
      20
156
      42
-0.414213562373091
      10
4
      20
160
      42
0
      10
9.6931457505
      20
160
      42
-0.198912367379661
      10
12.5215728752463
      20
158.828427124746
      42
0
      10
160.1784271247
      20
11.1715728753
      42
-0.198912367379671
    1001
FS_CYPCUT
    1000
Channel
    1070
1
    1000
LeadIn
    1002
{
    1070
3
    1040
26.5
    1040
1.5707963267949
    1040
1
    1040
1
    1070
0
    1040
0.5
    1070
0
    1002
}
    1000
LeadOut
    1002
{
    1070
0
    1040
0
    1040
0
    1040
0
    1070
0
    1002
}
    1000
IsFill
    1070
1
    1000
PathStart
    1040
26.5
    1000
ToolCompensation
    1002
{
    1070
0
    1040
0
    1070
0
    1002
}
    1000
MicroConnect
    1002
{
    1070
2
    1040
5.6354198
    1041
0.8
    1042
0
    1040
19.4054723
    1041
0.8
    1042
0
    1002
}
       0
ENDBLK
       5
225D
     330
2037
     100
AcDbEntity
       8
0
     100
AcDbBlockEnd
       0
BLOCK
       5
225E
     330
2038
     100
AcDbEntity
       8
0
     100
AcDbBlockBegin
       2
Part15241731
      70
0
      10
-75
      20
2.59250363
      30
0
       3
Part15241731
       1

       4
CypCutBlock
       0
LWPOLYLINE
       5
225F
     100
AcDbEntity
       8
1
     100
AcDbPolyline
      90
4
      70
1
      10
-45.5
      20
50
      42
1
      10
-54.5
      20
50
      42
0
      10
-54.5
      20
20
      42
1
      10
-45.5
      20
20
      42
0
    1001
FS_CYPCUT
    1000
Channel
    1070
1
    1000
LeadIn
    1002
{
    1070
3
    1040
1.5
    1040
1.5707963267949
    1040
1
    1040
1
    1070
0
    1040
0.5
    1070
0
    1002
}
    1000
LeadOut
    1002
{
    1070
0
    1040
0
    1040
0
    1040
0
    1070
0
    1002
}
    1000
IsFill
    1070
0
    1000
PathStart
    1040
1.5
    1000
ToolCompensation
    1002
{
    1070
0
    1040
0
    1070
0
    1002
}
       0
LWPOLYLINE
       5
2260
     100
AcDbEntity
       8
1
     100
AcDbPolyline
      90
4
      70
1
      10
15
      20
18
      42
0
      10
15
      20
12
      42
0
      10
-15
      20
12
      42
0
      10
-15
      20
18
      42
0
    1001
FS_CYPCUT
    1000
Channel
    1070
1
    1000
LeadIn
    1002
{
    1070
3
    1040
1.5
    1040
1.5707963267949
    1040
1
    1040
1
    1070
0
    1040
0.5
    1070
0
    1002
}
    1000
LeadOut
    1002
{
    1070
0
    1040
0
    1040
0
    1040
0
    1070
0
    1002
}
    1000
IsFill
    1070
0
    1000
PathStart
    1040
1.5
    1000
ToolCompensation
    1002
{
    1070
0
    1040
0
    1070
0
    1002
}
       0
LWPOLYLINE
       5
2261
     100
AcDbEntity
       8
1
     100
AcDbPolyline
      90
4
      70
1
      10
54.5
      20
50
      42
1
      10
45.5
      20
50
      42
0
      10
45.5
      20
20
      42
0.999999999999999
      10
54.5
      20
20
      42
0
    1001
FS_CYPCUT
    1000
Channel
    1070
1
    1000
LeadIn
    1002
{
    1070
3
    1040
1.5
    1040
1.5707963267949
    1040
1
    1040
1
    1070
0
    1040
0.5
    1070
0
    1002
}
    1000
LeadOut
    1002
{
    1070
0
    1040
0
    1040
0
    1040
0
    1070
0
    1002
}
    1000
IsFill
    1070
0
    1000
PathStart
    1040
1.5
    1000
ToolCompensation
    1002
{
    1070
0
    1040
0
    1070
0
    1002
}
       0
SPLINE
       5
2262
     100
AcDbEntity
       8
1
     100
AcDbSpline
      70
0
      71
3
      72
180
      73
176
      74
0
      40
0
      40
0
      40
0
      40
0
      40
0.0227272727272727
      40
0.0227272727272727
      40
0.0227272727272727
      40
0.0227272727272727
      40
0.0454545454545455
      40
0.0454545454545455
      40
0.0454545454545455
      40
0.0454545454545455
      40
0.0681818181818182
      40
0.0681818181818182
      40
0.0681818181818182
      40
0.0681818181818182
      40
0.0909090909090909
      40
0.0909090909090909
      40
0.0909090909090909
      40
0.0909090909090909
      40
0.113636363636364
      40
0.113636363636364
      40
0.113636363636364
      40
0.113636363636364
      40
0.136363636363636
      40
0.136363636363636
      40
0.136363636363636
      40
0.136363636363636
      40
0.159090909090909
      40
0.159090909090909
      40
0.159090909090909
      40
0.159090909090909
      40
0.181818181818182
      40
0.181818181818182
      40
0.181818181818182
      40
0.181818181818182
      40
0.204545454545455
      40
0.204545454545455
      40
0.204545454545455
      40
0.204545454545455
      40
0.227272727272727
      40
0.227272727272727
      40
0.227272727272727
      40
0.227272727272727
      40
0.25
      40
0.25
      40
0.25
      40
0.25
      40
0.272727272727273
      40
0.272727272727273
      40
0.272727272727273
      40
0.272727272727273
      40
0.295454545454545
      40
0.295454545454545
      40
0.295454545454545
      40
0.295454545454545
      40
0.318181818181818
      40
0.318181818181818
      40
0.318181818181818
      40
0.318181818181818
      40
0.340909090909091
      40
0.340909090909091
      40
0.340909090909091
      40
0.340909090909091
      40
0.363636363636364
      40
0.363636363636364
      40
0.363636363636364
      40
0.363636363636364
      40
0.386363636363636
      40
0.386363636363636
      40
0.386363636363636
      40
0.386363636363636
      40
0.409090909090909
      40
0.409090909090909
      40
0.409090909090909
      40
0.409090909090909
      40
0.431818181818182
      40
0.431818181818182
      40
0.431818181818182
      40
0.431818181818182
      40
0.454545454545455
      40
0.454545454545455
      40
0.454545454545455
      40
0.454545454545455
      40
0.477272727272727
      40
0.477272727272727
      40
0.477272727272727
      40
0.477272727272727
      40
0.5
      40
0.5
      40
0.5
      40
0.5
      40
0.522727272727273
      40
0.522727272727273
      40
0.522727272727273
      40
0.522727272727273
      40
0.545454545454545
      40
0.545454545454545
      40
0.545454545454545
      40
0.545454545454545
      40
0.568181818181818
      40
0.568181818181818
      40
0.568181818181818
      40
0.568181818181818
      40
0.590909090909091
      40
0.590909090909091
      40
0.590909090909091
      40
0.590909090909091
      40
0.613636363636364
      40
0.613636363636364
      40
0.613636363636364
      40
0.613636363636364
      40
0.636363636363636
      40
0.636363636363636
      40
0.636363636363636
      40
0.636363636363636
      40
0.659090909090909
      40
0.659090909090909
      40
0.659090909090909
      40
0.659090909090909
      40
0.681818181818182
      40
0.681818181818182
      40
0.681818181818182
      40
0.681818181818182
      40
0.704545454545455
      40
0.704545454545455
      40
0.704545454545455
      40
0.704545454545455
      40
0.727272727272727
      40
0.727272727272727
      40
0.727272727272727
      40
0.727272727272727
      40
0.75
      40
0.75
      40
0.75
      40
0.75
      40
0.772727272727273
      40
0.772727272727273
      40
0.772727272727273
      40
0.772727272727273
      40
0.795454545454545
      40
0.795454545454545
      40
0.795454545454545
      40
0.795454545454545
      40
0.818181818181818
      40
0.818181818181818
      40
0.818181818181818
      40
0.818181818181818
      40
0.840909090909091
      40
0.840909090909091
      40
0.840909090909091
      40
0.840909090909091
      40
0.863636363636364
      40
0.863636363636364
      40
0.863636363636364
      40
0.863636363636364
      40
0.886363636363636
      40
0.886363636363636
      40
0.886363636363636
      40
0.886363636363636
      40
0.909090909090909
      40
0.909090909090909
      40
0.909090909090909
      40
0.909090909090909
      40
0.931818181818182
      40
0.931818181818182
      40
0.931818181818182
      40
0.931818181818182
      40
0.954545454545455
      40
0.954545454545455
      40
0.954545454545455
      40
0.954545454545455
      40
0.977272727272727
      40
0.977272727272727
      40
0.977272727272727
      40
0.977272727272727
      40
1
      40
1
      40
1
      40
1
      10
75
      20
54.5
      30
0
      10
75
      20
40.5308342448333
      30
0
      10
75
      20
26.5616684896667
      30
0
      10
75
      20
12.5925027345
      30
0
      10
75
      20
12.5925027345
      30
0
      10
75
      20
11.4797898968217
      30
0
      10
74.8142805211299
      20
10.3748400658995
      30
0
      10
74.4505087780101
      20
9.32326982191119
      30
0
      10
74.4505087780101
      20
9.32326982191119
      30
0
      10
74.0867370348903
      20
8.27169957792289
      30
0
      10
73.5499888429583
      20
7.28818179356685
      30
0
      10
72.8624232326492
      20
6.41331986694398
      30
0
      10
72.8624232326492
      20
6.41331986694398
      30
0
      10
72.1748576223401
      20
5.53845794032112
      30
0
      10
71.3460684013233
      20
4.78445908036619
      30
0
      10
70.4102711773063
      20
4.18245126093525
      30
0
      10
70.4102711773063
      20
4.18245126093525
      30
0
      10
69.4744739532892
      20
3.58044344150431
      30
0
      10
68.4447261835534
      20
3.13882665693762
      30
0
      10
67.3635398178604
      20
2.87583254716792
      30
0
      10
67.3635398178604
      20
2.87583254716792
      30
0
      10
66.2823534521674
      20
2.61283843739821
      30
0
      10
65.1648146057792
      20
2.53213663754033
      30
0
      10
64.057059581867
      20
2.63705882838256
      30
0
      10
64.057059581867
      20
2.63705882838256
      30
0
      10
61.1997036250799
      20
2.90769632538169
      30
0
      10
58.3776561322079
      20
3.26091924341491
      30
0
      10
55.5865035452607
      20
3.66160984201066
      30
0
      10
55.5865035452607
      20
3.66160984201066
      30
0
      10
51.3997746648399
      20
4.26290249458554
      30
0
      10
47.2825593227499
      20
4.96989722936927
      30
0
      10
43.219961760777
      20
5.68299028439563
      30
0
      10
43.219961760777
      20
5.68299028439563
      30
0
      10
39.819866868908
      20
6.28685033630573
      30
0
      10
33.4931277416883
      20
7.39379803948781
      30
0
      10
33.1686346673074
      20
7.43833951777788
      30
0
      10
33.1686346673074
      20
7.43833951777788
      30
0
      10
28.5230704281619
      20
8.22397061015434
      30
0
      10
23.9349514047204
      20
8.93000504321254
      30
0
      10
19.3806236846341
      20
9.47147762076872
      30
0
      10
19.3806236846341
      20
9.47147762076872
      30
0
      10
9.29604087587162
      20
10.6913073797694
      30
0
      10
-0.622861103684892
      20
11.019993227111
      30
0
      10
-10.6328875393046
      20
10.3043489015876
      30
0
      10
-10.6328875393046
      20
10.3043489015876
      30
0
      10
-13.53902424642
      20
10.1022054863422
      30
0
      10
-16.4528415788644
      20
9.82037818578675
      30
0
      10
-19.3806236846341
      20
9.47147762076874
      30
0
      10
-19.3806236846341
      20
9.47147762076874
      30
0
      10
-24.5855696504471
      20
8.85305222382425
      30
0
      10
-29.8346511961525
      20
8.01807223520565
      30
0
      10
-35.1631767856646
      20
7.09764388586325
      30
0
      10
-35.1631767856646
      20
7.09764388586325
      30
0
      10
-36.5004573340301
      20
6.86395091237229
      30
0
      10
-37.8377378823956
      20
6.63025793888132
      30
0
      10
-39.1750184307611
      20
6.39656496539036
      30
0
      10
-39.1750184307611
      20
6.39656496539036
      30
0
      10
-40.5233328740997
      20
6.15870673839213
      30
0
      10
-41.8716473174384
      20
5.9208485113939
      30
0
      10
-43.219961760777
      20
5.68299028439567
      30
0
      10
-43.219961760777
      20
5.68299028439567
      30
0
      10
-47.2825593227499
      20
4.96989722936932
      30
0
      10
-51.3997746648399
      20
4.26290249458559
      30
0
      10
-55.5865035452607
      20
3.66160984201072
      30
0
      10
-55.5865035452607
      20
3.66160984201072
      30
0
      10
-58.3776561322079
      20
3.26091924341496
      30
0
      10
-61.1997036250799
      20
2.90769632538174
      30
0
      10
-64.057059581866
      20
2.63705882834416
      30
0
      10
-64.057059581866
      20
2.63705882834416
      30
0
      10
-65.1648146057792
      20
2.5321366375403
      30
0
      10
-66.2823534521674
      20
2.61283843739819
      30
0
      10
-67.3635398178604
      20
2.87583254716789
      30
0
      10
-67.3635398178604
      20
2.87583254716789
      30
0
      10
-68.4447261835534
      20
3.1388266569376
      30
0
      10
-69.4744739532892
      20
3.58044344150428
      30
0
      10
-70.4102711773063
      20
4.18245126093523
      30
0
      10
-70.4102711773063
      20
4.18245126093523
      30
0
      10
-71.3460684013233
      20
4.78445908036617
      30
0
      10
-72.1748576223401
      20
5.5384579403211
      30
0
      10
-72.8624232326492
      20
6.41331986694397
      30
0
      10
-72.8624232326492
      20
6.41331986694397
      30
0
      10
-73.5499888429583
      20
7.28818179356684
      30
0
      10
-74.0867370348903
      20
8.27169957792288
      30
0
      10
-74.4505087780101
      20
9.32326982191118
      30
0
      10
-74.4505087780101
      20
9.32326982191118
      30
0
      10
-74.8142805211299
      20
10.3748400658995
      30
0
      10
-75
      20
11.4797898968217
      30
0
      10
-75
      20
12.5925027345
      30
0
      10
-75
      20
12.5925027345
      30
0
      10
-75
      20
26.5616684896667
      30
0
      10
-75
      20
40.5308342448333
      30
0
      10
-75
      20
54.5
      30
0
      10
-75
      20
54.5
      30
0
      10
-75
      20
57.1920353345514
      30
0
      10
-74.4697277383556
      20
59.8578940170951
      30
0
      10
-73.4395304164814
      20
62.3450103634843
      30
0
      10
-73.4395304164814
      20
62.3450103634843
      30
0
      10
-72.4093330946071
      20
64.8321267098736
      30
0
      10
-70.8992454545793
      20
67.0921325740691
      30
0
      10
-68.9956890143242
      20
68.9956890143242
      30
0
      10
-68.9956890143242
      20
68.9956890143242
      30
0
      10
-67.0921325740691
      20
70.8992454545793
      30
0
      10
-64.8321267098736
      20
72.4093330946071
      30
0
      10
-62.3450103634843
      20
73.4395304164814
      30
0
      10
-62.3450103634843
      20
73.4395304164814
      30
0
      10
-59.8578940170951
      20
74.4697277383556
      30
0
      10
-57.1920353345514
      20
75
      30
0
      10
-54.5
      20
75
      30
0
      10
-54.5
      20
75
      30
0
      10
-52.3931639747667
      20
75
      30
0
      10
-50.2863279495333
      20
75
      30
0
      10
-48.1794919243
      20
75
      30
0
      10
-48.1794919243
      20
75
      30
0
      10
-47.3055831101366
      20
74.9999999999997
      30
0
      10
-46.4354325666969
      20
74.8854425076788
      30
0
      10
-45.5913014732749
      20
74.6592582628904
      30
0
      10
-45.5913014732749
      20
74.6592582628904
      30
0
      10
-44.7471703798528
      20
74.433074018102
      30
0
      10
-43.9363191579568
      20
74.0972084449258
      30
0
      10
-43.1794919243002
      20
73.6602540378441
      30
0
      10
-43.1794919243002
      20
73.6602540378441
      30
0
      10
-41.2623956929668
      20
72.5534180126294
      30
0
      10
-39.3452994616334
      20
71.4465819874147
      30
0
      10
-37.4282032303
      20
70.3397459622
      30
0
      10
-37.4282032303
      20
70.3397459622
      30
0
      10
-36.6713759966511
      20
69.9027915550983
      30
0
      10
-35.860524774757
      20
69.5669259819075
      30
0
      10
-35.0163936813336
      20
69.3407417371111
      30
0
      10
-35.0163936813336
      20
69.3407417371111
      30
0
      10
-34.1722625879102
      20
69.1145574923148
      30
0
      10
-33.3021120444667
      20
68.999999999993
      30
0
      10
-32.4282032303
      20
68.9999999999996
      30
0
      10
-32.4282032303
      20
68.9999999999996
      30
0
      10
-10.8094010767667
      20
68.9999999999997
      30
0
      10
10.8094010767667
      20
68.9999999999999
      30
0
      10
32.4282032303
      20
69
      30
0
      10
32.4282032303
      20
69
      30
0
      10
33.3021120444634
      20
69.0000000000002
      30
0
      10
34.1722625879031
      20
69.114557492321
      30
0
      10
35.0163936813252
      20
69.3407417371095
      30
0
      10
35.0163936813252
      20
69.3407417371095
      30
0
      10
35.8605247747472
      20
69.5669259818979
      30
0
      10
36.6713759966433
      20
69.9027915550741
      30
0
      10
37.4282032302999
      20
70.3397459621558
      30
0
      10
37.4282032302999
      20
70.3397459621558
      30
0
      10
39.3452994616333
      20
71.4465819873705
      30
0
      10
41.2623956929666
      20
72.5534180125853
      30
0
      10
43.1794919243
      20
73.6602540378
      30
0
      10
43.1794919243
      20
73.6602540378
      30
0
      10
43.9363191579565
      20
74.0972084449263
      30
0
      10
44.7471703798526
      20
74.4330740181024
      30
0
      10
45.5913014732747
      20
74.6592582628909
      30
0
      10
45.5913014732747
      20
74.6592582628909
      30
0
      10
46.4354325666968
      20
74.8854425076794
      30
0
      10
47.3055831101366
      20
75.0000000000002
      30
0
      10
48.1794919243
      20
75.0000000000002
      30
0
      10
48.1794919243
      20
75.0000000000002
      30
0
      10
50.2863279495333
      20
75.0000000000002
      30
0
      10
52.3931639747667
      20
75.0000000000001
      30
0
      10
54.5
      20
75
      30
0
      10
54.5
      20
75
      30
0
      10
57.1920353345514
      20
75
      30
0
      10
59.8578940170951
      20
74.4697277383556
      30
0
      10
62.3450103634844
      20
73.4395304164814
      30
0
      10
62.3450103634844
      20
73.4395304164814
      30
0
      10
64.8321267098736
      20
72.4093330946072
      30
0
      10
67.0921325740692
      20
70.8992454545793
      30
0
      10
68.9956890143243
      20
68.9956890143242
      30
0
      10
68.9956890143243
      20
68.9956890143242
      30
0
      10
70.8992454545794
      20
67.0921325740692
      30
0
      10
72.4093330946072
      20
64.8321267098736
      30
0
      10
73.4395304164814
      20
62.3450103634843
      30
0
      10
73.4395304164814
      20
62.3450103634843
      30
0
      10
74.4697277383557
      20
59.8578940170951
      30
0
      10
75.0000000000001
      20
57.1920353345514
      30
0
      10
75.0000000000001
      20
54.5
      30
0
    1001
FS_CYPCUT
    1000
Channel
    1070
1
    1000
LeadIn
    1002
{
    1070
3
    1040
33.5
    1040
1.5707963267949
    1040
1
    1040
1
    1070
0
    1040
0.5
    1070
0
    1002
}
    1000
LeadOut
    1002
{
    1070
0
    1040
0
    1040
0
    1040
0
    1070
0
    1002
}
    1000
IsFill
    1070
1
    1000
PathStart
    1040
33.5
    1000
ToolCompensation
    1002
{
    1070
0
    1040
0
    1070
0
    1002
}
    1000
MicroConnect
    1002
{
    1070
1
    1040
33.3844771
    1041
0.8
    1042
0
    1002
}
       0
ENDBLK
       5
2263
     330
2038
     100
AcDbEntity
       8
0
     100
AcDbBlockEnd
       0
BLOCK
       5
2264
     330
2039
     100
AcDbEntity
       8
0
     100
AcDbBlockBegin
       2
Part1432752149
      70
0
      10
-100
      20
-35
      30
0
       3
Part1432752149
       1

       4
CypCutBlock
       0
CIRCLE
       5
2265
     100
AcDbEntity
       8
1
     100
AcDbCircle
      10
-75
      20
13
      30
0
      40
4.25
    1001
FS_CYPCUT
    1000
Channel
    1070
1
    1000
LeadIn
    1002
{
    1070
3
    1040
1.11022302462516E-16
    1040
1.5707963267949
    1040
1
    1040
1
    1070
0
    1040
0.5
    1070
0
    1002
}
    1000
LeadOut
    1002
{
    1070
0
    1040
0
    1040
0
    1040
0
    1070
0
    1002
}
    1000
IsFill
    1070
0
    1000
PathStart
    1040
1.11022302462516E-16
    1000
ToolCompensation
    1002
{
    1070
0
    1040
0
    1070
0
    1002
}
       0
CIRCLE
       5
2266
     100
AcDbEntity
       8
1
     100
AcDbCircle
      10
75
      20
13
      30
0
      40
4.25
    1001
FS_CYPCUT
    1000
Channel
    1070
1
    1000
LeadIn
    1002
{
    1070
3
    1040
1.11022302462516E-16
    1040
1.5707963267949
    1040
1
    1040
1
    1070
0
    1040
0.5
    1070
0
    1002
}
    1000
LeadOut
    1002
{
    1070
0
    1040
0
    1040
0
    1040
0
    1070
0
    1002
}
    1000
IsFill
    1070
0
    1000
PathStart
    1040
1.11022302462516E-16
    1000
ToolCompensation
    1002
{
    1070
0
    1040
0
    1070
0
    1002
}
       0
LWPOLYLINE
       5
2267
     100
AcDbEntity
       8
1
     100
AcDbPolyline
      90
24
      70
1
      10
100
      20
25
      42
0.414213562373095
      10
90
      20
35
      42
0
      10
67
      20
35
      42
0.414213562373093
      10
65
      20
33
      42
0
      10
65
      20
30.65
      42
-0.414213562373091
      10
63
      20
28.65
      42
0
      10
43
      20
28.65
      42
0.414213562373098
      10
41
      20
26.65
      42
0
      10
41
      20
-9.35
      42
-0.414213562373095
      10
39
      20
-11.35
      42
0
      10
-39
      20
-11.35
      42
-0.414213562373091
      10
-41
      20
-9.35
      42
0
      10
-41
      20
26.65
      42
0.414213562373097
      10
-43
      20
28.65
      42
0
      10
-63
      20
28.65
      42
-0.414213562373092
      10
-65
      20
30.65
      42
0
      10
-65
      20
33
      42
0.414213562373095
      10
-67
      20
35
      42
0
      10
-90
      20
35
      42
0.414213562373095
      10
-100
      20
25
      42
0
      10
-100
      20
-25
      42
0.414213562373095
      10
-90
      20
-35
      42
0
      10
90
      20
-35
      42
0.414213562373095
      10
100
      20
-25
      42
0
    1001
FS_CYPCUT
    1000
Channel
    1070
1
    1000
LeadIn
    1002
{
    1070
3
    1040
21.5
    1040
1.5707963267949
    1040
1
    1040
1
    1070
0
    1040
0.5
    1070
0
    1002
}
    1000
LeadOut
    1002
{
    1070
0
    1040
0
    1040
0
    1040
0
    1070
0
    1002
}
    1000
IsFill
    1070
1
    1000
PathStart
    1040
21.5
    1000
ToolCompensation
    1002
{
    1070
0
    1040
0
    1070
0
    1002
}
    1000
MicroConnect
    1002
{
    1070
1
    1040
21.3246097
    1041
0.8
    1042
0
    1002
}
       0
ENDBLK
       5
2268
     330
2039
     100
AcDbEntity
       8
0
     100
AcDbBlockEnd
       0
BLOCK
       5
2269
     330
203A
     100
AcDbEntity
       8
0
     100
AcDbBlockBegin
       2
Part8528645
      70
0
      10
-20
      20
-20
      30
0
       3
Part8528645
       1

       4
CypCutBlock
       0
CIRCLE
       5
226A
     100
AcDbEntity
       8
1
     100
AcDbCircle
      10
0
      20
0
      30
0
      40
5.25
    1001
FS_CYPCUT
    1000
Channel
    1070
1
    1000
LeadIn
    1002
{
    1070
3
    1040
0
    1040
1.5707963267949
    1040
1
    1040
1
    1070
0
    1040
0.5
    1070
0
    1002
}
    1000
LeadOut
    1002
{
    1070
0
    1040
0
    1040
0
    1040
0
    1070
0
    1002
}
    1000
IsFill
    1070
0
    1000
PathStart
    1040
0
    1000
ToolCompensation
    1002
{
    1070
0
    1040
0
    1070
0
    1002
}
       0
LWPOLYLINE
       5
226B
     100
AcDbEntity
       8
1
     100
AcDbPolyline
      90
8
      70
1
      10
20
      20
14
      42
0
      10
20
      20
-14
      42
-0.414213562373095
      10
14
      20
-20
      42
0
      10
-14
      20
-20
      42
-0.414213562373095
      10
-20
      20
-14
      42
0
      10
-20
      20
14
      42
-0.414213562373095
      10
-14
      20
20
      42
0
      10
14
      20
20
      42
-0.414213562373095
    1001
FS_CYPCUT
    1000
Channel
    1070
1
    1000
LeadIn
    1002
{
    1070
3
    1040
0.5
    1040
1.5707963267949
    1040
1
    1040
1
    1070
0
    1040
0.5
    1070
0
    1002
}
    1000
LeadOut
    1002
{
    1070
0
    1040
0
    1040
0
    1040
0
    1070
0
    1002
}
    1000
IsFill
    1070
1
    1000
PathStart
    1040
0.5
    1000
ToolCompensation
    1002
{
    1070
0
    1040
0
    1070
0
    1002
}
    1000
MicroConnect
    1002
{
    1070
1
    1040
4.48533063
    1041
0.8
    1042
0
    1002
}
       0
ENDBLK
       5
226C
     330
203A
     100
AcDbEntity
       8
0
     100
AcDbBlockEnd
       0
BLOCK
       5
226D
     330
203B
     100
AcDbEntity
       8
0
     100
AcDbBlockBegin
       2
Part1430087522
      70
0
      10
-1.33226763E-14
      20
-1.33226763E-14
      30
0
       3
Part1430087522
       1

       4
CypCutBlock
       0
CIRCLE
       5
226E
     100
AcDbEntity
       8
1
     100
AcDbCircle
      10
12.5
      20
12
      30
0
      40
4.49999999999999
    1001
FS_CYPCUT
    1000
Channel
    1070
1
    1000
LeadIn
    1002
{
    1070
3
    1040
0
    1040
1.5707963267949
    1040
1
    1040
1
    1070
0
    1040
0.5
    1070
0
    1002
}
    1000
LeadOut
    1002
{
    1070
0
    1040
0
    1040
0
    1040
0
    1070
0
    1002
}
    1000
IsFill
    1070
0
    1000
PathStart
    1040
0
    1000
ToolCompensation
    1002
{
    1070
0
    1040
0
    1070
0
    1002
}
       0
CIRCLE
       5
226F
     100
AcDbEntity
       8
1
     100
AcDbCircle
      10
103.8333333333
      20
12
      30
0
      40
4.50000000000002
    1001
FS_CYPCUT
    1000
Channel
    1070
1
    1000
LeadIn
    1002
{
    1070
3
    1040
8.32667268468867E-17
    1040
1.5707963267949
    1040
1
    1040
1
    1070
0
    1040
0.5
    1070
0
    1002
}
    1000
LeadOut
    1002
{
    1070
0
    1040
0
    1040
0
    1040
0
    1070
0
    1002
}
    1000
IsFill
    1070
0
    1000
PathStart
    1040
8.32667268468867E-17
    1000
ToolCompensation
    1002
{
    1070
0
    1040
0
    1070
0
    1002
}
       0
CIRCLE
       5
2270
     100
AcDbEntity
       8
1
     100
AcDbCircle
      10
195.1666666667
      20
12
      30
0
      40
4.49999999999999
    1001
FS_CYPCUT
    1000
Channel
    1070
1
    1000
LeadIn
    1002
{
    1070
3
    1040
0
    1040
1.5707963267949
    1040
1
    1040
1
    1070
0
    1040
0.5
    1070
0
    1002
}
    1000
LeadOut
    1002
{
    1070
0
    1040
0
    1040
0
    1040
0
    1070
0
    1002
}
    1000
IsFill
    1070
0
    1000
PathStart
    1040
1
    1000
ToolCompensation
    1002
{
    1070
0
    1040
0
    1070
0
    1002
}
       0
CIRCLE
       5
2271
     100
AcDbEntity
       8
1
     100
AcDbCircle
      10
286.5
      20
12
      30
0
      40
4.49999999999988
    1001
FS_CYPCUT
    1000
Channel
    1070
1
    1000
LeadIn
    1002
{
    1070
3
    1040
5.55111512312578E-17
    1040
1.5707963267949
    1040
1
    1040
1
    1070
0
    1040
0.5
    1070
0
    1002
}
    1000
LeadOut
    1002
{
    1070
0
    1040
0
    1040
0
    1040
0
    1070
0
    1002
}
    1000
IsFill
    1070
0
    1000
PathStart
    1040
5.55111512312578E-17
    1000
ToolCompensation
    1002
{
    1070
0
    1040
0
    1070
0
    1002
}
       0
CIRCLE
       5
2272
     100
AcDbEntity
       8
1
     100
AcDbCircle
      10
286.5
      20
110.6666666667
      30
0
      40
4.49999999999989
    1001
FS_CYPCUT
    1000
Channel
    1070
1
    1000
LeadIn
    1002
{
    1070
3
    1040
3.60822483003176E-16
    1040
1.5707963267949
    1040
1
    1040
1
    1070
0
    1040
0.5
    1070
0
    1002
}
    1000
LeadOut
    1002
{
    1070
0
    1040
0
    1040
0
    1040
0
    1070
0
    1002
}
    1000
IsFill
    1070
0
    1000
PathStart
    1040
3.60822483003176E-16
    1000
ToolCompensation
    1002
{
    1070
0
    1040
0
    1070
0
    1002
}
       0
CIRCLE
       5
2273
     100
AcDbEntity
       8
1
     100
AcDbCircle
      10
12.5
      20
110.6666666667
      30
0
      40
4.50000000000003
    1001
FS_CYPCUT
    1000
Channel
    1070
1
    1000
LeadIn
    1002
{
    1070
3
    1040
1.38777878078145E-16
    1040
1.5707963267949
    1040
1
    1040
1
    1070
0
    1040
0.5
    1070
0
    1002
}
    1000
LeadOut
    1002
{
    1070
0
    1040
0
    1040
0
    1040
0
    1070
0
    1002
}
    1000
IsFill
    1070
0
    1000
PathStart
    1040
1.38777878078145E-16
    1000
ToolCompensation
    1002
{
    1070
0
    1040
0
    1070
0
    1002
}
       0
LWPOLYLINE
       5
2274
     100
AcDbEntity
       8
1
     100
AcDbPolyline
      90
4
      70
1
      10
272.25
      20
295.5
      42
0
      10
272.25
      20
24.5
      42
0
      10
26.75
      20
24.5
      42
0
      10
26.75
      20
295.5
      42
0
    1001
FS_CYPCUT
    1000
Channel
    1070
1
    1000
LeadIn
    1002
{
    1070
3
    1040
0.5
    1040
1.5707963267949
    1040
1
    1040
1
    1070
0
    1040
0.5
    1070
0
    1002
}
    1000
LeadOut
    1002
{
    1070
0
    1040
0
    1040
0
    1040
0
    1070
0
    1002
}
    1000
IsFill
    1070
0
    1000
PathStart
    1040
0.5
    1000
ToolCompensation
    1002
{
    1070
0
    1040
0
    1070
0
    1002
}
       0
CIRCLE
       5
2275
     100
AcDbEntity
       8
1
     100
AcDbCircle
      10
286.5
      20
209.3333333333
      30
0
      40
4.49999999999989
    1001
FS_CYPCUT
    1000
Channel
    1070
1
    1000
LeadIn
    1002
{
    1070
3
    1040
0
    1040
1.5707963267949
    1040
1
    1040
1
    1070
0
    1040
0.5
    1070
0
    1002
}
    1000
LeadOut
    1002
{
    1070
0
    1040
0
    1040
0
    1040
0
    1070
0
    1002
}
    1000
IsFill
    1070
0
    1000
PathStart
    1040
0
    1000
ToolCompensation
    1002
{
    1070
0
    1040
0
    1070
0
    1002
}
       0
CIRCLE
       5
2276
     100
AcDbEntity
       8
1
     100
AcDbCircle
      10
12.5
      20
209.3333333333
      30
0
      40
4.50000000000003
    1001
FS_CYPCUT
    1000
Channel
    1070
1
    1000
LeadIn
    1002
{
    1070
3
    1040
1.38777878078145E-16
    1040
1.5707963267949
    1040
1
    1040
1
    1070
0
    1040
0.5
    1070
0
    1002
}
    1000
LeadOut
    1002
{
    1070
0
    1040
0
    1040
0
    1040
0
    1070
0
    1002
}
    1000
IsFill
    1070
0
    1000
PathStart
    1040
1.38777878078145E-16
    1000
ToolCompensation
    1002
{
    1070
0
    1040
0
    1070
0
    1002
}
       0
CIRCLE
       5
2277
     100
AcDbEntity
       8
1
     100
AcDbCircle
      10
12.5
      20
308
      30
0
      40
4.49999999999994
    1001
FS_CYPCUT
    1000
Channel
    1070
1
    1000
LeadIn
    1002
{
    1070
3
    1040
2.22044604925031E-16
    1040
1.5707963267949
    1040
1
    1040
1
    1070
0
    1040
0.5
    1070
0
    1002
}
    1000
LeadOut
    1002
{
    1070
0
    1040
0
    1040
0
    1040
0
    1070
0
    1002
}
    1000
IsFill
    1070
0
    1000
PathStart
    1040
2.22044604925031E-16
    1000
ToolCompensation
    1002
{
    1070
0
    1040
0
    1070
0
    1002
}
       0
CIRCLE
       5
2278
     100
AcDbEntity
       8
1
     100
AcDbCircle
      10
103.8333333333
      20
308
      30
0
      40
4.49999999999994
    1001
FS_CYPCUT
    1000
Channel
    1070
1
    1000
LeadIn
    1002
{
    1070
3
    1040
3.60822483003176E-16
    1040
1.5707963267949
    1040
1
    1040
1
    1070
0
    1040
0.5
    1070
0
    1002
}
    1000
LeadOut
    1002
{
    1070
0
    1040
0
    1040
0
    1040
0
    1070
0
    1002
}
    1000
IsFill
    1070
0
    1000
PathStart
    1040
3.60822483003176E-16
    1000
ToolCompensation
    1002
{
    1070
0
    1040
0
    1070
0
    1002
}
       0
CIRCLE
       5
2279
     100
AcDbEntity
       8
1
     100
AcDbCircle
      10
195.1666666667
      20
308
      30
0
      40
4.49999999999994
    1001
FS_CYPCUT
    1000
Channel
    1070
1
    1000
LeadIn
    1002
{
    1070
3
    1040
0
    1040
1.5707963267949
    1040
1
    1040
1
    1070
0
    1040
0.5
    1070
0
    1002
}
    1000
LeadOut
    1002
{
    1070
0
    1040
0
    1040
0
    1040
0
    1070
0
    1002
}
    1000
IsFill
    1070
0
    1000
PathStart
    1040
0
    1000
ToolCompensation
    1002
{
    1070
0
    1040
0
    1070
0
    1002
}
       0
CIRCLE
       5
227A
     100
AcDbEntity
       8
1
     100
AcDbCircle
      10
286.5
      20
308
      30
0
      40
4.49999999999983
    1001
FS_CYPCUT
    1000
Channel
    1070
1
    1000
LeadIn
    1002
{
    1070
3
    1040
0
    1040
1.5707963267949
    1040
1
    1040
1
    1070
0
    1040
0.5
    1070
0
    1002
}
    1000
LeadOut
    1002
{
    1070
0
    1040
0
    1040
0
    1040
0
    1070
0
    1002
}
    1000
IsFill
    1070
0
    1000
PathStart
    1040
0
    1000
ToolCompensation
    1002
{
    1070
0
    1040
0
    1070
0
    1002
}
       0
LWPOLYLINE
       5
227B
     100
AcDbEntity
       8
1
     100
AcDbPolyline
      90
8
      70
1
      10
299
      20
315
      42
0.414213562373082
      10
294
      20
320
      42
0
      10
5
      20
320
      42
0.414213562373094
      10
0
      20
315
      42
0
      10
-1.33226762955019E-14
      20
5
      42
0.414213562373095
      10
5
      20
-1.33226762955019E-14
      42
0
      10
294
      20
-5.32907051820075E-15
      42
0.414213562373103
      10
299
      20
5
      42
0
    1001
FS_CYPCUT
    1000
Channel
    1070
1
    1000
LeadIn
    1002
{
    1070
3
    1040
3.5
    1040
1.5707963267949
    1040
1
    1040
1
    1070
0
    1040
0.5
    1070
0
    1002
}
    1000
LeadOut
    1002
{
    1070
0
    1040
0
    1040
0
    1040
0
    1070
0
    1002
}
    1000
IsFill
    1070
1
    1000
PathStart
    1040
3.5
    1000
ToolCompensation
    1002
{
    1070
0
    1040
0
    1070
0
    1002
}
    1000
MicroConnect
    1002
{
    1070
2
    1040
3.14368343
    1041
0.8
    1042
0
    1040
7.0719309
    1041
0.8
    1042
0
    1002
}
       0
ENDBLK
       5
227C
     330
203B
     100
AcDbEntity
       8
0
     100
AcDbBlockEnd
       0
BLOCK
       5
227D
     330
203C
     100
AcDbEntity
       8
0
     100
AcDbBlockBegin
       2
Part1305670539
      70
0
      10
-338.416134
      20
-2.5370589E-10
      30
0
       3
Part1305670539
       1

       4
CypCutBlock
       0
LWPOLYLINE
       5
227E
     100
AcDbEntity
       8
1
     100
AcDbPolyline
      90
4
      70
1
      10
-231.390002374
      20
30.2024392663
      42
0
      10
-236.1531420948
      20
27.4524392663
      42
0
      10
-250.3531420948
      20
52.0475607337
      42
0
      10
-245.590002374
      20
54.7975607337
      42
0
    1001
FS_CYPCUT
    1000
Channel
    1070
1
    1000
LeadIn
    1002
{
    1070
3
    1040
1.5
    1040
1.5707963267949
    1040
1
    1040
1
    1070
0
    1040
0.5
    1070
0
    1002
}
    1000
LeadOut
    1002
{
    1070
0
    1040
0
    1040
0
    1040
0
    1070
0
    1002
}
    1000
IsFill
    1070
0
    1000
PathStart
    1040
1.5
    1000
ToolCompensation
    1002
{
    1070
0
    1040
0
    1070
0
    1002
}
       0
LWPOLYLINE
       5
227F
     100
AcDbEntity
       8
1
     100
AcDbPolyline
      90
4
      70
1
      10
-166.0050843882
      20
67.9524392663
      42
0
      10
-180.2050843882
      20
92.5475607337
      42
0
      10
-184.9682241091
      20
89.7975607337
      42
0
      10
-170.7682241091
      20
65.2024392663
      42
0
    1001
FS_CYPCUT
    1000
Channel
    1070
1
    1000
LeadIn
    1002
{
    1070
3
    1040
0.5
    1040
1.5707963267949
    1040
1
    1040
1
    1070
0
    1040
0.5
    1070
0
    1002
}
    1000
LeadOut
    1002
{
    1070
0
    1040
0
    1040
0
    1040
0
    1070
0
    1002
}
    1000
IsFill
    1070
0
    1000
PathStart
    1040
0.5
    1000
ToolCompensation
    1002
{
    1070
0
    1040
0
    1070
0
    1002
}
       0
LWPOLYLINE
       5
2280
     100
AcDbEntity
       8
1
     100
AcDbPolyline
      90
4
      70
1
      10
1.01978703259675E-10
      20
-2.5367138944965E-10
      42
0.039307209575255
      10
-52.7531674668193
      20
119.999999999507
      42
0
      10
-338.4161337771
      20
120
      42
0
      10
-338.4161337771
      20
0
      42
0
    1001
FS_CYPCUT
    1000
Channel
    1070
1
    1000
LeadIn
    1002
{
    1070
3
    1040
3.5
    1040
1.5707963267949
    1040
1
    1040
1
    1070
0
    1040
0.5
    1070
0
    1002
}
    1000
LeadOut
    1002
{
    1070
0
    1040
0
    1040
0
    1040
0
    1070
0
    1002
}
    1000
IsFill
    1070
1
    1000
PathStart
    1040
3.5
    1000
ToolCompensation
    1002
{
    1070
0
    1040
0
    1070
0
    1002
}
    1000
MicroConnect
    1002
{
    1070
2
    1040
1.28244499
    1041
0.8
    1042
0
    1040
3.13776722
    1041
0.8
    1042
0
    1002
}
       0
ENDBLK
       5
2281
     330
203C
     100
AcDbEntity
       8
0
     100
AcDbBlockEnd
       0
BLOCK
       5
2282
     330
203D
     100
AcDbEntity
       8
0
     100
AcDbBlockBegin
       2
Part368371483
      70
0
      10
-338.416134
      20
-2.5370589E-10
      30
0
       3
Part368371483
       1

       4
CypCutBlock
       0
LWPOLYLINE
       5
2283
     100
AcDbEntity
       8
1
     100
AcDbPolyline
      90
4
      70
1
      10
-231.390002374
      20
30.2024392663
      42
0
      10
-236.1531420948
      20
27.4524392663
      42
0
      10
-250.3531420948
      20
52.0475607337
      42
0
      10
-245.590002374
      20
54.7975607337
      42
0
    1001
FS_CYPCUT
    1000
Channel
    1070
1
    1000
LeadIn
    1002
{
    1070
3
    1040
1.5
    1040
1.5707963267949
    1040
1
    1040
1
    1070
0
    1040
0.5
    1070
0
    1002
}
    1000
LeadOut
    1002
{
    1070
0
    1040
0
    1040
0
    1040
0
    1070
0
    1002
}
    1000
IsFill
    1070
0
    1000
PathStart
    1040
1.5
    1000
ToolCompensation
    1002
{
    1070
0
    1040
0
    1070
0
    1002
}
       0
LWPOLYLINE
       5
2284
     100
AcDbEntity
       8
1
     100
AcDbPolyline
      90
4
      70
1
      10
-166.0050843882
      20
67.9524392663
      42
0
      10
-180.2050843882
      20
92.5475607337
      42
0
      10
-184.9682241091
      20
89.7975607337
      42
0
      10
-170.7682241091
      20
65.2024392663
      42
0
    1001
FS_CYPCUT
    1000
Channel
    1070
1
    1000
LeadIn
    1002
{
    1070
3
    1040
0.5
    1040
1.5707963267949
    1040
1
    1040
1
    1070
0
    1040
0.5
    1070
0
    1002
}
    1000
LeadOut
    1002
{
    1070
0
    1040
0
    1040
0
    1040
0
    1070
0
    1002
}
    1000
IsFill
    1070
0
    1000
PathStart
    1040
0.5
    1000
ToolCompensation
    1002
{
    1070
0
    1040
0
    1070
0
    1002
}
       0
LWPOLYLINE
       5
2285
     100
AcDbEntity
       8
1
     100
AcDbPolyline
      90
4
      70
1
      10
1.01978703259675E-10
      20
-2.5367138944965E-10
      42
0.039307209575255
      10
-52.7531674668193
      20
119.999999999507
      42
0
      10
-338.4161337771
      20
120
      42
0
      10
-338.4161337771
      20
0
      42
0
    1001
FS_CYPCUT
    1000
Channel
    1070
1
    1000
LeadIn
    1002
{
    1070
3
    1040
3.5
    1040
1.5707963267949
    1040
1
    1040
1
    1070
0
    1040
0.5
    1070
0
    1002
}
    1000
LeadOut
    1002
{
    1070
0
    1040
0
    1040
0
    1040
0
    1070
0
    1002
}
    1000
IsFill
    1070
1
    1000
PathStart
    1040
3.5
    1000
ToolCompensation
    1002
{
    1070
0
    1040
0
    1070
0
    1002
}
    1000
MicroConnect
    1002
{
    1070
2
    1040
1.28244499
    1041
0.8
    1042
0
    1040
3.13776722
    1041
0.8
    1042
0
    1002
}
       0
ENDBLK
       5
2286
     330
203D
     100
AcDbEntity
       8
0
     100
AcDbBlockEnd
       0
BLOCK
       5
2287
     330
203E
     100
AcDbEntity
       8
0
     100
AcDbBlockBegin
       2
Part1945887846
      70
0
      10
-100
      20
-35
      30
0
       3
Part1945887846
       1

       4
CypCutBlock
       0
CIRCLE
       5
2288
     100
AcDbEntity
       8
1
     100
AcDbCircle
      10
-75
      20
13
      30
0
      40
4.25
    1001
FS_CYPCUT
    1000
Channel
    1070
1
    1000
LeadIn
    1002
{
    1070
3
    1040
1.11022302462516E-16
    1040
1.5707963267949
    1040
1
    1040
1
    1070
0
    1040
0.5
    1070
0
    1002
}
    1000
LeadOut
    1002
{
    1070
0
    1040
0
    1040
0
    1040
0
    1070
0
    1002
}
    1000
IsFill
    1070
0
    1000
PathStart
    1040
1.11022302462516E-16
    1000
ToolCompensation
    1002
{
    1070
0
    1040
0
    1070
0
    1002
}
       0
CIRCLE
       5
2289
     100
AcDbEntity
       8
1
     100
AcDbCircle
      10
75
      20
13
      30
0
      40
4.25
    1001
FS_CYPCUT
    1000
Channel
    1070
1
    1000
LeadIn
    1002
{
    1070
3
    1040
1.11022302462516E-16
    1040
1.5707963267949
    1040
1
    1040
1
    1070
0
    1040
0.5
    1070
0
    1002
}
    1000
LeadOut
    1002
{
    1070
0
    1040
0
    1040
0
    1040
0
    1070
0
    1002
}
    1000
IsFill
    1070
0
    1000
PathStart
    1040
1.11022302462516E-16
    1000
ToolCompensation
    1002
{
    1070
0
    1040
0
    1070
0
    1002
}
       0
LWPOLYLINE
       5
228A
     100
AcDbEntity
       8
1
     100
AcDbPolyline
      90
24
      70
1
      10
100
      20
25
      42
0.414213562373095
      10
90
      20
35
      42
0
      10
67
      20
35
      42
0.414213562373093
      10
65
      20
33
      42
0
      10
65
      20
30.65
      42
-0.414213562373091
      10
63
      20
28.65
      42
0
      10
43
      20
28.65
      42
0.414213562373098
      10
41
      20
26.65
      42
0
      10
41
      20
-9.35
      42
-0.414213562373095
      10
39
      20
-11.35
      42
0
      10
-39
      20
-11.35
      42
-0.414213562373091
      10
-41
      20
-9.35
      42
0
      10
-41
      20
26.65
      42
0.414213562373097
      10
-43
      20
28.65
      42
0
      10
-63
      20
28.65
      42
-0.414213562373092
      10
-65
      20
30.65
      42
0
      10
-65
      20
33
      42
0.414213562373095
      10
-67
      20
35
      42
0
      10
-90
      20
35
      42
0.414213562373095
      10
-100
      20
25
      42
0
      10
-100
      20
-25
      42
0.414213562373095
      10
-90
      20
-35
      42
0
      10
90
      20
-35
      42
0.414213562373095
      10
100
      20
-25
      42
0
    1001
FS_CYPCUT
    1000
Channel
    1070
1
    1000
LeadIn
    1002
{
    1070
3
    1040
21.5
    1040
1.5707963267949
    1040
1
    1040
1
    1070
0
    1040
0.5
    1070
0
    1002
}
    1000
LeadOut
    1002
{
    1070
0
    1040
0
    1040
0
    1040
0
    1070
0
    1002
}
    1000
IsFill
    1070
1
    1000
PathStart
    1040
21.5
    1000
ToolCompensation
    1002
{
    1070
0
    1040
0
    1070
0
    1002
}
    1000
MicroConnect
    1002
{
    1070
1
    1040
21.3246097
    1041
0.8
    1042
0
    1002
}
       0
ENDBLK
       5
228B
     330
203E
     100
AcDbEntity
       8
0
     100
AcDbBlockEnd
       0
BLOCK
       5
228C
     330
203F
     100
AcDbEntity
       8
0
     100
AcDbBlockBegin
       2
Part141858244
      70
0
      10
-20
      20
-20
      30
0
       3
Part141858244
       1

       4
CypCutBlock
       0
CIRCLE
       5
228D
     100
AcDbEntity
       8
1
     100
AcDbCircle
      10
0
      20
0
      30
0
      40
5.25
    1001
FS_CYPCUT
    1000
Channel
    1070
1
    1000
LeadIn
    1002
{
    1070
3
    1040
0
    1040
1.5707963267949
    1040
1
    1040
1
    1070
0
    1040
0.5
    1070
0
    1002
}
    1000
LeadOut
    1002
{
    1070
0
    1040
0
    1040
0
    1040
0
    1070
0
    1002
}
    1000
IsFill
    1070
0
    1000
PathStart
    1040
0
    1000
ToolCompensation
    1002
{
    1070
0
    1040
0
    1070
0
    1002
}
       0
LWPOLYLINE
       5
228E
     100
AcDbEntity
       8
1
     100
AcDbPolyline
      90
8
      70
1
      10
20
      20
14
      42
0
      10
20
      20
-14
      42
-0.414213562373095
      10
14
      20
-20
      42
0
      10
-14
      20
-20
      42
-0.414213562373095
      10
-20
      20
-14
      42
0
      10
-20
      20
14
      42
-0.414213562373095
      10
-14
      20
20
      42
0
      10
14
      20
20
      42
-0.414213562373095
    1001
FS_CYPCUT
    1000
Channel
    1070
1
    1000
LeadIn
    1002
{
    1070
3
    1040
0.5
    1040
1.5707963267949
    1040
1
    1040
1
    1070
0
    1040
0.5
    1070
0
    1002
}
    1000
LeadOut
    1002
{
    1070
0
    1040
0
    1040
0
    1040
0
    1070
0
    1002
}
    1000
IsFill
    1070
1
    1000
PathStart
    1040
0.5
    1000
ToolCompensation
    1002
{
    1070
0
    1040
0
    1070
0
    1002
}
    1000
MicroConnect
    1002
{
    1070
1
    1040
4.48533063
    1041
0.8
    1042
0
    1002
}
       0
ENDBLK
       5
228F
     330
203F
     100
AcDbEntity
       8
0
     100
AcDbBlockEnd
       0
BLOCK
       5
2290
     330
2040
     100
AcDbEntity
       8
0
     100
AcDbBlockBegin
       2
Part915019531
      70
0
      10
-1.39888101E-14
      20
-5.70654635E-14
      30
0
       3
Part915019531
       1

       4
CypCutBlock
       0
LWPOLYLINE
       5
2291
     100
AcDbEntity
       8
1
     100
AcDbPolyline
      90
6
      70
1
      10
88.6809524417193
      20
40.2426406871193
      42
-0.668178637919299
      10
84.4383117546
      20
30
      42
0
      10
36
      20
30
      42
-0.414213562373094
      10
30
      20
36
      42
0
      10
30
      20
84.4383117546
      42
-0.668178637919298
      10
40.2426406871
      20
88.6809524417
      42
0
    1001
FS_CYPCUT
    1000
Channel
    1070
1
    1000
LeadIn
    1002
{
    1070
3
    1040
5.5
    1040
1.5707963267949
    1040
1
    1040
1
    1070
0
    1040
0.5
    1070
0
    1002
}
    1000
LeadOut
    1002
{
    1070
0
    1040
0
    1040
0
    1040
0
    1070
0
    1002
}
    1000
IsFill
    1070
0
    1000
PathStart
    1040
5.5
    1000
ToolCompensation
    1002
{
    1070
0
    1040
0
    1070
0
    1002
}
       0
LWPOLYLINE
       5
2292
     100
AcDbEntity
       8
1
     100
AcDbPolyline
      90
28
      70
1
      10
161.35
      20
8.3431457505
      42
0
      10
161.35
      20
4
      42
-0.414213562373088
      10
157.35
      20
0
      42
0
      10
142.6
      20
-5.7065463465733E-14
      42
-0.414213562373093
      10
141.6
      20
1
      42
0
      10
141.6
      20
2.2
      42
0
      10
121.1
      20
2.2
      42
0
      10
121.1
      20
1
      42
-0.414213562373102
      10
120.1
      20
7.99360577730113E-15
      42
0
      10
47.6
      20
0
      42
-0.414213562373088
      10
46.6
      20
1
      42
0
      10
46.6
      20
2.2
      42
0
      10
26.1
      20
2.2
      42
0
      10
26.1
      20
1
      42
-0.414213562373092
      10
25.1
      20
8.10462807976364E-14
      42
0
      10
4
      20
-4.44089209850063E-15
      42
-0.414213562373095
      10
-4.44089209850063E-15
      20
4
      42
0
      10
-1.3988810110277E-14
      20
88.75
      42
-0.414213562373087
      10
1
      20
89.75
      42
0
      10
2.2
      20
89.75
      42
0
      10
2.2
      20
120.25
      42
0
      10
1
      20
120.25
      42
-0.414213562373104
      10
0
      20
121.25
      42
0
      10
-4.44089209850063E-15
      20
156
      42
-0.414213562373091
      10
4
      20
160
      42
0
      10
9.6931457505
      20
160
      42
-0.198912367379661
      10
12.5215728752463
      20
158.828427124746
      42
0
      10
160.1784271247
      20
11.1715728753
      42
-0.198912367379671
    1001
FS_CYPCUT
    1000
Channel
    1070
1
    1000
LeadIn
    1002
{
    1070
3
    1040
26.5
    1040
1.5707963267949
    1040
1
    1040
1
    1070
0
    1040
0.5
    1070
0
    1002
}
    1000
LeadOut
    1002
{
    1070
0
    1040
0
    1040
0
    1040
0
    1070
0
    1002
}
    1000
IsFill
    1070
1
    1000
PathStart
    1040
26.5
    1000
ToolCompensation
    1002
{
    1070
0
    1040
0
    1070
0
    1002
}
    1000
MicroConnect
    1002
{
    1070
2
    1040
5.6354198
    1041
0.8
    1042
0
    1040
19.4054723
    1041
0.8
    1042
0
    1002
}
       0
ENDBLK
       5
2293
     330
2040
     100
AcDbEntity
       8
0
     100
AcDbBlockEnd
       0
BLOCK
       5
2294
     330
2041
     100
AcDbEntity
       8
0
     100
AcDbBlockBegin
       2
Part1928106073
      70
0
      10
-75
      20
2.59250363
      30
0
       3
Part1928106073
       1

       4
CypCutBlock
       0
LWPOLYLINE
       5
2295
     100
AcDbEntity
       8
1
     100
AcDbPolyline
      90
4
      70
1
      10
-45.5
      20
50
      42
1
      10
-54.5
      20
50
      42
0
      10
-54.5
      20
20
      42
1
      10
-45.5
      20
20
      42
0
    1001
FS_CYPCUT
    1000
Channel
    1070
1
    1000
LeadIn
    1002
{
    1070
3
    1040
1.5
    1040
1.5707963267949
    1040
1
    1040
1
    1070
0
    1040
0.5
    1070
0
    1002
}
    1000
LeadOut
    1002
{
    1070
0
    1040
0
    1040
0
    1040
0
    1070
0
    1002
}
    1000
IsFill
    1070
0
    1000
PathStart
    1040
1.5
    1000
ToolCompensation
    1002
{
    1070
0
    1040
0
    1070
0
    1002
}
       0
LWPOLYLINE
       5
2296
     100
AcDbEntity
       8
1
     100
AcDbPolyline
      90
4
      70
1
      10
15
      20
18
      42
0
      10
15
      20
12
      42
0
      10
-15
      20
12
      42
0
      10
-15
      20
18
      42
0
    1001
FS_CYPCUT
    1000
Channel
    1070
1
    1000
LeadIn
    1002
{
    1070
3
    1040
1.5
    1040
1.5707963267949
    1040
1
    1040
1
    1070
0
    1040
0.5
    1070
0
    1002
}
    1000
LeadOut
    1002
{
    1070
0
    1040
0
    1040
0
    1040
0
    1070
0
    1002
}
    1000
IsFill
    1070
0
    1000
PathStart
    1040
1.5
    1000
ToolCompensation
    1002
{
    1070
0
    1040
0
    1070
0
    1002
}
       0
LWPOLYLINE
       5
2297
     100
AcDbEntity
       8
1
     100
AcDbPolyline
      90
4
      70
1
      10
54.5
      20
50
      42
1
      10
45.5
      20
50
      42
0
      10
45.5
      20
20
      42
0.999999999999999
      10
54.5
      20
20
      42
0
    1001
FS_CYPCUT
    1000
Channel
    1070
1
    1000
LeadIn
    1002
{
    1070
3
    1040
1.5
    1040
1.5707963267949
    1040
1
    1040
1
    1070
0
    1040
0.5
    1070
0
    1002
}
    1000
LeadOut
    1002
{
    1070
0
    1040
0
    1040
0
    1040
0
    1070
0
    1002
}
    1000
IsFill
    1070
0
    1000
PathStart
    1040
1.5
    1000
ToolCompensation
    1002
{
    1070
0
    1040
0
    1070
0
    1002
}
       0
SPLINE
       5
2298
     100
AcDbEntity
       8
1
     100
AcDbSpline
      70
0
      71
3
      72
180
      73
176
      74
0
      40
0
      40
0
      40
0
      40
0
      40
0.0227272727272727
      40
0.0227272727272727
      40
0.0227272727272727
      40
0.0227272727272727
      40
0.0454545454545455
      40
0.0454545454545455
      40
0.0454545454545455
      40
0.0454545454545455
      40
0.0681818181818182
      40
0.0681818181818182
      40
0.0681818181818182
      40
0.0681818181818182
      40
0.0909090909090909
      40
0.0909090909090909
      40
0.0909090909090909
      40
0.0909090909090909
      40
0.113636363636364
      40
0.113636363636364
      40
0.113636363636364
      40
0.113636363636364
      40
0.136363636363636
      40
0.136363636363636
      40
0.136363636363636
      40
0.136363636363636
      40
0.159090909090909
      40
0.159090909090909
      40
0.159090909090909
      40
0.159090909090909
      40
0.181818181818182
      40
0.181818181818182
      40
0.181818181818182
      40
0.181818181818182
      40
0.204545454545455
      40
0.204545454545455
      40
0.204545454545455
      40
0.204545454545455
      40
0.227272727272727
      40
0.227272727272727
      40
0.227272727272727
      40
0.227272727272727
      40
0.25
      40
0.25
      40
0.25
      40
0.25
      40
0.272727272727273
      40
0.272727272727273
      40
0.272727272727273
      40
0.272727272727273
      40
0.295454545454545
      40
0.295454545454545
      40
0.295454545454545
      40
0.295454545454545
      40
0.318181818181818
      40
0.318181818181818
      40
0.318181818181818
      40
0.318181818181818
      40
0.340909090909091
      40
0.340909090909091
      40
0.340909090909091
      40
0.340909090909091
      40
0.363636363636364
      40
0.363636363636364
      40
0.363636363636364
      40
0.363636363636364
      40
0.386363636363636
      40
0.386363636363636
      40
0.386363636363636
      40
0.386363636363636
      40
0.409090909090909
      40
0.409090909090909
      40
0.409090909090909
      40
0.409090909090909
      40
0.431818181818182
      40
0.431818181818182
      40
0.431818181818182
      40
0.431818181818182
      40
0.454545454545455
      40
0.454545454545455
      40
0.454545454545455
      40
0.454545454545455
      40
0.477272727272727
      40
0.477272727272727
      40
0.477272727272727
      40
0.477272727272727
      40
0.5
      40
0.5
      40
0.5
      40
0.5
      40
0.522727272727273
      40
0.522727272727273
      40
0.522727272727273
      40
0.522727272727273
      40
0.545454545454545
      40
0.545454545454545
      40
0.545454545454545
      40
0.545454545454545
      40
0.568181818181818
      40
0.568181818181818
      40
0.568181818181818
      40
0.568181818181818
      40
0.590909090909091
      40
0.590909090909091
      40
0.590909090909091
      40
0.590909090909091
      40
0.613636363636364
      40
0.613636363636364
      40
0.613636363636364
      40
0.613636363636364
      40
0.636363636363636
      40
0.636363636363636
      40
0.636363636363636
      40
0.636363636363636
      40
0.659090909090909
      40
0.659090909090909
      40
0.659090909090909
      40
0.659090909090909
      40
0.681818181818182
      40
0.681818181818182
      40
0.681818181818182
      40
0.681818181818182
      40
0.704545454545455
      40
0.704545454545455
      40
0.704545454545455
      40
0.704545454545455
      40
0.727272727272727
      40
0.727272727272727
      40
0.727272727272727
      40
0.727272727272727
      40
0.75
      40
0.75
      40
0.75
      40
0.75
      40
0.772727272727273
      40
0.772727272727273
      40
0.772727272727273
      40
0.772727272727273
      40
0.795454545454545
      40
0.795454545454545
      40
0.795454545454545
      40
0.795454545454545
      40
0.818181818181818
      40
0.818181818181818
      40
0.818181818181818
      40
0.818181818181818
      40
0.840909090909091
      40
0.840909090909091
      40
0.840909090909091
      40
0.840909090909091
      40
0.863636363636364
      40
0.863636363636364
      40
0.863636363636364
      40
0.863636363636364
      40
0.886363636363636
      40
0.886363636363636
      40
0.886363636363636
      40
0.886363636363636
      40
0.909090909090909
      40
0.909090909090909
      40
0.909090909090909
      40
0.909090909090909
      40
0.931818181818182
      40
0.931818181818182
      40
0.931818181818182
      40
0.931818181818182
      40
0.954545454545455
      40
0.954545454545455
      40
0.954545454545455
      40
0.954545454545455
      40
0.977272727272727
      40
0.977272727272727
      40
0.977272727272727
      40
0.977272727272727
      40
1
      40
1
      40
1
      40
1
      10
75
      20
54.5
      30
0
      10
75
      20
40.5308342448333
      30
0
      10
75
      20
26.5616684896667
      30
0
      10
75
      20
12.5925027345
      30
0
      10
75
      20
12.5925027345
      30
0
      10
75
      20
11.4797898968217
      30
0
      10
74.8142805211299
      20
10.3748400658995
      30
0
      10
74.4505087780101
      20
9.32326982191119
      30
0
      10
74.4505087780101
      20
9.32326982191119
      30
0
      10
74.0867370348903
      20
8.27169957792289
      30
0
      10
73.5499888429583
      20
7.28818179356685
      30
0
      10
72.8624232326492
      20
6.41331986694398
      30
0
      10
72.8624232326492
      20
6.41331986694398
      30
0
      10
72.1748576223401
      20
5.53845794032112
      30
0
      10
71.3460684013233
      20
4.78445908036619
      30
0
      10
70.4102711773063
      20
4.18245126093525
      30
0
      10
70.4102711773063
      20
4.18245126093525
      30
0
      10
69.4744739532892
      20
3.58044344150431
      30
0
      10
68.4447261835534
      20
3.13882665693762
      30
0
      10
67.3635398178604
      20
2.87583254716792
      30
0
      10
67.3635398178604
      20
2.87583254716792
      30
0
      10
66.2823534521674
      20
2.61283843739821
      30
0
      10
65.1648146057792
      20
2.53213663754033
      30
0
      10
64.057059581867
      20
2.63705882838256
      30
0
      10
64.057059581867
      20
2.63705882838256
      30
0
      10
61.1997036250799
      20
2.90769632538169
      30
0
      10
58.3776561322079
      20
3.26091924341491
      30
0
      10
55.5865035452607
      20
3.66160984201066
      30
0
      10
55.5865035452607
      20
3.66160984201066
      30
0
      10
51.3997746648399
      20
4.26290249458554
      30
0
      10
47.2825593227499
      20
4.96989722936927
      30
0
      10
43.219961760777
      20
5.68299028439563
      30
0
      10
43.219961760777
      20
5.68299028439563
      30
0
      10
39.819866868908
      20
6.28685033630573
      30
0
      10
33.4931277416883
      20
7.39379803948781
      30
0
      10
33.1686346673074
      20
7.43833951777788
      30
0
      10
33.1686346673074
      20
7.43833951777788
      30
0
      10
28.5230704281619
      20
8.22397061015434
      30
0
      10
23.9349514047204
      20
8.93000504321254
      30
0
      10
19.3806236846341
      20
9.47147762076872
      30
0
      10
19.3806236846341
      20
9.47147762076872
      30
0
      10
9.29604087587162
      20
10.6913073797694
      30
0
      10
-0.622861103684892
      20
11.019993227111
      30
0
      10
-10.6328875393046
      20
10.3043489015876
      30
0
      10
-10.6328875393046
      20
10.3043489015876
      30
0
      10
-13.53902424642
      20
10.1022054863422
      30
0
      10
-16.4528415788644
      20
9.82037818578675
      30
0
      10
-19.3806236846341
      20
9.47147762076874
      30
0
      10
-19.3806236846341
      20
9.47147762076874
      30
0
      10
-24.5855696504471
      20
8.85305222382425
      30
0
      10
-29.8346511961525
      20
8.01807223520565
      30
0
      10
-35.1631767856646
      20
7.09764388586325
      30
0
      10
-35.1631767856646
      20
7.09764388586325
      30
0
      10
-36.5004573340301
      20
6.86395091237229
      30
0
      10
-37.8377378823956
      20
6.63025793888132
      30
0
      10
-39.1750184307611
      20
6.39656496539036
      30
0
      10
-39.1750184307611
      20
6.39656496539036
      30
0
      10
-40.5233328740997
      20
6.15870673839213
      30
0
      10
-41.8716473174384
      20
5.9208485113939
      30
0
      10
-43.219961760777
      20
5.68299028439567
      30
0
      10
-43.219961760777
      20
5.68299028439567
      30
0
      10
-47.2825593227499
      20
4.96989722936932
      30
0
      10
-51.3997746648399
      20
4.26290249458559
      30
0
      10
-55.5865035452607
      20
3.66160984201072
      30
0
      10
-55.5865035452607
      20
3.66160984201072
      30
0
      10
-58.3776561322079
      20
3.26091924341496
      30
0
      10
-61.1997036250799
      20
2.90769632538174
      30
0
      10
-64.057059581866
      20
2.63705882834416
      30
0
      10
-64.057059581866
      20
2.63705882834416
      30
0
      10
-65.1648146057792
      20
2.5321366375403
      30
0
      10
-66.2823534521674
      20
2.61283843739819
      30
0
      10
-67.3635398178604
      20
2.87583254716789
      30
0
      10
-67.3635398178604
      20
2.87583254716789
      30
0
      10
-68.4447261835534
      20
3.1388266569376
      30
0
      10
-69.4744739532892
      20
3.58044344150428
      30
0
      10
-70.4102711773063
      20
4.18245126093523
      30
0
      10
-70.4102711773063
      20
4.18245126093523
      30
0
      10
-71.3460684013233
      20
4.78445908036617
      30
0
      10
-72.1748576223401
      20
5.5384579403211
      30
0
      10
-72.8624232326492
      20
6.41331986694397
      30
0
      10
-72.8624232326492
      20
6.41331986694397
      30
0
      10
-73.5499888429583
      20
7.28818179356684
      30
0
      10
-74.0867370348903
      20
8.27169957792288
      30
0
      10
-74.4505087780101
      20
9.32326982191118
      30
0
      10
-74.4505087780101
      20
9.32326982191118
      30
0
      10
-74.8142805211299
      20
10.3748400658995
      30
0
      10
-75
      20
11.4797898968217
      30
0
      10
-75
      20
12.5925027345
      30
0
      10
-75
      20
12.5925027345
      30
0
      10
-75
      20
26.5616684896667
      30
0
      10
-75
      20
40.5308342448333
      30
0
      10
-75
      20
54.5
      30
0
      10
-75
      20
54.5
      30
0
      10
-75
      20
57.1920353345514
      30
0
      10
-74.4697277383556
      20
59.8578940170951
      30
0
      10
-73.4395304164814
      20
62.3450103634843
      30
0
      10
-73.4395304164814
      20
62.3450103634843
      30
0
      10
-72.4093330946071
      20
64.8321267098736
      30
0
      10
-70.8992454545793
      20
67.0921325740691
      30
0
      10
-68.9956890143242
      20
68.9956890143242
      30
0
      10
-68.9956890143242
      20
68.9956890143242
      30
0
      10
-67.0921325740691
      20
70.8992454545793
      30
0
      10
-64.8321267098736
      20
72.4093330946071
      30
0
      10
-62.3450103634843
      20
73.4395304164814
      30
0
      10
-62.3450103634843
      20
73.4395304164814
      30
0
      10
-59.8578940170951
      20
74.4697277383556
      30
0
      10
-57.1920353345514
      20
75
      30
0
      10
-54.5
      20
75
      30
0
      10
-54.5
      20
75
      30
0
      10
-52.3931639747667
      20
75
      30
0
      10
-50.2863279495333
      20
75
      30
0
      10
-48.1794919243
      20
75
      30
0
      10
-48.1794919243
      20
75
      30
0
      10
-47.3055831101366
      20
74.9999999999997
      30
0
      10
-46.4354325666969
      20
74.8854425076788
      30
0
      10
-45.5913014732749
      20
74.6592582628904
      30
0
      10
-45.5913014732749
      20
74.6592582628904
      30
0
      10
-44.7471703798528
      20
74.433074018102
      30
0
      10
-43.9363191579568
      20
74.0972084449258
      30
0
      10
-43.1794919243002
      20
73.6602540378441
      30
0
      10
-43.1794919243002
      20
73.6602540378441
      30
0
      10
-41.2623956929668
      20
72.5534180126294
      30
0
      10
-39.3452994616334
      20
71.4465819874147
      30
0
      10
-37.4282032303
      20
70.3397459622
      30
0
      10
-37.4282032303
      20
70.3397459622
      30
0
      10
-36.6713759966511
      20
69.9027915550983
      30
0
      10
-35.860524774757
      20
69.5669259819075
      30
0
      10
-35.0163936813336
      20
69.3407417371111
      30
0
      10
-35.0163936813336
      20
69.3407417371111
      30
0
      10
-34.1722625879102
      20
69.1145574923148
      30
0
      10
-33.3021120444667
      20
68.999999999993
      30
0
      10
-32.4282032303
      20
68.9999999999996
      30
0
      10
-32.4282032303
      20
68.9999999999996
      30
0
      10
-10.8094010767667
      20
68.9999999999997
      30
0
      10
10.8094010767667
      20
68.9999999999999
      30
0
      10
32.4282032303
      20
69
      30
0
      10
32.4282032303
      20
69
      30
0
      10
33.3021120444634
      20
69.0000000000002
      30
0
      10
34.1722625879031
      20
69.114557492321
      30
0
      10
35.0163936813252
      20
69.3407417371095
      30
0
      10
35.0163936813252
      20
69.3407417371095
      30
0
      10
35.8605247747472
      20
69.5669259818979
      30
0
      10
36.6713759966433
      20
69.9027915550741
      30
0
      10
37.4282032302999
      20
70.3397459621558
      30
0
      10
37.4282032302999
      20
70.3397459621558
      30
0
      10
39.3452994616333
      20
71.4465819873705
      30
0
      10
41.2623956929666
      20
72.5534180125853
      30
0
      10
43.1794919243
      20
73.6602540378
      30
0
      10
43.1794919243
      20
73.6602540378
      30
0
      10
43.9363191579565
      20
74.0972084449263
      30
0
      10
44.7471703798526
      20
74.4330740181024
      30
0
      10
45.5913014732747
      20
74.6592582628909
      30
0
      10
45.5913014732747
      20
74.6592582628909
      30
0
      10
46.4354325666968
      20
74.8854425076794
      30
0
      10
47.3055831101366
      20
75.0000000000002
      30
0
      10
48.1794919243
      20
75.0000000000002
      30
0
      10
48.1794919243
      20
75.0000000000002
      30
0
      10
50.2863279495333
      20
75.0000000000002
      30
0
      10
52.3931639747667
      20
75.0000000000001
      30
0
      10
54.5
      20
75
      30
0
      10
54.5
      20
75
      30
0
      10
57.1920353345514
      20
75
      30
0
      10
59.8578940170951
      20
74.4697277383556
      30
0
      10
62.3450103634844
      20
73.4395304164814
      30
0
      10
62.3450103634844
      20
73.4395304164814
      30
0
      10
64.8321267098736
      20
72.4093330946072
      30
0
      10
67.0921325740692
      20
70.8992454545793
      30
0
      10
68.9956890143243
      20
68.9956890143242
      30
0
      10
68.9956890143243
      20
68.9956890143242
      30
0
      10
70.8992454545794
      20
67.0921325740692
      30
0
      10
72.4093330946072
      20
64.8321267098736
      30
0
      10
73.4395304164814
      20
62.3450103634843
      30
0
      10
73.4395304164814
      20
62.3450103634843
      30
0
      10
74.4697277383557
      20
59.8578940170951
      30
0
      10
75.0000000000001
      20
57.1920353345514
      30
0
      10
75.0000000000001
      20
54.5
      30
0
    1001
FS_CYPCUT
    1000
Channel
    1070
1
    1000
LeadIn
    1002
{
    1070
3
    1040
33.5
    1040
1.5707963267949
    1040
1
    1040
1
    1070
0
    1040
0.5
    1070
0
    1002
}
    1000
LeadOut
    1002
{
    1070
0
    1040
0
    1040
0
    1040
0
    1070
0
    1002
}
    1000
IsFill
    1070
1
    1000
PathStart
    1040
33.5
    1000
ToolCompensation
    1002
{
    1070
0
    1040
0
    1070
0
    1002
}
    1000
MicroConnect
    1002
{
    1070
1
    1040
33.3844771
    1041
0.8
    1042
0
    1002
}
       0
ENDBLK
       5
2299
     330
2041
     100
AcDbEntity
       8
0
     100
AcDbBlockEnd
       0
BLOCK
       5
229A
     330
2042
     100
AcDbEntity
       8
0
     100
AcDbBlockBegin
       2
Part666927157
      70
0
      10
-1.39888101E-14
      20
-5.70654635E-14
      30
0
       3
Part666927157
       1

       4
CypCutBlock
       0
LWPOLYLINE
       5
229B
     100
AcDbEntity
       8
1
     100
AcDbPolyline
      90
6
      70
1
      10
88.6809524417193
      20
40.2426406871193
      42
-0.668178637919299
      10
84.4383117546
      20
30
      42
0
      10
36
      20
30
      42
-0.414213562373094
      10
30
      20
36
      42
0
      10
30
      20
84.4383117546
      42
-0.668178637919298
      10
40.2426406871
      20
88.6809524417
      42
0
    1001
FS_CYPCUT
    1000
Channel
    1070
1
    1000
LeadIn
    1002
{
    1070
3
    1040
5.5
    1040
1.5707963267949
    1040
1
    1040
1
    1070
0
    1040
0.5
    1070
0
    1002
}
    1000
LeadOut
    1002
{
    1070
0
    1040
0
    1040
0
    1040
0
    1070
0
    1002
}
    1000
IsFill
    1070
0
    1000
PathStart
    1040
5.5
    1000
ToolCompensation
    1002
{
    1070
0
    1040
0
    1070
0
    1002
}
       0
LWPOLYLINE
       5
229C
     100
AcDbEntity
       8
1
     100
AcDbPolyline
      90
28
      70
1
      10
161.35
      20
8.3431457505
      42
0
      10
161.35
      20
4
      42
-0.414213562373088
      10
157.35
      20
0
      42
0
      10
142.6
      20
-5.7065463465733E-14
      42
-0.414213562373093
      10
141.6
      20
1
      42
0
      10
141.6
      20
2.2
      42
0
      10
121.1
      20
2.2
      42
0
      10
121.1
      20
1
      42
-0.414213562373102
      10
120.1
      20
7.99360577730113E-15
      42
0
      10
47.6
      20
0
      42
-0.414213562373088
      10
46.6
      20
1
      42
0
      10
46.6
      20
2.2
      42
0
      10
26.1
      20
2.2
      42
0
      10
26.1
      20
1
      42
-0.414213562373092
      10
25.1
      20
8.10462807976364E-14
      42
0
      10
4
      20
-4.44089209850063E-15
      42
-0.414213562373095
      10
-4.44089209850063E-15
      20
4
      42
0
      10
-1.3988810110277E-14
      20
88.75
      42
-0.414213562373087
      10
1
      20
89.75
      42
0
      10
2.2
      20
89.75
      42
0
      10
2.2
      20
120.25
      42
0
      10
1
      20
120.25
      42
-0.414213562373104
      10
0
      20
121.25
      42
0
      10
-4.44089209850063E-15
      20
156
      42
-0.414213562373091
      10
4
      20
160
      42
0
      10
9.6931457505
      20
160
      42
-0.198912367379661
      10
12.5215728752463
      20
158.828427124746
      42
0
      10
160.1784271247
      20
11.1715728753
      42
-0.198912367379671
    1001
FS_CYPCUT
    1000
Channel
    1070
1
    1000
LeadIn
    1002
{
    1070
3
    1040
26.5
    1040
1.5707963267949
    1040
1
    1040
1
    1070
0
    1040
0.5
    1070
0
    1002
}
    1000
LeadOut
    1002
{
    1070
0
    1040
0
    1040
0
    1040
0
    1070
0
    1002
}
    1000
IsFill
    1070
1
    1000
PathStart
    1040
26.5
    1000
ToolCompensation
    1002
{
    1070
0
    1040
0
    1070
0
    1002
}
    1000
MicroConnect
    1002
{
    1070
2
    1040
5.6354198
    1041
0.8
    1042
0
    1040
19.4054723
    1041
0.8
    1042
0
    1002
}
       0
ENDBLK
       5
229D
     330
2042
     100
AcDbEntity
       8
0
     100
AcDbBlockEnd
       0
BLOCK
       5
229E
     330
2043
     100
AcDbEntity
       8
0
     100
AcDbBlockBegin
       2
Part892981933
      70
0
      10
-1.33226763E-14
      20
-1.33226763E-14
      30
0
       3
Part892981933
       1

       4
CypCutBlock
       0
CIRCLE
       5
229F
     100
AcDbEntity
       8
1
     100
AcDbCircle
      10
12.5
      20
12
      30
0
      40
4.49999999999999
    1001
FS_CYPCUT
    1000
Channel
    1070
1
    1000
LeadIn
    1002
{
    1070
3
    1040
0
    1040
1.5707963267949
    1040
1
    1040
1
    1070
0
    1040
0.5
    1070
0
    1002
}
    1000
LeadOut
    1002
{
    1070
0
    1040
0
    1040
0
    1040
0
    1070
0
    1002
}
    1000
IsFill
    1070
0
    1000
PathStart
    1040
0
    1000
ToolCompensation
    1002
{
    1070
0
    1040
0
    1070
0
    1002
}
       0
CIRCLE
       5
22A0
     100
AcDbEntity
       8
1
     100
AcDbCircle
      10
103.8333333333
      20
12
      30
0
      40
4.50000000000002
    1001
FS_CYPCUT
    1000
Channel
    1070
1
    1000
LeadIn
    1002
{
    1070
3
    1040
8.32667268468867E-17
    1040
1.5707963267949
    1040
1
    1040
1
    1070
0
    1040
0.5
    1070
0
    1002
}
    1000
LeadOut
    1002
{
    1070
0
    1040
0
    1040
0
    1040
0
    1070
0
    1002
}
    1000
IsFill
    1070
0
    1000
PathStart
    1040
8.32667268468867E-17
    1000
ToolCompensation
    1002
{
    1070
0
    1040
0
    1070
0
    1002
}
       0
CIRCLE
       5
22A1
     100
AcDbEntity
       8
1
     100
AcDbCircle
      10
195.1666666667
      20
12
      30
0
      40
4.49999999999999
    1001
FS_CYPCUT
    1000
Channel
    1070
1
    1000
LeadIn
    1002
{
    1070
3
    1040
0
    1040
1.5707963267949
    1040
1
    1040
1
    1070
0
    1040
0.5
    1070
0
    1002
}
    1000
LeadOut
    1002
{
    1070
0
    1040
0
    1040
0
    1040
0
    1070
0
    1002
}
    1000
IsFill
    1070
0
    1000
PathStart
    1040
1
    1000
ToolCompensation
    1002
{
    1070
0
    1040
0
    1070
0
    1002
}
       0
CIRCLE
       5
22A2
     100
AcDbEntity
       8
1
     100
AcDbCircle
      10
286.5
      20
12
      30
0
      40
4.49999999999988
    1001
FS_CYPCUT
    1000
Channel
    1070
1
    1000
LeadIn
    1002
{
    1070
3
    1040
5.55111512312578E-17
    1040
1.5707963267949
    1040
1
    1040
1
    1070
0
    1040
0.5
    1070
0
    1002
}
    1000
LeadOut
    1002
{
    1070
0
    1040
0
    1040
0
    1040
0
    1070
0
    1002
}
    1000
IsFill
    1070
0
    1000
PathStart
    1040
5.55111512312578E-17
    1000
ToolCompensation
    1002
{
    1070
0
    1040
0
    1070
0
    1002
}
       0
CIRCLE
       5
22A3
     100
AcDbEntity
       8
1
     100
AcDbCircle
      10
286.5
      20
110.6666666667
      30
0
      40
4.49999999999989
    1001
FS_CYPCUT
    1000
Channel
    1070
1
    1000
LeadIn
    1002
{
    1070
3
    1040
3.60822483003176E-16
    1040
1.5707963267949
    1040
1
    1040
1
    1070
0
    1040
0.5
    1070
0
    1002
}
    1000
LeadOut
    1002
{
    1070
0
    1040
0
    1040
0
    1040
0
    1070
0
    1002
}
    1000
IsFill
    1070
0
    1000
PathStart
    1040
3.60822483003176E-16
    1000
ToolCompensation
    1002
{
    1070
0
    1040
0
    1070
0
    1002
}
       0
CIRCLE
       5
22A4
     100
AcDbEntity
       8
1
     100
AcDbCircle
      10
12.5
      20
110.6666666667
      30
0
      40
4.50000000000003
    1001
FS_CYPCUT
    1000
Channel
    1070
1
    1000
LeadIn
    1002
{
    1070
3
    1040
1.38777878078145E-16
    1040
1.5707963267949
    1040
1
    1040
1
    1070
0
    1040
0.5
    1070
0
    1002
}
    1000
LeadOut
    1002
{
    1070
0
    1040
0
    1040
0
    1040
0
    1070
0
    1002
}
    1000
IsFill
    1070
0
    1000
PathStart
    1040
1.38777878078145E-16
    1000
ToolCompensation
    1002
{
    1070
0
    1040
0
    1070
0
    1002
}
       0
LWPOLYLINE
       5
22A5
     100
AcDbEntity
       8
1
     100
AcDbPolyline
      90
4
      70
1
      10
272.25
      20
295.5
      42
0
      10
272.25
      20
24.5
      42
0
      10
26.75
      20
24.5
      42
0
      10
26.75
      20
295.5
      42
0
    1001
FS_CYPCUT
    1000
Channel
    1070
1
    1000
LeadIn
    1002
{
    1070
3
    1040
0.5
    1040
1.5707963267949
    1040
1
    1040
1
    1070
0
    1040
0.5
    1070
0
    1002
}
    1000
LeadOut
    1002
{
    1070
0
    1040
0
    1040
0
    1040
0
    1070
0
    1002
}
    1000
IsFill
    1070
0
    1000
PathStart
    1040
0.5
    1000
ToolCompensation
    1002
{
    1070
0
    1040
0
    1070
0
    1002
}
       0
CIRCLE
       5
22A6
     100
AcDbEntity
       8
1
     100
AcDbCircle
      10
286.5
      20
209.3333333333
      30
0
      40
4.49999999999989
    1001
FS_CYPCUT
    1000
Channel
    1070
1
    1000
LeadIn
    1002
{
    1070
3
    1040
0
    1040
1.5707963267949
    1040
1
    1040
1
    1070
0
    1040
0.5
    1070
0
    1002
}
    1000
LeadOut
    1002
{
    1070
0
    1040
0
    1040
0
    1040
0
    1070
0
    1002
}
    1000
IsFill
    1070
0
    1000
PathStart
    1040
0
    1000
ToolCompensation
    1002
{
    1070
0
    1040
0
    1070
0
    1002
}
       0
CIRCLE
       5
22A7
     100
AcDbEntity
       8
1
     100
AcDbCircle
      10
12.5
      20
209.3333333333
      30
0
      40
4.50000000000003
    1001
FS_CYPCUT
    1000
Channel
    1070
1
    1000
LeadIn
    1002
{
    1070
3
    1040
1.38777878078145E-16
    1040
1.5707963267949
    1040
1
    1040
1
    1070
0
    1040
0.5
    1070
0
    1002
}
    1000
LeadOut
    1002
{
    1070
0
    1040
0
    1040
0
    1040
0
    1070
0
    1002
}
    1000
IsFill
    1070
0
    1000
PathStart
    1040
1.38777878078145E-16
    1000
ToolCompensation
    1002
{
    1070
0
    1040
0
    1070
0
    1002
}
       0
CIRCLE
       5
22A8
     100
AcDbEntity
       8
1
     100
AcDbCircle
      10
12.5
      20
308
      30
0
      40
4.49999999999994
    1001
FS_CYPCUT
    1000
Channel
    1070
1
    1000
LeadIn
    1002
{
    1070
3
    1040
2.22044604925031E-16
    1040
1.5707963267949
    1040
1
    1040
1
    1070
0
    1040
0.5
    1070
0
    1002
}
    1000
LeadOut
    1002
{
    1070
0
    1040
0
    1040
0
    1040
0
    1070
0
    1002
}
    1000
IsFill
    1070
0
    1000
PathStart
    1040
2.22044604925031E-16
    1000
ToolCompensation
    1002
{
    1070
0
    1040
0
    1070
0
    1002
}
       0
CIRCLE
       5
22A9
     100
AcDbEntity
       8
1
     100
AcDbCircle
      10
103.8333333333
      20
308
      30
0
      40
4.49999999999994
    1001
FS_CYPCUT
    1000
Channel
    1070
1
    1000
LeadIn
    1002
{
    1070
3
    1040
3.60822483003176E-16
    1040
1.5707963267949
    1040
1
    1040
1
    1070
0
    1040
0.5
    1070
0
    1002
}
    1000
LeadOut
    1002
{
    1070
0
    1040
0
    1040
0
    1040
0
    1070
0
    1002
}
    1000
IsFill
    1070
0
    1000
PathStart
    1040
3.60822483003176E-16
    1000
ToolCompensation
    1002
{
    1070
0
    1040
0
    1070
0
    1002
}
       0
CIRCLE
       5
22AA
     100
AcDbEntity
       8
1
     100
AcDbCircle
      10
195.1666666667
      20
308
      30
0
      40
4.49999999999994
    1001
FS_CYPCUT
    1000
Channel
    1070
1
    1000
LeadIn
    1002
{
    1070
3
    1040
0
    1040
1.5707963267949
    1040
1
    1040
1
    1070
0
    1040
0.5
    1070
0
    1002
}
    1000
LeadOut
    1002
{
    1070
0
    1040
0
    1040
0
    1040
0
    1070
0
    1002
}
    1000
IsFill
    1070
0
    1000
PathStart
    1040
0
    1000
ToolCompensation
    1002
{
    1070
0
    1040
0
    1070
0
    1002
}
       0
CIRCLE
       5
22AB
     100
AcDbEntity
       8
1
     100
AcDbCircle
      10
286.5
      20
308
      30
0
      40
4.49999999999983
    1001
FS_CYPCUT
    1000
Channel
    1070
1
    1000
LeadIn
    1002
{
    1070
3
    1040
0
    1040
1.5707963267949
    1040
1
    1040
1
    1070
0
    1040
0.5
    1070
0
    1002
}
    1000
LeadOut
    1002
{
    1070
0
    1040
0
    1040
0
    1040
0
    1070
0
    1002
}
    1000
IsFill
    1070
0
    1000
PathStart
    1040
0
    1000
ToolCompensation
    1002
{
    1070
0
    1040
0
    1070
0
    1002
}
       0
LWPOLYLINE
       5
22AC
     100
AcDbEntity
       8
1
     100
AcDbPolyline
      90
8
      70
1
      10
299
      20
315
      42
0.414213562373082
      10
294
      20
320
      42
0
      10
5
      20
320
      42
0.414213562373094
      10
0
      20
315
      42
0
      10
-1.33226762955019E-14
      20
5
      42
0.414213562373095
      10
5
      20
-1.33226762955019E-14
      42
0
      10
294
      20
-5.32907051820075E-15
      42
0.414213562373103
      10
299
      20
5
      42
0
    1001
FS_CYPCUT
    1000
Channel
    1070
1
    1000
LeadIn
    1002
{
    1070
3
    1040
3.5
    1040
1.5707963267949
    1040
1
    1040
1
    1070
0
    1040
0.5
    1070
0
    1002
}
    1000
LeadOut
    1002
{
    1070
0
    1040
0
    1040
0
    1040
0
    1070
0
    1002
}
    1000
IsFill
    1070
1
    1000
PathStart
    1040
3.5
    1000
ToolCompensation
    1002
{
    1070
0
    1040
0
    1070
0
    1002
}
    1000
MicroConnect
    1002
{
    1070
2
    1040
3.14368343
    1041
0.8
    1042
0
    1040
7.0719309
    1041
0.8
    1042
0
    1002
}
       0
ENDBLK
       5
22AD
     330
2043
     100
AcDbEntity
       8
0
     100
AcDbBlockEnd
       0
BLOCK
       5
22AE
     330
2044
     100
AcDbEntity
       8
0
     100
AcDbBlockBegin
       2
Part1926652462
      70
0
      10
-1.39888101E-14
      20
-5.70654635E-14
      30
0
       3
Part1926652462
       1

       4
CypCutBlock
       0
LWPOLYLINE
       5
22AF
     100
AcDbEntity
       8
1
     100
AcDbPolyline
      90
6
      70
1
      10
88.6809524417193
      20
40.2426406871193
      42
-0.668178637919299
      10
84.4383117546
      20
30
      42
0
      10
36
      20
30
      42
-0.414213562373094
      10
30
      20
36
      42
0
      10
30
      20
84.4383117546
      42
-0.668178637919298
      10
40.2426406871
      20
88.6809524417
      42
0
    1001
FS_CYPCUT
    1000
Channel
    1070
1
    1000
LeadIn
    1002
{
    1070
3
    1040
5.5
    1040
1.5707963267949
    1040
1
    1040
1
    1070
0
    1040
0.5
    1070
0
    1002
}
    1000
LeadOut
    1002
{
    1070
0
    1040
0
    1040
0
    1040
0
    1070
0
    1002
}
    1000
IsFill
    1070
0
    1000
PathStart
    1040
5.5
    1000
ToolCompensation
    1002
{
    1070
0
    1040
0
    1070
0
    1002
}
       0
LWPOLYLINE
       5
22B0
     100
AcDbEntity
       8
1
     100
AcDbPolyline
      90
28
      70
1
      10
161.35
      20
8.3431457505
      42
0
      10
161.35
      20
4
      42
-0.414213562373088
      10
157.35
      20
0
      42
0
      10
142.6
      20
-5.7065463465733E-14
      42
-0.414213562373093
      10
141.6
      20
1
      42
0
      10
141.6
      20
2.2
      42
0
      10
121.1
      20
2.2
      42
0
      10
121.1
      20
1
      42
-0.414213562373102
      10
120.1
      20
7.99360577730113E-15
      42
0
      10
47.6
      20
0
      42
-0.414213562373088
      10
46.6
      20
1
      42
0
      10
46.6
      20
2.2
      42
0
      10
26.1
      20
2.2
      42
0
      10
26.1
      20
1
      42
-0.414213562373092
      10
25.1
      20
8.10462807976364E-14
      42
0
      10
4
      20
-4.44089209850063E-15
      42
-0.414213562373095
      10
-4.44089209850063E-15
      20
4
      42
0
      10
-1.3988810110277E-14
      20
88.75
      42
-0.414213562373087
      10
1
      20
89.75
      42
0
      10
2.2
      20
89.75
      42
0
      10
2.2
      20
120.25
      42
0
      10
1
      20
120.25
      42
-0.414213562373104
      10
0
      20
121.25
      42
0
      10
-4.44089209850063E-15
      20
156
      42
-0.414213562373091
      10
4
      20
160
      42
0
      10
9.6931457505
      20
160
      42
-0.198912367379661
      10
12.5215728752463
      20
158.828427124746
      42
0
      10
160.1784271247
      20
11.1715728753
      42
-0.198912367379671
    1001
FS_CYPCUT
    1000
Channel
    1070
1
    1000
LeadIn
    1002
{
    1070
3
    1040
26.5
    1040
1.5707963267949
    1040
1
    1040
1
    1070
0
    1040
0.5
    1070
0
    1002
}
    1000
LeadOut
    1002
{
    1070
0
    1040
0
    1040
0
    1040
0
    1070
0
    1002
}
    1000
IsFill
    1070
1
    1000
PathStart
    1040
26.5
    1000
ToolCompensation
    1002
{
    1070
0
    1040
0
    1070
0
    1002
}
    1000
MicroConnect
    1002
{
    1070
2
    1040
5.6354198
    1041
0.8
    1042
0
    1040
19.4054723
    1041
0.8
    1042
0
    1002
}
       0
ENDBLK
       5
22B1
     330
2044
     100
AcDbEntity
       8
0
     100
AcDbBlockEnd
       0
BLOCK
       5
22B2
     330
2045
     100
AcDbEntity
       8
0
     100
AcDbBlockBegin
       2
Part1559536443
      70
0
      10
-1.39888101E-14
      20
-5.70654635E-14
      30
0
       3
Part1559536443
       1

       4
CypCutBlock
       0
LWPOLYLINE
       5
22B3
     100
AcDbEntity
       8
1
     100
AcDbPolyline
      90
6
      70
1
      10
88.6809524417193
      20
40.2426406871193
      42
-0.668178637919299
      10
84.4383117546
      20
30
      42
0
      10
36
      20
30
      42
-0.414213562373094
      10
30
      20
36
      42
0
      10
30
      20
84.4383117546
      42
-0.668178637919298
      10
40.2426406871
      20
88.6809524417
      42
0
    1001
FS_CYPCUT
    1000
Channel
    1070
1
    1000
LeadIn
    1002
{
    1070
3
    1040
5.5
    1040
1.5707963267949
    1040
1
    1040
1
    1070
0
    1040
0.5
    1070
0
    1002
}
    1000
LeadOut
    1002
{
    1070
0
    1040
0
    1040
0
    1040
0
    1070
0
    1002
}
    1000
IsFill
    1070
0
    1000
PathStart
    1040
5.5
    1000
ToolCompensation
    1002
{
    1070
0
    1040
0
    1070
0
    1002
}
       0
LWPOLYLINE
       5
22B4
     100
AcDbEntity
       8
1
     100
AcDbPolyline
      90
28
      70
1
      10
161.35
      20
8.3431457505
      42
0
      10
161.35
      20
4
      42
-0.414213562373088
      10
157.35
      20
0
      42
0
      10
142.6
      20
-5.7065463465733E-14
      42
-0.414213562373093
      10
141.6
      20
1
      42
0
      10
141.6
      20
2.2
      42
0
      10
121.1
      20
2.2
      42
0
      10
121.1
      20
1
      42
-0.414213562373102
      10
120.1
      20
7.99360577730113E-15
      42
0
      10
47.6
      20
0
      42
-0.414213562373088
      10
46.6
      20
1
      42
0
      10
46.6
      20
2.2
      42
0
      10
26.1
      20
2.2
      42
0
      10
26.1
      20
1
      42
-0.414213562373092
      10
25.1
      20
8.10462807976364E-14
      42
0
      10
4
      20
-4.44089209850063E-15
      42
-0.414213562373095
      10
-4.44089209850063E-15
      20
4
      42
0
      10
-1.3988810110277E-14
      20
88.75
      42
-0.414213562373087
      10
1
      20
89.75
      42
0
      10
2.2
      20
89.75
      42
0
      10
2.2
      20
120.25
      42
0
      10
1
      20
120.25
      42
-0.414213562373104
      10
0
      20
121.25
      42
0
      10
-4.44089209850063E-15
      20
156
      42
-0.414213562373091
      10
4
      20
160
      42
0
      10
9.6931457505
      20
160
      42
-0.198912367379661
      10
12.5215728752463
      20
158.828427124746
      42
0
      10
160.1784271247
      20
11.1715728753
      42
-0.198912367379671
    1001
FS_CYPCUT
    1000
Channel
    1070
1
    1000
LeadIn
    1002
{
    1070
3
    1040
26.5
    1040
1.5707963267949
    1040
1
    1040
1
    1070
0
    1040
0.5
    1070
0
    1002
}
    1000
LeadOut
    1002
{
    1070
0
    1040
0
    1040
0
    1040
0
    1070
0
    1002
}
    1000
IsFill
    1070
1
    1000
PathStart
    1040
26.5
    1000
ToolCompensation
    1002
{
    1070
0
    1040
0
    1070
0
    1002
}
    1000
MicroConnect
    1002
{
    1070
2
    1040
5.6354198
    1041
0.8
    1042
0
    1040
19.4054723
    1041
0.8
    1042
0
    1002
}
       0
ENDBLK
       5
22B5
     330
2045
     100
AcDbEntity
       8
0
     100
AcDbBlockEnd
       0
BLOCK
       5
22B6
     330
2046
     100
AcDbEntity
       8
0
     100
AcDbBlockBegin
       2
Part870184957
      70
0
      10
-20
      20
-20
      30
0
       3
Part870184957
       1

       4
CypCutBlock
       0
CIRCLE
       5
22B7
     100
AcDbEntity
       8
1
     100
AcDbCircle
      10
0
      20
0
      30
0
      40
5.25
    1001
FS_CYPCUT
    1000
Channel
    1070
1
    1000
LeadIn
    1002
{
    1070
3
    1040
0
    1040
1.5707963267949
    1040
1
    1040
1
    1070
0
    1040
0.5
    1070
0
    1002
}
    1000
LeadOut
    1002
{
    1070
0
    1040
0
    1040
0
    1040
0
    1070
0
    1002
}
    1000
IsFill
    1070
0
    1000
PathStart
    1040
0
    1000
ToolCompensation
    1002
{
    1070
0
    1040
0
    1070
0
    1002
}
       0
LWPOLYLINE
       5
22B8
     100
AcDbEntity
       8
1
     100
AcDbPolyline
      90
8
      70
1
      10
20
      20
14
      42
0
      10
20
      20
-14
      42
-0.414213562373095
      10
14
      20
-20
      42
0
      10
-14
      20
-20
      42
-0.414213562373095
      10
-20
      20
-14
      42
0
      10
-20
      20
14
      42
-0.414213562373095
      10
-14
      20
20
      42
0
      10
14
      20
20
      42
-0.414213562373095
    1001
FS_CYPCUT
    1000
Channel
    1070
1
    1000
LeadIn
    1002
{
    1070
3
    1040
0.5
    1040
1.5707963267949
    1040
1
    1040
1
    1070
0
    1040
0.5
    1070
0
    1002
}
    1000
LeadOut
    1002
{
    1070
0
    1040
0
    1040
0
    1040
0
    1070
0
    1002
}
    1000
IsFill
    1070
1
    1000
PathStart
    1040
0.5
    1000
ToolCompensation
    1002
{
    1070
0
    1040
0
    1070
0
    1002
}
    1000
MicroConnect
    1002
{
    1070
1
    1040
4.48533063
    1041
0.8
    1042
0
    1002
}
       0
ENDBLK
       5
22B9
     330
2046
     100
AcDbEntity
       8
0
     100
AcDbBlockEnd
       0
BLOCK
       5
22BA
     330
2047
     100
AcDbEntity
       8
0
     100
AcDbBlockBegin
       2
Part589336051
      70
0
      10
-20
      20
-20
      30
0
       3
Part589336051
       1

       4
CypCutBlock
       0
CIRCLE
       5
22BB
     100
AcDbEntity
       8
1
     100
AcDbCircle
      10
0
      20
0
      30
0
      40
5.25
    1001
FS_CYPCUT
    1000
Channel
    1070
1
    1000
LeadIn
    1002
{
    1070
3
    1040
0
    1040
1.5707963267949
    1040
1
    1040
1
    1070
0
    1040
0.5
    1070
0
    1002
}
    1000
LeadOut
    1002
{
    1070
0
    1040
0
    1040
0
    1040
0
    1070
0
    1002
}
    1000
IsFill
    1070
0
    1000
PathStart
    1040
0
    1000
ToolCompensation
    1002
{
    1070
0
    1040
0
    1070
0
    1002
}
       0
LWPOLYLINE
       5
22BC
     100
AcDbEntity
       8
1
     100
AcDbPolyline
      90
8
      70
1
      10
20
      20
14
      42
0
      10
20
      20
-14
      42
-0.414213562373095
      10
14
      20
-20
      42
0
      10
-14
      20
-20
      42
-0.414213562373095
      10
-20
      20
-14
      42
0
      10
-20
      20
14
      42
-0.414213562373095
      10
-14
      20
20
      42
0
      10
14
      20
20
      42
-0.414213562373095
    1001
FS_CYPCUT
    1000
Channel
    1070
1
    1000
LeadIn
    1002
{
    1070
3
    1040
0.5
    1040
1.5707963267949
    1040
1
    1040
1
    1070
0
    1040
0.5
    1070
0
    1002
}
    1000
LeadOut
    1002
{
    1070
0
    1040
0
    1040
0
    1040
0
    1070
0
    1002
}
    1000
IsFill
    1070
1
    1000
PathStart
    1040
0.5
    1000
ToolCompensation
    1002
{
    1070
0
    1040
0
    1070
0
    1002
}
    1000
MicroConnect
    1002
{
    1070
1
    1040
4.48533063
    1041
0.8
    1042
0
    1002
}
       0
ENDBLK
       5
22BD
     330
2047
     100
AcDbEntity
       8
0
     100
AcDbBlockEnd
       0
BLOCK
       5
22BE
     330
2048
     100
AcDbEntity
       8
0
     100
AcDbBlockBegin
       2
Part430194390
      70
0
      10
-20
      20
-20
      30
0
       3
Part430194390
       1

       4
CypCutBlock
       0
CIRCLE
       5
22BF
     100
AcDbEntity
       8
1
     100
AcDbCircle
      10
0
      20
0
      30
0
      40
5.25
    1001
FS_CYPCUT
    1000
Channel
    1070
1
    1000
LeadIn
    1002
{
    1070
3
    1040
0
    1040
1.5707963267949
    1040
1
    1040
1
    1070
0
    1040
0.5
    1070
0
    1002
}
    1000
LeadOut
    1002
{
    1070
0
    1040
0
    1040
0
    1040
0
    1070
0
    1002
}
    1000
IsFill
    1070
0
    1000
PathStart
    1040
0
    1000
ToolCompensation
    1002
{
    1070
0
    1040
0
    1070
0
    1002
}
       0
LWPOLYLINE
       5
22C0
     100
AcDbEntity
       8
1
     100
AcDbPolyline
      90
8
      70
1
      10
20
      20
14
      42
0
      10
20
      20
-14
      42
-0.414213562373095
      10
14
      20
-20
      42
0
      10
-14
      20
-20
      42
-0.414213562373095
      10
-20
      20
-14
      42
0
      10
-20
      20
14
      42
-0.414213562373095
      10
-14
      20
20
      42
0
      10
14
      20
20
      42
-0.414213562373095
    1001
FS_CYPCUT
    1000
Channel
    1070
1
    1000
LeadIn
    1002
{
    1070
3
    1040
0.5
    1040
1.5707963267949
    1040
1
    1040
1
    1070
0
    1040
0.5
    1070
0
    1002
}
    1000
LeadOut
    1002
{
    1070
0
    1040
0
    1040
0
    1040
0
    1070
0
    1002
}
    1000
IsFill
    1070
1
    1000
PathStart
    1040
0.5
    1000
ToolCompensation
    1002
{
    1070
0
    1040
0
    1070
0
    1002
}
    1000
MicroConnect
    1002
{
    1070
1
    1040
4.48533063
    1041
0.8
    1042
0
    1002
}
       0
ENDBLK
       5
22C1
     330
2048
     100
AcDbEntity
       8
0
     100
AcDbBlockEnd
       0
BLOCK
       5
22C2
     330
2049
     100
AcDbEntity
       8
0
     100
AcDbBlockBegin
       2
Part1767747996
      70
0
      10
-191
      20
-8.50430837E-14
      30
0
       3
Part1767747996
       1

       4
CypCutBlock
       0
LWPOLYLINE
       5
22C3
     100
AcDbEntity
       8
1
     100
AcDbPolyline
      90
6
      70
1
      10
-56
      20
88.0883117546
      42
0
      10
-56
      20
36
      42
-0.414213562373096
      10
-62
      20
30
      42
0
      10
-114.0883117546
      20
30
      42
-0.668178637919299
      10
-118.3309524417
      20
40.2426406871
      42
0
      10
-66.2426406871
      20
92.3309524417
      42
-0.668178637919297
    1001
FS_CYPCUT
    1000
Channel
    1070
1
    1000
LeadIn
    1002
{
    1070
3
    1040
4.5
    1040
1.5707963267949
    1040
1
    1040
1
    1070
0
    1040
0.5
    1070
0
    1002
}
    1000
LeadOut
    1002
{
    1070
0
    1040
0
    1040
0
    1040
0
    1070
0
    1002
}
    1000
IsFill
    1070
0
    1000
PathStart
    1040
4.5
    1000
ToolCompensation
    1002
{
    1070
0
    1040
0
    1070
0
    1002
}
       0
LWPOLYLINE
       5
22C4
     100
AcDbEntity
       8
1
     100
AcDbPolyline
      90
4
      70
1
      10
-25.5
      20
120.25
      42
0
      10
-32.3
      20
120.25
      42
0
      10
-32.3
      20
89.75
      42
0
      10
-25.5
      20
89.75
      42
0
    1001
FS_CYPCUT
    1000
Channel
    1070
1
    1000
LeadIn
    1002
{
    1070
3
    1040
1.5
    1040
1.5707963267949
    1040
1
    1040
1
    1070
0
    1040
0.5
    1070
0
    1002
}
    1000
LeadOut
    1002
{
    1070
0
    1040
0
    1040
0
    1040
0
    1070
0
    1002
}
    1000
IsFill
    1070
0
    1000
PathStart
    1040
1.5
    1000
ToolCompensation
    1002
{
    1070
0
    1040
0
    1070
0
    1002
}
       0
CIRCLE
       5
22C5
     100
AcDbEntity
       8
1
     100
AcDbCircle
      10
0
      20
90
      30
0
      40
5.5
    1001
FS_CYPCUT
    1000
Channel
    1070
1
    1000
LeadIn
    1002
{
    1070
3
    1040
1.11022302462516E-16
    1040
1.5707963267949
    1040
1
    1040
1
    1070
0
    1040
0.5
    1070
0
    1002
}
    1000
LeadOut
    1002
{
    1070
0
    1040
0
    1040
0
    1040
0
    1070
0
    1002
}
    1000
IsFill
    1070
0
    1000
PathStart
    1040
1.11022302462516E-16
    1000
ToolCompensation
    1002
{
    1070
0
    1040
0
    1070
0
    1002
}
       0
LWPOLYLINE
       5
22C6
     100
AcDbEntity
       8
1
     100
AcDbPolyline
      90
4
      70
1
      10
32.3
      20
120.25
      42
0
      10
25.5
      20
120.25
      42
0
      10
25.5
      20
89.75
      42
0
      10
32.3
      20
89.75
      42
0
    1001
FS_CYPCUT
    1000
Channel
    1070
1
    1000
LeadIn
    1002
{
    1070
3
    1040
1.5
    1040
1.5707963267949
    1040
1
    1040
1
    1070
0
    1040
0.5
    1070
0
    1002
}
    1000
LeadOut
    1002
{
    1070
0
    1040
0
    1040
0
    1040
0
    1070
0
    1002
}
    1000
IsFill
    1070
0
    1000
PathStart
    1040
1.5
    1000
ToolCompensation
    1002
{
    1070
0
    1040
0
    1070
0
    1002
}
       0
LWPOLYLINE
       5
22C7
     100
AcDbEntity
       8
1
     100
AcDbPolyline
      90
6
      70
1
      10
118.3309524417
      20
40.2426406871
      42
0
      10
66.2426406871
      20
92.3309524417
      42
0.668178637919299
      10
56
      20
88.0883117546
      42
0
      10
56
      20
36
      42
0.414213562373097
      10
62
      20
30
      42
0
      10
114.0883117546
      20
30
      42
0.668178637919298
    1001
FS_CYPCUT
    1000
Channel
    1070
1
    1000
LeadIn
    1002
{
    1070
3
    1040
0.5
    1040
1.5707963267949
    1040
1
    1040
1
    1070
0
    1040
0.5
    1070
0
    1002
}
    1000
LeadOut
    1002
{
    1070
0
    1040
0
    1040
0
    1040
0
    1070
0
    1002
}
    1000
IsFill
    1070
0
    1000
PathStart
    1040
0.5
    1000
ToolCompensation
    1002
{
    1070
0
    1040
0
    1070
0
    1002
}
       0
LWPOLYLINE
       5
22C8
     100
AcDbEntity
       8
1
     100
AcDbPolyline
      90
44
      70
1
      10
191
      20
8.3431457505
      42
0.198912367379657
      10
189.8284271247
      20
11.1715728753
      42
0
      10
42.1715728753
      20
158.8284271247
      42
0.198912367379664
      10
39.3431457505
      20
160
      42
0
      10
-39.3431457505
      20
160
      42
0.19891236737967
      10
-42.1715728753
      20
158.8284271247
      42
0
      10
-189.8284271247
      20
11.1715728753
      42
0.198912367379657
      10
-191
      20
8.3431457505
      42
0
      10
-191
      20
4
      42
0.414213562373095
      10
-187
      20
-4.44089209850063E-15
      42
0
      10
-172.25
      20
-8.5043083686287E-14
      42
0.414213562373111
      10
-171.25
      20
1
      42
0
      10
-171.25
      20
2.2
      42
0
      10
-150.75
      20
2.2
      42
0
      10
-150.75
      20
1
      42
0.41421356237311
      10
-149.75
      20
-3.99680288865056E-15
      42
0
      10
-77.25
      20
0
      42
0.414213562373103
      10
-76.25
      20
1
      42
0
      10
-76.25
      20
2.2
      42
0
      10
-55.75
      20
2.2
      42
0
      10
-55.75
      20
1
      42
0.414213562373103
      10
-54.75
      20
0
      42
0
      10
-32
      20
0
      42
0.414213562373095
      10
-26
      20
6
      42
0
      10
-26
      20
39
      42
-0.414213562373093
      10
-20
      20
45
      42
0
      10
20
      20
45
      42
-0.414213562373095
      10
26
      20
39
      42
0
      10
26
      20
6
      42
0.414213562373095
      10
32
      20
0
      42
0
      10
54.75
      20
0
      42
0.414213562373091
      10
55.75
      20
1
      42
0
      10
55.75
      20
2.2
      42
0
      10
76.25
      20
2.2
      42
0
      10
76.25
      20
1
      42
0.414213562373103
      10
77.25
      20
0
      42
0
      10
149.75
      20
-3.99680288865056E-15
      42
0.4142135623731
      10
150.75
      20
1
      42
0
      10
150.75
      20
2.2
      42
0
      10
171.25
      20
2.2
      42
0
      10
171.25
      20
1
      42
0.414213562373065
      10
172.25
      20
-5.7065463465733E-14
      42
0
      10
187
      20
0
      42
0.414213562373095
      10
191
      20
4
      42
0
    1001
FS_CYPCUT
    1000
Channel
    1070
1
    1000
LeadIn
    1002
{
    1070
3
    1040
1.5
    1040
1.5707963267949
    1040
1
    1040
1
    1070
0
    1040
0.5
    1070
0
    1002
}
    1000
LeadOut
    1002
{
    1070
0
    1040
0
    1040
0
    1040
0
    1070
0
    1002
}
    1000
IsFill
    1070
1
    1000
PathStart
    1040
1.5
    1000
ToolCompensation
    1002
{
    1070
0
    1040
0
    1070
0
    1002
}
    1000
MicroConnect
    1002
{
    1070
2
    1040
3.54042906
    1041
0.8
    1042
0
    1040
18.4855381
    1041
0.8
    1042
0
    1002
}
       0
ENDBLK
       5
22C9
     330
2049
     100
AcDbEntity
       8
0
     100
AcDbBlockEnd
       0
BLOCK
       5
22CA
     330
204A
     100
AcDbEntity
       8
0
     100
AcDbBlockBegin
       2
Part1380460266
      70
0
      10
-1.39888101E-14
      20
-5.70654635E-14
      30
0
       3
Part1380460266
       1

       4
CypCutBlock
       0
LWPOLYLINE
       5
22CB
     100
AcDbEntity
       8
1
     100
AcDbPolyline
      90
6
      70
1
      10
88.6809524417193
      20
40.2426406871193
      42
-0.668178637919299
      10
84.4383117546
      20
30
      42
0
      10
36
      20
30
      42
-0.414213562373094
      10
30
      20
36
      42
0
      10
30
      20
84.4383117546
      42
-0.668178637919298
      10
40.2426406871
      20
88.6809524417
      42
0
    1001
FS_CYPCUT
    1000
Channel
    1070
1
    1000
LeadIn
    1002
{
    1070
3
    1040
5.5
    1040
1.5707963267949
    1040
1
    1040
1
    1070
0
    1040
0.5
    1070
0
    1002
}
    1000
LeadOut
    1002
{
    1070
0
    1040
0
    1040
0
    1040
0
    1070
0
    1002
}
    1000
IsFill
    1070
0
    1000
PathStart
    1040
5.5
    1000
ToolCompensation
    1002
{
    1070
0
    1040
0
    1070
0
    1002
}
       0
LWPOLYLINE
       5
22CC
     100
AcDbEntity
       8
1
     100
AcDbPolyline
      90
28
      70
1
      10
161.35
      20
8.3431457505
      42
0
      10
161.35
      20
4
      42
-0.414213562373088
      10
157.35
      20
0
      42
0
      10
142.6
      20
-5.7065463465733E-14
      42
-0.414213562373093
      10
141.6
      20
1
      42
0
      10
141.6
      20
2.2
      42
0
      10
121.1
      20
2.2
      42
0
      10
121.1
      20
1
      42
-0.414213562373102
      10
120.1
      20
7.99360577730113E-15
      42
0
      10
47.6
      20
0
      42
-0.414213562373088
      10
46.6
      20
1
      42
0
      10
46.6
      20
2.2
      42
0
      10
26.1
      20
2.2
      42
0
      10
26.1
      20
1
      42
-0.414213562373092
      10
25.1
      20
8.10462807976364E-14
      42
0
      10
4
      20
-4.44089209850063E-15
      42
-0.414213562373095
      10
-4.44089209850063E-15
      20
4
      42
0
      10
-1.3988810110277E-14
      20
88.75
      42
-0.414213562373087
      10
1
      20
89.75
      42
0
      10
2.2
      20
89.75
      42
0
      10
2.2
      20
120.25
      42
0
      10
1
      20
120.25
      42
-0.414213562373104
      10
0
      20
121.25
      42
0
      10
-4.44089209850063E-15
      20
156
      42
-0.414213562373091
      10
4
      20
160
      42
0
      10
9.6931457505
      20
160
      42
-0.198912367379661
      10
12.5215728752463
      20
158.828427124746
      42
0
      10
160.1784271247
      20
11.1715728753
      42
-0.198912367379671
    1001
FS_CYPCUT
    1000
Channel
    1070
1
    1000
LeadIn
    1002
{
    1070
3
    1040
26.5
    1040
1.5707963267949
    1040
1
    1040
1
    1070
0
    1040
0.5
    1070
0
    1002
}
    1000
LeadOut
    1002
{
    1070
0
    1040
0
    1040
0
    1040
0
    1070
0
    1002
}
    1000
IsFill
    1070
1
    1000
PathStart
    1040
26.5
    1000
ToolCompensation
    1002
{
    1070
0
    1040
0
    1070
0
    1002
}
    1000
MicroConnect
    1002
{
    1070
2
    1040
5.6354198
    1041
0.8
    1042
0
    1040
19.4054723
    1041
0.8
    1042
0
    1002
}
       0
ENDBLK
       5
22CD
     330
204A
     100
AcDbEntity
       8
0
     100
AcDbBlockEnd
       0
BLOCK
       5
22CE
     330
204B
     100
AcDbEntity
       8
0
     100
AcDbBlockBegin
       2
Part1613944165
      70
0
      10
-300
      20
-41.9792719
      30
0
       3
Part1613944165
       1

       4
CypCutBlock
       0
LINE
       5
22CF
     100
AcDbEntity
       8
2
     100
AcDbLine
      10
-300
      20
4.0103640642
      30
0
      11
-110.5129898026
      21
4.0103640642
      31
0
    1001
FS_CYPCUT
    1000
Channel
    1070
2
    1000
LeadIn
    1002
{
    1070
3
    1040
0
    1040
1.5707963267949
    1040
1
    1040
1
    1070
0
    1040
0.5
    1070
0
    1002
}
    1000
LeadOut
    1002
{
    1070
0
    1040
0
    1040
0
    1040
0
    1070
0
    1002
}
    1000
IsFill
    1070
0
    1000
PathStart
    1040
0
    1000
ToolCompensation
    1002
{
    1070
0
    1040
0
    1070
0
    1002
}
       0
CIRCLE
       5
22D0
     100
AcDbEntity
       8
1
     100
AcDbCircle
      10
-95.5129898026
      20
-16.9364936258
      30
0
      40
2.5
    1001
FS_CYPCUT
    1000
Channel
    1070
1
    1000
LeadIn
    1002
{
    1070
3
    1040
0
    1040
1.5707963267949
    1040
1
    1040
1
    1070
0
    1040
0.5
    1070
0
    1002
}
    1000
LeadOut
    1002
{
    1070
0
    1040
0
    1040
0
    1040
0
    1070
0
    1002
}
    1000
IsFill
    1070
0
    1000
PathStart
    1040
0
    1000
ToolCompensation
    1002
{
    1070
0
    1040
0
    1070
0
    1002
}
       0
CIRCLE
       5
22D1
     100
AcDbEntity
       8
1
     100
AcDbCircle
      10
-46.0175870948
      20
-24.0220501175
      30
0
      40
2.5
    1001
FS_CYPCUT
    1000
Channel
    1070
1
    1000
LeadIn
    1002
{
    1070
3
    1040
0
    1040
1.5707963267949
    1040
1
    1040
1
    1070
0
    1040
0.5
    1070
0
    1002
}
    1000
LeadOut
    1002
{
    1070
0
    1040
0
    1040
0
    1040
0
    1070
0
    1002
}
    1000
IsFill
    1070
0
    1000
PathStart
    1040
0
    1000
ToolCompensation
    1002
{
    1070
0
    1040
0
    1070
0
    1002
}
       0
LINE
       5
22D2
     100
AcDbEntity
       8
2
     100
AcDbLine
      10
-30.5129898026
      20
4.0103640642
      30
0
      11
30.5129898026
      21
4.0103640642
      31
0
    1001
FS_CYPCUT
    1000
Channel
    1070
2
    1000
LeadIn
    1002
{
    1070
3
    1040
0
    1040
1.5707963267949
    1040
1
    1040
1
    1070
0
    1040
0.5
    1070
0
    1002
}
    1000
LeadOut
    1002
{
    1070
0
    1040
0
    1040
0
    1040
0
    1070
0
    1002
}
    1000
IsFill
    1070
0
    1000
PathStart
    1040
0
    1000
ToolCompensation
    1002
{
    1070
0
    1040
0
    1070
0
    1002
}
       0
CIRCLE
       5
22D3
     100
AcDbEntity
       8
1
     100
AcDbCircle
      10
46.0175870948
      20
-24.0220501175
      30
0
      40
2.50000000000001
    1001
FS_CYPCUT
    1000
Channel
    1070
1
    1000
LeadIn
    1002
{
    1070
3
    1040
0
    1040
1.5707963267949
    1040
1
    1040
1
    1070
0
    1040
0.5
    1070
0
    1002
}
    1000
LeadOut
    1002
{
    1070
0
    1040
0
    1040
0
    1040
0
    1070
0
    1002
}
    1000
IsFill
    1070
0
    1000
PathStart
    1040
1
    1000
ToolCompensation
    1002
{
    1070
0
    1040
0
    1070
0
    1002
}
       0
CIRCLE
       5
22D4
     100
AcDbEntity
       8
1
     100
AcDbCircle
      10
95.5129898026
      20
-16.9364936258
      30
0
      40
2.5
    1001
FS_CYPCUT
    1000
Channel
    1070
1
    1000
LeadIn
    1002
{
    1070
3
    1040
0
    1040
1.5707963267949
    1040
1
    1040
1
    1070
0
    1040
0.5
    1070
0
    1002
}
    1000
LeadOut
    1002
{
    1070
0
    1040
0
    1040
0
    1040
0
    1070
0
    1002
}
    1000
IsFill
    1070
0
    1000
PathStart
    1040
0
    1000
ToolCompensation
    1002
{
    1070
0
    1040
0
    1070
0
    1002
}
       0
LINE
       5
22D5
     100
AcDbEntity
       8
2
     100
AcDbLine
      10
110.5129898026
      20
4.0103640642
      30
0
      11
300
      21
4.0103640642
      31
0
    1001
FS_CYPCUT
    1000
Channel
    1070
2
    1000
LeadIn
    1002
{
    1070
3
    1040
0
    1040
1.5707963267949
    1040
1
    1040
1
    1070
0
    1040
0.5
    1070
0
    1002
}
    1000
LeadOut
    1002
{
    1070
0
    1040
0
    1040
0
    1040
0
    1070
0
    1002
}
    1000
IsFill
    1070
0
    1000
PathStart
    1040
0
    1000
ToolCompensation
    1002
{
    1070
0
    1040
0
    1070
0
    1002
}
       0
LWPOLYLINE
       5
22D6
     100
AcDbEntity
       8
1
     100
AcDbPolyline
      90
26
      70
1
      10
300
      20
31
      42
0
      10
300
      20
-40.9792718716
      42
-0.414213562373108
      10
299
      20
-41.9792718716001
      42
0
      10
-299
      20
-41.9792718716
      42
-0.414213562373108
      10
-300
      20
-40.9792718716
      42
0
      10
-300
      20
31
      42
-0.414213562373197
      10
-299
      20
32
      42
0
      10
-282
      20
32
      42
0
      10
-282
      20
49
      42
-0.414213562373103
      10
-281
      20
50.0000000000001
      42
0
      10
-120.5129898026
      20
50
      42
-0.414213562373095
      10
-110.5129898026
      20
40
      42
0
      10
-110.5129898026
      20
-0.7317718716
      42
0
      10
-30.5129898026
      20
-0.7317718716
      42
0
      10
-30.5129898026
      20
40
      42
-0.414213562373095
      10
-20.5129898026
      20
50
      42
0
      10
20.5129898026
      20
50
      42
-0.414213562373096
      10
30.5129898026
      20
40
      42
0
      10
30.5129898026
      20
-0.7317718716
      42
0
      10
110.5129898026
      20
-0.7317718716
      42
0
      10
110.5129898026
      20
40
      42
-0.414213562373095
      10
120.5129898026
      20
50
      42
0
      10
281
      20
50
      42
-0.414213562373199
      10
282
      20
49
      42
0
      10
282
      20
32
      42
0
      10
299
      20
32
      42
-0.414213562373198
    1001
FS_CYPCUT
    1000
Channel
    1070
1
    1000
LeadIn
    1002
{
    1070
3
    1040
2.5
    1040
1.5707963267949
    1040
1
    1040
1
    1070
0
    1040
0.5
    1070
0
    1002
}
    1000
LeadOut
    1002
{
    1070
0
    1040
0
    1040
0
    1040
0
    1070
0
    1002
}
    1000
IsFill
    1070
1
    1000
PathStart
    1040
2.5
    1000
ToolCompensation
    1002
{
    1070
0
    1040
0
    1070
0
    1002
}
    1000
MicroConnect
    1002
{
    1070
3
    1040
2.43088601
    1041
0.8
    1042
0
    1040
9.54763536
    1041
0.8
    1042
0
    1040
21.6033303
    1041
0.8
    1042
0
    1002
}
       0
ENDBLK
       5
22D7
     330
204B
     100
AcDbEntity
       8
0
     100
AcDbBlockEnd
       0
BLOCK
       5
22D8
     330
204C
     100
AcDbEntity
       8
0
     100
AcDbBlockBegin
       2
Part1344184639
      70
0
      10
-25
      20
-60
      30
0
       3
Part1344184639
       1

       4
CypCutBlock
       0
CIRCLE
       5
22D9
     100
AcDbEntity
       8
1
     100
AcDbCircle
      10
0
      20
-40
      30
0
      40
6.75000000000001
    1001
FS_CYPCUT
    1000
Channel
    1070
1
    1000
LeadIn
    1002
{
    1070
3
    1040
0
    1040
1.5707963267949
    1040
1
    1040
1
    1070
0
    1040
0.5
    1070
0
    1002
}
    1000
LeadOut
    1002
{
    1070
0
    1040
0
    1040
0
    1040
0
    1070
0
    1002
}
    1000
IsFill
    1070
0
    1000
PathStart
    1040
0
    1000
ToolCompensation
    1002
{
    1070
0
    1040
0
    1070
0
    1002
}
       0
LINE
       5
22DA
     100
AcDbEntity
       8
2
     100
AcDbLine
      10
25
      20
-4.0103640642
      30
0
      11
-25
      21
-4.0103640642
      31
0
    1001
FS_CYPCUT
    1000
Channel
    1070
2
    1000
LeadIn
    1002
{
    1070
3
    1040
0
    1040
1.5707963267949
    1040
1
    1040
1
    1070
0
    1040
0.5
    1070
0
    1002
}
    1000
LeadOut
    1002
{
    1070
0
    1040
0
    1040
0
    1040
0
    1070
0
    1002
}
    1000
IsFill
    1070
0
    1000
PathStart
    1040
0
    1000
ToolCompensation
    1002
{
    1070
0
    1040
0
    1070
0
    1002
}
       0
LWPOLYLINE
       5
22DB
     100
AcDbEntity
       8
1
     100
AcDbPolyline
      90
4
      70
1
      10
5.5
      20
45.9792718716
      42
0
      10
5.5
      20
15.9792718716
      42
-1
      10
-5.5
      20
15.9792718716
      42
0
      10
-5.5
      20
45.9792718716
      42
-1
    1001
FS_CYPCUT
    1000
Channel
    1070
1
    1000
LeadIn
    1002
{
    1070
3
    1040
0.5
    1040
1.5707963267949
    1040
1
    1040
1
    1070
0
    1040
0.5
    1070
0
    1002
}
    1000
LeadOut
    1002
{
    1070
0
    1040
0
    1040
0
    1040
0
    1070
0
    1002
}
    1000
IsFill
    1070
0
    1000
PathStart
    1040
0.5
    1000
ToolCompensation
    1002
{
    1070
0
    1040
0
    1070
0
    1002
}
       0
LWPOLYLINE
       5
22DC
     100
AcDbEntity
       8
1
     100
AcDbPolyline
      90
8
      70
1
      10
25
      20
56.9792718716
      42
0
      10
25
      20
-55
      42
-0.414213562373095
      10
20
      20
-60
      42
0
      10
-20
      20
-60
      42
-0.414213562373095
      10
-25
      20
-55
      42
0
      10
-25
      20
56.9792718716
      42
-0.414213562373096
      10
-20
      20
61.9792718716
      42
0
      10
20
      20
61.9792718716
      42
-0.414213562373096
    1001
FS_CYPCUT
    1000
Channel
    1070
1
    1000
LeadIn
    1002
{
    1070
3
    1040
0.5
    1040
1.5707963267949
    1040
1
    1040
1
    1070
0
    1040
0.5
    1070
0
    1002
}
    1000
LeadOut
    1002
{
    1070
0
    1040
0
    1040
0
    1040
0
    1070
0
    1002
}
    1000
IsFill
    1070
1
    1000
PathStart
    1040
0.5
    1000
ToolCompensation
    1002
{
    1070
0
    1040
0
    1070
0
    1002
}
    1000
MicroConnect
    1002
{
    1070
1
    1040
4.74522207
    1041
0.8
    1042
0
    1002
}
       0
ENDBLK
       5
22DD
     330
204C
     100
AcDbEntity
       8
0
     100
AcDbBlockEnd
       0
BLOCK
       5
22DE
     330
204D
     100
AcDbEntity
       8
0
     100
AcDbBlockBegin
       2
Part1455024269
      70
0
      10
-25
      20
-52.5
      30
0
       3
Part1455024269
       1

       4
CypCutBlock
       0
CIRCLE
       5
22DF
     100
AcDbEntity
       8
1
     100
AcDbCircle
      10
-15.9761064281
      20
-44.5
      30
0
      40
2.50000000000002
    1001
FS_CYPCUT
    1000
Channel
    1070
1
    1000
LeadIn
    1002
{
    1070
3
    1040
0
    1040
1.5707963267949
    1040
1
    1040
1
    1070
0
    1040
0.5
    1070
0
    1002
}
    1000
LeadOut
    1002
{
    1070
0
    1040
0
    1040
0
    1040
0
    1070
0
    1002
}
    1000
IsFill
    1070
0
    1000
PathStart
    1040
0
    1000
ToolCompensation
    1002
{
    1070
0
    1040
0
    1070
0
    1002
}
       0
CIRCLE
       5
22E0
     100
AcDbEntity
       8
1
     100
AcDbCircle
      10
15.9761064281
      20
-44.5
      30
0
      40
2.50000000000001
    1001
FS_CYPCUT
    1000
Channel
    1070
1
    1000
LeadIn
    1002
{
    1070
3
    1040
1.66533453693773E-16
    1040
1.5707963267949
    1040
1
    1040
1
    1070
0
    1040
0.5
    1070
0
    1002
}
    1000
LeadOut
    1002
{
    1070
0
    1040
0
    1040
0
    1040
0
    1070
0
    1002
}
    1000
IsFill
    1070
0
    1000
PathStart
    1040
1.66533453693773E-16
    1000
ToolCompensation
    1002
{
    1070
0
    1040
0
    1070
0
    1002
}
       0
CIRCLE
       5
22E1
     100
AcDbEntity
       8
1
     100
AcDbCircle
      10
15.9761064281
      20
-25.5
      30
0
      40
2.5
    1001
FS_CYPCUT
    1000
Channel
    1070
1
    1000
LeadIn
    1002
{
    1070
3
    1040
0
    1040
1.5707963267949
    1040
1
    1040
1
    1070
0
    1040
0.5
    1070
0
    1002
}
    1000
LeadOut
    1002
{
    1070
0
    1040
0
    1040
0
    1040
0
    1070
0
    1002
}
    1000
IsFill
    1070
0
    1000
PathStart
    1040
0
    1000
ToolCompensation
    1002
{
    1070
0
    1040
0
    1070
0
    1002
}
       0
CIRCLE
       5
22E2
     100
AcDbEntity
       8
1
     100
AcDbCircle
      10
-15.9761064281
      20
-25.5
      30
0
      40
2.5
    1001
FS_CYPCUT
    1000
Channel
    1070
1
    1000
LeadIn
    1002
{
    1070
3
    1040
0
    1040
1.5707963267949
    1040
1
    1040
1
    1070
0
    1040
0.5
    1070
0
    1002
}
    1000
LeadOut
    1002
{
    1070
0
    1040
0
    1040
0
    1040
0
    1070
0
    1002
}
    1000
IsFill
    1070
0
    1000
PathStart
    1040
0
    1000
ToolCompensation
    1002
{
    1070
0
    1040
0
    1070
0
    1002
}
       0
LWPOLYLINE
       5
22E3
     100
AcDbEntity
       8
1
     100
AcDbPolyline
      90
4
      70
1
      10
2.55
      20
32.5
      42
0
      10
2.55
      20
12.5
      42
0
      10
-2.55
      20
12.5
      42
0
      10
-2.55
      20
32.5
      42
0
    1001
FS_CYPCUT
    1000
Channel
    1070
1
    1000
LeadIn
    1002
{
    1070
3
    1040
0.5
    1040
1.5707963267949
    1040
1
    1040
1
    1070
0
    1040
0.5
    1070
0
    1002
}
    1000
LeadOut
    1002
{
    1070
0
    1040
0
    1040
0
    1040
0
    1070
0
    1002
}
    1000
IsFill
    1070
0
    1000
PathStart
    1040
0.5
    1000
ToolCompensation
    1002
{
    1070
0
    1040
0
    1070
0
    1002
}
       0
LWPOLYLINE
       5
22E4
     100
AcDbEntity
       8
1
     100
AcDbPolyline
      90
14
      70
1
      10
25
      20
51.5
      42
0
      10
25
      20
-48.5
      42
-0.414213562373096
      10
21
      20
-52.5
      42
0
      10
-21
      20
-52.5
      42
-0.414213562373096
      10
-25
      20
-48.5
      42
0
      10
-25
      20
51.5
      42
-0.414213562373091
      10
-24
      20
52.5
      42
0
      10
-14.5
      20
52.5
      42
0
      10
-14.5
      20
56.2625
      42
-0.414213562373096
      10
-13.5
      20
57.2625
      42
0
      10
13.5
      20
57.2625
      42
-0.4142135623731
      10
14.5
      20
56.2625
      42
0
      10
14.5
      20
52.5
      42
0
      10
24
      20
52.5
      42
-0.414213562373093
    1001
FS_CYPCUT
    1000
Channel
    1070
1
    1000
LeadIn
    1002
{
    1070
3
    1040
0.5
    1040
1.5707963267949
    1040
1
    1040
1
    1070
0
    1040
0.5
    1070
0
    1002
}
    1000
LeadOut
    1002
{
    1070
0
    1040
0
    1040
0
    1040
0
    1070
0
    1002
}
    1000
IsFill
    1070
1
    1000
PathStart
    1040
0.5
    1000
ToolCompensation
    1002
{
    1070
0
    1040
0
    1070
0
    1002
}
    1000
MicroConnect
    1002
{
    1070
2
    1040
0.124445498
    1041
0.8
    1042
0
    1040
4.2088125
    1041
0.8
    1042
0
    1002
}
       0
ENDBLK
       5
22E5
     330
204D
     100
AcDbEntity
       8
0
     100
AcDbBlockEnd
       0
BLOCK
       5
22E6
     330
204E
     100
AcDbEntity
       8
0
     100
AcDbBlockBegin
       2
Part1658204313
      70
0
      10
-1.39888101E-14
      20
-5.70654635E-14
      30
0
       3
Part1658204313
       1

       4
CypCutBlock
       0
LWPOLYLINE
       5
22E7
     100
AcDbEntity
       8
1
     100
AcDbPolyline
      90
6
      70
1
      10
88.6809524417193
      20
40.2426406871193
      42
-0.668178637919299
      10
84.4383117546
      20
30
      42
0
      10
36
      20
30
      42
-0.414213562373094
      10
30
      20
36
      42
0
      10
30
      20
84.4383117546
      42
-0.668178637919298
      10
40.2426406871
      20
88.6809524417
      42
0
    1001
FS_CYPCUT
    1000
Channel
    1070
1
    1000
LeadIn
    1002
{
    1070
3
    1040
5.5
    1040
1.5707963267949
    1040
1
    1040
1
    1070
0
    1040
0.5
    1070
0
    1002
}
    1000
LeadOut
    1002
{
    1070
0
    1040
0
    1040
0
    1040
0
    1070
0
    1002
}
    1000
IsFill
    1070
0
    1000
PathStart
    1040
5.5
    1000
ToolCompensation
    1002
{
    1070
0
    1040
0
    1070
0
    1002
}
       0
LWPOLYLINE
       5
22E8
     100
AcDbEntity
       8
1
     100
AcDbPolyline
      90
28
      70
1
      10
161.35
      20
8.3431457505
      42
0
      10
161.35
      20
4
      42
-0.414213562373088
      10
157.35
      20
0
      42
0
      10
142.6
      20
-5.7065463465733E-14
      42
-0.414213562373093
      10
141.6
      20
1
      42
0
      10
141.6
      20
2.2
      42
0
      10
121.1
      20
2.2
      42
0
      10
121.1
      20
1
      42
-0.414213562373102
      10
120.1
      20
7.99360577730113E-15
      42
0
      10
47.6
      20
0
      42
-0.414213562373088
      10
46.6
      20
1
      42
0
      10
46.6
      20
2.2
      42
0
      10
26.1
      20
2.2
      42
0
      10
26.1
      20
1
      42
-0.414213562373092
      10
25.1
      20
8.10462807976364E-14
      42
0
      10
4
      20
-4.44089209850063E-15
      42
-0.414213562373095
      10
-4.44089209850063E-15
      20
4
      42
0
      10
-1.3988810110277E-14
      20
88.75
      42
-0.414213562373087
      10
1
      20
89.75
      42
0
      10
2.2
      20
89.75
      42
0
      10
2.2
      20
120.25
      42
0
      10
1
      20
120.25
      42
-0.414213562373104
      10
0
      20
121.25
      42
0
      10
-4.44089209850063E-15
      20
156
      42
-0.414213562373091
      10
4
      20
160
      42
0
      10
9.6931457505
      20
160
      42
-0.198912367379661
      10
12.5215728752463
      20
158.828427124746
      42
0
      10
160.1784271247
      20
11.1715728753
      42
-0.198912367379671
    1001
FS_CYPCUT
    1000
Channel
    1070
1
    1000
LeadIn
    1002
{
    1070
3
    1040
26.5
    1040
1.5707963267949
    1040
1
    1040
1
    1070
0
    1040
0.5
    1070
0
    1002
}
    1000
LeadOut
    1002
{
    1070
0
    1040
0
    1040
0
    1040
0
    1070
0
    1002
}
    1000
IsFill
    1070
1
    1000
PathStart
    1040
26.5
    1000
ToolCompensation
    1002
{
    1070
0
    1040
0
    1070
0
    1002
}
    1000
MicroConnect
    1002
{
    1070
2
    1040
5.6354198
    1041
0.8
    1042
0
    1040
19.4054723
    1041
0.8
    1042
0
    1002
}
       0
ENDBLK
       5
22E9
     330
204E
     100
AcDbEntity
       8
0
     100
AcDbBlockEnd
       0
BLOCK
       5
22EA
     330
204F
     100
AcDbEntity
       8
0
     100
AcDbBlockBegin
       2
Part50607856
      70
0
      10
-20
      20
-20
      30
0
       3
Part50607856
       1

       4
CypCutBlock
       0
CIRCLE
       5
22EB
     100
AcDbEntity
       8
1
     100
AcDbCircle
      10
0
      20
0
      30
0
      40
5.25
    1001
FS_CYPCUT
    1000
Channel
    1070
1
    1000
LeadIn
    1002
{
    1070
3
    1040
0
    1040
1.5707963267949
    1040
1
    1040
1
    1070
0
    1040
0.5
    1070
0
    1002
}
    1000
LeadOut
    1002
{
    1070
0
    1040
0
    1040
0
    1040
0
    1070
0
    1002
}
    1000
IsFill
    1070
0
    1000
PathStart
    1040
0
    1000
ToolCompensation
    1002
{
    1070
0
    1040
0
    1070
0
    1002
}
       0
LWPOLYLINE
       5
22EC
     100
AcDbEntity
       8
1
     100
AcDbPolyline
      90
8
      70
1
      10
20
      20
14
      42
0
      10
20
      20
-14
      42
-0.414213562373095
      10
14
      20
-20
      42
0
      10
-14
      20
-20
      42
-0.414213562373095
      10
-20
      20
-14
      42
0
      10
-20
      20
14
      42
-0.414213562373095
      10
-14
      20
20
      42
0
      10
14
      20
20
      42
-0.414213562373095
    1001
FS_CYPCUT
    1000
Channel
    1070
1
    1000
LeadIn
    1002
{
    1070
3
    1040
0.5
    1040
1.5707963267949
    1040
1
    1040
1
    1070
0
    1040
0.5
    1070
0
    1002
}
    1000
LeadOut
    1002
{
    1070
0
    1040
0
    1040
0
    1040
0
    1070
0
    1002
}
    1000
IsFill
    1070
1
    1000
PathStart
    1040
0.5
    1000
ToolCompensation
    1002
{
    1070
0
    1040
0
    1070
0
    1002
}
    1000
MicroConnect
    1002
{
    1070
1
    1040
4.48533063
    1041
0.8
    1042
0
    1002
}
       0
ENDBLK
       5
22ED
     330
204F
     100
AcDbEntity
       8
0
     100
AcDbBlockEnd
       0
BLOCK
       5
22EE
     330
2050
     100
AcDbEntity
       8
0
     100
AcDbBlockBegin
       2
Part148644439
      70
0
      10
-191
      20
-8.50430837E-14
      30
0
       3
Part148644439
       1

       4
CypCutBlock
       0
LWPOLYLINE
       5
22EF
     100
AcDbEntity
       8
1
     100
AcDbPolyline
      90
6
      70
1
      10
-56
      20
88.0883117546
      42
0
      10
-56
      20
36
      42
-0.414213562373096
      10
-62
      20
30
      42
0
      10
-114.0883117546
      20
30
      42
-0.668178637919299
      10
-118.3309524417
      20
40.2426406871
      42
0
      10
-66.2426406871
      20
92.3309524417
      42
-0.668178637919297
    1001
FS_CYPCUT
    1000
Channel
    1070
1
    1000
LeadIn
    1002
{
    1070
3
    1040
4.5
    1040
1.5707963267949
    1040
1
    1040
1
    1070
0
    1040
0.5
    1070
0
    1002
}
    1000
LeadOut
    1002
{
    1070
0
    1040
0
    1040
0
    1040
0
    1070
0
    1002
}
    1000
IsFill
    1070
0
    1000
PathStart
    1040
4.5
    1000
ToolCompensation
    1002
{
    1070
0
    1040
0
    1070
0
    1002
}
       0
LWPOLYLINE
       5
22F0
     100
AcDbEntity
       8
1
     100
AcDbPolyline
      90
4
      70
1
      10
-25.5
      20
120.25
      42
0
      10
-32.3
      20
120.25
      42
0
      10
-32.3
      20
89.75
      42
0
      10
-25.5
      20
89.75
      42
0
    1001
FS_CYPCUT
    1000
Channel
    1070
1
    1000
LeadIn
    1002
{
    1070
3
    1040
1.5
    1040
1.5707963267949
    1040
1
    1040
1
    1070
0
    1040
0.5
    1070
0
    1002
}
    1000
LeadOut
    1002
{
    1070
0
    1040
0
    1040
0
    1040
0
    1070
0
    1002
}
    1000
IsFill
    1070
0
    1000
PathStart
    1040
1.5
    1000
ToolCompensation
    1002
{
    1070
0
    1040
0
    1070
0
    1002
}
       0
CIRCLE
       5
22F1
     100
AcDbEntity
       8
1
     100
AcDbCircle
      10
0
      20
90
      30
0
      40
5.5
    1001
FS_CYPCUT
    1000
Channel
    1070
1
    1000
LeadIn
    1002
{
    1070
3
    1040
1.11022302462516E-16
    1040
1.5707963267949
    1040
1
    1040
1
    1070
0
    1040
0.5
    1070
0
    1002
}
    1000
LeadOut
    1002
{
    1070
0
    1040
0
    1040
0
    1040
0
    1070
0
    1002
}
    1000
IsFill
    1070
0
    1000
PathStart
    1040
1.11022302462516E-16
    1000
ToolCompensation
    1002
{
    1070
0
    1040
0
    1070
0
    1002
}
       0
LWPOLYLINE
       5
22F2
     100
AcDbEntity
       8
1
     100
AcDbPolyline
      90
4
      70
1
      10
32.3
      20
120.25
      42
0
      10
25.5
      20
120.25
      42
0
      10
25.5
      20
89.75
      42
0
      10
32.3
      20
89.75
      42
0
    1001
FS_CYPCUT
    1000
Channel
    1070
1
    1000
LeadIn
    1002
{
    1070
3
    1040
1.5
    1040
1.5707963267949
    1040
1
    1040
1
    1070
0
    1040
0.5
    1070
0
    1002
}
    1000
LeadOut
    1002
{
    1070
0
    1040
0
    1040
0
    1040
0
    1070
0
    1002
}
    1000
IsFill
    1070
0
    1000
PathStart
    1040
1.5
    1000
ToolCompensation
    1002
{
    1070
0
    1040
0
    1070
0
    1002
}
       0
LWPOLYLINE
       5
22F3
     100
AcDbEntity
       8
1
     100
AcDbPolyline
      90
6
      70
1
      10
118.3309524417
      20
40.2426406871
      42
0
      10
66.2426406871
      20
92.3309524417
      42
0.668178637919299
      10
56
      20
88.0883117546
      42
0
      10
56
      20
36
      42
0.414213562373097
      10
62
      20
30
      42
0
      10
114.0883117546
      20
30
      42
0.668178637919298
    1001
FS_CYPCUT
    1000
Channel
    1070
1
    1000
LeadIn
    1002
{
    1070
3
    1040
0.5
    1040
1.5707963267949
    1040
1
    1040
1
    1070
0
    1040
0.5
    1070
0
    1002
}
    1000
LeadOut
    1002
{
    1070
0
    1040
0
    1040
0
    1040
0
    1070
0
    1002
}
    1000
IsFill
    1070
0
    1000
PathStart
    1040
0.5
    1000
ToolCompensation
    1002
{
    1070
0
    1040
0
    1070
0
    1002
}
       0
LWPOLYLINE
       5
22F4
     100
AcDbEntity
       8
1
     100
AcDbPolyline
      90
44
      70
1
      10
191
      20
8.3431457505
      42
0.198912367379657
      10
189.8284271247
      20
11.1715728753
      42
0
      10
42.1715728753
      20
158.8284271247
      42
0.198912367379664
      10
39.3431457505
      20
160
      42
0
      10
-39.3431457505
      20
160
      42
0.19891236737967
      10
-42.1715728753
      20
158.8284271247
      42
0
      10
-189.8284271247
      20
11.1715728753
      42
0.198912367379657
      10
-191
      20
8.3431457505
      42
0
      10
-191
      20
4
      42
0.414213562373095
      10
-187
      20
-4.44089209850063E-15
      42
0
      10
-172.25
      20
-8.5043083686287E-14
      42
0.414213562373111
      10
-171.25
      20
1
      42
0
      10
-171.25
      20
2.2
      42
0
      10
-150.75
      20
2.2
      42
0
      10
-150.75
      20
1
      42
0.41421356237311
      10
-149.75
      20
-3.99680288865056E-15
      42
0
      10
-77.25
      20
0
      42
0.414213562373103
      10
-76.25
      20
1
      42
0
      10
-76.25
      20
2.2
      42
0
      10
-55.75
      20
2.2
      42
0
      10
-55.75
      20
1
      42
0.414213562373103
      10
-54.75
      20
0
      42
0
      10
-32
      20
0
      42
0.414213562373095
      10
-26
      20
6
      42
0
      10
-26
      20
39
      42
-0.414213562373093
      10
-20
      20
45
      42
0
      10
20
      20
45
      42
-0.414213562373095
      10
26
      20
39
      42
0
      10
26
      20
6
      42
0.414213562373095
      10
32
      20
0
      42
0
      10
54.75
      20
0
      42
0.414213562373091
      10
55.75
      20
1
      42
0
      10
55.75
      20
2.2
      42
0
      10
76.25
      20
2.2
      42
0
      10
76.25
      20
1
      42
0.414213562373103
      10
77.25
      20
0
      42
0
      10
149.75
      20
-3.99680288865056E-15
      42
0.4142135623731
      10
150.75
      20
1
      42
0
      10
150.75
      20
2.2
      42
0
      10
171.25
      20
2.2
      42
0
      10
171.25
      20
1
      42
0.414213562373065
      10
172.25
      20
-5.7065463465733E-14
      42
0
      10
187
      20
0
      42
0.414213562373095
      10
191
      20
4
      42
0
    1001
FS_CYPCUT
    1000
Channel
    1070
1
    1000
LeadIn
    1002
{
    1070
3
    1040
1.5
    1040
1.5707963267949
    1040
1
    1040
1
    1070
0
    1040
0.5
    1070
0
    1002
}
    1000
LeadOut
    1002
{
    1070
0
    1040
0
    1040
0
    1040
0
    1070
0
    1002
}
    1000
IsFill
    1070
1
    1000
PathStart
    1040
1.5
    1000
ToolCompensation
    1002
{
    1070
0
    1040
0
    1070
0
    1002
}
    1000
MicroConnect
    1002
{
    1070
2
    1040
3.54042906
    1041
0.8
    1042
0
    1040
18.4855381
    1041
0.8
    1042
0
    1002
}
       0
ENDBLK
       5
22F5
     330
2050
     100
AcDbEntity
       8
0
     100
AcDbBlockEnd
       0
BLOCK
       5
22F6
     330
2051
     100
AcDbEntity
       8
0
     100
AcDbBlockBegin
       2
Part1567995912
      70
0
      10
-20
      20
-20
      30
0
       3
Part1567995912
       1

       4
CypCutBlock
       0
CIRCLE
       5
22F7
     100
AcDbEntity
       8
1
     100
AcDbCircle
      10
0
      20
0
      30
0
      40
5.25
    1001
FS_CYPCUT
    1000
Channel
    1070
1
    1000
LeadIn
    1002
{
    1070
3
    1040
0
    1040
1.5707963267949
    1040
1
    1040
1
    1070
0
    1040
0.5
    1070
0
    1002
}
    1000
LeadOut
    1002
{
    1070
0
    1040
0
    1040
0
    1040
0
    1070
0
    1002
}
    1000
IsFill
    1070
0
    1000
PathStart
    1040
0
    1000
ToolCompensation
    1002
{
    1070
0
    1040
0
    1070
0
    1002
}
       0
LWPOLYLINE
       5
22F8
     100
AcDbEntity
       8
1
     100
AcDbPolyline
      90
8
      70
1
      10
20
      20
14
      42
0
      10
20
      20
-14
      42
-0.414213562373095
      10
14
      20
-20
      42
0
      10
-14
      20
-20
      42
-0.414213562373095
      10
-20
      20
-14
      42
0
      10
-20
      20
14
      42
-0.414213562373095
      10
-14
      20
20
      42
0
      10
14
      20
20
      42
-0.414213562373095
    1001
FS_CYPCUT
    1000
Channel
    1070
1
    1000
LeadIn
    1002
{
    1070
3
    1040
0.5
    1040
1.5707963267949
    1040
1
    1040
1
    1070
0
    1040
0.5
    1070
0
    1002
}
    1000
LeadOut
    1002
{
    1070
0
    1040
0
    1040
0
    1040
0
    1070
0
    1002
}
    1000
IsFill
    1070
1
    1000
PathStart
    1040
0.5
    1000
ToolCompensation
    1002
{
    1070
0
    1040
0
    1070
0
    1002
}
    1000
MicroConnect
    1002
{
    1070
1
    1040
4.48533063
    1041
0.8
    1042
0
    1002
}
       0
ENDBLK
       5
22F9
     330
2051
     100
AcDbEntity
       8
0
     100
AcDbBlockEnd
       0
BLOCK
       5
22FA
     330
2052
     100
AcDbEntity
       8
0
     100
AcDbBlockBegin
       2
Part1594095881
      70
0
      10
-20
      20
-20
      30
0
       3
Part1594095881
       1

       4
CypCutBlock
       0
CIRCLE
       5
22FB
     100
AcDbEntity
       8
1
     100
AcDbCircle
      10
0
      20
0
      30
0
      40
5.25
    1001
FS_CYPCUT
    1000
Channel
    1070
1
    1000
LeadIn
    1002
{
    1070
3
    1040
0
    1040
1.5707963267949
    1040
1
    1040
1
    1070
0
    1040
0.5
    1070
0
    1002
}
    1000
LeadOut
    1002
{
    1070
0
    1040
0
    1040
0
    1040
0
    1070
0
    1002
}
    1000
IsFill
    1070
0
    1000
PathStart
    1040
0
    1000
ToolCompensation
    1002
{
    1070
0
    1040
0
    1070
0
    1002
}
       0
LWPOLYLINE
       5
22FC
     100
AcDbEntity
       8
1
     100
AcDbPolyline
      90
8
      70
1
      10
20
      20
14
      42
0
      10
20
      20
-14
      42
-0.414213562373095
      10
14
      20
-20
      42
0
      10
-14
      20
-20
      42
-0.414213562373095
      10
-20
      20
-14
      42
0
      10
-20
      20
14
      42
-0.414213562373095
      10
-14
      20
20
      42
0
      10
14
      20
20
      42
-0.414213562373095
    1001
FS_CYPCUT
    1000
Channel
    1070
1
    1000
LeadIn
    1002
{
    1070
3
    1040
0.5
    1040
1.5707963267949
    1040
1
    1040
1
    1070
0
    1040
0.5
    1070
0
    1002
}
    1000
LeadOut
    1002
{
    1070
0
    1040
0
    1040
0
    1040
0
    1070
0
    1002
}
    1000
IsFill
    1070
1
    1000
PathStart
    1040
0.5
    1000
ToolCompensation
    1002
{
    1070
0
    1040
0
    1070
0
    1002
}
    1000
MicroConnect
    1002
{
    1070
1
    1040
4.48533063
    1041
0.8
    1042
0
    1002
}
       0
ENDBLK
       5
22FD
     330
2052
     100
AcDbEntity
       8
0
     100
AcDbBlockEnd
       0
BLOCK
       5
22FE
     330
2053
     100
AcDbEntity
       8
0
     100
AcDbBlockBegin
       2
Part263792553
      70
0
      10
-793.11422
      20
-560.816443
      30
0
       3
Part263792553
       1

       4
CypCutBlock
       0
CIRCLE
       5
22FF
     100
AcDbEntity
       8
1
     100
AcDbCircle
      10
-617.3195157107
      20
-473.6859246109
      30
0
      40
3.29999999999973
    1001
FS_CYPCUT
    1000
Channel
    1070
1
    1000
LeadIn
    1002
{
    1070
3
    1040
1.94289029309402E-15
    1040
1.5707963267949
    1040
1
    1040
1
    1070
0
    1040
0.5
    1070
0
    1002
}
    1000
LeadOut
    1002
{
    1070
0
    1040
0
    1040
0
    1040
0
    1070
0
    1002
}
    1000
IsFill
    1070
0
    1000
PathStart
    1040
1.94289029309402E-15
    1000
ToolCompensation
    1002
{
    1070
0
    1040
0
    1070
0
    1002
}
       0
CIRCLE
       5
2300
     100
AcDbEntity
       8
1
     100
AcDbCircle
      10
-718.8838019835
      20
-297.7714205519
      30
0
      40
3.2999999999999
    1001
FS_CYPCUT
    1000
Channel
    1070
1
    1000
LeadIn
    1002
{
    1070
3
    1040
0
    1040
1.5707963267949
    1040
1
    1040
1
    1070
0
    1040
0.5
    1070
0
    1002
}
    1000
LeadOut
    1002
{
    1070
0
    1040
0
    1040
0
    1040
0
    1070
0
    1002
}
    1000
IsFill
    1070
0
    1000
PathStart
    1040
0.999999999999998
    1000
ToolCompensation
    1002
{
    1070
0
    1040
0
    1070
0
    1002
}
       0
CIRCLE
       5
2301
     100
AcDbEntity
       8
1
     100
AcDbCircle
      10
-771.4573451628
      20
-101.5642862728
      30
0
      40
3.29999999999993
    1001
FS_CYPCUT
    1000
Channel
    1070
1
    1000
LeadIn
    1002
{
    1070
3
    1040
0
    1040
1.5707963267949
    1040
1
    1040
1
    1070
0
    1040
0.5
    1070
0
    1002
}
    1000
LeadOut
    1002
{
    1070
0
    1040
0
    1040
0
    1040
0
    1070
0
    1002
}
    1000
IsFill
    1070
0
    1000
PathStart
    1040
0.999999999999999
    1000
ToolCompensation
    1002
{
    1070
0
    1040
0
    1070
0
    1002
}
       0
CIRCLE
       5
2302
     100
AcDbEntity
       8
1
     100
AcDbCircle
      10
-771.4573451628
      20
101.5642862728
      30
0
      40
3.3000000000002
    1001
FS_CYPCUT
    1000
Channel
    1070
1
    1000
LeadIn
    1002
{
    1070
3
    1040
1.47104550762833E-15
    1040
1.5707963267949
    1040
1
    1040
1
    1070
0
    1040
0.5
    1070
0
    1002
}
    1000
LeadOut
    1002
{
    1070
0
    1040
0
    1040
0
    1040
0
    1070
0
    1002
}
    1000
IsFill
    1070
0
    1000
PathStart
    1040
1.47104550762833E-15
    1000
ToolCompensation
    1002
{
    1070
0
    1040
0
    1070
0
    1002
}
       0
CIRCLE
       5
2303
     100
AcDbEntity
       8
1
     100
AcDbCircle
      10
-718.8838019835
      20
297.7714205519
      30
0
      40
3.30000000000001
    1001
FS_CYPCUT
    1000
Channel
    1070
1
    1000
LeadIn
    1002
{
    1070
3
    1040
0
    1040
1.5707963267949
    1040
1
    1040
1
    1070
0
    1040
0.5
    1070
0
    1002
}
    1000
LeadOut
    1002
{
    1070
0
    1040
0
    1040
0
    1040
0
    1070
0
    1002
}
    1000
IsFill
    1070
0
    1000
PathStart
    1040
0
    1000
ToolCompensation
    1002
{
    1070
0
    1040
0
    1070
0
    1002
}
       0
CIRCLE
       5
2304
     100
AcDbEntity
       8
1
     100
AcDbCircle
      10
-617.3195157107
      20
473.6859246109
      30
0
      40
3.29999999999961
    1001
FS_CYPCUT
    1000
Channel
    1070
1
    1000
LeadIn
    1002
{
    1070
3
    1040
0
    1040
1.5707963267949
    1040
1
    1040
1
    1070
0
    1040
0.5
    1070
0
    1002
}
    1000
LeadOut
    1002
{
    1070
0
    1040
0
    1040
0
    1040
0
    1070
0
    1002
}
    1000
IsFill
    1070
0
    1000
PathStart
    1040
0.999999999999998
    1000
ToolCompensation
    1002
{
    1070
0
    1040
0
    1070
0
    1002
}
       0
LWPOLYLINE
       5
2305
     100
AcDbEntity
       8
1
     100
AcDbPolyline
      90
4
      70
1
      10
-539.603239911626
      20
539.603239911626
      42
0.414213562373095
      10
-539.603239911626
      20
-539.603239911626
      42
0
      10
-560.816443347223
      20
-560.816443347223
      42
-0.414213562373095
      10
-560.816443347223
      20
560.816443347223
      42
0
    1001
FS_CYPCUT
    1000
Channel
    1070
1
    1000
LeadIn
    1002
{
    1070
3
    1040
2.5
    1040
1.5707963267949
    1040
1
    1040
1
    1070
0
    1040
0.5
    1070
0
    1002
}
    1000
LeadOut
    1002
{
    1070
0
    1040
0
    1040
0
    1040
0
    1070
0
    1002
}
    1000
IsFill
    1070
1
    1000
PathStart
    1040
2.5
    1000
ToolCompensation
    1002
{
    1070
0
    1040
0
    1070
0
    1002
}
    1000
MicroConnect
    1002
{
    1070
2
    1040
2.18367326
    1041
0.6
    1042
0
    1040
2.82431693
    1041
0.6
    1042
0
    1002
}
       0
ENDBLK
       5
2306
     330
2053
     100
AcDbEntity
       8
0
     100
AcDbBlockEnd
       0
BLOCK
       5
2307
     330
2054
     100
AcDbEntity
       8
0
     100
AcDbBlockBegin
       2
Part1323676542
      70
0
      10
-20
      20
-20
      30
0
       3
Part1323676542
       1

       4
CypCutBlock
       0
CIRCLE
       5
2308
     100
AcDbEntity
       8
1
     100
AcDbCircle
      10
0
      20
0
      30
0
      40
5.25
    1001
FS_CYPCUT
    1000
Channel
    1070
1
    1000
LeadIn
    1002
{
    1070
3
    1040
0
    1040
1.5707963267949
    1040
1
    1040
1
    1070
0
    1040
0.5
    1070
0
    1002
}
    1000
LeadOut
    1002
{
    1070
0
    1040
0
    1040
0
    1040
0
    1070
0
    1002
}
    1000
IsFill
    1070
0
    1000
PathStart
    1040
0
    1000
ToolCompensation
    1002
{
    1070
0
    1040
0
    1070
0
    1002
}
       0
LWPOLYLINE
       5
2309
     100
AcDbEntity
       8
1
     100
AcDbPolyline
      90
8
      70
1
      10
20
      20
14
      42
0
      10
20
      20
-14
      42
-0.414213562373095
      10
14
      20
-20
      42
0
      10
-14
      20
-20
      42
-0.414213562373095
      10
-20
      20
-14
      42
0
      10
-20
      20
14
      42
-0.414213562373095
      10
-14
      20
20
      42
0
      10
14
      20
20
      42
-0.414213562373095
    1001
FS_CYPCUT
    1000
Channel
    1070
1
    1000
LeadIn
    1002
{
    1070
3
    1040
0.5
    1040
1.5707963267949
    1040
1
    1040
1
    1070
0
    1040
0.5
    1070
0
    1002
}
    1000
LeadOut
    1002
{
    1070
0
    1040
0
    1040
0
    1040
0
    1070
0
    1002
}
    1000
IsFill
    1070
1
    1000
PathStart
    1040
0.5
    1000
ToolCompensation
    1002
{
    1070
0
    1040
0
    1070
0
    1002
}
    1000
MicroConnect
    1002
{
    1070
1
    1040
4.48533063
    1041
0.8
    1042
0
    1002
}
       0
ENDBLK
       5
230A
     330
2054
     100
AcDbEntity
       8
0
     100
AcDbBlockEnd
       0
BLOCK
       5
230B
     330
2055
     100
AcDbEntity
       8
0
     100
AcDbBlockBegin
       2
Part1415671377
      70
0
      10
-793.11422
      20
-560.816443
      30
0
       3
Part1415671377
       1

       4
CypCutBlock
       0
CIRCLE
       5
230C
     100
AcDbEntity
       8
1
     100
AcDbCircle
      10
-617.3195157107
      20
-473.6859246109
      30
0
      40
3.29999999999973
    1001
FS_CYPCUT
    1000
Channel
    1070
1
    1000
LeadIn
    1002
{
    1070
3
    1040
1.94289029309402E-15
    1040
1.5707963267949
    1040
1
    1040
1
    1070
0
    1040
0.5
    1070
0
    1002
}
    1000
LeadOut
    1002
{
    1070
0
    1040
0
    1040
0
    1040
0
    1070
0
    1002
}
    1000
IsFill
    1070
0
    1000
PathStart
    1040
1.94289029309402E-15
    1000
ToolCompensation
    1002
{
    1070
0
    1040
0
    1070
0
    1002
}
       0
CIRCLE
       5
230D
     100
AcDbEntity
       8
1
     100
AcDbCircle
      10
-718.8838019835
      20
-297.7714205519
      30
0
      40
3.2999999999999
    1001
FS_CYPCUT
    1000
Channel
    1070
1
    1000
LeadIn
    1002
{
    1070
3
    1040
0
    1040
1.5707963267949
    1040
1
    1040
1
    1070
0
    1040
0.5
    1070
0
    1002
}
    1000
LeadOut
    1002
{
    1070
0
    1040
0
    1040
0
    1040
0
    1070
0
    1002
}
    1000
IsFill
    1070
0
    1000
PathStart
    1040
0.999999999999998
    1000
ToolCompensation
    1002
{
    1070
0
    1040
0
    1070
0
    1002
}
       0
CIRCLE
       5
230E
     100
AcDbEntity
       8
1
     100
AcDbCircle
      10
-771.4573451628
      20
-101.5642862728
      30
0
      40
3.29999999999993
    1001
FS_CYPCUT
    1000
Channel
    1070
1
    1000
LeadIn
    1002
{
    1070
3
    1040
0
    1040
1.5707963267949
    1040
1
    1040
1
    1070
0
    1040
0.5
    1070
0
    1002
}
    1000
LeadOut
    1002
{
    1070
0
    1040
0
    1040
0
    1040
0
    1070
0
    1002
}
    1000
IsFill
    1070
0
    1000
PathStart
    1040
0.999999999999999
    1000
ToolCompensation
    1002
{
    1070
0
    1040
0
    1070
0
    1002
}
       0
CIRCLE
       5
230F
     100
AcDbEntity
       8
1
     100
AcDbCircle
      10
-771.4573451628
      20
101.5642862728
      30
0
      40
3.3000000000002
    1001
FS_CYPCUT
    1000
Channel
    1070
1
    1000
LeadIn
    1002
{
    1070
3
    1040
1.47104550762833E-15
    1040
1.5707963267949
    1040
1
    1040
1
    1070
0
    1040
0.5
    1070
0
    1002
}
    1000
LeadOut
    1002
{
    1070
0
    1040
0
    1040
0
    1040
0
    1070
0
    1002
}
    1000
IsFill
    1070
0
    1000
PathStart
    1040
1.47104550762833E-15
    1000
ToolCompensation
    1002
{
    1070
0
    1040
0
    1070
0
    1002
}
       0
CIRCLE
       5
2310
     100
AcDbEntity
       8
1
     100
AcDbCircle
      10
-718.8838019835
      20
297.7714205519
      30
0
      40
3.30000000000001
    1001
FS_CYPCUT
    1000
Channel
    1070
1
    1000
LeadIn
    1002
{
    1070
3
    1040
0
    1040
1.5707963267949
    1040
1
    1040
1
    1070
0
    1040
0.5
    1070
0
    1002
}
    1000
LeadOut
    1002
{
    1070
0
    1040
0
    1040
0
    1040
0
    1070
0
    1002
}
    1000
IsFill
    1070
0
    1000
PathStart
    1040
0
    1000
ToolCompensation
    1002
{
    1070
0
    1040
0
    1070
0
    1002
}
       0
CIRCLE
       5
2311
     100
AcDbEntity
       8
1
     100
AcDbCircle
      10
-617.3195157107
      20
473.6859246109
      30
0
      40
3.29999999999961
    1001
FS_CYPCUT
    1000
Channel
    1070
1
    1000
LeadIn
    1002
{
    1070
3
    1040
0
    1040
1.5707963267949
    1040
1
    1040
1
    1070
0
    1040
0.5
    1070
0
    1002
}
    1000
LeadOut
    1002
{
    1070
0
    1040
0
    1040
0
    1040
0
    1070
0
    1002
}
    1000
IsFill
    1070
0
    1000
PathStart
    1040
0.999999999999998
    1000
ToolCompensation
    1002
{
    1070
0
    1040
0
    1070
0
    1002
}
       0
LWPOLYLINE
       5
2312
     100
AcDbEntity
       8
1
     100
AcDbPolyline
      90
4
      70
1
      10
-539.603239911626
      20
539.603239911626
      42
0.414213562373095
      10
-539.603239911626
      20
-539.603239911626
      42
0
      10
-560.816443347223
      20
-560.816443347223
      42
-0.414213562373095
      10
-560.816443347223
      20
560.816443347223
      42
0
    1001
FS_CYPCUT
    1000
Channel
    1070
1
    1000
LeadIn
    1002
{
    1070
3
    1040
2.5
    1040
1.5707963267949
    1040
1
    1040
1
    1070
0
    1040
0.5
    1070
0
    1002
}
    1000
LeadOut
    1002
{
    1070
0
    1040
0
    1040
0
    1040
0
    1070
0
    1002
}
    1000
IsFill
    1070
1
    1000
PathStart
    1040
2.5
    1000
ToolCompensation
    1002
{
    1070
0
    1040
0
    1070
0
    1002
}
    1000
MicroConnect
    1002
{
    1070
2
    1040
2.18367326
    1041
0.6
    1042
0
    1040
2.82431693
    1041
0.6
    1042
0
    1002
}
       0
ENDBLK
       5
2313
     330
2055
     100
AcDbEntity
       8
0
     100
AcDbBlockEnd
       0
BLOCK
       5
2314
     330
2056
     100
AcDbEntity
       8
0
     100
AcDbBlockBegin
       2
Part1397845008
      70
0
      10
-191
      20
-8.50430837E-14
      30
0
       3
Part1397845008
       1

       4
CypCutBlock
       0
LWPOLYLINE
       5
2315
     100
AcDbEntity
       8
1
     100
AcDbPolyline
      90
6
      70
1
      10
-56
      20
88.0883117546
      42
0
      10
-56
      20
36
      42
-0.414213562373096
      10
-62
      20
30
      42
0
      10
-114.0883117546
      20
30
      42
-0.668178637919299
      10
-118.3309524417
      20
40.2426406871
      42
0
      10
-66.2426406871
      20
92.3309524417
      42
-0.668178637919297
    1001
FS_CYPCUT
    1000
Channel
    1070
1
    1000
LeadIn
    1002
{
    1070
3
    1040
4.5
    1040
1.5707963267949
    1040
1
    1040
1
    1070
0
    1040
0.5
    1070
0
    1002
}
    1000
LeadOut
    1002
{
    1070
0
    1040
0
    1040
0
    1040
0
    1070
0
    1002
}
    1000
IsFill
    1070
0
    1000
PathStart
    1040
4.5
    1000
ToolCompensation
    1002
{
    1070
0
    1040
0
    1070
0
    1002
}
       0
LWPOLYLINE
       5
2316
     100
AcDbEntity
       8
1
     100
AcDbPolyline
      90
4
      70
1
      10
-25.5
      20
120.25
      42
0
      10
-32.3
      20
120.25
      42
0
      10
-32.3
      20
89.75
      42
0
      10
-25.5
      20
89.75
      42
0
    1001
FS_CYPCUT
    1000
Channel
    1070
1
    1000
LeadIn
    1002
{
    1070
3
    1040
1.5
    1040
1.5707963267949
    1040
1
    1040
1
    1070
0
    1040
0.5
    1070
0
    1002
}
    1000
LeadOut
    1002
{
    1070
0
    1040
0
    1040
0
    1040
0
    1070
0
    1002
}
    1000
IsFill
    1070
0
    1000
PathStart
    1040
1.5
    1000
ToolCompensation
    1002
{
    1070
0
    1040
0
    1070
0
    1002
}
       0
CIRCLE
       5
2317
     100
AcDbEntity
       8
1
     100
AcDbCircle
      10
0
      20
90
      30
0
      40
5.5
    1001
FS_CYPCUT
    1000
Channel
    1070
1
    1000
LeadIn
    1002
{
    1070
3
    1040
1.11022302462516E-16
    1040
1.5707963267949
    1040
1
    1040
1
    1070
0
    1040
0.5
    1070
0
    1002
}
    1000
LeadOut
    1002
{
    1070
0
    1040
0
    1040
0
    1040
0
    1070
0
    1002
}
    1000
IsFill
    1070
0
    1000
PathStart
    1040
1.11022302462516E-16
    1000
ToolCompensation
    1002
{
    1070
0
    1040
0
    1070
0
    1002
}
       0
LWPOLYLINE
       5
2318
     100
AcDbEntity
       8
1
     100
AcDbPolyline
      90
4
      70
1
      10
32.3
      20
120.25
      42
0
      10
25.5
      20
120.25
      42
0
      10
25.5
      20
89.75
      42
0
      10
32.3
      20
89.75
      42
0
    1001
FS_CYPCUT
    1000
Channel
    1070
1
    1000
LeadIn
    1002
{
    1070
3
    1040
1.5
    1040
1.5707963267949
    1040
1
    1040
1
    1070
0
    1040
0.5
    1070
0
    1002
}
    1000
LeadOut
    1002
{
    1070
0
    1040
0
    1040
0
    1040
0
    1070
0
    1002
}
    1000
IsFill
    1070
0
    1000
PathStart
    1040
1.5
    1000
ToolCompensation
    1002
{
    1070
0
    1040
0
    1070
0
    1002
}
       0
LWPOLYLINE
       5
2319
     100
AcDbEntity
       8
1
     100
AcDbPolyline
      90
6
      70
1
      10
118.3309524417
      20
40.2426406871
      42
0
      10
66.2426406871
      20
92.3309524417
      42
0.668178637919299
      10
56
      20
88.0883117546
      42
0
      10
56
      20
36
      42
0.414213562373097
      10
62
      20
30
      42
0
      10
114.0883117546
      20
30
      42
0.668178637919298
    1001
FS_CYPCUT
    1000
Channel
    1070
1
    1000
LeadIn
    1002
{
    1070
3
    1040
0.5
    1040
1.5707963267949
    1040
1
    1040
1
    1070
0
    1040
0.5
    1070
0
    1002
}
    1000
LeadOut
    1002
{
    1070
0
    1040
0
    1040
0
    1040
0
    1070
0
    1002
}
    1000
IsFill
    1070
0
    1000
PathStart
    1040
0.5
    1000
ToolCompensation
    1002
{
    1070
0
    1040
0
    1070
0
    1002
}
       0
LWPOLYLINE
       5
231A
     100
AcDbEntity
       8
1
     100
AcDbPolyline
      90
44
      70
1
      10
191
      20
8.3431457505
      42
0.198912367379657
      10
189.8284271247
      20
11.1715728753
      42
0
      10
42.1715728753
      20
158.8284271247
      42
0.198912367379664
      10
39.3431457505
      20
160
      42
0
      10
-39.3431457505
      20
160
      42
0.19891236737967
      10
-42.1715728753
      20
158.8284271247
      42
0
      10
-189.8284271247
      20
11.1715728753
      42
0.198912367379657
      10
-191
      20
8.3431457505
      42
0
      10
-191
      20
4
      42
0.414213562373095
      10
-187
      20
-4.44089209850063E-15
      42
0
      10
-172.25
      20
-8.5043083686287E-14
      42
0.414213562373111
      10
-171.25
      20
1
      42
0
      10
-171.25
      20
2.2
      42
0
      10
-150.75
      20
2.2
      42
0
      10
-150.75
      20
1
      42
0.41421356237311
      10
-149.75
      20
-3.99680288865056E-15
      42
0
      10
-77.25
      20
0
      42
0.414213562373103
      10
-76.25
      20
1
      42
0
      10
-76.25
      20
2.2
      42
0
      10
-55.75
      20
2.2
      42
0
      10
-55.75
      20
1
      42
0.414213562373103
      10
-54.75
      20
0
      42
0
      10
-32
      20
0
      42
0.414213562373095
      10
-26
      20
6
      42
0
      10
-26
      20
39
      42
-0.414213562373093
      10
-20
      20
45
      42
0
      10
20
      20
45
      42
-0.414213562373095
      10
26
      20
39
      42
0
      10
26
      20
6
      42
0.414213562373095
      10
32
      20
0
      42
0
      10
54.75
      20
0
      42
0.414213562373091
      10
55.75
      20
1
      42
0
      10
55.75
      20
2.2
      42
0
      10
76.25
      20
2.2
      42
0
      10
76.25
      20
1
      42
0.414213562373103
      10
77.25
      20
0
      42
0
      10
149.75
      20
-3.99680288865056E-15
      42
0.4142135623731
      10
150.75
      20
1
      42
0
      10
150.75
      20
2.2
      42
0
      10
171.25
      20
2.2
      42
0
      10
171.25
      20
1
      42
0.414213562373065
      10
172.25
      20
-5.7065463465733E-14
      42
0
      10
187
      20
0
      42
0.414213562373095
      10
191
      20
4
      42
0
    1001
FS_CYPCUT
    1000
Channel
    1070
1
    1000
LeadIn
    1002
{
    1070
3
    1040
1.5
    1040
1.5707963267949
    1040
1
    1040
1
    1070
0
    1040
0.5
    1070
0
    1002
}
    1000
LeadOut
    1002
{
    1070
0
    1040
0
    1040
0
    1040
0
    1070
0
    1002
}
    1000
IsFill
    1070
1
    1000
PathStart
    1040
1.5
    1000
ToolCompensation
    1002
{
    1070
0
    1040
0
    1070
0
    1002
}
    1000
MicroConnect
    1002
{
    1070
2
    1040
3.54042906
    1041
0.8
    1042
0
    1040
18.4855381
    1041
0.8
    1042
0
    1002
}
       0
ENDBLK
       5
231B
     330
2056
     100
AcDbEntity
       8
0
     100
AcDbBlockEnd
       0
BLOCK
       5
231C
     330
2057
     100
AcDbEntity
       8
0
     100
AcDbBlockBegin
       2
Part1259811774
      70
0
      10
-793.11422
      20
-560.816443
      30
0
       3
Part1259811774
       1

       4
CypCutBlock
       0
CIRCLE
       5
231D
     100
AcDbEntity
       8
1
     100
AcDbCircle
      10
-617.3195157107
      20
-473.6859246109
      30
0
      40
3.29999999999973
    1001
FS_CYPCUT
    1000
Channel
    1070
1
    1000
LeadIn
    1002
{
    1070
3
    1040
1.94289029309402E-15
    1040
1.5707963267949
    1040
1
    1040
1
    1070
0
    1040
0.5
    1070
0
    1002
}
    1000
LeadOut
    1002
{
    1070
0
    1040
0
    1040
0
    1040
0
    1070
0
    1002
}
    1000
IsFill
    1070
0
    1000
PathStart
    1040
1.94289029309402E-15
    1000
ToolCompensation
    1002
{
    1070
0
    1040
0
    1070
0
    1002
}
       0
CIRCLE
       5
231E
     100
AcDbEntity
       8
1
     100
AcDbCircle
      10
-718.8838019835
      20
-297.7714205519
      30
0
      40
3.2999999999999
    1001
FS_CYPCUT
    1000
Channel
    1070
1
    1000
LeadIn
    1002
{
    1070
3
    1040
0
    1040
1.5707963267949
    1040
1
    1040
1
    1070
0
    1040
0.5
    1070
0
    1002
}
    1000
LeadOut
    1002
{
    1070
0
    1040
0
    1040
0
    1040
0
    1070
0
    1002
}
    1000
IsFill
    1070
0
    1000
PathStart
    1040
0.999999999999998
    1000
ToolCompensation
    1002
{
    1070
0
    1040
0
    1070
0
    1002
}
       0
CIRCLE
       5
231F
     100
AcDbEntity
       8
1
     100
AcDbCircle
      10
-771.4573451628
      20
-101.5642862728
      30
0
      40
3.29999999999993
    1001
FS_CYPCUT
    1000
Channel
    1070
1
    1000
LeadIn
    1002
{
    1070
3
    1040
0
    1040
1.5707963267949
    1040
1
    1040
1
    1070
0
    1040
0.5
    1070
0
    1002
}
    1000
LeadOut
    1002
{
    1070
0
    1040
0
    1040
0
    1040
0
    1070
0
    1002
}
    1000
IsFill
    1070
0
    1000
PathStart
    1040
0.999999999999999
    1000
ToolCompensation
    1002
{
    1070
0
    1040
0
    1070
0
    1002
}
       0
CIRCLE
       5
2320
     100
AcDbEntity
       8
1
     100
AcDbCircle
      10
-771.4573451628
      20
101.5642862728
      30
0
      40
3.3000000000002
    1001
FS_CYPCUT
    1000
Channel
    1070
1
    1000
LeadIn
    1002
{
    1070
3
    1040
1.47104550762833E-15
    1040
1.5707963267949
    1040
1
    1040
1
    1070
0
    1040
0.5
    1070
0
    1002
}
    1000
LeadOut
    1002
{
    1070
0
    1040
0
    1040
0
    1040
0
    1070
0
    1002
}
    1000
IsFill
    1070
0
    1000
PathStart
    1040
1.47104550762833E-15
    1000
ToolCompensation
    1002
{
    1070
0
    1040
0
    1070
0
    1002
}
       0
CIRCLE
       5
2321
     100
AcDbEntity
       8
1
     100
AcDbCircle
      10
-718.8838019835
      20
297.7714205519
      30
0
      40
3.30000000000001
    1001
FS_CYPCUT
    1000
Channel
    1070
1
    1000
LeadIn
    1002
{
    1070
3
    1040
0
    1040
1.5707963267949
    1040
1
    1040
1
    1070
0
    1040
0.5
    1070
0
    1002
}
    1000
LeadOut
    1002
{
    1070
0
    1040
0
    1040
0
    1040
0
    1070
0
    1002
}
    1000
IsFill
    1070
0
    1000
PathStart
    1040
0
    1000
ToolCompensation
    1002
{
    1070
0
    1040
0
    1070
0
    1002
}
       0
CIRCLE
       5
2322
     100
AcDbEntity
       8
1
     100
AcDbCircle
      10
-617.3195157107
      20
473.6859246109
      30
0
      40
3.29999999999961
    1001
FS_CYPCUT
    1000
Channel
    1070
1
    1000
LeadIn
    1002
{
    1070
3
    1040
0
    1040
1.5707963267949
    1040
1
    1040
1
    1070
0
    1040
0.5
    1070
0
    1002
}
    1000
LeadOut
    1002
{
    1070
0
    1040
0
    1040
0
    1040
0
    1070
0
    1002
}
    1000
IsFill
    1070
0
    1000
PathStart
    1040
0.999999999999998
    1000
ToolCompensation
    1002
{
    1070
0
    1040
0
    1070
0
    1002
}
       0
LWPOLYLINE
       5
2323
     100
AcDbEntity
       8
1
     100
AcDbPolyline
      90
4
      70
1
      10
-539.603239911626
      20
539.603239911626
      42
0.414213562373095
      10
-539.603239911626
      20
-539.603239911626
      42
0
      10
-560.816443347223
      20
-560.816443347223
      42
-0.414213562373095
      10
-560.816443347223
      20
560.816443347223
      42
0
    1001
FS_CYPCUT
    1000
Channel
    1070
1
    1000
LeadIn
    1002
{
    1070
3
    1040
2.5
    1040
1.5707963267949
    1040
1
    1040
1
    1070
0
    1040
0.5
    1070
0
    1002
}
    1000
LeadOut
    1002
{
    1070
0
    1040
0
    1040
0
    1040
0
    1070
0
    1002
}
    1000
IsFill
    1070
1
    1000
PathStart
    1040
2.5
    1000
ToolCompensation
    1002
{
    1070
0
    1040
0
    1070
0
    1002
}
    1000
MicroConnect
    1002
{
    1070
2
    1040
2.18367326
    1041
0.6
    1042
0
    1040
2.82431693
    1041
0.6
    1042
0
    1002
}
       0
ENDBLK
       5
2324
     330
2057
     100
AcDbEntity
       8
0
     100
AcDbBlockEnd
       0
BLOCK
       5
2325
     330
2058
     100
AcDbEntity
       8
0
     100
AcDbBlockBegin
       2
Part95616257
      70
0
      10
-20
      20
-20
      30
0
       3
Part95616257
       1

       4
CypCutBlock
       0
CIRCLE
       5
2326
     100
AcDbEntity
       8
1
     100
AcDbCircle
      10
0
      20
0
      30
0
      40
5.25
    1001
FS_CYPCUT
    1000
Channel
    1070
1
    1000
LeadIn
    1002
{
    1070
3
    1040
0
    1040
1.5707963267949
    1040
1
    1040
1
    1070
0
    1040
0.5
    1070
0
    1002
}
    1000
LeadOut
    1002
{
    1070
0
    1040
0
    1040
0
    1040
0
    1070
0
    1002
}
    1000
IsFill
    1070
0
    1000
PathStart
    1040
0
    1000
ToolCompensation
    1002
{
    1070
0
    1040
0
    1070
0
    1002
}
       0
LWPOLYLINE
       5
2327
     100
AcDbEntity
       8
1
     100
AcDbPolyline
      90
8
      70
1
      10
20
      20
14
      42
0
      10
20
      20
-14
      42
-0.414213562373095
      10
14
      20
-20
      42
0
      10
-14
      20
-20
      42
-0.414213562373095
      10
-20
      20
-14
      42
0
      10
-20
      20
14
      42
-0.414213562373095
      10
-14
      20
20
      42
0
      10
14
      20
20
      42
-0.414213562373095
    1001
FS_CYPCUT
    1000
Channel
    1070
1
    1000
LeadIn
    1002
{
    1070
3
    1040
0.5
    1040
1.5707963267949
    1040
1
    1040
1
    1070
0
    1040
0.5
    1070
0
    1002
}
    1000
LeadOut
    1002
{
    1070
0
    1040
0
    1040
0
    1040
0
    1070
0
    1002
}
    1000
IsFill
    1070
1
    1000
PathStart
    1040
0.5
    1000
ToolCompensation
    1002
{
    1070
0
    1040
0
    1070
0
    1002
}
    1000
MicroConnect
    1002
{
    1070
1
    1040
4.48533063
    1041
0.8
    1042
0
    1002
}
       0
ENDBLK
       5
2328
     330
2058
     100
AcDbEntity
       8
0
     100
AcDbBlockEnd
       0
BLOCK
       5
2329
     330
2059
     100
AcDbEntity
       8
0
     100
AcDbBlockBegin
       2
Part68845243
      70
0
      10
-793.11422
      20
-560.816443
      30
0
       3
Part68845243
       1

       4
CypCutBlock
       0
CIRCLE
       5
232A
     100
AcDbEntity
       8
1
     100
AcDbCircle
      10
-617.3195157107
      20
-473.6859246109
      30
0
      40
3.29999999999973
    1001
FS_CYPCUT
    1000
Channel
    1070
1
    1000
LeadIn
    1002
{
    1070
3
    1040
1.94289029309402E-15
    1040
1.5707963267949
    1040
1
    1040
1
    1070
0
    1040
0.5
    1070
0
    1002
}
    1000
LeadOut
    1002
{
    1070
0
    1040
0
    1040
0
    1040
0
    1070
0
    1002
}
    1000
IsFill
    1070
0
    1000
PathStart
    1040
1.94289029309402E-15
    1000
ToolCompensation
    1002
{
    1070
0
    1040
0
    1070
0
    1002
}
       0
CIRCLE
       5
232B
     100
AcDbEntity
       8
1
     100
AcDbCircle
      10
-718.8838019835
      20
-297.7714205519
      30
0
      40
3.2999999999999
    1001
FS_CYPCUT
    1000
Channel
    1070
1
    1000
LeadIn
    1002
{
    1070
3
    1040
0
    1040
1.5707963267949
    1040
1
    1040
1
    1070
0
    1040
0.5
    1070
0
    1002
}
    1000
LeadOut
    1002
{
    1070
0
    1040
0
    1040
0
    1040
0
    1070
0
    1002
}
    1000
IsFill
    1070
0
    1000
PathStart
    1040
0.999999999999998
    1000
ToolCompensation
    1002
{
    1070
0
    1040
0
    1070
0
    1002
}
       0
CIRCLE
       5
232C
     100
AcDbEntity
       8
1
     100
AcDbCircle
      10
-771.4573451628
      20
-101.5642862728
      30
0
      40
3.29999999999993
    1001
FS_CYPCUT
    1000
Channel
    1070
1
    1000
LeadIn
    1002
{
    1070
3
    1040
0
    1040
1.5707963267949
    1040
1
    1040
1
    1070
0
    1040
0.5
    1070
0
    1002
}
    1000
LeadOut
    1002
{
    1070
0
    1040
0
    1040
0
    1040
0
    1070
0
    1002
}
    1000
IsFill
    1070
0
    1000
PathStart
    1040
0.999999999999999
    1000
ToolCompensation
    1002
{
    1070
0
    1040
0
    1070
0
    1002
}
       0
CIRCLE
       5
232D
     100
AcDbEntity
       8
1
     100
AcDbCircle
      10
-771.4573451628
      20
101.5642862728
      30
0
      40
3.3000000000002
    1001
FS_CYPCUT
    1000
Channel
    1070
1
    1000
LeadIn
    1002
{
    1070
3
    1040
1.47104550762833E-15
    1040
1.5707963267949
    1040
1
    1040
1
    1070
0
    1040
0.5
    1070
0
    1002
}
    1000
LeadOut
    1002
{
    1070
0
    1040
0
    1040
0
    1040
0
    1070
0
    1002
}
    1000
IsFill
    1070
0
    1000
PathStart
    1040
1.47104550762833E-15
    1000
ToolCompensation
    1002
{
    1070
0
    1040
0
    1070
0
    1002
}
       0
CIRCLE
       5
232E
     100
AcDbEntity
       8
1
     100
AcDbCircle
      10
-718.8838019835
      20
297.7714205519
      30
0
      40
3.30000000000001
    1001
FS_CYPCUT
    1000
Channel
    1070
1
    1000
LeadIn
    1002
{
    1070
3
    1040
0
    1040
1.5707963267949
    1040
1
    1040
1
    1070
0
    1040
0.5
    1070
0
    1002
}
    1000
LeadOut
    1002
{
    1070
0
    1040
0
    1040
0
    1040
0
    1070
0
    1002
}
    1000
IsFill
    1070
0
    1000
PathStart
    1040
0
    1000
ToolCompensation
    1002
{
    1070
0
    1040
0
    1070
0
    1002
}
       0
CIRCLE
       5
232F
     100
AcDbEntity
       8
1
     100
AcDbCircle
      10
-617.3195157107
      20
473.6859246109
      30
0
      40
3.29999999999961
    1001
FS_CYPCUT
    1000
Channel
    1070
1
    1000
LeadIn
    1002
{
    1070
3
    1040
0
    1040
1.5707963267949
    1040
1
    1040
1
    1070
0
    1040
0.5
    1070
0
    1002
}
    1000
LeadOut
    1002
{
    1070
0
    1040
0
    1040
0
    1040
0
    1070
0
    1002
}
    1000
IsFill
    1070
0
    1000
PathStart
    1040
0.999999999999998
    1000
ToolCompensation
    1002
{
    1070
0
    1040
0
    1070
0
    1002
}
       0
LWPOLYLINE
       5
2330
     100
AcDbEntity
       8
1
     100
AcDbPolyline
      90
4
      70
1
      10
-539.603239911626
      20
539.603239911626
      42
0.414213562373095
      10
-539.603239911626
      20
-539.603239911626
      42
0
      10
-560.816443347223
      20
-560.816443347223
      42
-0.414213562373095
      10
-560.816443347223
      20
560.816443347223
      42
0
    1001
FS_CYPCUT
    1000
Channel
    1070
1
    1000
LeadIn
    1002
{
    1070
3
    1040
2.5
    1040
1.5707963267949
    1040
1
    1040
1
    1070
0
    1040
0.5
    1070
0
    1002
}
    1000
LeadOut
    1002
{
    1070
0
    1040
0
    1040
0
    1040
0
    1070
0
    1002
}
    1000
IsFill
    1070
1
    1000
PathStart
    1040
2.5
    1000
ToolCompensation
    1002
{
    1070
0
    1040
0
    1070
0
    1002
}
    1000
MicroConnect
    1002
{
    1070
2
    1040
2.18367326
    1041
0.6
    1042
0
    1040
2.82431693
    1041
0.6
    1042
0
    1002
}
       0
ENDBLK
       5
2331
     330
2059
     100
AcDbEntity
       8
0
     100
AcDbBlockEnd
       0
BLOCK
       5
2332
     330
205A
     100
AcDbEntity
       8
0
     100
AcDbBlockBegin
       2
Part12716984
      70
0
      10
-191
      20
-8.50430837E-14
      30
0
       3
Part12716984
       1

       4
CypCutBlock
       0
LWPOLYLINE
       5
2333
     100
AcDbEntity
       8
1
     100
AcDbPolyline
      90
6
      70
1
      10
-56
      20
88.0883117546
      42
0
      10
-56
      20
36
      42
-0.414213562373096
      10
-62
      20
30
      42
0
      10
-114.0883117546
      20
30
      42
-0.668178637919299
      10
-118.3309524417
      20
40.2426406871
      42
0
      10
-66.2426406871
      20
92.3309524417
      42
-0.668178637919297
    1001
FS_CYPCUT
    1000
Channel
    1070
1
    1000
LeadIn
    1002
{
    1070
3
    1040
4.5
    1040
1.5707963267949
    1040
1
    1040
1
    1070
0
    1040
0.5
    1070
0
    1002
}
    1000
LeadOut
    1002
{
    1070
0
    1040
0
    1040
0
    1040
0
    1070
0
    1002
}
    1000
IsFill
    1070
0
    1000
PathStart
    1040
4.5
    1000
ToolCompensation
    1002
{
    1070
0
    1040
0
    1070
0
    1002
}
       0
LWPOLYLINE
       5
2334
     100
AcDbEntity
       8
1
     100
AcDbPolyline
      90
4
      70
1
      10
-25.5
      20
120.25
      42
0
      10
-32.3
      20
120.25
      42
0
      10
-32.3
      20
89.75
      42
0
      10
-25.5
      20
89.75
      42
0
    1001
FS_CYPCUT
    1000
Channel
    1070
1
    1000
LeadIn
    1002
{
    1070
3
    1040
1.5
    1040
1.5707963267949
    1040
1
    1040
1
    1070
0
    1040
0.5
    1070
0
    1002
}
    1000
LeadOut
    1002
{
    1070
0
    1040
0
    1040
0
    1040
0
    1070
0
    1002
}
    1000
IsFill
    1070
0
    1000
PathStart
    1040
1.5
    1000
ToolCompensation
    1002
{
    1070
0
    1040
0
    1070
0
    1002
}
       0
CIRCLE
       5
2335
     100
AcDbEntity
       8
1
     100
AcDbCircle
      10
0
      20
90
      30
0
      40
5.5
    1001
FS_CYPCUT
    1000
Channel
    1070
1
    1000
LeadIn
    1002
{
    1070
3
    1040
1.11022302462516E-16
    1040
1.5707963267949
    1040
1
    1040
1
    1070
0
    1040
0.5
    1070
0
    1002
}
    1000
LeadOut
    1002
{
    1070
0
    1040
0
    1040
0
    1040
0
    1070
0
    1002
}
    1000
IsFill
    1070
0
    1000
PathStart
    1040
1.11022302462516E-16
    1000
ToolCompensation
    1002
{
    1070
0
    1040
0
    1070
0
    1002
}
       0
LWPOLYLINE
       5
2336
     100
AcDbEntity
       8
1
     100
AcDbPolyline
      90
4
      70
1
      10
32.3
      20
120.25
      42
0
      10
25.5
      20
120.25
      42
0
      10
25.5
      20
89.75
      42
0
      10
32.3
      20
89.75
      42
0
    1001
FS_CYPCUT
    1000
Channel
    1070
1
    1000
LeadIn
    1002
{
    1070
3
    1040
1.5
    1040
1.5707963267949
    1040
1
    1040
1
    1070
0
    1040
0.5
    1070
0
    1002
}
    1000
LeadOut
    1002
{
    1070
0
    1040
0
    1040
0
    1040
0
    1070
0
    1002
}
    1000
IsFill
    1070
0
    1000
PathStart
    1040
1.5
    1000
ToolCompensation
    1002
{
    1070
0
    1040
0
    1070
0
    1002
}
       0
LWPOLYLINE
       5
2337
     100
AcDbEntity
       8
1
     100
AcDbPolyline
      90
6
      70
1
      10
118.3309524417
      20
40.2426406871
      42
0
      10
66.2426406871
      20
92.3309524417
      42
0.668178637919299
      10
56
      20
88.0883117546
      42
0
      10
56
      20
36
      42
0.414213562373097
      10
62
      20
30
      42
0
      10
114.0883117546
      20
30
      42
0.668178637919298
    1001
FS_CYPCUT
    1000
Channel
    1070
1
    1000
LeadIn
    1002
{
    1070
3
    1040
0.5
    1040
1.5707963267949
    1040
1
    1040
1
    1070
0
    1040
0.5
    1070
0
    1002
}
    1000
LeadOut
    1002
{
    1070
0
    1040
0
    1040
0
    1040
0
    1070
0
    1002
}
    1000
IsFill
    1070
0
    1000
PathStart
    1040
0.5
    1000
ToolCompensation
    1002
{
    1070
0
    1040
0
    1070
0
    1002
}
       0
LWPOLYLINE
       5
2338
     100
AcDbEntity
       8
1
     100
AcDbPolyline
      90
44
      70
1
      10
191
      20
8.3431457505
      42
0.198912367379657
      10
189.8284271247
      20
11.1715728753
      42
0
      10
42.1715728753
      20
158.8284271247
      42
0.198912367379664
      10
39.3431457505
      20
160
      42
0
      10
-39.3431457505
      20
160
      42
0.19891236737967
      10
-42.1715728753
      20
158.8284271247
      42
0
      10
-189.8284271247
      20
11.1715728753
      42
0.198912367379657
      10
-191
      20
8.3431457505
      42
0
      10
-191
      20
4
      42
0.414213562373095
      10
-187
      20
-4.44089209850063E-15
      42
0
      10
-172.25
      20
-8.5043083686287E-14
      42
0.414213562373111
      10
-171.25
      20
1
      42
0
      10
-171.25
      20
2.2
      42
0
      10
-150.75
      20
2.2
      42
0
      10
-150.75
      20
1
      42
0.41421356237311
      10
-149.75
      20
-3.99680288865056E-15
      42
0
      10
-77.25
      20
0
      42
0.414213562373103
      10
-76.25
      20
1
      42
0
      10
-76.25
      20
2.2
      42
0
      10
-55.75
      20
2.2
      42
0
      10
-55.75
      20
1
      42
0.414213562373103
      10
-54.75
      20
0
      42
0
      10
-32
      20
0
      42
0.414213562373095
      10
-26
      20
6
      42
0
      10
-26
      20
39
      42
-0.414213562373093
      10
-20
      20
45
      42
0
      10
20
      20
45
      42
-0.414213562373095
      10
26
      20
39
      42
0
      10
26
      20
6
      42
0.414213562373095
      10
32
      20
0
      42
0
      10
54.75
      20
0
      42
0.414213562373091
      10
55.75
      20
1
      42
0
      10
55.75
      20
2.2
      42
0
      10
76.25
      20
2.2
      42
0
      10
76.25
      20
1
      42
0.414213562373103
      10
77.25
      20
0
      42
0
      10
149.75
      20
-3.99680288865056E-15
      42
0.4142135623731
      10
150.75
      20
1
      42
0
      10
150.75
      20
2.2
      42
0
      10
171.25
      20
2.2
      42
0
      10
171.25
      20
1
      42
0.414213562373065
      10
172.25
      20
-5.7065463465733E-14
      42
0
      10
187
      20
0
      42
0.414213562373095
      10
191
      20
4
      42
0
    1001
FS_CYPCUT
    1000
Channel
    1070
1
    1000
LeadIn
    1002
{
    1070
3
    1040
1.5
    1040
1.5707963267949
    1040
1
    1040
1
    1070
0
    1040
0.5
    1070
0
    1002
}
    1000
LeadOut
    1002
{
    1070
0
    1040
0
    1040
0
    1040
0
    1070
0
    1002
}
    1000
IsFill
    1070
1
    1000
PathStart
    1040
1.5
    1000
ToolCompensation
    1002
{
    1070
0
    1040
0
    1070
0
    1002
}
    1000
MicroConnect
    1002
{
    1070
2
    1040
3.54042906
    1041
0.8
    1042
0
    1040
18.4855381
    1041
0.8
    1042
0
    1002
}
       0
ENDBLK
       5
2339
     330
205A
     100
AcDbEntity
       8
0
     100
AcDbBlockEnd
       0
BLOCK
       5
233A
     330
205B
     100
AcDbEntity
       8
0
     100
AcDbBlockBegin
       2
Part1995248818
      70
0
      10
-20
      20
-20
      30
0
       3
Part1995248818
       1

       4
CypCutBlock
       0
CIRCLE
       5
233B
     100
AcDbEntity
       8
1
     100
AcDbCircle
      10
0
      20
0
      30
0
      40
5.25
    1001
FS_CYPCUT
    1000
Channel
    1070
1
    1000
LeadIn
    1002
{
    1070
3
    1040
0
    1040
1.5707963267949
    1040
1
    1040
1
    1070
0
    1040
0.5
    1070
0
    1002
}
    1000
LeadOut
    1002
{
    1070
0
    1040
0
    1040
0
    1040
0
    1070
0
    1002
}
    1000
IsFill
    1070
0
    1000
PathStart
    1040
0
    1000
ToolCompensation
    1002
{
    1070
0
    1040
0
    1070
0
    1002
}
       0
LWPOLYLINE
       5
233C
     100
AcDbEntity
       8
1
     100
AcDbPolyline
      90
8
      70
1
      10
20
      20
14
      42
0
      10
20
      20
-14
      42
-0.414213562373095
      10
14
      20
-20
      42
0
      10
-14
      20
-20
      42
-0.414213562373095
      10
-20
      20
-14
      42
0
      10
-20
      20
14
      42
-0.414213562373095
      10
-14
      20
20
      42
0
      10
14
      20
20
      42
-0.414213562373095
    1001
FS_CYPCUT
    1000
Channel
    1070
1
    1000
LeadIn
    1002
{
    1070
3
    1040
0.5
    1040
1.5707963267949
    1040
1
    1040
1
    1070
0
    1040
0.5
    1070
0
    1002
}
    1000
LeadOut
    1002
{
    1070
0
    1040
0
    1040
0
    1040
0
    1070
0
    1002
}
    1000
IsFill
    1070
1
    1000
PathStart
    1040
0.5
    1000
ToolCompensation
    1002
{
    1070
0
    1040
0
    1070
0
    1002
}
    1000
MicroConnect
    1002
{
    1070
1
    1040
4.48533063
    1041
0.8
    1042
0
    1002
}
       0
ENDBLK
       5
233D
     330
205B
     100
AcDbEntity
       8
0
     100
AcDbBlockEnd
       0
BLOCK
       5
233E
     330
205C
     100
AcDbEntity
       8
0
     100
AcDbBlockBegin
       2
Part64046900
      70
0
      10
-20
      20
-20
      30
0
       3
Part64046900
       1

       4
CypCutBlock
       0
CIRCLE
       5
233F
     100
AcDbEntity
       8
1
     100
AcDbCircle
      10
0
      20
0
      30
0
      40
5.25
    1001
FS_CYPCUT
    1000
Channel
    1070
1
    1000
LeadIn
    1002
{
    1070
3
    1040
0
    1040
1.5707963267949
    1040
1
    1040
1
    1070
0
    1040
0.5
    1070
0
    1002
}
    1000
LeadOut
    1002
{
    1070
0
    1040
0
    1040
0
    1040
0
    1070
0
    1002
}
    1000
IsFill
    1070
0
    1000
PathStart
    1040
0
    1000
ToolCompensation
    1002
{
    1070
0
    1040
0
    1070
0
    1002
}
       0
LWPOLYLINE
       5
2340
     100
AcDbEntity
       8
1
     100
AcDbPolyline
      90
8
      70
1
      10
20
      20
14
      42
0
      10
20
      20
-14
      42
-0.414213562373095
      10
14
      20
-20
      42
0
      10
-14
      20
-20
      42
-0.414213562373095
      10
-20
      20
-14
      42
0
      10
-20
      20
14
      42
-0.414213562373095
      10
-14
      20
20
      42
0
      10
14
      20
20
      42
-0.414213562373095
    1001
FS_CYPCUT
    1000
Channel
    1070
1
    1000
LeadIn
    1002
{
    1070
3
    1040
0.5
    1040
1.5707963267949
    1040
1
    1040
1
    1070
0
    1040
0.5
    1070
0
    1002
}
    1000
LeadOut
    1002
{
    1070
0
    1040
0
    1040
0
    1040
0
    1070
0
    1002
}
    1000
IsFill
    1070
1
    1000
PathStart
    1040
0.5
    1000
ToolCompensation
    1002
{
    1070
0
    1040
0
    1070
0
    1002
}
    1000
MicroConnect
    1002
{
    1070
1
    1040
4.48533063
    1041
0.8
    1042
0
    1002
}
       0
ENDBLK
       5
2341
     330
205C
     100
AcDbEntity
       8
0
     100
AcDbBlockEnd
       0
BLOCK
       5
2342
     330
205D
     100
AcDbEntity
       8
0
     100
AcDbBlockBegin
       2
Part310214191
      70
0
      10
-20
      20
-20
      30
0
       3
Part310214191
       1

       4
CypCutBlock
       0
CIRCLE
       5
2343
     100
AcDbEntity
       8
1
     100
AcDbCircle
      10
0
      20
0
      30
0
      40
5.25
    1001
FS_CYPCUT
    1000
Channel
    1070
1
    1000
LeadIn
    1002
{
    1070
3
    1040
0
    1040
1.5707963267949
    1040
1
    1040
1
    1070
0
    1040
0.5
    1070
0
    1002
}
    1000
LeadOut
    1002
{
    1070
0
    1040
0
    1040
0
    1040
0
    1070
0
    1002
}
    1000
IsFill
    1070
0
    1000
PathStart
    1040
0
    1000
ToolCompensation
    1002
{
    1070
0
    1040
0
    1070
0
    1002
}
       0
LWPOLYLINE
       5
2344
     100
AcDbEntity
       8
1
     100
AcDbPolyline
      90
8
      70
1
      10
20
      20
14
      42
0
      10
20
      20
-14
      42
-0.414213562373095
      10
14
      20
-20
      42
0
      10
-14
      20
-20
      42
-0.414213562373095
      10
-20
      20
-14
      42
0
      10
-20
      20
14
      42
-0.414213562373095
      10
-14
      20
20
      42
0
      10
14
      20
20
      42
-0.414213562373095
    1001
FS_CYPCUT
    1000
Channel
    1070
1
    1000
LeadIn
    1002
{
    1070
3
    1040
0.5
    1040
1.5707963267949
    1040
1
    1040
1
    1070
0
    1040
0.5
    1070
0
    1002
}
    1000
LeadOut
    1002
{
    1070
0
    1040
0
    1040
0
    1040
0
    1070
0
    1002
}
    1000
IsFill
    1070
1
    1000
PathStart
    1040
0.5
    1000
ToolCompensation
    1002
{
    1070
0
    1040
0
    1070
0
    1002
}
    1000
MicroConnect
    1002
{
    1070
1
    1040
4.48533063
    1041
0.8
    1042
0
    1002
}
       0
ENDBLK
       5
2345
     330
205D
     100
AcDbEntity
       8
0
     100
AcDbBlockEnd
       0
BLOCK
       5
2346
     330
205E
     100
AcDbEntity
       8
0
     100
AcDbBlockBegin
       2
Part1599346226
      70
0
      10
-20
      20
-20
      30
0
       3
Part1599346226
       1

       4
CypCutBlock
       0
CIRCLE
       5
2347
     100
AcDbEntity
       8
1
     100
AcDbCircle
      10
0
      20
0
      30
0
      40
5.25
    1001
FS_CYPCUT
    1000
Channel
    1070
1
    1000
LeadIn
    1002
{
    1070
3
    1040
0
    1040
1.5707963267949
    1040
1
    1040
1
    1070
0
    1040
0.5
    1070
0
    1002
}
    1000
LeadOut
    1002
{
    1070
0
    1040
0
    1040
0
    1040
0
    1070
0
    1002
}
    1000
IsFill
    1070
0
    1000
PathStart
    1040
0
    1000
ToolCompensation
    1002
{
    1070
0
    1040
0
    1070
0
    1002
}
       0
LWPOLYLINE
       5
2348
     100
AcDbEntity
       8
1
     100
AcDbPolyline
      90
8
      70
1
      10
20
      20
14
      42
0
      10
20
      20
-14
      42
-0.414213562373095
      10
14
      20
-20
      42
0
      10
-14
      20
-20
      42
-0.414213562373095
      10
-20
      20
-14
      42
0
      10
-20
      20
14
      42
-0.414213562373095
      10
-14
      20
20
      42
0
      10
14
      20
20
      42
-0.414213562373095
    1001
FS_CYPCUT
    1000
Channel
    1070
1
    1000
LeadIn
    1002
{
    1070
3
    1040
0.5
    1040
1.5707963267949
    1040
1
    1040
1
    1070
0
    1040
0.5
    1070
0
    1002
}
    1000
LeadOut
    1002
{
    1070
0
    1040
0
    1040
0
    1040
0
    1070
0
    1002
}
    1000
IsFill
    1070
1
    1000
PathStart
    1040
0.5
    1000
ToolCompensation
    1002
{
    1070
0
    1040
0
    1070
0
    1002
}
    1000
MicroConnect
    1002
{
    1070
1
    1040
4.48533063
    1041
0.8
    1042
0
    1002
}
       0
ENDBLK
       5
2349
     330
205E
     100
AcDbEntity
       8
0
     100
AcDbBlockEnd
       0
BLOCK
       5
234A
     330
205F
     100
AcDbEntity
       8
0
     100
AcDbBlockBegin
       2
Part873356034
      70
0
      10
-1.39888101E-14
      20
-5.70654635E-14
      30
0
       3
Part873356034
       1

       4
CypCutBlock
       0
LWPOLYLINE
       5
234B
     100
AcDbEntity
       8
1
     100
AcDbPolyline
      90
6
      70
1
      10
88.6809524417193
      20
40.2426406871193
      42
-0.668178637919299
      10
84.4383117546
      20
30
      42
0
      10
36
      20
30
      42
-0.414213562373094
      10
30
      20
36
      42
0
      10
30
      20
84.4383117546
      42
-0.668178637919298
      10
40.2426406871
      20
88.6809524417
      42
0
    1001
FS_CYPCUT
    1000
Channel
    1070
1
    1000
LeadIn
    1002
{
    1070
3
    1040
5.5
    1040
1.5707963267949
    1040
1
    1040
1
    1070
0
    1040
0.5
    1070
0
    1002
}
    1000
LeadOut
    1002
{
    1070
0
    1040
0
    1040
0
    1040
0
    1070
0
    1002
}
    1000
IsFill
    1070
0
    1000
PathStart
    1040
5.5
    1000
ToolCompensation
    1002
{
    1070
0
    1040
0
    1070
0
    1002
}
       0
LWPOLYLINE
       5
234C
     100
AcDbEntity
       8
1
     100
AcDbPolyline
      90
28
      70
1
      10
161.35
      20
8.3431457505
      42
0
      10
161.35
      20
4
      42
-0.414213562373088
      10
157.35
      20
0
      42
0
      10
142.6
      20
-5.7065463465733E-14
      42
-0.414213562373093
      10
141.6
      20
1
      42
0
      10
141.6
      20
2.2
      42
0
      10
121.1
      20
2.2
      42
0
      10
121.1
      20
1
      42
-0.414213562373102
      10
120.1
      20
7.99360577730113E-15
      42
0
      10
47.6
      20
0
      42
-0.414213562373088
      10
46.6
      20
1
      42
0
      10
46.6
      20
2.2
      42
0
      10
26.1
      20
2.2
      42
0
      10
26.1
      20
1
      42
-0.414213562373092
      10
25.1
      20
8.10462807976364E-14
      42
0
      10
4
      20
-4.44089209850063E-15
      42
-0.414213562373095
      10
-4.44089209850063E-15
      20
4
      42
0
      10
-1.3988810110277E-14
      20
88.75
      42
-0.414213562373087
      10
1
      20
89.75
      42
0
      10
2.2
      20
89.75
      42
0
      10
2.2
      20
120.25
      42
0
      10
1
      20
120.25
      42
-0.414213562373104
      10
0
      20
121.25
      42
0
      10
-4.44089209850063E-15
      20
156
      42
-0.414213562373091
      10
4
      20
160
      42
0
      10
9.6931457505
      20
160
      42
-0.198912367379661
      10
12.5215728752463
      20
158.828427124746
      42
0
      10
160.1784271247
      20
11.1715728753
      42
-0.198912367379671
    1001
FS_CYPCUT
    1000
Channel
    1070
1
    1000
LeadIn
    1002
{
    1070
3
    1040
26.5
    1040
1.5707963267949
    1040
1
    1040
1
    1070
0
    1040
0.5
    1070
0
    1002
}
    1000
LeadOut
    1002
{
    1070
0
    1040
0
    1040
0
    1040
0
    1070
0
    1002
}
    1000
IsFill
    1070
1
    1000
PathStart
    1040
26.5
    1000
ToolCompensation
    1002
{
    1070
0
    1040
0
    1070
0
    1002
}
    1000
MicroConnect
    1002
{
    1070
2
    1040
5.6354198
    1041
0.8
    1042
0
    1040
19.4054723
    1041
0.8
    1042
0
    1002
}
       0
ENDBLK
       5
234D
     330
205F
     100
AcDbEntity
       8
0
     100
AcDbBlockEnd
       0
BLOCK
       5
234E
     330
2060
     100
AcDbEntity
       8
0
     100
AcDbBlockBegin
       2
Part266435524
      70
0
      10
-75
      20
2.59250363
      30
0
       3
Part266435524
       1

       4
CypCutBlock
       0
LWPOLYLINE
       5
234F
     100
AcDbEntity
       8
1
     100
AcDbPolyline
      90
4
      70
1
      10
-45.5
      20
50
      42
1
      10
-54.5
      20
50
      42
0
      10
-54.5
      20
20
      42
1
      10
-45.5
      20
20
      42
0
    1001
FS_CYPCUT
    1000
Channel
    1070
1
    1000
LeadIn
    1002
{
    1070
3
    1040
1.5
    1040
1.5707963267949
    1040
1
    1040
1
    1070
0
    1040
0.5
    1070
0
    1002
}
    1000
LeadOut
    1002
{
    1070
0
    1040
0
    1040
0
    1040
0
    1070
0
    1002
}
    1000
IsFill
    1070
0
    1000
PathStart
    1040
1.5
    1000
ToolCompensation
    1002
{
    1070
0
    1040
0
    1070
0
    1002
}
       0
LWPOLYLINE
       5
2350
     100
AcDbEntity
       8
1
     100
AcDbPolyline
      90
4
      70
1
      10
15
      20
18
      42
0
      10
15
      20
12
      42
0
      10
-15
      20
12
      42
0
      10
-15
      20
18
      42
0
    1001
FS_CYPCUT
    1000
Channel
    1070
1
    1000
LeadIn
    1002
{
    1070
3
    1040
1.5
    1040
1.5707963267949
    1040
1
    1040
1
    1070
0
    1040
0.5
    1070
0
    1002
}
    1000
LeadOut
    1002
{
    1070
0
    1040
0
    1040
0
    1040
0
    1070
0
    1002
}
    1000
IsFill
    1070
0
    1000
PathStart
    1040
1.5
    1000
ToolCompensation
    1002
{
    1070
0
    1040
0
    1070
0
    1002
}
       0
LWPOLYLINE
       5
2351
     100
AcDbEntity
       8
1
     100
AcDbPolyline
      90
4
      70
1
      10
54.5
      20
50
      42
1
      10
45.5
      20
50
      42
0
      10
45.5
      20
20
      42
0.999999999999999
      10
54.5
      20
20
      42
0
    1001
FS_CYPCUT
    1000
Channel
    1070
1
    1000
LeadIn
    1002
{
    1070
3
    1040
1.5
    1040
1.5707963267949
    1040
1
    1040
1
    1070
0
    1040
0.5
    1070
0
    1002
}
    1000
LeadOut
    1002
{
    1070
0
    1040
0
    1040
0
    1040
0
    1070
0
    1002
}
    1000
IsFill
    1070
0
    1000
PathStart
    1040
1.5
    1000
ToolCompensation
    1002
{
    1070
0
    1040
0
    1070
0
    1002
}
       0
SPLINE
       5
2352
     100
AcDbEntity
       8
1
     100
AcDbSpline
      70
0
      71
3
      72
180
      73
176
      74
0
      40
0
      40
0
      40
0
      40
0
      40
0.0227272727272727
      40
0.0227272727272727
      40
0.0227272727272727
      40
0.0227272727272727
      40
0.0454545454545455
      40
0.0454545454545455
      40
0.0454545454545455
      40
0.0454545454545455
      40
0.0681818181818182
      40
0.0681818181818182
      40
0.0681818181818182
      40
0.0681818181818182
      40
0.0909090909090909
      40
0.0909090909090909
      40
0.0909090909090909
      40
0.0909090909090909
      40
0.113636363636364
      40
0.113636363636364
      40
0.113636363636364
      40
0.113636363636364
      40
0.136363636363636
      40
0.136363636363636
      40
0.136363636363636
      40
0.136363636363636
      40
0.159090909090909
      40
0.159090909090909
      40
0.159090909090909
      40
0.159090909090909
      40
0.181818181818182
      40
0.181818181818182
      40
0.181818181818182
      40
0.181818181818182
      40
0.204545454545455
      40
0.204545454545455
      40
0.204545454545455
      40
0.204545454545455
      40
0.227272727272727
      40
0.227272727272727
      40
0.227272727272727
      40
0.227272727272727
      40
0.25
      40
0.25
      40
0.25
      40
0.25
      40
0.272727272727273
      40
0.272727272727273
      40
0.272727272727273
      40
0.272727272727273
      40
0.295454545454545
      40
0.295454545454545
      40
0.295454545454545
      40
0.295454545454545
      40
0.318181818181818
      40
0.318181818181818
      40
0.318181818181818
      40
0.318181818181818
      40
0.340909090909091
      40
0.340909090909091
      40
0.340909090909091
      40
0.340909090909091
      40
0.363636363636364
      40
0.363636363636364
      40
0.363636363636364
      40
0.363636363636364
      40
0.386363636363636
      40
0.386363636363636
      40
0.386363636363636
      40
0.386363636363636
      40
0.409090909090909
      40
0.409090909090909
      40
0.409090909090909
      40
0.409090909090909
      40
0.431818181818182
      40
0.431818181818182
      40
0.431818181818182
      40
0.431818181818182
      40
0.454545454545455
      40
0.454545454545455
      40
0.454545454545455
      40
0.454545454545455
      40
0.477272727272727
      40
0.477272727272727
      40
0.477272727272727
      40
0.477272727272727
      40
0.5
      40
0.5
      40
0.5
      40
0.5
      40
0.522727272727273
      40
0.522727272727273
      40
0.522727272727273
      40
0.522727272727273
      40
0.545454545454545
      40
0.545454545454545
      40
0.545454545454545
      40
0.545454545454545
      40
0.568181818181818
      40
0.568181818181818
      40
0.568181818181818
      40
0.568181818181818
      40
0.590909090909091
      40
0.590909090909091
      40
0.590909090909091
      40
0.590909090909091
      40
0.613636363636364
      40
0.613636363636364
      40
0.613636363636364
      40
0.613636363636364
      40
0.636363636363636
      40
0.636363636363636
      40
0.636363636363636
      40
0.636363636363636
      40
0.659090909090909
      40
0.659090909090909
      40
0.659090909090909
      40
0.659090909090909
      40
0.681818181818182
      40
0.681818181818182
      40
0.681818181818182
      40
0.681818181818182
      40
0.704545454545455
      40
0.704545454545455
      40
0.704545454545455
      40
0.704545454545455
      40
0.727272727272727
      40
0.727272727272727
      40
0.727272727272727
      40
0.727272727272727
      40
0.75
      40
0.75
      40
0.75
      40
0.75
      40
0.772727272727273
      40
0.772727272727273
      40
0.772727272727273
      40
0.772727272727273
      40
0.795454545454545
      40
0.795454545454545
      40
0.795454545454545
      40
0.795454545454545
      40
0.818181818181818
      40
0.818181818181818
      40
0.818181818181818
      40
0.818181818181818
      40
0.840909090909091
      40
0.840909090909091
      40
0.840909090909091
      40
0.840909090909091
      40
0.863636363636364
      40
0.863636363636364
      40
0.863636363636364
      40
0.863636363636364
      40
0.886363636363636
      40
0.886363636363636
      40
0.886363636363636
      40
0.886363636363636
      40
0.909090909090909
      40
0.909090909090909
      40
0.909090909090909
      40
0.909090909090909
      40
0.931818181818182
      40
0.931818181818182
      40
0.931818181818182
      40
0.931818181818182
      40
0.954545454545455
      40
0.954545454545455
      40
0.954545454545455
      40
0.954545454545455
      40
0.977272727272727
      40
0.977272727272727
      40
0.977272727272727
      40
0.977272727272727
      40
1
      40
1
      40
1
      40
1
      10
75
      20
54.5
      30
0
      10
75
      20
40.5308342448333
      30
0
      10
75
      20
26.5616684896667
      30
0
      10
75
      20
12.5925027345
      30
0
      10
75
      20
12.5925027345
      30
0
      10
75
      20
11.4797898968217
      30
0
      10
74.8142805211299
      20
10.3748400658995
      30
0
      10
74.4505087780101
      20
9.32326982191119
      30
0
      10
74.4505087780101
      20
9.32326982191119
      30
0
      10
74.0867370348903
      20
8.27169957792289
      30
0
      10
73.5499888429583
      20
7.28818179356685
      30
0
      10
72.8624232326492
      20
6.41331986694398
      30
0
      10
72.8624232326492
      20
6.41331986694398
      30
0
      10
72.1748576223401
      20
5.53845794032112
      30
0
      10
71.3460684013233
      20
4.78445908036619
      30
0
      10
70.4102711773063
      20
4.18245126093525
      30
0
      10
70.4102711773063
      20
4.18245126093525
      30
0
      10
69.4744739532892
      20
3.58044344150431
      30
0
      10
68.4447261835534
      20
3.13882665693762
      30
0
      10
67.3635398178604
      20
2.87583254716792
      30
0
      10
67.3635398178604
      20
2.87583254716792
      30
0
      10
66.2823534521674
      20
2.61283843739821
      30
0
      10
65.1648146057792
      20
2.53213663754033
      30
0
      10
64.057059581867
      20
2.63705882838256
      30
0
      10
64.057059581867
      20
2.63705882838256
      30
0
      10
61.1997036250799
      20
2.90769632538169
      30
0
      10
58.3776561322079
      20
3.26091924341491
      30
0
      10
55.5865035452607
      20
3.66160984201066
      30
0
      10
55.5865035452607
      20
3.66160984201066
      30
0
      10
51.3997746648399
      20
4.26290249458554
      30
0
      10
47.2825593227499
      20
4.96989722936927
      30
0
      10
43.219961760777
      20
5.68299028439563
      30
0
      10
43.219961760777
      20
5.68299028439563
      30
0
      10
39.819866868908
      20
6.28685033630573
      30
0
      10
33.4931277416883
      20
7.39379803948781
      30
0
      10
33.1686346673074
      20
7.43833951777788
      30
0
      10
33.1686346673074
      20
7.43833951777788
      30
0
      10
28.5230704281619
      20
8.22397061015434
      30
0
      10
23.9349514047204
      20
8.93000504321254
      30
0
      10
19.3806236846341
      20
9.47147762076872
      30
0
      10
19.3806236846341
      20
9.47147762076872
      30
0
      10
9.29604087587162
      20
10.6913073797694
      30
0
      10
-0.622861103684892
      20
11.019993227111
      30
0
      10
-10.6328875393046
      20
10.3043489015876
      30
0
      10
-10.6328875393046
      20
10.3043489015876
      30
0
      10
-13.53902424642
      20
10.1022054863422
      30
0
      10
-16.4528415788644
      20
9.82037818578675
      30
0
      10
-19.3806236846341
      20
9.47147762076874
      30
0
      10
-19.3806236846341
      20
9.47147762076874
      30
0
      10
-24.5855696504471
      20
8.85305222382425
      30
0
      10
-29.8346511961525
      20
8.01807223520565
      30
0
      10
-35.1631767856646
      20
7.09764388586325
      30
0
      10
-35.1631767856646
      20
7.09764388586325
      30
0
      10
-36.5004573340301
      20
6.86395091237229
      30
0
      10
-37.8377378823956
      20
6.63025793888132
      30
0
      10
-39.1750184307611
      20
6.39656496539036
      30
0
      10
-39.1750184307611
      20
6.39656496539036
      30
0
      10
-40.5233328740997
      20
6.15870673839213
      30
0
      10
-41.8716473174384
      20
5.9208485113939
      30
0
      10
-43.219961760777
      20
5.68299028439567
      30
0
      10
-43.219961760777
      20
5.68299028439567
      30
0
      10
-47.2825593227499
      20
4.96989722936932
      30
0
      10
-51.3997746648399
      20
4.26290249458559
      30
0
      10
-55.5865035452607
      20
3.66160984201072
      30
0
      10
-55.5865035452607
      20
3.66160984201072
      30
0
      10
-58.3776561322079
      20
3.26091924341496
      30
0
      10
-61.1997036250799
      20
2.90769632538174
      30
0
      10
-64.057059581866
      20
2.63705882834416
      30
0
      10
-64.057059581866
      20
2.63705882834416
      30
0
      10
-65.1648146057792
      20
2.5321366375403
      30
0
      10
-66.2823534521674
      20
2.61283843739819
      30
0
      10
-67.3635398178604
      20
2.87583254716789
      30
0
      10
-67.3635398178604
      20
2.87583254716789
      30
0
      10
-68.4447261835534
      20
3.1388266569376
      30
0
      10
-69.4744739532892
      20
3.58044344150428
      30
0
      10
-70.4102711773063
      20
4.18245126093523
      30
0
      10
-70.4102711773063
      20
4.18245126093523
      30
0
      10
-71.3460684013233
      20
4.78445908036617
      30
0
      10
-72.1748576223401
      20
5.5384579403211
      30
0
      10
-72.8624232326492
      20
6.41331986694397
      30
0
      10
-72.8624232326492
      20
6.41331986694397
      30
0
      10
-73.5499888429583
      20
7.28818179356684
      30
0
      10
-74.0867370348903
      20
8.27169957792288
      30
0
      10
-74.4505087780101
      20
9.32326982191118
      30
0
      10
-74.4505087780101
      20
9.32326982191118
      30
0
      10
-74.8142805211299
      20
10.3748400658995
      30
0
      10
-75
      20
11.4797898968217
      30
0
      10
-75
      20
12.5925027345
      30
0
      10
-75
      20
12.5925027345
      30
0
      10
-75
      20
26.5616684896667
      30
0
      10
-75
      20
40.5308342448333
      30
0
      10
-75
      20
54.5
      30
0
      10
-75
      20
54.5
      30
0
      10
-75
      20
57.1920353345514
      30
0
      10
-74.4697277383556
      20
59.8578940170951
      30
0
      10
-73.4395304164814
      20
62.3450103634843
      30
0
      10
-73.4395304164814
      20
62.3450103634843
      30
0
      10
-72.4093330946071
      20
64.8321267098736
      30
0
      10
-70.8992454545793
      20
67.0921325740691
      30
0
      10
-68.9956890143242
      20
68.9956890143242
      30
0
      10
-68.9956890143242
      20
68.9956890143242
      30
0
      10
-67.0921325740691
      20
70.8992454545793
      30
0
      10
-64.8321267098736
      20
72.4093330946071
      30
0
      10
-62.3450103634843
      20
73.4395304164814
      30
0
      10
-62.3450103634843
      20
73.4395304164814
      30
0
      10
-59.8578940170951
      20
74.4697277383556
      30
0
      10
-57.1920353345514
      20
75
      30
0
      10
-54.5
      20
75
      30
0
      10
-54.5
      20
75
      30
0
      10
-52.3931639747667
      20
75
      30
0
      10
-50.2863279495333
      20
75
      30
0
      10
-48.1794919243
      20
75
      30
0
      10
-48.1794919243
      20
75
      30
0
      10
-47.3055831101366
      20
74.9999999999997
      30
0
      10
-46.4354325666969
      20
74.8854425076788
      30
0
      10
-45.5913014732749
      20
74.6592582628904
      30
0
      10
-45.5913014732749
      20
74.6592582628904
      30
0
      10
-44.7471703798528
      20
74.433074018102
      30
0
      10
-43.9363191579568
      20
74.0972084449258
      30
0
      10
-43.1794919243002
      20
73.6602540378441
      30
0
      10
-43.1794919243002
      20
73.6602540378441
      30
0
      10
-41.2623956929668
      20
72.5534180126294
      30
0
      10
-39.3452994616334
      20
71.4465819874147
      30
0
      10
-37.4282032303
      20
70.3397459622
      30
0
      10
-37.4282032303
      20
70.3397459622
      30
0
      10
-36.6713759966511
      20
69.9027915550983
      30
0
      10
-35.860524774757
      20
69.5669259819075
      30
0
      10
-35.0163936813336
      20
69.3407417371111
      30
0
      10
-35.0163936813336
      20
69.3407417371111
      30
0
      10
-34.1722625879102
      20
69.1145574923148
      30
0
      10
-33.3021120444667
      20
68.999999999993
      30
0
      10
-32.4282032303
      20
68.9999999999996
      30
0
      10
-32.4282032303
      20
68.9999999999996
      30
0
      10
-10.8094010767667
      20
68.9999999999997
      30
0
      10
10.8094010767667
      20
68.9999999999999
      30
0
      10
32.4282032303
      20
69
      30
0
      10
32.4282032303
      20
69
      30
0
      10
33.3021120444634
      20
69.0000000000002
      30
0
      10
34.1722625879031
      20
69.114557492321
      30
0
      10
35.0163936813252
      20
69.3407417371095
      30
0
      10
35.0163936813252
      20
69.3407417371095
      30
0
      10
35.8605247747472
      20
69.5669259818979
      30
0
      10
36.6713759966433
      20
69.9027915550741
      30
0
      10
37.4282032302999
      20
70.3397459621558
      30
0
      10
37.4282032302999
      20
70.3397459621558
      30
0
      10
39.3452994616333
      20
71.4465819873705
      30
0
      10
41.2623956929666
      20
72.5534180125853
      30
0
      10
43.1794919243
      20
73.6602540378
      30
0
      10
43.1794919243
      20
73.6602540378
      30
0
      10
43.9363191579565
      20
74.0972084449263
      30
0
      10
44.7471703798526
      20
74.4330740181024
      30
0
      10
45.5913014732747
      20
74.6592582628909
      30
0
      10
45.5913014732747
      20
74.6592582628909
      30
0
      10
46.4354325666968
      20
74.8854425076794
      30
0
      10
47.3055831101366
      20
75.0000000000002
      30
0
      10
48.1794919243
      20
75.0000000000002
      30
0
      10
48.1794919243
      20
75.0000000000002
      30
0
      10
50.2863279495333
      20
75.0000000000002
      30
0
      10
52.3931639747667
      20
75.0000000000001
      30
0
      10
54.5
      20
75
      30
0
      10
54.5
      20
75
      30
0
      10
57.1920353345514
      20
75
      30
0
      10
59.8578940170951
      20
74.4697277383556
      30
0
      10
62.3450103634844
      20
73.4395304164814
      30
0
      10
62.3450103634844
      20
73.4395304164814
      30
0
      10
64.8321267098736
      20
72.4093330946072
      30
0
      10
67.0921325740692
      20
70.8992454545793
      30
0
      10
68.9956890143243
      20
68.9956890143242
      30
0
      10
68.9956890143243
      20
68.9956890143242
      30
0
      10
70.8992454545794
      20
67.0921325740692
      30
0
      10
72.4093330946072
      20
64.8321267098736
      30
0
      10
73.4395304164814
      20
62.3450103634843
      30
0
      10
73.4395304164814
      20
62.3450103634843
      30
0
      10
74.4697277383557
      20
59.8578940170951
      30
0
      10
75.0000000000001
      20
57.1920353345514
      30
0
      10
75.0000000000001
      20
54.5
      30
0
    1001
FS_CYPCUT
    1000
Channel
    1070
1
    1000
LeadIn
    1002
{
    1070
3
    1040
33.5
    1040
1.5707963267949
    1040
1
    1040
1
    1070
0
    1040
0.5
    1070
0
    1002
}
    1000
LeadOut
    1002
{
    1070
0
    1040
0
    1040
0
    1040
0
    1070
0
    1002
}
    1000
IsFill
    1070
1
    1000
PathStart
    1040
33.5
    1000
ToolCompensation
    1002
{
    1070
0
    1040
0
    1070
0
    1002
}
    1000
MicroConnect
    1002
{
    1070
1
    1040
33.3844771
    1041
0.8
    1042
0
    1002
}
       0
ENDBLK
       5
2353
     330
2060
     100
AcDbEntity
       8
0
     100
AcDbBlockEnd
       0
BLOCK
       5
2354
     330
2061
     100
AcDbEntity
       8
0
     100
AcDbBlockBegin
       2
CommonPart1103774114
      70
0
      10
1029.3001
      20
2641.1855
      30
0
       3
CommonPart1103774114
       1

       4
CypCutBlock
       0
LWPOLYLINE
       5
2355
     100
AcDbEntity
       8
1
     100
AcDbPolyline
      90
6
      70
1
      10
1117.98105244172
      20
2841.42824068712
      42
-0.668178637919299
      10
1113.7384117546
      20
2831.1856
      42
0
      10
1065.3001
      20
2831.1856
      42
-0.414213562373094
      10
1059.3001
      20
2837.1856
      42
0
      10
1059.3001
      20
2885.6239117546
      42
-0.668178637919298
      10
1069.5427406871
      20
2889.8665524417
      42
0
    1001
FS_CYPCUT
    1000
Channel
    1070
1
    1000
LeadIn
    1002
{
    1070
3
    1040
5.5
    1040
1.5707963267949
    1040
1
    1040
1
    1070
0
    1040
0.5
    1070
0
    1002
}
    1000
LeadOut
    1002
{
    1070
0
    1040
0
    1040
0
    1040
0
    1070
0
    1002
}
    1000
IsFill
    1070
0
    1000
PathStart
    1040
5.5
    1000
ToolCompensation
    1002
{
    1070
0
    1040
0
    1070
0
    1002
}
       0
LWPOLYLINE
       5
2356
     100
AcDbEntity
       8
1
     100
AcDbPolyline
      90
6
      70
0
      10
1149.4001
      20
2801.1856
      42
0.414213562373102
      10
1150.4001
      20
2802.1856
      42
0
      10
1150.4001
      20
2803.3856
      42
0
      10
1170.9001
      20
2803.3856
      42
0
      10
1170.9001
      20
2802.1856
      42
0.414213562373093
      10
1171.9001
      20
2801.1856
      42
0
    1001
FS_CYPCUT
    1000
Channel
    1070
1
    1000
LeadIn
    1002
{
    1070
0
    1040
0.0636619772367572
    1040
1.5707963267949
    1040
1
    1040
1
    1070
0
    1040
0.5
    1070
0
    1002
}
    1000
LeadOut
    1002
{
    1070
0
    1040
-0.1
    1040
0.523598775598299
    1040
3
    1070
0
    1002
}
    1000
IsFill
    1070
1
    1000
PathStart
    1040
0
    1000
ToolCompensation
    1002
{
    1070
0
    1040
0
    1070
0
    1002
}
    1000
MicroConnect
    1002
{
    1070
1
    1040
0
    1041
0.1
    1042
0
    1002
}
       0
LWPOLYLINE
       5
2357
     100
AcDbEntity
       8
1
     100
AcDbPolyline
      90
6
      70
0
      10
1076.9001
      20
2801.1856
      42
-0.414213562373088
      10
1075.9001
      20
2802.1856
      42
0
      10
1075.9001
      20
2803.3856
      42
0
      10
1055.4001
      20
2803.3856
      42
0
      10
1055.4001
      20
2802.1856
      42
-0.414213562373092
      10
1054.4001
      20
2801.1856
      42
0
    1001
FS_CYPCUT
    1000
Channel
    1070
1
    1000
LeadIn
    1002
{
    1070
0
    1040
0.0636619772367591
    1040
1.5707963267949
    1040
1
    1040
1
    1070
0
    1040
0.5
    1070
0
    1002
}
    1000
LeadOut
    1002
{
    1070
0
    1040
-0.1
    1040
0.523598775598299
    1040
3
    1070
0
    1002
}
    1000
IsFill
    1070
1
    1000
PathStart
    1040
0
    1000
ToolCompensation
    1002
{
    1070
0
    1040
0
    1070
0
    1002
}
    1000
MicroConnect
    1002
{
    1070
1
    1040
0
    1041
0.1
    1042
0
    1002
}
       0
LWPOLYLINE
       5
2358
     100
AcDbEntity
       8
1
     100
AcDbPolyline
      90
17
      70
0
      10
1039.6501
      20
2801.1856
      42
0
      10
1033.3001
      20
2801.1856
      42
-0.414213562373095
      10
1029.3001
      20
2805.1856
      42
0
      10
1029.3001
      20
2889.9356
      42
-0.414213562373087
      10
1030.3001
      20
2890.9356
      42
0
      10
1031.5001
      20
2890.9356
      42
0
      10
1031.5001
      20
2921.4356
      42
0
      10
1030.3001
      20
2921.4356
      42
-0.414213562373104
      10
1029.3001
      20
2922.4356
      42
0
      10
1029.3001
      20
2957.1856
      42
-0.414213562373091
      10
1033.3001
      20
2961.1856
      42
0
      10
1038.9932457505
      20
2961.1856
      42
-0.198912367379661
      10
1041.82167287525
      20
2960.01402712475
      42
0
      10
1189.4785271247
      20
2812.3571728753
      42
-0.198912367379671
      10
1190.6501
      20
2809.5287457505
      42
0
      10
1190.6501
      20
2805.1856
      42
-0.414213562373088
      10
1186.6501
      20
2801.1856
      42
0
    1001
FS_CYPCUT
    1000
Channel
    1070
1
    1000
LeadIn
    1002
{
    1070
0
    1040
0.0157480314960627
    1040
1.5707963267949
    1040
1
    1040
1
    1070
0
    1040
0.5
    1070
0
    1002
}
    1000
LeadOut
    1002
{
    1070
0
    1040
0
    1040
0
    1040
0
    1070
0
    1002
}
    1000
IsFill
    1070
1
    1000
PathStart
    1040
0
    1000
ToolCompensation
    1002
{
    1070
0
    1040
0
    1070
0
    1002
}
    1000
MicroConnect
    1002
{
    1070
1
    1040
0
    1041
0.1
    1042
0
    1002
}
       0
LWPOLYLINE
       5
2359
     100
AcDbEntity
       8
1
     100
AcDbPolyline
      90
6
      70
1
      10
1108.31914755828
      20
2760.94285931288
      42
-0.668178637919299
      10
1112.5617882454
      20
2771.1855
      42
0
      10
1161.0001
      20
2771.1855
      42
-0.414213562373094
      10
1167.0001
      20
2765.1855
      42
0
      10
1167.0001
      20
2716.7471882454
      42
-0.668178637919298
      10
1156.7574593129
      20
2712.5045475583
      42
0
    1001
FS_CYPCUT
    1000
Channel
    1070
1
    1000
LeadIn
    1002
{
    1070
3
    1040
5.5
    1040
1.5707963267949
    1040
1
    1040
1
    1070
0
    1040
0.5
    1070
0
    1002
}
    1000
LeadOut
    1002
{
    1070
0
    1040
0
    1040
0
    1040
0
    1070
0
    1002
}
    1000
IsFill
    1070
0
    1000
PathStart
    1040
5.5
    1000
ToolCompensation
    1002
{
    1070
0
    1040
0
    1070
0
    1002
}
       0
LWPOLYLINE
       5
235A
     100
AcDbEntity
       8
1
     100
AcDbPolyline
      90
29
      70
1
      10
1186.6501
      20
2801.1855
      42
0
      10
1171.9001
      20
2801.1855
      42
0.414213562373092
      10
1170.9001
      20
2800.1855
      42
0
      10
1170.9001
      20
2798.9855
      42
0
      10
1150.4001
      20
2798.9855
      42
0
      10
1150.4001
      20
2800.1855
      42
0.414213562373088
      10
1149.4001
      20
2801.1855
      42
0
      10
1076.9001
      20
2801.1855
      42
0.414213562373102
      10
1075.9001
      20
2800.1855
      42
0
      10
1075.9001
      20
2798.9855
      42
0
      10
1055.4001
      20
2798.9855
      42
0
      10
1055.4001
      20
2800.1855
      42
0.414213562373093
      10
1054.4001
      20
2801.1855
      42
0
      10
1039.6501
      20
2801.1855
      42
0.414213562373088
      10
1035.6501
      20
2797.1855
      42
0
      10
1035.6501
      20
2792.8423542495
      42
0.198912367379671
      10
1036.8216728753
      20
2790.0139271247
      42
0
      10
1184.47852712475
      20
2642.35707287525
      42
0.198912367379661
      10
1187.3069542495
      20
2641.1855
      42
0
      10
1193.0001
      20
2641.1855
      42
0.414213562373091
      10
1197.0001
      20
2645.1855
      42
0
      10
1197.0001
      20
2679.9355
      42
0.414213562373104
      10
1196.0001
      20
2680.9355
      42
0
      10
1194.8001
      20
2680.9355
      42
0
      10
1194.8001
      20
2711.4355
      42
0
      10
1196.0001
      20
2711.4355
      42
0.414213562373087
      10
1197.0001
      20
2712.4355
      42
0
      10
1197.0001
      20
2797.1855
      42
0.414213562373095
      10
1193.0001
      20
2801.1855
      42
0
    1001
FS_CYPCUT
    1000
Channel
    1070
1
    1000
LeadIn
    1002
{
    1070
0
    1040
0
    1040
0
    1040
0
    1040
0
    1070
0
    1040
0
    1070
0
    1002
}
    1000
LeadOut
    1002
{
    1070
0
    1040
0
    1040
0
    1040
0
    1070
0
    1002
}
    1000
IsFill
    1070
1
    1000
PathStart
    1040
0
    1000
ToolCompensation
    1002
{
    1070
0
    1040
0
    1070
0
    1002
}
       0
ENDBLK
       5
235B
     330
2061
     100
AcDbEntity
       8
0
     100
AcDbBlockEnd
       0
BLOCK
       5
235C
     330
2062
     100
AcDbEntity
       8
0
     100
AcDbBlockBegin
       2
Part1771930917
      70
0
      10
-191
      20
-8.50430837E-14
      30
0
       3
Part1771930917
       1

       4
CypCutBlock
       0
LWPOLYLINE
       5
235D
     100
AcDbEntity
       8
1
     100
AcDbPolyline
      90
6
      70
1
      10
-56
      20
88.0883117546
      42
0
      10
-56
      20
36
      42
-0.414213562373096
      10
-62
      20
30
      42
0
      10
-114.0883117546
      20
30
      42
-0.668178637919299
      10
-118.3309524417
      20
40.2426406871
      42
0
      10
-66.2426406871
      20
92.3309524417
      42
-0.668178637919297
    1001
FS_CYPCUT
    1000
Channel
    1070
1
    1000
LeadIn
    1002
{
    1070
3
    1040
4.5
    1040
1.5707963267949
    1040
1
    1040
1
    1070
0
    1040
0.5
    1070
0
    1002
}
    1000
LeadOut
    1002
{
    1070
0
    1040
0
    1040
0
    1040
0
    1070
0
    1002
}
    1000
IsFill
    1070
0
    1000
PathStart
    1040
4.5
    1000
ToolCompensation
    1002
{
    1070
0
    1040
0
    1070
0
    1002
}
       0
LWPOLYLINE
       5
235E
     100
AcDbEntity
       8
1
     100
AcDbPolyline
      90
4
      70
1
      10
-25.5
      20
120.25
      42
0
      10
-32.3
      20
120.25
      42
0
      10
-32.3
      20
89.75
      42
0
      10
-25.5
      20
89.75
      42
0
    1001
FS_CYPCUT
    1000
Channel
    1070
1
    1000
LeadIn
    1002
{
    1070
3
    1040
1.5
    1040
1.5707963267949
    1040
1
    1040
1
    1070
0
    1040
0.5
    1070
0
    1002
}
    1000
LeadOut
    1002
{
    1070
0
    1040
0
    1040
0
    1040
0
    1070
0
    1002
}
    1000
IsFill
    1070
0
    1000
PathStart
    1040
1.5
    1000
ToolCompensation
    1002
{
    1070
0
    1040
0
    1070
0
    1002
}
       0
CIRCLE
       5
235F
     100
AcDbEntity
       8
1
     100
AcDbCircle
      10
0
      20
90
      30
0
      40
5.5
    1001
FS_CYPCUT
    1000
Channel
    1070
1
    1000
LeadIn
    1002
{
    1070
3
    1040
1.11022302462516E-16
    1040
1.5707963267949
    1040
1
    1040
1
    1070
0
    1040
0.5
    1070
0
    1002
}
    1000
LeadOut
    1002
{
    1070
0
    1040
0
    1040
0
    1040
0
    1070
0
    1002
}
    1000
IsFill
    1070
0
    1000
PathStart
    1040
1.11022302462516E-16
    1000
ToolCompensation
    1002
{
    1070
0
    1040
0
    1070
0
    1002
}
       0
LWPOLYLINE
       5
2360
     100
AcDbEntity
       8
1
     100
AcDbPolyline
      90
4
      70
1
      10
32.3
      20
120.25
      42
0
      10
25.5
      20
120.25
      42
0
      10
25.5
      20
89.75
      42
0
      10
32.3
      20
89.75
      42
0
    1001
FS_CYPCUT
    1000
Channel
    1070
1
    1000
LeadIn
    1002
{
    1070
3
    1040
1.5
    1040
1.5707963267949
    1040
1
    1040
1
    1070
0
    1040
0.5
    1070
0
    1002
}
    1000
LeadOut
    1002
{
    1070
0
    1040
0
    1040
0
    1040
0
    1070
0
    1002
}
    1000
IsFill
    1070
0
    1000
PathStart
    1040
1.5
    1000
ToolCompensation
    1002
{
    1070
0
    1040
0
    1070
0
    1002
}
       0
LWPOLYLINE
       5
2361
     100
AcDbEntity
       8
1
     100
AcDbPolyline
      90
6
      70
1
      10
118.3309524417
      20
40.2426406871
      42
0
      10
66.2426406871
      20
92.3309524417
      42
0.668178637919299
      10
56
      20
88.0883117546
      42
0
      10
56
      20
36
      42
0.414213562373097
      10
62
      20
30
      42
0
      10
114.0883117546
      20
30
      42
0.668178637919298
    1001
FS_CYPCUT
    1000
Channel
    1070
1
    1000
LeadIn
    1002
{
    1070
3
    1040
0.5
    1040
1.5707963267949
    1040
1
    1040
1
    1070
0
    1040
0.5
    1070
0
    1002
}
    1000
LeadOut
    1002
{
    1070
0
    1040
0
    1040
0
    1040
0
    1070
0
    1002
}
    1000
IsFill
    1070
0
    1000
PathStart
    1040
0.5
    1000
ToolCompensation
    1002
{
    1070
0
    1040
0
    1070
0
    1002
}
       0
LWPOLYLINE
       5
2362
     100
AcDbEntity
       8
1
     100
AcDbPolyline
      90
44
      70
1
      10
191
      20
8.3431457505
      42
0.198912367379657
      10
189.8284271247
      20
11.1715728753
      42
0
      10
42.1715728753
      20
158.8284271247
      42
0.198912367379664
      10
39.3431457505
      20
160
      42
0
      10
-39.3431457505
      20
160
      42
0.19891236737967
      10
-42.1715728753
      20
158.8284271247
      42
0
      10
-189.8284271247
      20
11.1715728753
      42
0.198912367379657
      10
-191
      20
8.3431457505
      42
0
      10
-191
      20
4
      42
0.414213562373095
      10
-187
      20
-4.44089209850063E-15
      42
0
      10
-172.25
      20
-8.5043083686287E-14
      42
0.414213562373111
      10
-171.25
      20
1
      42
0
      10
-171.25
      20
2.2
      42
0
      10
-150.75
      20
2.2
      42
0
      10
-150.75
      20
1
      42
0.41421356237311
      10
-149.75
      20
-3.99680288865056E-15
      42
0
      10
-77.25
      20
0
      42
0.414213562373103
      10
-76.25
      20
1
      42
0
      10
-76.25
      20
2.2
      42
0
      10
-55.75
      20
2.2
      42
0
      10
-55.75
      20
1
      42
0.414213562373103
      10
-54.75
      20
0
      42
0
      10
-32
      20
0
      42
0.414213562373095
      10
-26
      20
6
      42
0
      10
-26
      20
39
      42
-0.414213562373093
      10
-20
      20
45
      42
0
      10
20
      20
45
      42
-0.414213562373095
      10
26
      20
39
      42
0
      10
26
      20
6
      42
0.414213562373095
      10
32
      20
0
      42
0
      10
54.75
      20
0
      42
0.414213562373091
      10
55.75
      20
1
      42
0
      10
55.75
      20
2.2
      42
0
      10
76.25
      20
2.2
      42
0
      10
76.25
      20
1
      42
0.414213562373103
      10
77.25
      20
0
      42
0
      10
149.75
      20
-3.99680288865056E-15
      42
0.4142135623731
      10
150.75
      20
1
      42
0
      10
150.75
      20
2.2
      42
0
      10
171.25
      20
2.2
      42
0
      10
171.25
      20
1
      42
0.414213562373065
      10
172.25
      20
-5.7065463465733E-14
      42
0
      10
187
      20
0
      42
0.414213562373095
      10
191
      20
4
      42
0
    1001
FS_CYPCUT
    1000
Channel
    1070
1
    1000
LeadIn
    1002
{
    1070
3
    1040
1.5
    1040
1.5707963267949
    1040
1
    1040
1
    1070
0
    1040
0.5
    1070
0
    1002
}
    1000
LeadOut
    1002
{
    1070
0
    1040
0
    1040
0
    1040
0
    1070
0
    1002
}
    1000
IsFill
    1070
1
    1000
PathStart
    1040
1.5
    1000
ToolCompensation
    1002
{
    1070
0
    1040
0
    1070
0
    1002
}
    1000
MicroConnect
    1002
{
    1070
2
    1040
3.54042906
    1041
0.8
    1042
0
    1040
18.4855381
    1041
0.8
    1042
0
    1002
}
       0
ENDBLK
       5
2363
     330
2062
     100
AcDbEntity
       8
0
     100
AcDbBlockEnd
       0
BLOCK
       5
2364
     330
2063
     100
AcDbEntity
       8
0
     100
AcDbBlockBegin
       2
Part1899115192
      70
0
      10
-191
      20
-8.50430837E-14
      30
0
       3
Part1899115192
       1

       4
CypCutBlock
       0
LWPOLYLINE
       5
2365
     100
AcDbEntity
       8
1
     100
AcDbPolyline
      90
6
      70
1
      10
-56
      20
88.0883117546
      42
0
      10
-56
      20
36
      42
-0.414213562373096
      10
-62
      20
30
      42
0
      10
-114.0883117546
      20
30
      42
-0.668178637919299
      10
-118.3309524417
      20
40.2426406871
      42
0
      10
-66.2426406871
      20
92.3309524417
      42
-0.668178637919297
    1001
FS_CYPCUT
    1000
Channel
    1070
1
    1000
LeadIn
    1002
{
    1070
3
    1040
4.5
    1040
1.5707963267949
    1040
1
    1040
1
    1070
0
    1040
0.5
    1070
0
    1002
}
    1000
LeadOut
    1002
{
    1070
0
    1040
0
    1040
0
    1040
0
    1070
0
    1002
}
    1000
IsFill
    1070
0
    1000
PathStart
    1040
4.5
    1000
ToolCompensation
    1002
{
    1070
0
    1040
0
    1070
0
    1002
}
       0
LWPOLYLINE
       5
2366
     100
AcDbEntity
       8
1
     100
AcDbPolyline
      90
4
      70
1
      10
-25.5
      20
120.25
      42
0
      10
-32.3
      20
120.25
      42
0
      10
-32.3
      20
89.75
      42
0
      10
-25.5
      20
89.75
      42
0
    1001
FS_CYPCUT
    1000
Channel
    1070
1
    1000
LeadIn
    1002
{
    1070
3
    1040
1.5
    1040
1.5707963267949
    1040
1
    1040
1
    1070
0
    1040
0.5
    1070
0
    1002
}
    1000
LeadOut
    1002
{
    1070
0
    1040
0
    1040
0
    1040
0
    1070
0
    1002
}
    1000
IsFill
    1070
0
    1000
PathStart
    1040
1.5
    1000
ToolCompensation
    1002
{
    1070
0
    1040
0
    1070
0
    1002
}
       0
CIRCLE
       5
2367
     100
AcDbEntity
       8
1
     100
AcDbCircle
      10
0
      20
90
      30
0
      40
5.5
    1001
FS_CYPCUT
    1000
Channel
    1070
1
    1000
LeadIn
    1002
{
    1070
3
    1040
1.11022302462516E-16
    1040
1.5707963267949
    1040
1
    1040
1
    1070
0
    1040
0.5
    1070
0
    1002
}
    1000
LeadOut
    1002
{
    1070
0
    1040
0
    1040
0
    1040
0
    1070
0
    1002
}
    1000
IsFill
    1070
0
    1000
PathStart
    1040
1.11022302462516E-16
    1000
ToolCompensation
    1002
{
    1070
0
    1040
0
    1070
0
    1002
}
       0
LWPOLYLINE
       5
2368
     100
AcDbEntity
       8
1
     100
AcDbPolyline
      90
4
      70
1
      10
32.3
      20
120.25
      42
0
      10
25.5
      20
120.25
      42
0
      10
25.5
      20
89.75
      42
0
      10
32.3
      20
89.75
      42
0
    1001
FS_CYPCUT
    1000
Channel
    1070
1
    1000
LeadIn
    1002
{
    1070
3
    1040
1.5
    1040
1.5707963267949
    1040
1
    1040
1
    1070
0
    1040
0.5
    1070
0
    1002
}
    1000
LeadOut
    1002
{
    1070
0
    1040
0
    1040
0
    1040
0
    1070
0
    1002
}
    1000
IsFill
    1070
0
    1000
PathStart
    1040
1.5
    1000
ToolCompensation
    1002
{
    1070
0
    1040
0
    1070
0
    1002
}
       0
LWPOLYLINE
       5
2369
     100
AcDbEntity
       8
1
     100
AcDbPolyline
      90
6
      70
1
      10
118.3309524417
      20
40.2426406871
      42
0
      10
66.2426406871
      20
92.3309524417
      42
0.668178637919299
      10
56
      20
88.0883117546
      42
0
      10
56
      20
36
      42
0.414213562373097
      10
62
      20
30
      42
0
      10
114.0883117546
      20
30
      42
0.668178637919298
    1001
FS_CYPCUT
    1000
Channel
    1070
1
    1000
LeadIn
    1002
{
    1070
3
    1040
0.5
    1040
1.5707963267949
    1040
1
    1040
1
    1070
0
    1040
0.5
    1070
0
    1002
}
    1000
LeadOut
    1002
{
    1070
0
    1040
0
    1040
0
    1040
0
    1070
0
    1002
}
    1000
IsFill
    1070
0
    1000
PathStart
    1040
0.5
    1000
ToolCompensation
    1002
{
    1070
0
    1040
0
    1070
0
    1002
}
       0
LWPOLYLINE
       5
236A
     100
AcDbEntity
       8
1
     100
AcDbPolyline
      90
44
      70
1
      10
191
      20
8.3431457505
      42
0.198912367379657
      10
189.8284271247
      20
11.1715728753
      42
0
      10
42.1715728753
      20
158.8284271247
      42
0.198912367379664
      10
39.3431457505
      20
160
      42
0
      10
-39.3431457505
      20
160
      42
0.19891236737967
      10
-42.1715728753
      20
158.8284271247
      42
0
      10
-189.8284271247
      20
11.1715728753
      42
0.198912367379657
      10
-191
      20
8.3431457505
      42
0
      10
-191
      20
4
      42
0.414213562373095
      10
-187
      20
-4.44089209850063E-15
      42
0
      10
-172.25
      20
-8.5043083686287E-14
      42
0.414213562373111
      10
-171.25
      20
1
      42
0
      10
-171.25
      20
2.2
      42
0
      10
-150.75
      20
2.2
      42
0
      10
-150.75
      20
1
      42
0.41421356237311
      10
-149.75
      20
-3.99680288865056E-15
      42
0
      10
-77.25
      20
0
      42
0.414213562373103
      10
-76.25
      20
1
      42
0
      10
-76.25
      20
2.2
      42
0
      10
-55.75
      20
2.2
      42
0
      10
-55.75
      20
1
      42
0.414213562373103
      10
-54.75
      20
0
      42
0
      10
-32
      20
0
      42
0.414213562373095
      10
-26
      20
6
      42
0
      10
-26
      20
39
      42
-0.414213562373093
      10
-20
      20
45
      42
0
      10
20
      20
45
      42
-0.414213562373095
      10
26
      20
39
      42
0
      10
26
      20
6
      42
0.414213562373095
      10
32
      20
0
      42
0
      10
54.75
      20
0
      42
0.414213562373091
      10
55.75
      20
1
      42
0
      10
55.75
      20
2.2
      42
0
      10
76.25
      20
2.2
      42
0
      10
76.25
      20
1
      42
0.414213562373103
      10
77.25
      20
0
      42
0
      10
149.75
      20
-3.99680288865056E-15
      42
0.4142135623731
      10
150.75
      20
1
      42
0
      10
150.75
      20
2.2
      42
0
      10
171.25
      20
2.2
      42
0
      10
171.25
      20
1
      42
0.414213562373065
      10
172.25
      20
-5.7065463465733E-14
      42
0
      10
187
      20
0
      42
0.414213562373095
      10
191
      20
4
      42
0
    1001
FS_CYPCUT
    1000
Channel
    1070
1
    1000
LeadIn
    1002
{
    1070
3
    1040
1.5
    1040
1.5707963267949
    1040
1
    1040
1
    1070
0
    1040
0.5
    1070
0
    1002
}
    1000
LeadOut
    1002
{
    1070
0
    1040
0
    1040
0
    1040
0
    1070
0
    1002
}
    1000
IsFill
    1070
1
    1000
PathStart
    1040
1.5
    1000
ToolCompensation
    1002
{
    1070
0
    1040
0
    1070
0
    1002
}
    1000
MicroConnect
    1002
{
    1070
2
    1040
3.54042906
    1041
0.8
    1042
0
    1040
18.4855381
    1041
0.8
    1042
0
    1002
}
       0
ENDBLK
       5
236B
     330
2063
     100
AcDbEntity
       8
0
     100
AcDbBlockEnd
       0
BLOCK
       5
236C
     330
2064
     100
AcDbEntity
       8
0
     100
AcDbBlockBegin
       2
Part1385609990
      70
0
      10
-191
      20
-8.50430837E-14
      30
0
       3
Part1385609990
       1

       4
CypCutBlock
       0
LWPOLYLINE
       5
236D
     100
AcDbEntity
       8
1
     100
AcDbPolyline
      90
6
      70
1
      10
-56
      20
88.0883117546
      42
0
      10
-56
      20
36
      42
-0.414213562373096
      10
-62
      20
30
      42
0
      10
-114.0883117546
      20
30
      42
-0.668178637919299
      10
-118.3309524417
      20
40.2426406871
      42
0
      10
-66.2426406871
      20
92.3309524417
      42
-0.668178637919297
    1001
FS_CYPCUT
    1000
Channel
    1070
1
    1000
LeadIn
    1002
{
    1070
3
    1040
4.5
    1040
1.5707963267949
    1040
1
    1040
1
    1070
0
    1040
0.5
    1070
0
    1002
}
    1000
LeadOut
    1002
{
    1070
0
    1040
0
    1040
0
    1040
0
    1070
0
    1002
}
    1000
IsFill
    1070
0
    1000
PathStart
    1040
4.5
    1000
ToolCompensation
    1002
{
    1070
0
    1040
0
    1070
0
    1002
}
       0
LWPOLYLINE
       5
236E
     100
AcDbEntity
       8
1
     100
AcDbPolyline
      90
4
      70
1
      10
-25.5
      20
120.25
      42
0
      10
-32.3
      20
120.25
      42
0
      10
-32.3
      20
89.75
      42
0
      10
-25.5
      20
89.75
      42
0
    1001
FS_CYPCUT
    1000
Channel
    1070
1
    1000
LeadIn
    1002
{
    1070
3
    1040
1.5
    1040
1.5707963267949
    1040
1
    1040
1
    1070
0
    1040
0.5
    1070
0
    1002
}
    1000
LeadOut
    1002
{
    1070
0
    1040
0
    1040
0
    1040
0
    1070
0
    1002
}
    1000
IsFill
    1070
0
    1000
PathStart
    1040
1.5
    1000
ToolCompensation
    1002
{
    1070
0
    1040
0
    1070
0
    1002
}
       0
CIRCLE
       5
236F
     100
AcDbEntity
       8
1
     100
AcDbCircle
      10
0
      20
90
      30
0
      40
5.5
    1001
FS_CYPCUT
    1000
Channel
    1070
1
    1000
LeadIn
    1002
{
    1070
3
    1040
1.11022302462516E-16
    1040
1.5707963267949
    1040
1
    1040
1
    1070
0
    1040
0.5
    1070
0
    1002
}
    1000
LeadOut
    1002
{
    1070
0
    1040
0
    1040
0
    1040
0
    1070
0
    1002
}
    1000
IsFill
    1070
0
    1000
PathStart
    1040
1.11022302462516E-16
    1000
ToolCompensation
    1002
{
    1070
0
    1040
0
    1070
0
    1002
}
       0
LWPOLYLINE
       5
2370
     100
AcDbEntity
       8
1
     100
AcDbPolyline
      90
4
      70
1
      10
32.3
      20
120.25
      42
0
      10
25.5
      20
120.25
      42
0
      10
25.5
      20
89.75
      42
0
      10
32.3
      20
89.75
      42
0
    1001
FS_CYPCUT
    1000
Channel
    1070
1
    1000
LeadIn
    1002
{
    1070
3
    1040
1.5
    1040
1.5707963267949
    1040
1
    1040
1
    1070
0
    1040
0.5
    1070
0
    1002
}
    1000
LeadOut
    1002
{
    1070
0
    1040
0
    1040
0
    1040
0
    1070
0
    1002
}
    1000
IsFill
    1070
0
    1000
PathStart
    1040
1.5
    1000
ToolCompensation
    1002
{
    1070
0
    1040
0
    1070
0
    1002
}
       0
LWPOLYLINE
       5
2371
     100
AcDbEntity
       8
1
     100
AcDbPolyline
      90
6
      70
1
      10
118.3309524417
      20
40.2426406871
      42
0
      10
66.2426406871
      20
92.3309524417
      42
0.668178637919299
      10
56
      20
88.0883117546
      42
0
      10
56
      20
36
      42
0.414213562373097
      10
62
      20
30
      42
0
      10
114.0883117546
      20
30
      42
0.668178637919298
    1001
FS_CYPCUT
    1000
Channel
    1070
1
    1000
LeadIn
    1002
{
    1070
3
    1040
0.5
    1040
1.5707963267949
    1040
1
    1040
1
    1070
0
    1040
0.5
    1070
0
    1002
}
    1000
LeadOut
    1002
{
    1070
0
    1040
0
    1040
0
    1040
0
    1070
0
    1002
}
    1000
IsFill
    1070
0
    1000
PathStart
    1040
0.5
    1000
ToolCompensation
    1002
{
    1070
0
    1040
0
    1070
0
    1002
}
       0
LWPOLYLINE
       5
2372
     100
AcDbEntity
       8
1
     100
AcDbPolyline
      90
44
      70
1
      10
191
      20
8.3431457505
      42
0.198912367379657
      10
189.8284271247
      20
11.1715728753
      42
0
      10
42.1715728753
      20
158.8284271247
      42
0.198912367379664
      10
39.3431457505
      20
160
      42
0
      10
-39.3431457505
      20
160
      42
0.19891236737967
      10
-42.1715728753
      20
158.8284271247
      42
0
      10
-189.8284271247
      20
11.1715728753
      42
0.198912367379657
      10
-191
      20
8.3431457505
      42
0
      10
-191
      20
4
      42
0.414213562373095
      10
-187
      20
-4.44089209850063E-15
      42
0
      10
-172.25
      20
-8.5043083686287E-14
      42
0.414213562373111
      10
-171.25
      20
1
      42
0
      10
-171.25
      20
2.2
      42
0
      10
-150.75
      20
2.2
      42
0
      10
-150.75
      20
1
      42
0.41421356237311
      10
-149.75
      20
-3.99680288865056E-15
      42
0
      10
-77.25
      20
0
      42
0.414213562373103
      10
-76.25
      20
1
      42
0
      10
-76.25
      20
2.2
      42
0
      10
-55.75
      20
2.2
      42
0
      10
-55.75
      20
1
      42
0.414213562373103
      10
-54.75
      20
0
      42
0
      10
-32
      20
0
      42
0.414213562373095
      10
-26
      20
6
      42
0
      10
-26
      20
39
      42
-0.414213562373093
      10
-20
      20
45
      42
0
      10
20
      20
45
      42
-0.414213562373095
      10
26
      20
39
      42
0
      10
26
      20
6
      42
0.414213562373095
      10
32
      20
0
      42
0
      10
54.75
      20
0
      42
0.414213562373091
      10
55.75
      20
1
      42
0
      10
55.75
      20
2.2
      42
0
      10
76.25
      20
2.2
      42
0
      10
76.25
      20
1
      42
0.414213562373103
      10
77.25
      20
0
      42
0
      10
149.75
      20
-3.99680288865056E-15
      42
0.4142135623731
      10
150.75
      20
1
      42
0
      10
150.75
      20
2.2
      42
0
      10
171.25
      20
2.2
      42
0
      10
171.25
      20
1
      42
0.414213562373065
      10
172.25
      20
-5.7065463465733E-14
      42
0
      10
187
      20
0
      42
0.414213562373095
      10
191
      20
4
      42
0
    1001
FS_CYPCUT
    1000
Channel
    1070
1
    1000
LeadIn
    1002
{
    1070
3
    1040
1.5
    1040
1.5707963267949
    1040
1
    1040
1
    1070
0
    1040
0.5
    1070
0
    1002
}
    1000
LeadOut
    1002
{
    1070
0
    1040
0
    1040
0
    1040
0
    1070
0
    1002
}
    1000
IsFill
    1070
1
    1000
PathStart
    1040
1.5
    1000
ToolCompensation
    1002
{
    1070
0
    1040
0
    1070
0
    1002
}
    1000
MicroConnect
    1002
{
    1070
2
    1040
3.54042906
    1041
0.8
    1042
0
    1040
18.4855381
    1041
0.8
    1042
0
    1002
}
       0
ENDBLK
       5
2373
     330
2064
     100
AcDbEntity
       8
0
     100
AcDbBlockEnd
       0
BLOCK
       5
2374
     330
2065
     100
AcDbEntity
       8
0
     100
AcDbBlockBegin
       2
Part1464406284
      70
0
      10
-1.39888101E-14
      20
-5.70654635E-14
      30
0
       3
Part1464406284
       1

       4
CypCutBlock
       0
LWPOLYLINE
       5
2375
     100
AcDbEntity
       8
1
     100
AcDbPolyline
      90
6
      70
1
      10
88.6809524417193
      20
40.2426406871193
      42
-0.668178637919299
      10
84.4383117546
      20
30
      42
0
      10
36
      20
30
      42
-0.414213562373094
      10
30
      20
36
      42
0
      10
30
      20
84.4383117546
      42
-0.668178637919298
      10
40.2426406871
      20
88.6809524417
      42
0
    1001
FS_CYPCUT
    1000
Channel
    1070
1
    1000
LeadIn
    1002
{
    1070
3
    1040
5.5
    1040
1.5707963267949
    1040
1
    1040
1
    1070
0
    1040
0.5
    1070
0
    1002
}
    1000
LeadOut
    1002
{
    1070
0
    1040
0
    1040
0
    1040
0
    1070
0
    1002
}
    1000
IsFill
    1070
0
    1000
PathStart
    1040
5.5
    1000
ToolCompensation
    1002
{
    1070
0
    1040
0
    1070
0
    1002
}
       0
LWPOLYLINE
       5
2376
     100
AcDbEntity
       8
1
     100
AcDbPolyline
      90
28
      70
1
      10
161.35
      20
8.3431457505
      42
0
      10
161.35
      20
4
      42
-0.414213562373088
      10
157.35
      20
0
      42
0
      10
142.6
      20
-5.7065463465733E-14
      42
-0.414213562373093
      10
141.6
      20
1
      42
0
      10
141.6
      20
2.2
      42
0
      10
121.1
      20
2.2
      42
0
      10
121.1
      20
1
      42
-0.414213562373102
      10
120.1
      20
7.99360577730113E-15
      42
0
      10
47.6
      20
0
      42
-0.414213562373088
      10
46.6
      20
1
      42
0
      10
46.6
      20
2.2
      42
0
      10
26.1
      20
2.2
      42
0
      10
26.1
      20
1
      42
-0.414213562373092
      10
25.1
      20
8.10462807976364E-14
      42
0
      10
4
      20
-4.44089209850063E-15
      42
-0.414213562373095
      10
-4.44089209850063E-15
      20
4
      42
0
      10
-1.3988810110277E-14
      20
88.75
      42
-0.414213562373087
      10
1
      20
89.75
      42
0
      10
2.2
      20
89.75
      42
0
      10
2.2
      20
120.25
      42
0
      10
1
      20
120.25
      42
-0.414213562373104
      10
0
      20
121.25
      42
0
      10
-4.44089209850063E-15
      20
156
      42
-0.414213562373091
      10
4
      20
160
      42
0
      10
9.6931457505
      20
160
      42
-0.198912367379661
      10
12.5215728752463
      20
158.828427124746
      42
0
      10
160.1784271247
      20
11.1715728753
      42
-0.198912367379671
    1001
FS_CYPCUT
    1000
Channel
    1070
1
    1000
LeadIn
    1002
{
    1070
3
    1040
26.5
    1040
1.5707963267949
    1040
1
    1040
1
    1070
0
    1040
0.5
    1070
0
    1002
}
    1000
LeadOut
    1002
{
    1070
0
    1040
0
    1040
0
    1040
0
    1070
0
    1002
}
    1000
IsFill
    1070
1
    1000
PathStart
    1040
26.5
    1000
ToolCompensation
    1002
{
    1070
0
    1040
0
    1070
0
    1002
}
    1000
MicroConnect
    1002
{
    1070
2
    1040
5.6354198
    1041
0.8
    1042
0
    1040
19.4054723
    1041
0.8
    1042
0
    1002
}
       0
ENDBLK
       5
2377
     330
2065
     100
AcDbEntity
       8
0
     100
AcDbBlockEnd
       0
BLOCK
       5
2378
     330
2066
     100
AcDbEntity
       8
0
     100
AcDbBlockBegin
       2
Part569061822
      70
0
      10
-191
      20
-8.50430837E-14
      30
0
       3
Part569061822
       1

       4
CypCutBlock
       0
LWPOLYLINE
       5
2379
     100
AcDbEntity
       8
1
     100
AcDbPolyline
      90
6
      70
1
      10
-56
      20
88.0883117546
      42
0
      10
-56
      20
36
      42
-0.414213562373096
      10
-62
      20
30
      42
0
      10
-114.0883117546
      20
30
      42
-0.668178637919299
      10
-118.3309524417
      20
40.2426406871
      42
0
      10
-66.2426406871
      20
92.3309524417
      42
-0.668178637919297
    1001
FS_CYPCUT
    1000
Channel
    1070
1
    1000
LeadIn
    1002
{
    1070
3
    1040
4.5
    1040
1.5707963267949
    1040
1
    1040
1
    1070
0
    1040
0.5
    1070
0
    1002
}
    1000
LeadOut
    1002
{
    1070
0
    1040
0
    1040
0
    1040
0
    1070
0
    1002
}
    1000
IsFill
    1070
0
    1000
PathStart
    1040
4.5
    1000
ToolCompensation
    1002
{
    1070
0
    1040
0
    1070
0
    1002
}
       0
LWPOLYLINE
       5
237A
     100
AcDbEntity
       8
1
     100
AcDbPolyline
      90
4
      70
1
      10
-25.5
      20
120.25
      42
0
      10
-32.3
      20
120.25
      42
0
      10
-32.3
      20
89.75
      42
0
      10
-25.5
      20
89.75
      42
0
    1001
FS_CYPCUT
    1000
Channel
    1070
1
    1000
LeadIn
    1002
{
    1070
3
    1040
1.5
    1040
1.5707963267949
    1040
1
    1040
1
    1070
0
    1040
0.5
    1070
0
    1002
}
    1000
LeadOut
    1002
{
    1070
0
    1040
0
    1040
0
    1040
0
    1070
0
    1002
}
    1000
IsFill
    1070
0
    1000
PathStart
    1040
1.5
    1000
ToolCompensation
    1002
{
    1070
0
    1040
0
    1070
0
    1002
}
       0
CIRCLE
       5
237B
     100
AcDbEntity
       8
1
     100
AcDbCircle
      10
0
      20
90
      30
0
      40
5.5
    1001
FS_CYPCUT
    1000
Channel
    1070
1
    1000
LeadIn
    1002
{
    1070
3
    1040
1.11022302462516E-16
    1040
1.5707963267949
    1040
1
    1040
1
    1070
0
    1040
0.5
    1070
0
    1002
}
    1000
LeadOut
    1002
{
    1070
0
    1040
0
    1040
0
    1040
0
    1070
0
    1002
}
    1000
IsFill
    1070
0
    1000
PathStart
    1040
1.11022302462516E-16
    1000
ToolCompensation
    1002
{
    1070
0
    1040
0
    1070
0
    1002
}
       0
LWPOLYLINE
       5
237C
     100
AcDbEntity
       8
1
     100
AcDbPolyline
      90
4
      70
1
      10
32.3
      20
120.25
      42
0
      10
25.5
      20
120.25
      42
0
      10
25.5
      20
89.75
      42
0
      10
32.3
      20
89.75
      42
0
    1001
FS_CYPCUT
    1000
Channel
    1070
1
    1000
LeadIn
    1002
{
    1070
3
    1040
1.5
    1040
1.5707963267949
    1040
1
    1040
1
    1070
0
    1040
0.5
    1070
0
    1002
}
    1000
LeadOut
    1002
{
    1070
0
    1040
0
    1040
0
    1040
0
    1070
0
    1002
}
    1000
IsFill
    1070
0
    1000
PathStart
    1040
1.5
    1000
ToolCompensation
    1002
{
    1070
0
    1040
0
    1070
0
    1002
}
       0
LWPOLYLINE
       5
237D
     100
AcDbEntity
       8
1
     100
AcDbPolyline
      90
6
      70
1
      10
118.3309524417
      20
40.2426406871
      42
0
      10
66.2426406871
      20
92.3309524417
      42
0.668178637919299
      10
56
      20
88.0883117546
      42
0
      10
56
      20
36
      42
0.414213562373097
      10
62
      20
30
      42
0
      10
114.0883117546
      20
30
      42
0.668178637919298
    1001
FS_CYPCUT
    1000
Channel
    1070
1
    1000
LeadIn
    1002
{
    1070
3
    1040
0.5
    1040
1.5707963267949
    1040
1
    1040
1
    1070
0
    1040
0.5
    1070
0
    1002
}
    1000
LeadOut
    1002
{
    1070
0
    1040
0
    1040
0
    1040
0
    1070
0
    1002
}
    1000
IsFill
    1070
0
    1000
PathStart
    1040
0.5
    1000
ToolCompensation
    1002
{
    1070
0
    1040
0
    1070
0
    1002
}
       0
LWPOLYLINE
       5
237E
     100
AcDbEntity
       8
1
     100
AcDbPolyline
      90
44
      70
1
      10
191
      20
8.3431457505
      42
0.198912367379657
      10
189.8284271247
      20
11.1715728753
      42
0
      10
42.1715728753
      20
158.8284271247
      42
0.198912367379664
      10
39.3431457505
      20
160
      42
0
      10
-39.3431457505
      20
160
      42
0.19891236737967
      10
-42.1715728753
      20
158.8284271247
      42
0
      10
-189.8284271247
      20
11.1715728753
      42
0.198912367379657
      10
-191
      20
8.3431457505
      42
0
      10
-191
      20
4
      42
0.414213562373095
      10
-187
      20
-4.44089209850063E-15
      42
0
      10
-172.25
      20
-8.5043083686287E-14
      42
0.414213562373111
      10
-171.25
      20
1
      42
0
      10
-171.25
      20
2.2
      42
0
      10
-150.75
      20
2.2
      42
0
      10
-150.75
      20
1
      42
0.41421356237311
      10
-149.75
      20
-3.99680288865056E-15
      42
0
      10
-77.25
      20
0
      42
0.414213562373103
      10
-76.25
      20
1
      42
0
      10
-76.25
      20
2.2
      42
0
      10
-55.75
      20
2.2
      42
0
      10
-55.75
      20
1
      42
0.414213562373103
      10
-54.75
      20
0
      42
0
      10
-32
      20
0
      42
0.414213562373095
      10
-26
      20
6
      42
0
      10
-26
      20
39
      42
-0.414213562373093
      10
-20
      20
45
      42
0
      10
20
      20
45
      42
-0.414213562373095
      10
26
      20
39
      42
0
      10
26
      20
6
      42
0.414213562373095
      10
32
      20
0
      42
0
      10
54.75
      20
0
      42
0.414213562373091
      10
55.75
      20
1
      42
0
      10
55.75
      20
2.2
      42
0
      10
76.25
      20
2.2
      42
0
      10
76.25
      20
1
      42
0.414213562373103
      10
77.25
      20
0
      42
0
      10
149.75
      20
-3.99680288865056E-15
      42
0.4142135623731
      10
150.75
      20
1
      42
0
      10
150.75
      20
2.2
      42
0
      10
171.25
      20
2.2
      42
0
      10
171.25
      20
1
      42
0.414213562373065
      10
172.25
      20
-5.7065463465733E-14
      42
0
      10
187
      20
0
      42
0.414213562373095
      10
191
      20
4
      42
0
    1001
FS_CYPCUT
    1000
Channel
    1070
1
    1000
LeadIn
    1002
{
    1070
3
    1040
1.5
    1040
1.5707963267949
    1040
1
    1040
1
    1070
0
    1040
0.5
    1070
0
    1002
}
    1000
LeadOut
    1002
{
    1070
0
    1040
0
    1040
0
    1040
0
    1070
0
    1002
}
    1000
IsFill
    1070
1
    1000
PathStart
    1040
1.5
    1000
ToolCompensation
    1002
{
    1070
0
    1040
0
    1070
0
    1002
}
    1000
MicroConnect
    1002
{
    1070
2
    1040
3.54042906
    1041
0.8
    1042
0
    1040
18.4855381
    1041
0.8
    1042
0
    1002
}
       0
ENDBLK
       5
237F
     330
2066
     100
AcDbEntity
       8
0
     100
AcDbBlockEnd
       0
BLOCK
       5
2380
     330
2067
     100
AcDbEntity
       8
0
     100
AcDbBlockBegin
       2
Part865688730
      70
0
      10
-191
      20
-8.50430837E-14
      30
0
       3
Part865688730
       1

       4
CypCutBlock
       0
LWPOLYLINE
       5
2381
     100
AcDbEntity
       8
1
     100
AcDbPolyline
      90
6
      70
1
      10
-56
      20
88.0883117546
      42
0
      10
-56
      20
36
      42
-0.414213562373096
      10
-62
      20
30
      42
0
      10
-114.0883117546
      20
30
      42
-0.668178637919299
      10
-118.3309524417
      20
40.2426406871
      42
0
      10
-66.2426406871
      20
92.3309524417
      42
-0.668178637919297
    1001
FS_CYPCUT
    1000
Channel
    1070
1
    1000
LeadIn
    1002
{
    1070
3
    1040
4.5
    1040
1.5707963267949
    1040
1
    1040
1
    1070
0
    1040
0.5
    1070
0
    1002
}
    1000
LeadOut
    1002
{
    1070
0
    1040
0
    1040
0
    1040
0
    1070
0
    1002
}
    1000
IsFill
    1070
0
    1000
PathStart
    1040
4.5
    1000
ToolCompensation
    1002
{
    1070
0
    1040
0
    1070
0
    1002
}
       0
LWPOLYLINE
       5
2382
     100
AcDbEntity
       8
1
     100
AcDbPolyline
      90
4
      70
1
      10
-25.5
      20
120.25
      42
0
      10
-32.3
      20
120.25
      42
0
      10
-32.3
      20
89.75
      42
0
      10
-25.5
      20
89.75
      42
0
    1001
FS_CYPCUT
    1000
Channel
    1070
1
    1000
LeadIn
    1002
{
    1070
3
    1040
1.5
    1040
1.5707963267949
    1040
1
    1040
1
    1070
0
    1040
0.5
    1070
0
    1002
}
    1000
LeadOut
    1002
{
    1070
0
    1040
0
    1040
0
    1040
0
    1070
0
    1002
}
    1000
IsFill
    1070
0
    1000
PathStart
    1040
1.5
    1000
ToolCompensation
    1002
{
    1070
0
    1040
0
    1070
0
    1002
}
       0
CIRCLE
       5
2383
     100
AcDbEntity
       8
1
     100
AcDbCircle
      10
0
      20
90
      30
0
      40
5.5
    1001
FS_CYPCUT
    1000
Channel
    1070
1
    1000
LeadIn
    1002
{
    1070
3
    1040
1.11022302462516E-16
    1040
1.5707963267949
    1040
1
    1040
1
    1070
0
    1040
0.5
    1070
0
    1002
}
    1000
LeadOut
    1002
{
    1070
0
    1040
0
    1040
0
    1040
0
    1070
0
    1002
}
    1000
IsFill
    1070
0
    1000
PathStart
    1040
1.11022302462516E-16
    1000
ToolCompensation
    1002
{
    1070
0
    1040
0
    1070
0
    1002
}
       0
LWPOLYLINE
       5
2384
     100
AcDbEntity
       8
1
     100
AcDbPolyline
      90
4
      70
1
      10
32.3
      20
120.25
      42
0
      10
25.5
      20
120.25
      42
0
      10
25.5
      20
89.75
      42
0
      10
32.3
      20
89.75
      42
0
    1001
FS_CYPCUT
    1000
Channel
    1070
1
    1000
LeadIn
    1002
{
    1070
3
    1040
1.5
    1040
1.5707963267949
    1040
1
    1040
1
    1070
0
    1040
0.5
    1070
0
    1002
}
    1000
LeadOut
    1002
{
    1070
0
    1040
0
    1040
0
    1040
0
    1070
0
    1002
}
    1000
IsFill
    1070
0
    1000
PathStart
    1040
1.5
    1000
ToolCompensation
    1002
{
    1070
0
    1040
0
    1070
0
    1002
}
       0
LWPOLYLINE
       5
2385
     100
AcDbEntity
       8
1
     100
AcDbPolyline
      90
6
      70
1
      10
118.3309524417
      20
40.2426406871
      42
0
      10
66.2426406871
      20
92.3309524417
      42
0.668178637919299
      10
56
      20
88.0883117546
      42
0
      10
56
      20
36
      42
0.414213562373097
      10
62
      20
30
      42
0
      10
114.0883117546
      20
30
      42
0.668178637919298
    1001
FS_CYPCUT
    1000
Channel
    1070
1
    1000
LeadIn
    1002
{
    1070
3
    1040
0.5
    1040
1.5707963267949
    1040
1
    1040
1
    1070
0
    1040
0.5
    1070
0
    1002
}
    1000
LeadOut
    1002
{
    1070
0
    1040
0
    1040
0
    1040
0
    1070
0
    1002
}
    1000
IsFill
    1070
0
    1000
PathStart
    1040
0.5
    1000
ToolCompensation
    1002
{
    1070
0
    1040
0
    1070
0
    1002
}
       0
LWPOLYLINE
       5
2386
     100
AcDbEntity
       8
1
     100
AcDbPolyline
      90
44
      70
1
      10
191
      20
8.3431457505
      42
0.198912367379657
      10
189.8284271247
      20
11.1715728753
      42
0
      10
42.1715728753
      20
158.8284271247
      42
0.198912367379664
      10
39.3431457505
      20
160
      42
0
      10
-39.3431457505
      20
160
      42
0.19891236737967
      10
-42.1715728753
      20
158.8284271247
      42
0
      10
-189.8284271247
      20
11.1715728753
      42
0.198912367379657
      10
-191
      20
8.3431457505
      42
0
      10
-191
      20
4
      42
0.414213562373095
      10
-187
      20
-4.44089209850063E-15
      42
0
      10
-172.25
      20
-8.5043083686287E-14
      42
0.414213562373111
      10
-171.25
      20
1
      42
0
      10
-171.25
      20
2.2
      42
0
      10
-150.75
      20
2.2
      42
0
      10
-150.75
      20
1
      42
0.41421356237311
      10
-149.75
      20
-3.99680288865056E-15
      42
0
      10
-77.25
      20
0
      42
0.414213562373103
      10
-76.25
      20
1
      42
0
      10
-76.25
      20
2.2
      42
0
      10
-55.75
      20
2.2
      42
0
      10
-55.75
      20
1
      42
0.414213562373103
      10
-54.75
      20
0
      42
0
      10
-32
      20
0
      42
0.414213562373095
      10
-26
      20
6
      42
0
      10
-26
      20
39
      42
-0.414213562373093
      10
-20
      20
45
      42
0
      10
20
      20
45
      42
-0.414213562373095
      10
26
      20
39
      42
0
      10
26
      20
6
      42
0.414213562373095
      10
32
      20
0
      42
0
      10
54.75
      20
0
      42
0.414213562373091
      10
55.75
      20
1
      42
0
      10
55.75
      20
2.2
      42
0
      10
76.25
      20
2.2
      42
0
      10
76.25
      20
1
      42
0.414213562373103
      10
77.25
      20
0
      42
0
      10
149.75
      20
-3.99680288865056E-15
      42
0.4142135623731
      10
150.75
      20
1
      42
0
      10
150.75
      20
2.2
      42
0
      10
171.25
      20
2.2
      42
0
      10
171.25
      20
1
      42
0.414213562373065
      10
172.25
      20
-5.7065463465733E-14
      42
0
      10
187
      20
0
      42
0.414213562373095
      10
191
      20
4
      42
0
    1001
FS_CYPCUT
    1000
Channel
    1070
1
    1000
LeadIn
    1002
{
    1070
3
    1040
1.5
    1040
1.5707963267949
    1040
1
    1040
1
    1070
0
    1040
0.5
    1070
0
    1002
}
    1000
LeadOut
    1002
{
    1070
0
    1040
0
    1040
0
    1040
0
    1070
0
    1002
}
    1000
IsFill
    1070
1
    1000
PathStart
    1040
1.5
    1000
ToolCompensation
    1002
{
    1070
0
    1040
0
    1070
0
    1002
}
    1000
MicroConnect
    1002
{
    1070
2
    1040
3.54042906
    1041
0.8
    1042
0
    1040
18.4855381
    1041
0.8
    1042
0
    1002
}
       0
ENDBLK
       5
2387
     330
2067
     100
AcDbEntity
       8
0
     100
AcDbBlockEnd
       0
BLOCK
       5
2388
     330
2068
     100
AcDbEntity
       8
0
     100
AcDbBlockBegin
       2
Part1978294684
      70
0
      10
-308
      20
-50
      30
0
       3
Part1978294684
       1

       4
CypCutBlock
       0
LWPOLYLINE
       5
2389
     100
AcDbEntity
       8
1
     100
AcDbPolyline
      90
4
      70
1
      10
-178
      20
14.2
      42
0
      10
-183.5
      20
14.2
      42
0
      10
-183.5
      20
-14.2
      42
0
      10
-178
      20
-14.2
      42
0
    1001
FS_CYPCUT
    1000
Channel
    1070
1
    1000
LeadIn
    1002
{
    1070
3
    1040
1.5
    1040
1.5707963267949
    1040
1
    1040
1
    1070
0
    1040
0.5
    1070
0
    1002
}
    1000
LeadOut
    1002
{
    1070
0
    1040
0
    1040
0
    1040
0
    1070
0
    1002
}
    1000
IsFill
    1070
0
    1000
PathStart
    1040
1.5
    1000
ToolCompensation
    1002
{
    1070
0
    1040
0
    1070
0
    1002
}
       0
LWPOLYLINE
       5
238A
     100
AcDbEntity
       8
1
     100
AcDbPolyline
      90
4
      70
1
      10
-102.5
      20
14.2
      42
0
      10
-108
      20
14.2
      42
0
      10
-108
      20
-14.2
      42
0
      10
-102.5
      20
-14.2
      42
0
    1001
FS_CYPCUT
    1000
Channel
    1070
1
    1000
LeadIn
    1002
{
    1070
3
    1040
1.5
    1040
1.5707963267949
    1040
1
    1040
1
    1070
0
    1040
0.5
    1070
0
    1002
}
    1000
LeadOut
    1002
{
    1070
0
    1040
0
    1040
0
    1040
0
    1070
0
    1002
}
    1000
IsFill
    1070
0
    1000
PathStart
    1040
1.5
    1000
ToolCompensation
    1002
{
    1070
0
    1040
0
    1070
0
    1002
}
       0
LWPOLYLINE
       5
238B
     100
AcDbEntity
       8
1
     100
AcDbPolyline
      90
4
      70
1
      10
0
      20
50
      42
0
      10
0
      20
-50
      42
0
      10
-306.50164966836
      20
-50.0000000007373
      42
-0.0299670066313379
      10
-306.501649668447
      20
49.9999999992828
      42
0
    1001
FS_CYPCUT
    1000
Channel
    1070
1
    1000
LeadIn
    1002
{
    1070
3
    1040
1.5
    1040
1.5707963267949
    1040
1
    1040
1
    1070
0
    1040
0.5
    1070
0
    1002
}
    1000
LeadOut
    1002
{
    1070
0
    1040
0
    1040
0
    1040
0
    1070
0
    1002
}
    1000
IsFill
    1070
1
    1000
PathStart
    1040
1.5
    1000
ToolCompensation
    1002
{
    1070
0
    1040
0
    1070
0
    1002
}
    1000
MicroConnect
    1002
{
    1070
3
    1040
1.20408069
    1041
0.8
    1042
0
    1040
2.53479057
    1041
0.8
    1042
0
    1040
3.76011568
    1041
0.8
    1042
0
    1002
}
       0
ENDBLK
       5
238C
     330
2068
     100
AcDbEntity
       8
0
     100
AcDbBlockEnd
       0
BLOCK
       5
238D
     330
2069
     100
AcDbEntity
       8
0
     100
AcDbBlockBegin
       2
Part1774348354
      70
0
      10
-25
      20
-60
      30
0
       3
Part1774348354
       1

       4
CypCutBlock
       0
CIRCLE
       5
238E
     100
AcDbEntity
       8
1
     100
AcDbCircle
      10
0
      20
-40
      30
0
      40
6.75000000000001
    1001
FS_CYPCUT
    1000
Channel
    1070
1
    1000
LeadIn
    1002
{
    1070
3
    1040
0
    1040
1.5707963267949
    1040
1
    1040
1
    1070
0
    1040
0.5
    1070
0
    1002
}
    1000
LeadOut
    1002
{
    1070
0
    1040
0
    1040
0
    1040
0
    1070
0
    1002
}
    1000
IsFill
    1070
0
    1000
PathStart
    1040
0
    1000
ToolCompensation
    1002
{
    1070
0
    1040
0
    1070
0
    1002
}
       0
LINE
       5
238F
     100
AcDbEntity
       8
2
     100
AcDbLine
      10
25
      20
-4.0103640642
      30
0
      11
-25
      21
-4.0103640642
      31
0
    1001
FS_CYPCUT
    1000
Channel
    1070
2
    1000
LeadIn
    1002
{
    1070
3
    1040
0
    1040
1.5707963267949
    1040
1
    1040
1
    1070
0
    1040
0.5
    1070
0
    1002
}
    1000
LeadOut
    1002
{
    1070
0
    1040
0
    1040
0
    1040
0
    1070
0
    1002
}
    1000
IsFill
    1070
0
    1000
PathStart
    1040
0
    1000
ToolCompensation
    1002
{
    1070
0
    1040
0
    1070
0
    1002
}
       0
LWPOLYLINE
       5
2390
     100
AcDbEntity
       8
1
     100
AcDbPolyline
      90
4
      70
1
      10
5.5
      20
45.9792718716
      42
0
      10
5.5
      20
15.9792718716
      42
-1
      10
-5.5
      20
15.9792718716
      42
0
      10
-5.5
      20
45.9792718716
      42
-1
    1001
FS_CYPCUT
    1000
Channel
    1070
1
    1000
LeadIn
    1002
{
    1070
3
    1040
0.5
    1040
1.5707963267949
    1040
1
    1040
1
    1070
0
    1040
0.5
    1070
0
    1002
}
    1000
LeadOut
    1002
{
    1070
0
    1040
0
    1040
0
    1040
0
    1070
0
    1002
}
    1000
IsFill
    1070
0
    1000
PathStart
    1040
0.5
    1000
ToolCompensation
    1002
{
    1070
0
    1040
0
    1070
0
    1002
}
       0
LWPOLYLINE
       5
2391
     100
AcDbEntity
       8
1
     100
AcDbPolyline
      90
8
      70
1
      10
25
      20
56.9792718716
      42
0
      10
25
      20
-55
      42
-0.414213562373095
      10
20
      20
-60
      42
0
      10
-20
      20
-60
      42
-0.414213562373095
      10
-25
      20
-55
      42
0
      10
-25
      20
56.9792718716
      42
-0.414213562373096
      10
-20
      20
61.9792718716
      42
0
      10
20
      20
61.9792718716
      42
-0.414213562373096
    1001
FS_CYPCUT
    1000
Channel
    1070
1
    1000
LeadIn
    1002
{
    1070
3
    1040
0.5
    1040
1.5707963267949
    1040
1
    1040
1
    1070
0
    1040
0.5
    1070
0
    1002
}
    1000
LeadOut
    1002
{
    1070
0
    1040
0
    1040
0
    1040
0
    1070
0
    1002
}
    1000
IsFill
    1070
1
    1000
PathStart
    1040
0.5
    1000
ToolCompensation
    1002
{
    1070
0
    1040
0
    1070
0
    1002
}
    1000
MicroConnect
    1002
{
    1070
1
    1040
4.74522207
    1041
0.8
    1042
0
    1002
}
       0
ENDBLK
       5
2392
     330
2069
     100
AcDbEntity
       8
0
     100
AcDbBlockEnd
       0
BLOCK
       5
2393
     330
206A
     100
AcDbEntity
       8
0
     100
AcDbBlockBegin
       2
Part425787097
      70
0
      10
-75
      20
-80
      30
0
       3
Part425787097
       1

       4
CypCutBlock
       0
LWPOLYLINE
       5
2394
     100
AcDbEntity
       8
1
     100
AcDbPolyline
      90
4
      70
1
      10
-44.5
      20
-20
      42
1
      10
-55.5
      20
-20
      42
0
      10
-55.5
      20
-50
      42
1
      10
-44.5
      20
-50
      42
0
    1001
FS_CYPCUT
    1000
Channel
    1070
1
    1000
LeadIn
    1002
{
    1070
3
    1040
1.5
    1040
1.5707963267949
    1040
1
    1040
1
    1070
0
    1040
0.5
    1070
0
    1002
}
    1000
LeadOut
    1002
{
    1070
0
    1040
0
    1040
0
    1040
0
    1070
0
    1002
}
    1000
IsFill
    1070
0
    1000
PathStart
    1040
1.5
    1000
ToolCompensation
    1002
{
    1070
0
    1040
0
    1070
0
    1002
}
       0
LWPOLYLINE
       5
2395
     100
AcDbEntity
       8
1
     100
AcDbPolyline
      90
4
      70
1
      10
55.5
      20
-20
      42
0
      10
55.5
      20
-50
      42
-1
      10
44.5
      20
-50
      42
0
      10
44.5
      20
-20
      42
-1
    1001
FS_CYPCUT
    1000
Channel
    1070
1
    1000
LeadIn
    1002
{
    1070
3
    1040
0.5
    1040
1.5707963267949
    1040
1
    1040
1
    1070
0
    1040
0.5
    1070
0
    1002
}
    1000
LeadOut
    1002
{
    1070
0
    1040
0
    1040
0
    1040
0
    1070
0
    1002
}
    1000
IsFill
    1070
0
    1000
PathStart
    1040
0.5
    1000
ToolCompensation
    1002
{
    1070
0
    1040
0
    1070
0
    1002
}
       0
SPLINE
       5
2396
     100
AcDbEntity
       8
1
     100
AcDbSpline
      70
0
      71
3
      72
196
      73
192
      74
0
      40
0
      40
0
      40
0
      40
0
      40
0.0208333333333333
      40
0.0208333333333333
      40
0.0208333333333333
      40
0.0208333333333333
      40
0.0416666666666667
      40
0.0416666666666667
      40
0.0416666666666667
      40
0.0416666666666667
      40
0.0625
      40
0.0625
      40
0.0625
      40
0.0625
      40
0.0833333333333333
      40
0.0833333333333333
      40
0.0833333333333333
      40
0.0833333333333333
      40
0.104166666666667
      40
0.104166666666667
      40
0.104166666666667
      40
0.104166666666667
      40
0.125
      40
0.125
      40
0.125
      40
0.125
      40
0.145833333333333
      40
0.145833333333333
      40
0.145833333333333
      40
0.145833333333333
      40
0.166666666666667
      40
0.166666666666667
      40
0.166666666666667
      40
0.166666666666667
      40
0.1875
      40
0.1875
      40
0.1875
      40
0.1875
      40
0.208333333333333
      40
0.208333333333333
      40
0.208333333333333
      40
0.208333333333333
      40
0.229166666666667
      40
0.229166666666667
      40
0.229166666666667
      40
0.229166666666667
      40
0.25
      40
0.25
      40
0.25
      40
0.25
      40
0.270833333333333
      40
0.270833333333333
      40
0.270833333333333
      40
0.270833333333333
      40
0.291666666666667
      40
0.291666666666667
      40
0.291666666666667
      40
0.291666666666667
      40
0.3125
      40
0.3125
      40
0.3125
      40
0.3125
      40
0.333333333333333
      40
0.333333333333333
      40
0.333333333333333
      40
0.333333333333333
      40
0.354166666666667
      40
0.354166666666667
      40
0.354166666666667
      40
0.354166666666667
      40
0.375
      40
0.375
      40
0.375
      40
0.375
      40
0.395833333333333
      40
0.395833333333333
      40
0.395833333333333
      40
0.395833333333333
      40
0.416666666666667
      40
0.416666666666667
      40
0.416666666666667
      40
0.416666666666667
      40
0.4375
      40
0.4375
      40
0.4375
      40
0.4375
      40
0.458333333333333
      40
0.458333333333333
      40
0.458333333333333
      40
0.458333333333333
      40
0.479166666666667
      40
0.479166666666667
      40
0.479166666666667
      40
0.479166666666667
      40
0.5
      40
0.5
      40
0.5
      40
0.5
      40
0.520833333333333
      40
0.520833333333333
      40
0.520833333333333
      40
0.520833333333333
      40
0.541666666666667
      40
0.541666666666667
      40
0.541666666666667
      40
0.541666666666667
      40
0.5625
      40
0.5625
      40
0.5625
      40
0.5625
      40
0.583333333333333
      40
0.583333333333333
      40
0.583333333333333
      40
0.583333333333333
      40
0.604166666666667
      40
0.604166666666667
      40
0.604166666666667
      40
0.604166666666667
      40
0.625
      40
0.625
      40
0.625
      40
0.625
      40
0.645833333333333
      40
0.645833333333333
      40
0.645833333333333
      40
0.645833333333333
      40
0.666666666666667
      40
0.666666666666667
      40
0.666666666666667
      40
0.666666666666667
      40
0.6875
      40
0.6875
      40
0.6875
      40
0.6875
      40
0.708333333333333
      40
0.708333333333333
      40
0.708333333333333
      40
0.708333333333333
      40
0.729166666666667
      40
0.729166666666667
      40
0.729166666666667
      40
0.729166666666667
      40
0.75
      40
0.75
      40
0.75
      40
0.75
      40
0.770833333333333
      40
0.770833333333333
      40
0.770833333333333
      40
0.770833333333333
      40
0.791666666666667
      40
0.791666666666667
      40
0.791666666666667
      40
0.791666666666667
      40
0.8125
      40
0.8125
      40
0.8125
      40
0.8125
      40
0.833333333333333
      40
0.833333333333333
      40
0.833333333333333
      40
0.833333333333333
      40
0.854166666666667
      40
0.854166666666667
      40
0.854166666666667
      40
0.854166666666667
      40
0.875
      40
0.875
      40
0.875
      40
0.875
      40
0.895833333333333
      40
0.895833333333333
      40
0.895833333333333
      40
0.895833333333333
      40
0.916666666666667
      40
0.916666666666667
      40
0.916666666666667
      40
0.916666666666667
      40
0.9375
      40
0.9375
      40
0.9375
      40
0.9375
      40
0.958333333333333
      40
0.958333333333333
      40
0.958333333333333
      40
0.958333333333333
      40
0.979166666666667
      40
0.979166666666667
      40
0.979166666666667
      40
0.979166666666667
      40
1
      40
1
      40
1
      40
1
      10
75
      20
-10.4850178448
      30
0
      10
75
      20
-27.1566785632
      30
0
      10
75
      20
-43.8283392816
      30
0
      10
75
      20
-60.5
      30
0
      10
75
      20
-60.5
      30
0
      10
75
      20
-63.060716537744
      30
0
      10
74.495594677948
      20
-65.5965333333344
      30
0
      10
73.5156508839701
      20
-67.9623269311193
      30
0
      10
73.5156508839701
      20
-67.9623269311193
      30
0
      10
72.5357070899921
      20
-70.3281205289041
      30
0
      10
71.099282261673
      20
-72.4778822046023
      30
0
      10
69.2885822331377
      20
-74.2885822331377
      30
0
      10
69.2885822331377
      20
-74.2885822331377
      30
0
      10
67.4778822046023
      20
-76.099282261673
      30
0
      10
65.3281205289041
      20
-77.5357070899922
      30
0
      10
62.9623269311192
      20
-78.5156508839701
      30
0
      10
62.9623269311192
      20
-78.5156508839701
      30
0
      10
60.5965333333344
      20
-79.495594677948
      30
0
      10
58.060716537744
      20
-80
      30
0
      10
55.5
      20
-80
      30
0
      10
55.5
      20
-80
      30
0
      10
52.6666666666667
      20
-80
      30
0
      10
49.8333333333333
      20
-80
      30
0
      10
47
      20
-80.0000000000001
      30
0
      10
47
      20
-80.0000000000001
      30
0
      10
44.439283462256
      20
-80.0000000000001
      30
0
      10
41.9034666666656
      20
-79.4955946779481
      30
0
      10
39.5376730688807
      20
-78.5156508839701
      30
0
      10
39.5376730688807
      20
-78.5156508839701
      30
0
      10
37.1718794710959
      20
-77.5357070899922
      30
0
      10
35.0221177953976
      20
-76.0992822616731
      30
0
      10
33.2114177668623
      20
-74.2885822331377
      30
0
      10
33.2114177668623
      20
-74.2885822331377
      30
0
      10
31.400717738327
      20
-72.4778822046024
      30
0
      10
29.9642929100078
      20
-70.3281205289041
      30
0
      10
28.9843491160299
      20
-67.9623269311193
      30
0
      10
28.9843491160299
      20
-67.9623269311193
      30
0
      10
28.0044053220519
      20
-65.5965333333344
      30
0
      10
27.5
      20
-63.060716537744
      30
0
      10
27.5
      20
-60.5
      30
0
      10
27.5
      20
-60.5
      30
0
      10
27.5
      20
-51
      30
0
      10
27.5
      20
-41.5
      30
0
      10
27.5
      20
-32
      30
0
      10
27.5
      20
-32
      30
0
      10
27.5
      20
-28.3887330877969
      30
0
      10
26.7886591612087
      20
-24.8125811965797
      30
0
      10
25.4066871440604
      20
-21.47620560996
      30
0
      10
25.4066871440604
      20
-21.47620560996
      30
0
      10
24.024715126912
      20
-18.1398300233404
      30
0
      10
21.9989878049235
      20
-15.1081148396634
      30
0
      10
19.4454364826301
      20
-12.5545635173699
      30
0
      10
19.4454364826301
      20
-12.5545635173699
      30
0
      10
16.8918851603366
      20
-10.0010121950765
      30
0
      10
13.8601699766597
      20
-7.97528487308798
      30
0
      10
10.52379439004
      20
-6.59331285593961
      30
0
      10
10.52379439004
      20
-6.59331285593961
      30
0
      10
7.18741880342029
      20
-5.21134083879125
      30
0
      10
3.61126691220311
      20
-4.5
      30
0
      10
-4.1286418728248E-16
      20
-4.5
      30
0
      10
-4.1286418728248E-16
      20
-4.5
      30
0
      10
-3.6112669122031
      20
-4.5
      30
0
      10
-7.18741880342029
      20
-5.21134083879125
      30
0
      10
-10.52379439004
      20
-6.59331285593961
      30
0
      10
-10.52379439004
      20
-6.59331285593961
      30
0
      10
-13.8601699766596
      20
-7.97528487308797
      30
0
      10
-16.8918851603366
      20
-10.0010121950765
      30
0
      10
-19.4454364826301
      20
-12.5545635173699
      30
0
      10
-19.4454364826301
      20
-12.5545635173699
      30
0
      10
-21.9989878049235
      20
-15.1081148396634
      30
0
      10
-24.024715126912
      20
-18.1398300233403
      30
0
      10
-25.4066871440604
      20
-21.47620560996
      30
0
      10
-25.4066871440604
      20
-21.47620560996
      30
0
      10
-26.7886591612087
      20
-24.8125811965797
      30
0
      10
-27.5
      20
-28.3887330877969
      30
0
      10
-27.5
      20
-32
      30
0
      10
-27.5
      20
-32
      30
0
      10
-27.5
      20
-41.5
      30
0
      10
-27.5
      20
-51
      30
0
      10
-27.5
      20
-60.5
      30
0
      10
-27.5
      20
-60.5
      30
0
      10
-27.4999999999999
      20
-63.060716537744
      30
0
      10
-28.0044053220519
      20
-65.5965333333344
      30
0
      10
-28.9843491160299
      20
-67.9623269311193
      30
0
      10
-28.9843491160299
      20
-67.9623269311193
      30
0
      10
-29.9642929100078
      20
-70.3281205289041
      30
0
      10
-31.4007177383269
      20
-72.4778822046024
      30
0
      10
-33.2114177668623
      20
-74.2885822331377
      30
0
      10
-33.2114177668623
      20
-74.2885822331377
      30
0
      10
-35.0221177953976
      20
-76.099282261673
      30
0
      10
-37.1718794710959
      20
-77.5357070899922
      30
0
      10
-39.5376730688807
      20
-78.5156508839701
      30
0
      10
-39.5376730688807
      20
-78.5156508839701
      30
0
      10
-41.9034666666656
      20
-79.495594677948
      30
0
      10
-44.439283462256
      20
-80
      30
0
      10
-47
      20
-80
      30
0
      10
-47
      20
-80
      30
0
      10
-49.8333333333333
      20
-80
      30
0
      10
-52.6666666666667
      20
-80
      30
0
      10
-55.5
      20
-80
      30
0
      10
-55.5
      20
-80
      30
0
      10
-58.060716537744
      20
-80
      30
0
      10
-60.5965333333344
      20
-79.495594677948
      30
0
      10
-62.9623269311193
      20
-78.5156508839701
      30
0
      10
-62.9623269311193
      20
-78.5156508839701
      30
0
      10
-65.3281205289041
      20
-77.5357070899922
      30
0
      10
-67.4778822046023
      20
-76.099282261673
      30
0
      10
-69.2885822331377
      20
-74.2885822331377
      30
0
      10
-69.2885822331377
      20
-74.2885822331377
      30
0
      10
-71.099282261673
      20
-72.4778822046024
      30
0
      10
-72.5357070899921
      20
-70.3281205289041
      30
0
      10
-73.5156508839701
      20
-67.9623269311193
      30
0
      10
-73.5156508839701
      20
-67.9623269311193
      30
0
      10
-74.495594677948
      20
-65.5965333333344
      30
0
      10
-75
      20
-63.060716537744
      30
0
      10
-75
      20
-60.5
      30
0
      10
-75
      20
-60.5
      30
0
      10
-75
      20
-43.8283392816
      30
0
      10
-75
      20
-27.1566785632
      30
0
      10
-75
      20
-10.4850178448
      30
0
      10
-75
      20
-10.4850178448
      30
0
      10
-75
      20
-9.24051135080788
      30
0
      10
-74.7676805379617
      20
-8.00687068978429
      30
0
      10
-74.3150030815603
      20
-6.84761250712845
      30
0
      10
-74.3150030815603
      20
-6.84761250712845
      30
0
      10
-73.8623256251589
      20
-5.68835432447261
      30
0
      10
-73.197194862162
      20
-4.62372167370162
      30
0
      10
-72.3538564818957
      20
-3.7085294589411
      30
0
      10
-72.3538564818957
      20
-3.7085294589411
      30
0
      10
-71.5105181016293
      20
-2.79333724418058
      30
0
      10
-70.5036985422763
      20
-2.04356662067188
      30
0
      10
-69.3852360764818
      20
-1.49782114318487
      30
0
      10
-69.3852360764818
      20
-1.49782114318487
      30
0
      10
-68.2667736106874
      20
-0.952075665697851
      30
0
      10
-67.0561989140945
      20
-0.619885182779447
      30
0
      10
-65.8158410312639
      20
-0.518353236632137
      30
0
      10
-65.8158410312639
      20
-0.518353236632137
      30
0
      10
-62.134011771889
      20
-0.216923892887877
      30
0
      10
-58.5116952169715
      20
0.232770055501889
      30
0
      10
-54.9395925064342
      20
0.755355736786786
      30
0
      10
-54.9395925064342
      20
0.755355736786786
      30
0
      10
-51.367489795897
      20
1.27840849938215
      30
0
      10
-47.8456009297404
      20
1.87499771156518
      30
0
      10
-44.3646270478936
      20
2.48246185554203
      30
0
      10
-44.3646270478936
      20
2.48246185554203
      30
0
      10
-40.8679070963275
      20
3.09791352606099
      30
0
      10
-34.3680855422428
      20
4.24431917994027
      30
0
      10
-34.035151495213
      20
4.29120492432155
      30
0
      10
-34.035151495213
      20
4.29120492432155
      30
0
      10
-29.2633316125969
      20
5.10615941258644
      30
0
      10
-24.5534793334904
      20
5.84421443101118
      30
0
      10
-19.88007858586
      20
6.41137120767125
      30
0
      10
-19.88007858586
      20
6.41137120767125
      30
0
      10
-9.86564841236635
      20
7.64716600894883
      30
0
      10
-0.0185977201409219
      20
8.01783750696052
      30
0
      10
9.91214271271863
      20
7.35292049586513
      30
0
      10
9.91214271271863
      20
7.35292049586513
      30
0
      10
13.2223895236718
      20
7.13751281264027
      30
0
      10
16.5419351946955
      20
6.81756218592917
      30
0
      10
19.88007858586
      20
6.41137120767125
      30
0
      10
19.88007858586
      20
6.41137120767125
      30
0
      10
25.2211080117232
      20
5.76363501184429
      30
0
      10
30.6097476011473
      20
4.89089624347859
      30
0
      10
36.0840854849806
      20
3.93820046539864
      30
0
      10
36.0840854849806
      20
3.93820046539864
      30
0
      10
39.4885607446476
      20
3.34458365791649
      30
0
      10
46.0969929843555
      20
2.17190524044487
      30
0
      10
46.4581955659994
      20
2.11973810017481
      30
0
      10
46.4581955659994
      20
2.11973810017481
      30
0
      10
49.2563650299782
      20
1.63951533826308
      30
0
      10
52.0819103380045
      20
1.17364134775131
      30
0
      10
54.9395925064342
      20
0.755355736786784
      30
0
      10
54.9395925064342
      20
0.755355736786784
      30
0
      10
58.5116952169713
      20
0.232770055501887
      30
0
      10
62.134011771889
      20
-0.216923892887878
      30
0
      10
65.8158410312575
      20
-0.518353236602279
      30
0
      10
65.8158410312575
      20
-0.518353236602279
      30
0
      10
67.0561989140945
      20
-0.619885182779425
      30
0
      10
68.2667736106874
      20
-0.952075665697837
      30
0
      10
69.3852360764818
      20
-1.49782114318485
      30
0
      10
69.3852360764818
      20
-1.49782114318485
      30
0
      10
70.5036985422763
      20
-2.04356662067187
      30
0
      10
71.5105181016293
      20
-2.79333724418057
      30
0
      10
72.3538564818957
      20
-3.70852945894109
      30
0
      10
72.3538564818957
      20
-3.70852945894109
      30
0
      10
73.197194862162
      20
-4.62372167370162
      30
0
      10
73.8623256251589
      20
-5.6883543244726
      30
0
      10
74.3150030815603
      20
-6.84761250712845
      30
0
      10
74.3150030815603
      20
-6.84761250712845
      30
0
      10
74.7676805379617
      20
-8.00687068978429
      30
0
      10
75
      20
-9.24051135080788
      30
0
      10
75
      20
-10.4850178448
      30
0
    1001
FS_CYPCUT
    1000
Channel
    1070
1
    1000
LeadIn
    1002
{
    1070
3
    1040
0.5
    1040
1.5707963267949
    1040
1
    1040
1
    1070
0
    1040
0.5
    1070
0
    1002
}
    1000
LeadOut
    1002
{
    1070
0
    1040
0
    1040
0
    1040
0
    1070
0
    1002
}
    1000
IsFill
    1070
1
    1000
PathStart
    1040
0.5
    1000
ToolCompensation
    1002
{
    1070
0
    1040
0
    1070
0
    1002
}
    1000
MicroConnect
    1002
{
    1070
1
    1040
38.5472817
    1041
0.8
    1042
0
    1002
}
       0
ENDBLK
       5
2397
     330
206A
     100
AcDbEntity
       8
0
     100
AcDbBlockEnd
       0
BLOCK
       5
2398
     330
206B
     100
AcDbEntity
       8
0
     100
AcDbBlockBegin
       2
Part1928459335
      70
0
      10
-1.49213975E-13
      20
0
      30
0
       3
Part1928459335
       1

       4
CypCutBlock
       0
CIRCLE
       5
2399
     100
AcDbEntity
       8
1
     100
AcDbCircle
      10
25
      20
15
      30
0
      40
5.74999999999998
    1001
FS_CYPCUT
    1000
Channel
    1070
1
    1000
LeadIn
    1002
{
    1070
3
    1040
0
    1040
1.5707963267949
    1040
1
    1040
1
    1070
0
    1040
0.5
    1070
0
    1002
}
    1000
LeadOut
    1002
{
    1070
0
    1040
0
    1040
0
    1040
0
    1070
0
    1002
}
    1000
IsFill
    1070
0
    1000
PathStart
    1040
0
    1000
ToolCompensation
    1002
{
    1070
0
    1040
0
    1070
0
    1002
}
       0
CIRCLE
       5
239A
     100
AcDbEntity
       8
1
     100
AcDbCircle
      10
25
      20
97
      30
0
      40
5.74999999999999
    1001
FS_CYPCUT
    1000
Channel
    1070
1
    1000
LeadIn
    1002
{
    1070
3
    1040
0
    1040
1.5707963267949
    1040
1
    1040
1
    1070
0
    1040
0.5
    1070
0
    1002
}
    1000
LeadOut
    1002
{
    1070
0
    1040
0
    1040
0
    1040
0
    1070
0
    1002
}
    1000
IsFill
    1070
0
    1000
PathStart
    1040
1
    1000
ToolCompensation
    1002
{
    1070
0
    1040
0
    1070
0
    1002
}
       0
CIRCLE
       5
239B
     100
AcDbEntity
       8
1
     100
AcDbCircle
      10
115
      20
97
      30
0
      40
5.74999999999993
    1001
FS_CYPCUT
    1000
Channel
    1070
1
    1000
LeadIn
    1002
{
    1070
3
    1040
0
    1040
1.5707963267949
    1040
1
    1040
1
    1070
0
    1040
0.5
    1070
0
    1002
}
    1000
LeadOut
    1002
{
    1070
0
    1040
0
    1040
0
    1040
0
    1070
0
    1002
}
    1000
IsFill
    1070
0
    1000
PathStart
    1040
0
    1000
ToolCompensation
    1002
{
    1070
0
    1040
0
    1070
0
    1002
}
       0
CIRCLE
       5
239C
     100
AcDbEntity
       8
1
     100
AcDbCircle
      10
115
      20
15
      30
0
      40
5.75000000000007
    1001
FS_CYPCUT
    1000
Channel
    1070
1
    1000
LeadIn
    1002
{
    1070
3
    1040
5.55111512312578E-17
    1040
1.5707963267949
    1040
1
    1040
1
    1070
0
    1040
0.5
    1070
0
    1002
}
    1000
LeadOut
    1002
{
    1070
0
    1040
0
    1040
0
    1040
0
    1070
0
    1002
}
    1000
IsFill
    1070
0
    1000
PathStart
    1040
5.55111512312578E-17
    1000
ToolCompensation
    1002
{
    1070
0
    1040
0
    1070
0
    1002
}
       0
LWPOLYLINE
       5
239D
     100
AcDbEntity
       8
1
     100
AcDbPolyline
      90
28
      70
1
      10
140
      20
102
      42
0.414213562373095
      10
130
      20
112
      42
0
      10
107.5
      20
112
      42
0.414213562373098
      10
102.5
      20
107
      42
0
      10
102.5
      20
72
      42
-0.414213562373093
      10
97.5
      20
67
      42
0
      10
42.5
      20
67
      42
-0.414213562373094
      10
37.5
      20
72
      42
0
      10
37.5
      20
107
      42
0.414213562373099
      10
32.5
      20
112
      42
0
      10
10
      20
112
      42
0.414213562373095
      10
0
      20
102
      42
0
      10
-1.49213974509621E-13
      20
91.2057505594
      42
0.228462344679848
      10
3.77160969392272
      20
83.3822504350844
      42
-0.482087254296916
      10
3.7716096939701
      20
28.617749564896
      42
0.228462344679848
      10
2.48689957516035E-14
      20
20.7942494406
      42
0
      10
0
      20
10
      42
0.414213562373095
      10
10
      20
4.79616346638068E-14
      42
0
      10
24.3087597297
      20
0
      42
0.250143101964694
      10
32.616257960664
      20
4.43354034034828
      42
-0.533679360150019
      10
107.383742039336
      20
4.43354034034832
      42
0.250143101964695
      10
115.6912402703
      20
0
      42
0
      10
130
      20
0
      42
0.414213562373095
      10
140
      20
10
      42
0
      10
140
      20
20.7942494406
      42
0.22846234467985
      10
136.22839030603
      20
28.6177495648959
      42
-0.482087254296916
      10
136.22839030603
      20
83.3822504351041
      42
0.228462344679843
      10
140
      20
91.2057505594
      42
0
    1001
FS_CYPCUT
    1000
Channel
    1070
1
    1000
LeadIn
    1002
{
    1070
3
    1040
19.5
    1040
1.5707963267949
    1040
1
    1040
1
    1070
0
    1040
0.5
    1070
0
    1002
}
    1000
LeadOut
    1002
{
    1070
0
    1040
0
    1040
0
    1040
0
    1070
0
    1002
}
    1000
IsFill
    1070
1
    1000
PathStart
    1040
19.5
    1000
ToolCompensation
    1002
{
    1070
0
    1040
0
    1070
0
    1002
}
    1000
MicroConnect
    1002
{
    1070
1
    1040
5.41474939
    1041
0.8
    1042
0
    1002
}
       0
ENDBLK
       5
239E
     330
206B
     100
AcDbEntity
       8
0
     100
AcDbBlockEnd
       0
BLOCK
       5
239F
     330
206C
     100
AcDbEntity
       8
0
     100
AcDbBlockBegin
       2
Part550837779
      70
0
      10
-308
      20
-50
      30
0
       3
Part550837779
       1

       4
CypCutBlock
       0
LWPOLYLINE
       5
23A0
     100
AcDbEntity
       8
1
     100
AcDbPolyline
      90
4
      70
1
      10
-178
      20
14.2
      42
0
      10
-183.5
      20
14.2
      42
0
      10
-183.5
      20
-14.2
      42
0
      10
-178
      20
-14.2
      42
0
    1001
FS_CYPCUT
    1000
Channel
    1070
1
    1000
LeadIn
    1002
{
    1070
3
    1040
1.5
    1040
1.5707963267949
    1040
1
    1040
1
    1070
0
    1040
0.5
    1070
0
    1002
}
    1000
LeadOut
    1002
{
    1070
0
    1040
0
    1040
0
    1040
0
    1070
0
    1002
}
    1000
IsFill
    1070
0
    1000
PathStart
    1040
1.5
    1000
ToolCompensation
    1002
{
    1070
0
    1040
0
    1070
0
    1002
}
       0
LWPOLYLINE
       5
23A1
     100
AcDbEntity
       8
1
     100
AcDbPolyline
      90
4
      70
1
      10
-102.5
      20
14.2
      42
0
      10
-108
      20
14.2
      42
0
      10
-108
      20
-14.2
      42
0
      10
-102.5
      20
-14.2
      42
0
    1001
FS_CYPCUT
    1000
Channel
    1070
1
    1000
LeadIn
    1002
{
    1070
3
    1040
1.5
    1040
1.5707963267949
    1040
1
    1040
1
    1070
0
    1040
0.5
    1070
0
    1002
}
    1000
LeadOut
    1002
{
    1070
0
    1040
0
    1040
0
    1040
0
    1070
0
    1002
}
    1000
IsFill
    1070
0
    1000
PathStart
    1040
1.5
    1000
ToolCompensation
    1002
{
    1070
0
    1040
0
    1070
0
    1002
}
       0
LWPOLYLINE
       5
23A2
     100
AcDbEntity
       8
1
     100
AcDbPolyline
      90
4
      70
1
      10
0
      20
50
      42
0
      10
0
      20
-50
      42
0
      10
-306.50164966836
      20
-50.0000000007373
      42
-0.0299670066313379
      10
-306.501649668447
      20
49.9999999992828
      42
0
    1001
FS_CYPCUT
    1000
Channel
    1070
1
    1000
LeadIn
    1002
{
    1070
3
    1040
1.5
    1040
1.5707963267949
    1040
1
    1040
1
    1070
0
    1040
0.5
    1070
0
    1002
}
    1000
LeadOut
    1002
{
    1070
0
    1040
0
    1040
0
    1040
0
    1070
0
    1002
}
    1000
IsFill
    1070
1
    1000
PathStart
    1040
1.5
    1000
ToolCompensation
    1002
{
    1070
0
    1040
0
    1070
0
    1002
}
    1000
MicroConnect
    1002
{
    1070
3
    1040
1.20408069
    1041
0.8
    1042
0
    1040
2.53479057
    1041
0.8
    1042
0
    1040
3.76011568
    1041
0.8
    1042
0
    1002
}
       0
ENDBLK
       5
23A3
     330
206C
     100
AcDbEntity
       8
0
     100
AcDbBlockEnd
       0
BLOCK
       5
23A4
     330
206D
     100
AcDbEntity
       8
0
     100
AcDbBlockBegin
       2
Part682005839
      70
0
      10
-25
      20
-60
      30
0
       3
Part682005839
       1

       4
CypCutBlock
       0
CIRCLE
       5
23A5
     100
AcDbEntity
       8
1
     100
AcDbCircle
      10
0
      20
-40
      30
0
      40
6.75000000000001
    1001
FS_CYPCUT
    1000
Channel
    1070
1
    1000
LeadIn
    1002
{
    1070
3
    1040
0
    1040
1.5707963267949
    1040
1
    1040
1
    1070
0
    1040
0.5
    1070
0
    1002
}
    1000
LeadOut
    1002
{
    1070
0
    1040
0
    1040
0
    1040
0
    1070
0
    1002
}
    1000
IsFill
    1070
0
    1000
PathStart
    1040
0
    1000
ToolCompensation
    1002
{
    1070
0
    1040
0
    1070
0
    1002
}
       0
LINE
       5
23A6
     100
AcDbEntity
       8
2
     100
AcDbLine
      10
25
      20
-4.0103640642
      30
0
      11
-25
      21
-4.0103640642
      31
0
    1001
FS_CYPCUT
    1000
Channel
    1070
2
    1000
LeadIn
    1002
{
    1070
3
    1040
0
    1040
1.5707963267949
    1040
1
    1040
1
    1070
0
    1040
0.5
    1070
0
    1002
}
    1000
LeadOut
    1002
{
    1070
0
    1040
0
    1040
0
    1040
0
    1070
0
    1002
}
    1000
IsFill
    1070
0
    1000
PathStart
    1040
0
    1000
ToolCompensation
    1002
{
    1070
0
    1040
0
    1070
0
    1002
}
       0
LWPOLYLINE
       5
23A7
     100
AcDbEntity
       8
1
     100
AcDbPolyline
      90
4
      70
1
      10
5.5
      20
45.9792718716
      42
0
      10
5.5
      20
15.9792718716
      42
-1
      10
-5.5
      20
15.9792718716
      42
0
      10
-5.5
      20
45.9792718716
      42
-1
    1001
FS_CYPCUT
    1000
Channel
    1070
1
    1000
LeadIn
    1002
{
    1070
3
    1040
0.5
    1040
1.5707963267949
    1040
1
    1040
1
    1070
0
    1040
0.5
    1070
0
    1002
}
    1000
LeadOut
    1002
{
    1070
0
    1040
0
    1040
0
    1040
0
    1070
0
    1002
}
    1000
IsFill
    1070
0
    1000
PathStart
    1040
0.5
    1000
ToolCompensation
    1002
{
    1070
0
    1040
0
    1070
0
    1002
}
       0
LWPOLYLINE
       5
23A8
     100
AcDbEntity
       8
1
     100
AcDbPolyline
      90
8
      70
1
      10
25
      20
56.9792718716
      42
0
      10
25
      20
-55
      42
-0.414213562373095
      10
20
      20
-60
      42
0
      10
-20
      20
-60
      42
-0.414213562373095
      10
-25
      20
-55
      42
0
      10
-25
      20
56.9792718716
      42
-0.414213562373096
      10
-20
      20
61.9792718716
      42
0
      10
20
      20
61.9792718716
      42
-0.414213562373096
    1001
FS_CYPCUT
    1000
Channel
    1070
1
    1000
LeadIn
    1002
{
    1070
3
    1040
0.5
    1040
1.5707963267949
    1040
1
    1040
1
    1070
0
    1040
0.5
    1070
0
    1002
}
    1000
LeadOut
    1002
{
    1070
0
    1040
0
    1040
0
    1040
0
    1070
0
    1002
}
    1000
IsFill
    1070
1
    1000
PathStart
    1040
0.5
    1000
ToolCompensation
    1002
{
    1070
0
    1040
0
    1070
0
    1002
}
    1000
MicroConnect
    1002
{
    1070
1
    1040
4.74522207
    1041
0.8
    1042
0
    1002
}
       0
ENDBLK
       5
23A9
     330
206D
     100
AcDbEntity
       8
0
     100
AcDbBlockEnd
       0
ENDSEC
       0
SECTION
       2
ENTITIES
       0
INSERT
       5
23AA
     100
AcDbEntity
       8
1
     100
AcDbBlockReference
       2
Part1983579392
      10
2229.03616790525
      20
2045.65399461252
      30
0
      41
1
      42
1
      50
90.0000001836389
    1001
FS_CYPCUT
    1000
Channel
    1070
1
    1000
LeadIn
    1002
{
    1070
0
    1040
0
    1040
0
    1040
0
    1040
0
    1070
0
    1040
0
    1070
0
    1002
}
    1000
LeadOut
    1002
{
    1070
0
    1040
0
    1040
0
    1040
0
    1070
0
    1002
}
       0
INSERT
       5
23AB
     100
AcDbEntity
       8
1
     100
AcDbBlockReference
       2
Part1841536260
      10
2352.03616790525
      20
2045.65399461252
      30
0
      41
1
      42
1
      50
90.0000001836389
    1001
FS_CYPCUT
    1000
Channel
    1070
1
    1000
LeadIn
    1002
{
    1070
0
    1040
0
    1040
0
    1040
0
    1040
0
    1070
0
    1040
0
    1070
0
    1002
}
    1000
LeadOut
    1002
{
    1070
0
    1040
0
    1040
0
    1040
0
    1070
0
    1002
}
       0
INSERT
       5
23AC
     100
AcDbEntity
       8
1
     100
AcDbBlockReference
       2
Part1369442624
      10
2397.03626682034
      20
2045.65402861227
      30
0
      41
1
      42
1
      50
90.0000001836389
    1001
FS_CYPCUT
    1000
Channel
    1070
1
    1000
LeadIn
    1002
{
    1070
0
    1040
0
    1040
0
    1040
0
    1040
0
    1070
0
    1040
0
    1070
0
    1002
}
    1000
LeadOut
    1002
{
    1070
0
    1040
0
    1040
0
    1040
0
    1070
0
    1002
}
       0
INSERT
       5
23AD
     100
AcDbEntity
       8
1
     100
AcDbBlockReference
       2
Part1451734777
      10
1203.23706682034
      20
2045.65402861227
      30
0
      41
1
      42
1
      50
0
    1001
FS_CYPCUT
    1000
Channel
    1070
1
    1000
LeadIn
    1002
{
    1070
0
    1040
0
    1040
0
    1040
0
    1040
0
    1070
0
    1040
0
    1070
0
    1002
}
    1000
LeadOut
    1002
{
    1070
0
    1040
0
    1040
0
    1040
0
    1070
0
    1002
}
       0
INSERT
       5
23AE
     100
AcDbEntity
       8
1
     100
AcDbBlockReference
       2
Part1936413174
      10
2252.03596685112
      20
2547.41582864304
      30
0
      41
1
      42
1
      50
269.999999977959
    1001
FS_CYPCUT
    1000
Channel
    1070
1
    1000
LeadIn
    1002
{
    1070
0
    1040
0
    1040
0
    1040
0
    1040
0
    1070
0
    1040
0
    1070
0
    1002
}
    1000
LeadOut
    1002
{
    1070
0
    1040
0
    1040
0
    1040
0
    1070
0
    1002
}
       0
INSERT
       5
23AF
     100
AcDbEntity
       8
1
     100
AcDbBlockReference
       2
Part407627364
      10
2249.03686707675
      20
2387.41582886868
      30
0
      41
1
      42
1
      50
90.0000001836389
    1001
FS_CYPCUT
    1000
Channel
    1070
1
    1000
LeadIn
    1002
{
    1070
0
    1040
0
    1040
0
    1040
0
    1040
0
    1070
0
    1040
0
    1070
0
    1002
}
    1000
LeadOut
    1002
{
    1070
0
    1040
0
    1040
0
    1040
0
    1070
0
    1002
}
       0
INSERT
       5
23B0
     100
AcDbEntity
       8
1
     100
AcDbBlockReference
       2
Part1106952901
      10
2312.03629682034
      20
2550.49652861227
      30
0
      41
1
      42
1
      50
0
    1001
FS_CYPCUT
    1000
Channel
    1070
1
    1000
LeadIn
    1002
{
    1070
0
    1040
0
    1040
0
    1040
0
    1040
0
    1070
0
    1040
0
    1070
0
    1002
}
    1000
LeadOut
    1002
{
    1070
0
    1040
0
    1040
0
    1040
0
    1070
0
    1002
}
       0
INSERT
       5
23B1
     100
AcDbEntity
       8
1
     100
AcDbBlockReference
       2
Part1621055646
      10
2394.63706682034
      20
2703.49542861227
      30
0
      41
1
      42
1
      50
180
    1001
FS_CYPCUT
    1000
Channel
    1070
1
    1000
LeadIn
    1002
{
    1070
0
    1040
0
    1040
0
    1040
0
    1040
0
    1070
0
    1040
0
    1070
0
    1002
}
    1000
LeadOut
    1002
{
    1070
0
    1040
0
    1040
0
    1040
0
    1070
0
    1002
}
       0
INSERT
       5
23B2
     100
AcDbEntity
       8
1
     100
AcDbBlockReference
       2
Part2043137591
      10
2312.01126682034
      20
2603.55412861227
      30
0
      41
1
      42
1
      50
0
    1001
FS_CYPCUT
    1000
Channel
    1070
1
    1000
LeadIn
    1002
{
    1070
0
    1040
0
    1040
0
    1040
0
    1040
0
    1070
0
    1040
0
    1070
0
    1002
}
    1000
LeadOut
    1002
{
    1070
0
    1040
0
    1040
0
    1040
0
    1070
0
    1002
}
       0
INSERT
       5
23B3
     100
AcDbEntity
       8
1
     100
AcDbBlockReference
       2
Part1659823463
      10
2109.03706682034
      20
2550.41492861227
      30
0
      41
1
      42
1
      50
0
    1001
FS_CYPCUT
    1000
Channel
    1070
1
    1000
LeadIn
    1002
{
    1070
0
    1040
0
    1040
0
    1040
0
    1040
0
    1070
0
    1040
0
    1070
0
    1002
}
    1000
LeadOut
    1002
{
    1070
0
    1040
0
    1040
0
    1040
0
    1070
0
    1002
}
       0
LWPOLYLINE
       5
23B4
     100
AcDbEntity
       8
1
     100
AcDbPolyline
      90
16
      70
1
      10
2178.49050185052
      20
2627.32684254769
      42
0
      10
2171.03716682034
      20
2619.87374071547
      42
0
      10
2171.03716682034
      20
2614.83622386167
      42
0
      10
2182.03716682035
      20
2614.83622386171
      42
-0.414213823065239
      10
2187.03716682034
      20
2609.83638030027
      42
0
      10
2187.03716682036
      20
2606.8741474558
      42
-0.414213823065243
      10
2182.03716682034
      20
2601.87430389447
      42
0
      10
2171.03716682034
      20
2601.87430389447
      42
0
      10
2171.03716682034
      20
2596.83678704067
      42
0
      10
2178.53716682034
      20
2589.33702169867
      42
0
      10
2242.23716682034
      20
2577.06492861227
      42
0
      10
2242.23716682034
      20
2594.33686525997
      42
0
      10
2246.73716682034
      20
2594.33686525997
      42
0
      10
2246.73716682034
      20
2622.37366249617
      42
0
      10
2242.23716682034
      20
2622.37366249617
      42
0
      10
2242.23716682034
      20
2639.60792585147
      42
0
    1001
FS_CYPCUT
    1000
Channel
    1070
1
    1000
LeadIn
    1002
{
    1070
3
    1040
0
    1040
1.5707963267949
    1040
1
    1040
1
    1070
0
    1040
0.5
    1070
0
    1002
}
    1000
LeadOut
    1002
{
    1070
0
    1040
0
    1040
0
    1040
0
    1070
0
    1002
}
    1000
IsFill
    1070
1
    1000
PathStart
    1040
0
    1000
ToolCompensation
    1002
{
    1070
0
    1040
0
    1070
0
    1002
}
    1000
MicroConnect
    1002
{
    1070
2
    1040
9.14886416
    1041
0.8
    1042
0
    1040
12.8533596
    1041
0.8
    1042
0
    1002
}
       0
INSERT
       5
23B5
     100
AcDbEntity
       8
1
     100
AcDbBlockReference
       2
Part1237759770
      10
2394.62826682034
      20
2806.49542861227
      30
0
      41
1
      42
1
      50
180
    1001
FS_CYPCUT
    1000
Channel
    1070
1
    1000
LeadIn
    1002
{
    1070
0
    1040
0
    1040
0
    1040
0
    1040
0
    1070
0
    1040
0
    1070
0
    1002
}
    1000
LeadOut
    1002
{
    1070
0
    1040
0
    1040
0
    1040
0
    1070
0
    1002
}
       0
INSERT
       5
23B6
     100
AcDbEntity
       8
1
     100
AcDbBlockReference
       2
Part2082980233
      10
2394.61306682034
      20
2909.49542861227
      30
0
      41
1
      42
1
      50
180
    1001
FS_CYPCUT
    1000
Channel
    1070
1
    1000
LeadIn
    1002
{
    1070
0
    1040
0
    1040
0
    1040
0
    1040
0
    1070
0
    1040
0
    1070
0
    1002
}
    1000
LeadOut
    1002
{
    1070
0
    1040
0
    1040
0
    1040
0
    1070
0
    1002
}
       0
INSERT
       5
23B7
     100
AcDbEntity
       8
1
     100
AcDbBlockReference
       2
CommonPart1440687146
      10
1786.23686682034
      20
2648.65402861227
      30
0
      41
1
      42
1
      50
0
    1001
FS_CYPCUT
    1000
Channel
    1070
1
    1000
LeadIn
    1002
{
    1070
0
    1040
0
    1040
0
    1040
0
    1040
0
    1070
0
    1040
0
    1070
0
    1002
}
    1000
LeadOut
    1002
{
    1070
0
    1040
0
    1040
0
    1040
0
    1070
0
    1002
}
       0
INSERT
       5
23B8
     100
AcDbEntity
       8
1
     100
AcDbBlockReference
       2
CommonPart
      10
1203.23696682034
      20
2648.65402861227
      30
0
      41
1
      42
1
      50
0
    1001
FS_CYPCUT
    1000
Channel
    1070
1
    1000
LeadIn
    1002
{
    1070
0
    1040
0
    1040
0
    1040
0
    1040
0
    1070
0
    1040
0
    1070
0
    1002
}
    1000
LeadOut
    1002
{
    1070
0
    1040
0
    1040
0
    1040
0
    1070
0
    1002
}
       0
LWPOLYLINE
       5
23B9
     100
AcDbEntity
       8
1
     100
AcDbPolyline
      90
16
      70
1
      10
1608.23716682034
      20
2899.79092861227
      42
0.414213562373095
      10
1610.23716682034
      20
2897.79092861227
      42
0
      10
1628.73716682034
      20
2897.79092861227
      42
0
      10
1628.73716682034
      20
2893.49092861227
      42
0.414213562373097
      10
1630.73716682034
      20
2891.49092861227
      42
0
      10
1645.73716682034
      20
2891.49092861227
      42
0.414213562373094
      10
1647.73716682034
      20
2893.49092861227
      42
0
      10
1647.73716682034
      20
2897.79092861227
      42
0
      10
1666.23716682034
      20
2897.79092861227
      42
0.414213562373095
      10
1668.23716682034
      20
2899.79092861227
      42
0
      10
1668.23716682034
      20
2935.79092861227
      42
0.414213562373094
      10
1666.23716682034
      20
2937.79092861227
      42
0
      10
1651.57050015364
      20
2937.79092861227
      42
0.162277660168183
      10
1645.57050015364
      20
2935.79092861227
      42
0
      10
1610.23716682034
      20
2909.29092861227
      42
0.236067977499994
      10
1608.23716682034
      20
2905.29092861227
      42
0
    1001
FS_CYPCUT
    1000
Channel
    1070
1
    1000
LeadIn
    1002
{
    1070
3
    1040
13.5
    1040
1.5707963267949
    1040
1
    1040
1
    1070
0
    1040
0.5
    1070
0
    1002
}
    1000
LeadOut
    1002
{
    1070
0
    1040
0
    1040
0
    1040
0
    1070
0
    1002
}
    1000
IsFill
    1070
1
    1000
PathStart
    1040
13.5
    1000
ToolCompensation
    1002
{
    1070
0
    1040
0
    1070
0
    1002
}
    1000
MicroConnect
    1002
{
    1070
1
    1040
4.59021064
    1041
0.8
    1042
0
    1002
}
       0
LWPOLYLINE
       5
23BA
     100
AcDbEntity
       8
1
     100
AcDbPolyline
      90
16
      70
1
      10
1318.23706682034
      20
2899.79092861227
      42
0.414213562373095
      10
1320.23706682034
      20
2897.79092861227
      42
0
      10
1338.73706682034
      20
2897.79092861227
      42
0
      10
1338.73706682034
      20
2893.49092861227
      42
0.414213562373097
      10
1340.73706682034
      20
2891.49092861227
      42
0
      10
1355.73706682034
      20
2891.49092861227
      42
0.414213562373094
      10
1357.73706682034
      20
2893.49092861227
      42
0
      10
1357.73706682034
      20
2897.79092861227
      42
0
      10
1376.23706682034
      20
2897.79092861227
      42
0.414213562373095
      10
1378.23706682034
      20
2899.79092861227
      42
0
      10
1378.23706682034
      20
2935.79092861227
      42
0.414213562373094
      10
1376.23706682034
      20
2937.79092861227
      42
0
      10
1361.57040015364
      20
2937.79092861227
      42
0.162277660168183
      10
1355.57040015364
      20
2935.79092861227
      42
0
      10
1320.23706682034
      20
2909.29092861227
      42
0.236067977499994
      10
1318.23706682034
      20
2905.29092861227
      42
0
    1001
FS_CYPCUT
    1000
Channel
    1070
1
    1000
LeadIn
    1002
{
    1070
3
    1040
13.5
    1040
1.5707963267949
    1040
1
    1040
1
    1070
0
    1040
0.5
    1070
0
    1002
}
    1000
LeadOut
    1002
{
    1070
0
    1040
0
    1040
0
    1040
0
    1070
0
    1002
}
    1000
IsFill
    1070
1
    1000
PathStart
    1040
13.5
    1000
ToolCompensation
    1002
{
    1070
0
    1040
0
    1070
0
    1002
}
    1000
MicroConnect
    1002
{
    1070
1
    1040
4.59021064
    1041
0.8
    1042
0
    1002
}
       0
INSERT
       5
23BB
     100
AcDbEntity
       8
1
     100
AcDbBlockReference
       2
Part1391791728
      10
1913.73696684342
      20
2949.590628619
      30
0
      41
1
      42
1
      50
269.999999977959
    1001
FS_CYPCUT
    1000
Channel
    1070
1
    1000
LeadIn
    1002
{
    1070
0
    1040
0
    1040
0
    1040
0
    1040
0
    1070
0
    1040
0
    1070
0
    1002
}
    1000
LeadOut
    1002
{
    1070
0
    1040
0
    1040
0
    1040
0
    1070
0
    1002
}
       0
INSERT
       5
23BC
     100
AcDbEntity
       8
1
     100
AcDbBlockReference
       2
Part623606508
      10
2189.60016682034
      20
2885.22482861227
      30
0
      41
1
      42
1
      50
0
    1001
FS_CYPCUT
    1000
Channel
    1070
1
    1000
LeadIn
    1002
{
    1070
0
    1040
0
    1040
0
    1040
0
    1040
0
    1070
0
    1040
0
    1070
0
    1002
}
    1000
LeadOut
    1002
{
    1070
0
    1040
0
    1040
0
    1040
0
    1070
0
    1002
}
       0
INSERT
       5
23BD
     100
AcDbEntity
       8
1
     100
AcDbBlockReference
       2
Part1159274559
      10
2347.13706682034
      20
2939.52352861227
      30
0
      41
1
      42
1
      50
0
    1001
FS_CYPCUT
    1000
Channel
    1070
1
    1000
LeadIn
    1002
{
    1070
0
    1040
0
    1040
0
    1040
0
    1040
0
    1070
0
    1040
0
    1070
0
    1002
}
    1000
LeadOut
    1002
{
    1070
0
    1040
0
    1040
0
    1040
0
    1070
0
    1002
}
       0
INSERT
       5
23BE
     100
AcDbEntity
       8
1
     100
AcDbBlockReference
       2
Part1196445435
      10
2101.23666682284
      20
2961.66395679239
      30
0
      41
1
      42
1
      50
90.0000001836389
    1001
FS_CYPCUT
    1000
Channel
    1070
1
    1000
LeadIn
    1002
{
    1070
0
    1040
0
    1040
0
    1040
0
    1040
0
    1070
0
    1040
0
    1070
0
    1002
}
    1000
LeadOut
    1002
{
    1070
0
    1040
0
    1040
0
    1040
0
    1070
0
    1002
}
       0
INSERT
       5
23BF
     100
AcDbEntity
       8
1
     100
AcDbBlockReference
       2
Part1619535840
      10
1809.73676682284
      20
2956.03585679239
      30
0
      41
1
      42
1
      50
90.0000001836389
    1001
FS_CYPCUT
    1000
Channel
    1070
1
    1000
LeadIn
    1002
{
    1070
0
    1040
0
    1040
0
    1040
0
    1040
0
    1070
0
    1040
0
    1070
0
    1002
}
    1000
LeadOut
    1002
{
    1070
0
    1040
0
    1040
0
    1040
0
    1070
0
    1002
}
       0
INSERT
       5
23C0
     100
AcDbEntity
       8
1
     100
AcDbBlockReference
       2
Part1581304676
      10
1518.23676682284
      20
2961.66395679239
      30
0
      41
1
      42
1
      50
90.0000001836389
    1001
FS_CYPCUT
    1000
Channel
    1070
1
    1000
LeadIn
    1002
{
    1070
0
    1040
0
    1040
0
    1040
0
    1040
0
    1070
0
    1040
0
    1070
0
    1002
}
    1000
LeadOut
    1002
{
    1070
0
    1040
0
    1040
0
    1040
0
    1070
0
    1002
}
       0
INSERT
       5
23C1
     100
AcDbEntity
       8
1
     100
AcDbBlockReference
       2
Part1557669242
      10
1474.40456682034
      20
3046.64292861227
      30
0
      41
1
      42
1
      50
0
    1001
FS_CYPCUT
    1000
Channel
    1070
1
    1000
LeadIn
    1002
{
    1070
0
    1040
0
    1040
0
    1040
0
    1040
0
    1070
0
    1040
0
    1070
0
    1002
}
    1000
LeadOut
    1002
{
    1070
0
    1040
0
    1040
0
    1040
0
    1070
0
    1002
}
       0
LWPOLYLINE
       5
23C2
     100
AcDbEntity
       8
1
     100
AcDbPolyline
      90
8
      70
1
      10
1664.45796682034
      20
3067.96142861227
      42
0
      10
1619.45796682034
      20
3067.96142861227
      42
-0.414213562373095
      10
1614.45796682034
      20
3072.96142861227
      42
0
      10
1614.45796682034
      20
3117.96142861227
      42
0
      10
1622.38689900844
      20
3117.96142861227
      42
-0.198912367379659
      10
1625.92243291444
      20
3116.49696251817
      42
0
      10
1662.99350072627
      20
3079.4258947063
      42
-0.198912367379659
      10
1664.45796682034
      20
3075.89036080037
      42
0
    1001
FS_CYPCUT
    1000
Channel
    1070
1
    1000
LeadIn
    1002
{
    1070
3
    1040
5.5
    1040
1.5707963267949
    1040
1
    1040
1
    1070
0
    1040
0.5
    1070
0
    1002
}
    1000
LeadOut
    1002
{
    1070
0
    1040
0
    1040
0
    1040
0
    1070
0
    1002
}
    1000
IsFill
    1070
1
    1000
PathStart
    1040
5.5
    1000
ToolCompensation
    1002
{
    1070
0
    1040
0
    1070
0
    1002
}
    1000
MicroConnect
    1002
{
    1070
1
    1040
2.12936633
    1041
0.6
    1042
0
    1002
}
       0
INSERT
       5
23C3
     100
AcDbEntity
       8
1
     100
AcDbBlockReference
       2
Part419161880
      10
1765.90196682034
      20
3041.01482861227
      30
0
      41
1
      42
1
      50
0
    1001
FS_CYPCUT
    1000
Channel
    1070
1
    1000
LeadIn
    1002
{
    1070
0
    1040
0
    1040
0
    1040
0
    1040
0
    1070
0
    1040
0
    1070
0
    1002
}
    1000
LeadOut
    1002
{
    1070
0
    1040
0
    1040
0
    1040
0
    1070
0
    1002
}
       0
LWPOLYLINE
       5
23C4
     100
AcDbEntity
       8
1
     100
AcDbPolyline
      90
16
      70
1
      10
1901.23716682034
      20
3074.79002861227
      42
0.414213562373095
      10
1903.23716682034
      20
3072.79002861227
      42
0
      10
1921.73716682034
      20
3072.79002861227
      42
0
      10
1921.73716682034
      20
3068.49002861227
      42
0.414213562373097
      10
1923.73716682034
      20
3066.49002861227
      42
0
      10
1938.73716682034
      20
3066.49002861227
      42
0.414213562373094
      10
1940.73716682034
      20
3068.49002861227
      42
0
      10
1940.73716682034
      20
3072.79002861227
      42
0
      10
1959.23716682034
      20
3072.79002861227
      42
0.414213562373095
      10
1961.23716682034
      20
3074.79002861227
      42
0
      10
1961.23716682034
      20
3110.79002861227
      42
0.414213562373094
      10
1959.23716682034
      20
3112.79002861227
      42
0
      10
1944.57050015364
      20
3112.79002861227
      42
0.162277660168183
      10
1938.57050015364
      20
3110.79002861227
      42
0
      10
1903.23716682034
      20
3084.29002861227
      42
0.236067977499994
      10
1901.23716682034
      20
3080.29002861227
      42
0
    1001
FS_CYPCUT
    1000
Channel
    1070
1
    1000
LeadIn
    1002
{
    1070
3
    1040
13.5
    1040
1.5707963267949
    1040
1
    1040
1
    1070
0
    1040
0.5
    1070
0
    1002
}
    1000
LeadOut
    1002
{
    1070
0
    1040
0
    1040
0
    1040
0
    1070
0
    1002
}
    1000
IsFill
    1070
1
    1000
PathStart
    1040
13.5
    1000
ToolCompensation
    1002
{
    1070
0
    1040
0
    1070
0
    1002
}
    1000
MicroConnect
    1002
{
    1070
1
    1040
4.59021064
    1041
0.8
    1042
0
    1002
}
       0
INSERT
       5
23C5
     100
AcDbEntity
       8
1
     100
AcDbBlockReference
       2
Part1197746022
      10
2057.40166682034
      20
3046.64292861227
      30
0
      41
1
      42
1
      50
0
    1001
FS_CYPCUT
    1000
Channel
    1070
1
    1000
LeadIn
    1002
{
    1070
0
    1040
0
    1040
0
    1040
0
    1040
0
    1070
0
    1040
0
    1070
0
    1002
}
    1000
LeadOut
    1002
{
    1070
0
    1040
0
    1040
0
    1040
0
    1070
0
    1002
}
       0
INSERT
       5
23C6
     100
AcDbEntity
       8
1
     100
AcDbBlockReference
       2
Part1222766513
      10
2396.77556682034
      20
3164.50282861227
      30
0
      41
1
      42
1
      50
180
    1001
FS_CYPCUT
    1000
Channel
    1070
1
    1000
LeadIn
    1002
{
    1070
0
    1040
0
    1040
0
    1040
0
    1040
0
    1070
0
    1040
0
    1070
0
    1002
}
    1000
LeadOut
    1002
{
    1070
0
    1040
0
    1040
0
    1040
0
    1070
0
    1002
}
       0
LWPOLYLINE
       5
23C7
     100
AcDbEntity
       8
1
     100
AcDbPolyline
      90
16
      70
1
      10
2194.23716682034
      20
3074.78962861227
      42
0.414213562373095
      10
2196.23716682034
      20
3072.78962861227
      42
0
      10
2214.73716682034
      20
3072.78962861227
      42
0
      10
2214.73716682034
      20
3068.48962861227
      42
0.414213562373097
      10
2216.73716682034
      20
3066.48962861227
      42
0
      10
2231.73716682034
      20
3066.48962861227
      42
0.414213562373094
      10
2233.73716682034
      20
3068.48962861227
      42
0
      10
2233.73716682034
      20
3072.78962861227
      42
0
      10
2252.23716682034
      20
3072.78962861227
      42
0.414213562373095
      10
2254.23716682034
      20
3074.78962861227
      42
0
      10
2254.23716682034
      20
3110.78962861227
      42
0.414213562373094
      10
2252.23716682034
      20
3112.78962861227
      42
0
      10
2237.57050015364
      20
3112.78962861227
      42
0.162277660168183
      10
2231.57050015364
      20
3110.78962861227
      42
0
      10
2196.23716682034
      20
3084.28962861227
      42
0.236067977499994
      10
2194.23716682034
      20
3080.28962861227
      42
0
    1001
FS_CYPCUT
    1000
Channel
    1070
1
    1000
LeadIn
    1002
{
    1070
3
    1040
13.5
    1040
1.5707963267949
    1040
1
    1040
1
    1070
0
    1040
0.5
    1070
0
    1002
}
    1000
LeadOut
    1002
{
    1070
0
    1040
0
    1040
0
    1040
0
    1070
0
    1002
}
    1000
IsFill
    1070
0
    1000
PathStart
    1040
13.5
    1000
ToolCompensation
    1002
{
    1070
0
    1040
0
    1070
0
    1002
}
    1000
MicroConnect
    1002
{
    1070
1
    1040
4.59021064
    1041
0.8
    1042
0
    1002
}
       0
INSERT
       5
23C8
     100
AcDbEntity
       8
1
     100
AcDbBlockReference
       2
Part1320207480
      10
2079.23706682034
      20
3013.65272861227
      30
0
      41
1
      42
1
      50
0
    1001
FS_CYPCUT
    1000
Channel
    1070
1
    1000
LeadIn
    1002
{
    1070
0
    1040
0
    1040
0
    1040
0
    1040
0
    1070
0
    1040
0
    1070
0
    1002
}
    1000
LeadOut
    1002
{
    1070
0
    1040
0
    1040
0
    1040
0
    1070
0
    1002
}
       0
INSERT
       5
23C9
     100
AcDbEntity
       8
1
     100
AcDbBlockReference
       2
CommonPart1876554275
      10
1496.23696682034
      20
3013.65311861226
      30
0
      41
1
      42
1
      50
0
    1001
FS_CYPCUT
    1000
Channel
    1070
1
    1000
LeadIn
    1002
{
    1070
0
    1040
0
    1040
0
    1040
0
    1040
0
    1070
0
    1040
0
    1070
0
    1002
}
    1000
LeadOut
    1002
{
    1070
0
    1040
0
    1040
0
    1040
0
    1070
0
    1002
}
       0
LWPOLYLINE
       5
23CA
     100
AcDbEntity
       8
1
     100
AcDbPolyline
      90
16
      70
1
      10
1318.23716682034
      20
3074.79002861227
      42
0.414213562373095
      10
1320.23716682034
      20
3072.79002861227
      42
0
      10
1338.73716682034
      20
3072.79002861227
      42
0
      10
1338.73716682034
      20
3068.49002861227
      42
0.414213562373097
      10
1340.73716682034
      20
3066.49002861227
      42
0
      10
1355.73716682034
      20
3066.49002861227
      42
0.414213562373094
      10
1357.73716682034
      20
3068.49002861227
      42
0
      10
1357.73716682034
      20
3072.79002861227
      42
0
      10
1376.23716682034
      20
3072.79002861227
      42
0.414213562373095
      10
1378.23716682034
      20
3074.79002861227
      42
0
      10
1378.23716682034
      20
3110.79002861227
      42
0.414213562373094
      10
1376.23716682034
      20
3112.79002861227
      42
0
      10
1361.57050015364
      20
3112.79002861227
      42
0.162277660168183
      10
1355.57050015364
      20
3110.79002861227
      42
0
      10
1320.23716682034
      20
3084.29002861227
      42
0.236067977499994
      10
1318.23716682034
      20
3080.29002861227
      42
0
    1001
FS_CYPCUT
    1000
Channel
    1070
1
    1000
LeadIn
    1002
{
    1070
3
    1040
13.5
    1040
1.5707963267949
    1040
1
    1040
1
    1070
0
    1040
0.5
    1070
0
    1002
}
    1000
LeadOut
    1002
{
    1070
0
    1040
0
    1040
0
    1040
0
    1070
0
    1002
}
    1000
IsFill
    1070
0
    1000
PathStart
    1040
13.5
    1000
ToolCompensation
    1002
{
    1070
0
    1040
0
    1070
0
    1002
}
    1000
MicroConnect
    1002
{
    1070
1
    1040
4.59021064
    1041
0.8
    1042
0
    1002
}
       0
INSERT
       5
23CB
     100
AcDbEntity
       8
1
     100
AcDbBlockReference
       2
Part919846116
      10
1203.23706682034
      20
3013.65312861227
      30
0
      41
1
      42
1
      50
0
    1001
FS_CYPCUT
    1000
Channel
    1070
1
    1000
LeadIn
    1002
{
    1070
0
    1040
0
    1040
0
    1040
0
    1040
0
    1070
0
    1040
0
    1070
0
    1002
}
    1000
LeadOut
    1002
{
    1070
0
    1040
0
    1040
0
    1040
0
    1070
0
    1002
}
       0
INSERT
       5
23CC
     100
AcDbEntity
       8
1
     100
AcDbBlockReference
       2
Part1891687201
      10
1484.23626682034
      20
3521.52812861227
      30
0
      41
1
      42
1
      50
180
    1001
FS_CYPCUT
    1000
Channel
    1070
1
    1000
LeadIn
    1002
{
    1070
0
    1040
0
    1040
0
    1040
0
    1040
0
    1070
0
    1040
0
    1070
0
    1002
}
    1000
LeadOut
    1002
{
    1070
0
    1040
0
    1040
0
    1040
0
    1070
0
    1002
}
       0
INSERT
       5
23CD
     100
AcDbEntity
       8
1
     100
AcDbBlockReference
       2
Part1595143634
      10
1363.23706682034
      20
3518.65312861227
      30
0
      41
1
      42
1
      50
180
    1001
FS_CYPCUT
    1000
Channel
    1070
1
    1000
LeadIn
    1002
{
    1070
0
    1040
0
    1040
0
    1040
0
    1040
0
    1070
0
    1040
0
    1070
0
    1002
}
    1000
LeadOut
    1002
{
    1070
0
    1040
0
    1040
0
    1040
0
    1070
0
    1002
}
       0
INSERT
       5
23CE
     100
AcDbEntity
       8
1
     100
AcDbBlockReference
       2
Part205020426
      10
1203.23706682034
      20
3524.52812861227
      30
0
      41
1
      42
1
      50
0
    1001
FS_CYPCUT
    1000
Channel
    1070
1
    1000
LeadIn
    1002
{
    1070
0
    1040
0
    1040
0
    1040
0
    1040
0
    1070
0
    1040
0
    1070
0
    1002
}
    1000
LeadOut
    1002
{
    1070
0
    1040
0
    1040
0
    1040
0
    1070
0
    1002
}
       0
LWPOLYLINE
       5
23CF
     100
AcDbEntity
       8
1
     100
AcDbPolyline
      90
16
      70
1
      10
1454.81088075576
      20
3588.27479358209
      42
0
      10
1447.35777892354
      20
3595.72812861227
      42
0
      10
1442.32026206974
      20
3595.72812861227
      42
0
      10
1442.32026206978
      20
3584.72812861225
      42
-0.414213823065239
      10
1437.32041850834
      20
3579.72812861227
      42
0
      10
1434.35818566387
      20
3579.72812861225
      42
-0.414213823065243
      10
1429.35834210254
      20
3584.72812861227
      42
0
      10
1429.35834210254
      20
3595.72812861227
      42
0
      10
1424.32082524874
      20
3595.72812861227
      42
0
      10
1416.82105990674
      20
3588.22812861227
      42
0
      10
1404.54896682034
      20
3524.52812861227
      42
0
      10
1421.82090346804
      20
3524.52812861227
      42
0
      10
1421.82090346804
      20
3520.02812861227
      42
0
      10
1449.85770070424
      20
3520.02812861227
      42
0
      10
1449.85770070424
      20
3524.52812861227
      42
0
      10
1467.09196405954
      20
3524.52812861227
      42
0
    1001
FS_CYPCUT
    1000
Channel
    1070
1
    1000
LeadIn
    1002
{
    1070
3
    1040
0
    1040
1.5707963267949
    1040
1
    1040
1
    1070
0
    1040
0.5
    1070
0
    1002
}
    1000
LeadOut
    1002
{
    1070
0
    1040
0
    1040
0
    1040
0
    1070
0
    1002
}
    1000
IsFill
    1070
1
    1000
PathStart
    1040
0
    1000
ToolCompensation
    1002
{
    1070
0
    1040
0
    1070
0
    1002
}
    1000
MicroConnect
    1002
{
    1070
2
    1040
9.14886416
    1041
0.8
    1042
0
    1040
12.8533596
    1041
0.8
    1042
0
    1002
}
       0
LWPOLYLINE
       5
23D0
     100
AcDbEntity
       8
1
     100
AcDbPolyline
      90
8
      70
1
      10
1443.25836682034
      20
3614.07032861227
      42
0
      10
1488.25836682034
      20
3614.07032861227
      42
-0.414213562373095
      10
1493.25836682034
      20
3609.07032861227
      42
0
      10
1493.25836682034
      20
3564.07032861227
      42
0
      10
1485.32943463224
      20
3564.07032861227
      42
-0.198912367379659
      10
1481.79390072624
      20
3565.53479470637
      42
0
      10
1444.72283291441
      20
3602.60586251823
      42
-0.198912367379659
      10
1443.25836682034
      20
3606.14139642417
      42
0
    1001
FS_CYPCUT
    1000
Channel
    1070
1
    1000
LeadIn
    1002
{
    1070
3
    1040
5.5
    1040
1.5707963267949
    1040
1
    1040
1
    1070
0
    1040
0.5
    1070
0
    1002
}
    1000
LeadOut
    1002
{
    1070
0
    1040
0
    1040
0
    1040
0
    1070
0
    1002
}
    1000
IsFill
    1070
1
    1000
PathStart
    1040
5.5
    1000
ToolCompensation
    1002
{
    1070
0
    1040
0
    1070
0
    1002
}
    1000
MicroConnect
    1002
{
    1070
1
    1040
2.12936633
    1041
0.6
    1042
0
    1002
}
       0
LWPOLYLINE
       5
23D1
     100
AcDbEntity
       8
1
     100
AcDbPolyline
      90
8
      70
1
      10
1315.23716682034
      20
3601.17812861227
      42
0
      10
1315.23716682034
      20
3556.17812861227
      42
-0.414213562373095
      10
1310.23716682034
      20
3551.17812861227
      42
0
      10
1265.23716682034
      20
3551.17812861227
      42
0
      10
1265.23716682034
      20
3559.10706080037
      42
-0.198912367379659
      10
1266.70163291444
      20
3562.64259470637
      42
0
      10
1303.77270072631
      20
3599.7136625182
      42
-0.198912367379659
      10
1307.30823463224
      20
3601.17812861227
      42
0
    1001
FS_CYPCUT
    1000
Channel
    1070
1
    1000
LeadIn
    1002
{
    1070
3
    1040
5.5
    1040
1.5707963267949
    1040
1
    1040
1
    1070
0
    1040
0.5
    1070
0
    1002
}
    1000
LeadOut
    1002
{
    1070
0
    1040
0
    1040
0
    1040
0
    1070
0
    1002
}
    1000
IsFill
    1070
1
    1000
PathStart
    1040
5.5
    1000
ToolCompensation
    1002
{
    1070
0
    1040
0
    1070
0
    1002
}
    1000
MicroConnect
    1002
{
    1070
1
    1040
2.12936633
    1041
0.6
    1042
0
    1002
}
       0
INSERT
       5
23D2
     100
AcDbEntity
       8
1
     100
AcDbBlockReference
       2
CommonPart1878156045
      10
1496.23696682034
      20
3378.65311861226
      30
0
      41
1
      42
1
      50
0
    1001
FS_CYPCUT
    1000
Channel
    1070
1
    1000
LeadIn
    1002
{
    1070
0
    1040
0
    1040
0
    1040
0
    1040
0
    1070
0
    1040
0
    1070
0
    1002
}
    1000
LeadOut
    1002
{
    1070
0
    1040
0
    1040
0
    1040
0
    1070
0
    1002
}
       0
INSERT
       5
23D3
     100
AcDbEntity
       8
1
     100
AcDbBlockReference
       2
Part225148215
      10
2108.98616682034
      20
3569.15092861227
      30
0
      41
1
      42
1
      50
0
    1001
FS_CYPCUT
    1000
Channel
    1070
1
    1000
LeadIn
    1002
{
    1070
0
    1040
0
    1040
0
    1040
0
    1040
0
    1070
0
    1040
0
    1070
0
    1002
}
    1000
LeadOut
    1002
{
    1070
0
    1040
0
    1040
0
    1040
0
    1070
0
    1002
}
       0
LWPOLYLINE
       5
23D4
     100
AcDbEntity
       8
1
     100
AcDbPolyline
      90
8
      70
1
      10
2170.98626682034
      20
3620.04252861227
      42
0
      10
2170.98626682034
      20
3665.04252861227
      42
-0.414213562373095
      10
2175.98626682034
      20
3670.04252861227
      42
0
      10
2220.98626682034
      20
3670.04252861227
      42
0
      10
2220.98626682034
      20
3662.11359642417
      42
-0.198912367379659
      10
2219.52180072624
      20
3658.57806251817
      42
0
      10
2182.45073291437
      20
3621.50699470633
      42
-0.198912367379659
      10
2178.91519900844
      20
3620.04252861227
      42
0
    1001
FS_CYPCUT
    1000
Channel
    1070
1
    1000
LeadIn
    1002
{
    1070
3
    1040
5.5
    1040
1.5707963267949
    1040
1
    1040
1
    1070
0
    1040
0.5
    1070
0
    1002
}
    1000
LeadOut
    1002
{
    1070
0
    1040
0
    1040
0
    1040
0
    1070
0
    1002
}
    1000
IsFill
    1070
0
    1000
PathStart
    1040
5.5
    1000
ToolCompensation
    1002
{
    1070
0
    1040
0
    1070
0
    1002
}
    1000
MicroConnect
    1002
{
    1070
1
    1040
2.12936633
    1041
0.6
    1042
0
    1002
}
       0
LWPOLYLINE
       5
23D5
     100
AcDbEntity
       8
1
     100
AcDbPolyline
      90
8
      70
1
      10
2220.98626682034
      20
3645.80092861227
      42
0
      10
2220.98626682034
      20
3600.80092861227
      42
-0.414213562373095
      10
2215.98626682034
      20
3595.80092861227
      42
0
      10
2170.98626682034
      20
3595.80092861227
      42
0
      10
2170.98626682034
      20
3603.72986080037
      42
-0.198912367379659
      10
2172.45073291444
      20
3607.26539470637
      42
0
      10
2209.52180072631
      20
3644.3364625182
      42
-0.198912367379659
      10
2213.05733463224
      20
3645.80092861227
      42
0
    1001
FS_CYPCUT
    1000
Channel
    1070
1
    1000
LeadIn
    1002
{
    1070
3
    1040
5.5
    1040
1.5707963267949
    1040
1
    1040
1
    1070
0
    1040
0.5
    1070
0
    1002
}
    1000
LeadOut
    1002
{
    1070
0
    1040
0
    1040
0
    1040
0
    1070
0
    1002
}
    1000
IsFill
    1070
0
    1000
PathStart
    1040
5.5
    1000
ToolCompensation
    1002
{
    1070
0
    1040
0
    1070
0
    1002
}
    1000
MicroConnect
    1002
{
    1070
1
    1040
2.12936633
    1041
0.6
    1042
0
    1002
}
       0
LWPOLYLINE
       5
23D6
     100
AcDbEntity
       8
1
     100
AcDbPolyline
      90
8
      70
1
      10
2223.98636682034
      20
3619.87202861227
      42
0
      10
2223.98636682034
      20
3664.87202861227
      42
-0.414213562373095
      10
2228.98636682034
      20
3669.87202861227
      42
0
      10
2273.98636682034
      20
3669.87202861227
      42
0
      10
2273.98636682034
      20
3661.94309642417
      42
-0.198912367379659
      10
2272.52190072624
      20
3658.40756251817
      42
0
      10
2235.45083291437
      20
3621.33649470633
      42
-0.198912367379659
      10
2231.91529900844
      20
3619.87202861227
      42
0
    1001
FS_CYPCUT
    1000
Channel
    1070
1
    1000
LeadIn
    1002
{
    1070
3
    1040
5.5
    1040
1.5707963267949
    1040
1
    1040
1
    1070
0
    1040
0.5
    1070
0
    1002
}
    1000
LeadOut
    1002
{
    1070
0
    1040
0
    1040
0
    1040
0
    1070
0
    1002
}
    1000
IsFill
    1070
0
    1000
PathStart
    1040
5.5
    1000
ToolCompensation
    1002
{
    1070
0
    1040
0
    1070
0
    1002
}
    1000
MicroConnect
    1002
{
    1070
1
    1040
2.12936633
    1041
0.6
    1042
0
    1002
}
       0
LWPOLYLINE
       5
23D7
     100
AcDbEntity
       8
1
     100
AcDbPolyline
      90
8
      70
1
      10
2298.48706682034
      20
3658.02662861227
      42
0
      10
2343.48706682034
      20
3658.02662861227
      42
-0.414213562373095
      10
2348.48706682034
      20
3653.02662861227
      42
0
      10
2348.48706682034
      20
3608.02662861227
      42
0
      10
2340.55813463224
      20
3608.02662861227
      42
-0.198912367379659
      10
2337.02260072624
      20
3609.49109470637
      42
0
      10
2299.95153291441
      20
3646.56216251823
      42
-0.198912367379659
      10
2298.48706682034
      20
3650.09769642417
      42
0
    1001
FS_CYPCUT
    1000
Channel
    1070
1
    1000
LeadIn
    1002
{
    1070
3
    1040
5.5
    1040
1.5707963267949
    1040
1
    1040
1
    1070
0
    1040
0.5
    1070
0
    1002
}
    1000
LeadOut
    1002
{
    1070
0
    1040
0
    1040
0
    1040
0
    1070
0
    1002
}
    1000
IsFill
    1070
0
    1000
PathStart
    1040
5.5
    1000
ToolCompensation
    1002
{
    1070
0
    1040
0
    1070
0
    1002
}
    1000
MicroConnect
    1002
{
    1070
1
    1040
2.12936633
    1041
0.6
    1042
0
    1002
}
       0
INSERT
       5
23D8
     100
AcDbEntity
       8
1
     100
AcDbBlockReference
       2
Part1166080084
      10
2295.93136682034
      20
3566.15092861227
      30
0
      41
1
      42
1
      50
180
    1001
FS_CYPCUT
    1000
Channel
    1070
1
    1000
LeadIn
    1002
{
    1070
0
    1040
0
    1040
0
    1040
0
    1040
0
    1070
0
    1040
0
    1070
0
    1002
}
    1000
LeadOut
    1002
{
    1070
0
    1040
0
    1040
0
    1040
0
    1070
0
    1002
}
       0
INSERT
       5
23D9
     100
AcDbEntity
       8
1
     100
AcDbBlockReference
       2
Part231853994
      10
2108.98706682034
      20
3406.15272861227
      30
0
      41
1
      42
1
      50
0
    1001
FS_CYPCUT
    1000
Channel
    1070
1
    1000
LeadIn
    1002
{
    1070
0
    1040
0
    1040
0
    1040
0
    1040
0
    1070
0
    1040
0
    1070
0
    1002
}
    1000
LeadOut
    1002
{
    1070
0
    1040
0
    1040
0
    1040
0
    1070
0
    1002
}
       0
INSERT
       5
23DA
     100
AcDbEntity
       8
1
     100
AcDbBlockReference
       2
Part2106964092
      10
2324.33146682034
      20
3506.15272861227
      30
0
      41
1
      42
1
      50
180
    1001
FS_CYPCUT
    1000
Channel
    1070
1
    1000
LeadIn
    1002
{
    1070
0
    1040
0
    1040
0
    1040
0
    1040
0
    1070
0
    1040
0
    1070
0
    1002
}
    1000
LeadOut
    1002
{
    1070
0
    1040
0
    1040
0
    1040
0
    1070
0
    1002
}
       0
INSERT
       5
23DB
     100
AcDbEntity
       8
1
     100
AcDbBlockReference
       2
Part512654431
      10
2079.23696682034
      20
3378.65272861227
      30
0
      41
1
      42
1
      50
0
    1001
FS_CYPCUT
    1000
Channel
    1070
1
    1000
LeadIn
    1002
{
    1070
0
    1040
0
    1040
0
    1040
0
    1040
0
    1070
0
    1040
0
    1070
0
    1002
}
    1000
LeadOut
    1002
{
    1070
0
    1040
0
    1040
0
    1040
0
    1070
0
    1002
}
       0
LWPOLYLINE
       5
23DC
     100
AcDbEntity
       8
1
     100
AcDbPolyline
      90
8
      70
1
      10
1954.45806682034
      20
3622.96142861227
      42
0
      10
1909.45806682034
      20
3622.96142861227
      42
-0.414213562373095
      10
1904.45806682034
      20
3627.96142861227
      42
0
      10
1904.45806682034
      20
3672.96142861227
      42
0
      10
1912.38699900844
      20
3672.96142861227
      42
-0.198912367379659
      10
1915.92253291444
      20
3671.49696251817
      42
0
      10
1952.99360072627
      20
3634.4258947063
      42
-0.198912367379659
      10
1954.45806682034
      20
3630.89036080037
      42
0
    1001
FS_CYPCUT
    1000
Channel
    1070
1
    1000
LeadIn
    1002
{
    1070
3
    1040
5.5
    1040
1.5707963267949
    1040
1
    1040
1
    1070
0
    1040
0.5
    1070
0
    1002
}
    1000
LeadOut
    1002
{
    1070
0
    1040
0
    1040
0
    1040
0
    1070
0
    1002
}
    1000
IsFill
    1070
1
    1000
PathStart
    1040
5.5
    1000
ToolCompensation
    1002
{
    1070
0
    1040
0
    1070
0
    1002
}
    1000
MicroConnect
    1002
{
    1070
1
    1040
2.12936633
    1041
0.6
    1042
0
    1002
}
       0
LWPOLYLINE
       5
23DD
     100
AcDbEntity
       8
1
     100
AcDbPolyline
      90
8
      70
1
      10
1664.45796682034
      20
3622.96142861227
      42
0
      10
1619.45796682034
      20
3622.96142861227
      42
-0.414213562373095
      10
1614.45796682034
      20
3627.96142861227
      42
0
      10
1614.45796682034
      20
3672.96142861227
      42
0
      10
1622.38689900844
      20
3672.96142861227
      42
-0.198912367379659
      10
1625.92243291444
      20
3671.49696251817
      42
0
      10
1662.99350072627
      20
3634.4258947063
      42
-0.198912367379659
      10
1664.45796682034
      20
3630.89036080037
      42
0
    1001
FS_CYPCUT
    1000
Channel
    1070
1
    1000
LeadIn
    1002
{
    1070
3
    1040
5.5
    1040
1.5707963267949
    1040
1
    1040
1
    1070
0
    1040
0.5
    1070
0
    1002
}
    1000
LeadOut
    1002
{
    1070
0
    1040
0
    1040
0
    1040
0
    1070
0
    1002
}
    1000
IsFill
    1070
1
    1000
PathStart
    1040
5.5
    1000
ToolCompensation
    1002
{
    1070
0
    1040
0
    1070
0
    1002
}
    1000
MicroConnect
    1002
{
    1070
1
    1040
2.12936633
    1041
0.6
    1042
0
    1002
}
       0
LWPOLYLINE
       5
23DE
     100
AcDbEntity
       8
1
     100
AcDbPolyline
      90
8
      70
1
      10
1755.71806682034
      20
3725.30042861227
      42
0
      10
1800.71806682034
      20
3725.30042861227
      42
-0.414213562373095
      10
1805.71806682034
      20
3720.30042861227
      42
0
      10
1805.71806682034
      20
3675.30042861227
      42
0
      10
1797.78913463224
      20
3675.30042861227
      42
-0.198912367379659
      10
1794.25360072624
      20
3676.76489470637
      42
0
      10
1757.18253291441
      20
3713.83596251823
      42
-0.198912367379659
      10
1755.71806682034
      20
3717.37149642417
      42
0
    1001
FS_CYPCUT
    1000
Channel
    1070
1
    1000
LeadIn
    1002
{
    1070
3
    1040
5.5
    1040
1.5707963267949
    1040
1
    1040
1
    1070
0
    1040
0.5
    1070
0
    1002
}
    1000
LeadOut
    1002
{
    1070
0
    1040
0
    1040
0
    1040
0
    1070
0
    1002
}
    1000
IsFill
    1070
1
    1000
PathStart
    1040
5.5
    1000
ToolCompensation
    1002
{
    1070
0
    1040
0
    1070
0
    1002
}
    1000
MicroConnect
    1002
{
    1070
1
    1040
2.12936633
    1041
0.6
    1042
0
    1002
}
       0
INSERT
       5
23DF
     100
AcDbEntity
       8
1
     100
AcDbBlockReference
       2
Part1580024872
      10
1722.67986685881
      20
3973.40222862573
      30
0
      41
1
      42
1
      50
269.999999977959
    1001
FS_CYPCUT
    1000
Channel
    1070
1
    1000
LeadIn
    1002
{
    1070
0
    1040
0
    1040
0
    1040
0
    1040
0
    1070
0
    1040
0
    1070
0
    1002
}
    1000
LeadOut
    1002
{
    1070
0
    1040
0
    1040
0
    1040
0
    1070
0
    1002
}
       0
INSERT
       5
23E0
     100
AcDbEntity
       8
1
     100
AcDbBlockReference
       2
Part1690945309
      10
1749.32996682034
      20
3835.40142861227
      30
0
      41
1
      42
1
      50
0
    1001
FS_CYPCUT
    1000
Channel
    1070
1
    1000
LeadIn
    1002
{
    1070
0
    1040
0
    1040
0
    1040
0
    1040
0
    1070
0
    1040
0
    1070
0
    1002
}
    1000
LeadOut
    1002
{
    1070
0
    1040
0
    1040
0
    1040
0
    1070
0
    1002
}
       0
INSERT
       5
23E1
     100
AcDbEntity
       8
1
     100
AcDbBlockReference
       2
Part648311408
      10
1719.67976682034
      20
3933.40132861227
      30
0
      41
1
      42
1
      50
180
    1001
FS_CYPCUT
    1000
Channel
    1070
1
    1000
LeadIn
    1002
{
    1070
0
    1040
0
    1040
0
    1040
0
    1040
0
    1070
0
    1040
0
    1070
0
    1002
}
    1000
LeadOut
    1002
{
    1070
0
    1040
0
    1040
0
    1040
0
    1070
0
    1002
}
       0
INSERT
       5
23E2
     100
AcDbEntity
       8
1
     100
AcDbBlockReference
       2
Part468756497
      10
1710.82986682034
      20
4008.42392135227
      30
0
      41
1
      42
1
      50
180
    1001
FS_CYPCUT
    1000
Channel
    1070
1
    1000
LeadIn
    1002
{
    1070
0
    1040
0
    1040
0
    1040
0
    1040
0
    1070
0
    1040
0
    1070
0
    1002
}
    1000
LeadOut
    1002
{
    1070
0
    1040
0
    1040
0
    1040
0
    1070
0
    1002
}
       0
INSERT
       5
23E3
     100
AcDbEntity
       8
1
     100
AcDbBlockReference
       2
Part806444831
      10
1532.73546682034
      20
3773.40312861227
      30
0
      41
1
      42
1
      50
0
    1001
FS_CYPCUT
    1000
Channel
    1070
1
    1000
LeadIn
    1002
{
    1070
0
    1040
0
    1040
0
    1040
0
    1040
0
    1070
0
    1040
0
    1070
0
    1002
}
    1000
LeadOut
    1002
{
    1070
0
    1040
0
    1040
0
    1040
0
    1070
0
    1002
}
       0
INSERT
       5
23E4
     100
AcDbEntity
       8
1
     100
AcDbBlockReference
       2
Part647631087
      10
1825.23536682034
      20
3743.65312861227
      30
0
      41
1
      42
1
      50
90.0000001836389
    1001
FS_CYPCUT
    1000
Channel
    1070
1
    1000
LeadIn
    1002
{
    1070
0
    1040
0
    1040
0
    1040
0
    1040
0
    1070
0
    1040
0
    1070
0
    1002
}
    1000
LeadOut
    1002
{
    1070
0
    1040
0
    1040
0
    1040
0
    1070
0
    1002
}
       0
INSERT
       5
23E5
     100
AcDbEntity
       8
1
     100
AcDbBlockReference
       2
Part319176573
      10
1464.26602082034
      20
3943.34782861227
      30
0
      41
1
      42
1
      50
0
    1001
FS_CYPCUT
    1000
Channel
    1070
1
    1000
LeadIn
    1002
{
    1070
0
    1040
0
    1040
0
    1040
0
    1040
0
    1070
0
    1040
0
    1070
0
    1002
}
    1000
LeadOut
    1002
{
    1070
0
    1040
0
    1040
0
    1040
0
    1070
0
    1002
}
       0
LWPOLYLINE
       5
23E6
     100
AcDbEntity
       8
1
     100
AcDbPolyline
      90
8
      70
1
      10
1422.48716682034
      20
3899.72172861227
      42
0
      10
1467.48716682034
      20
3899.72172861227
      42
-0.414213562373095
      10
1472.48716682034
      20
3894.72172861227
      42
0
      10
1472.48716682034
      20
3849.72172861227
      42
0
      10
1464.55823463224
      20
3849.72172861227
      42
-0.198912367379659
      10
1461.02270072624
      20
3851.18619470637
      42
0
      10
1423.95163291441
      20
3888.25726251823
      42
-0.198912367379659
      10
1422.48716682034
      20
3891.79279642417
      42
0
    1001
FS_CYPCUT
    1000
Channel
    1070
1
    1000
LeadIn
    1002
{
    1070
3
    1040
5.5
    1040
1.5707963267949
    1040
1
    1040
1
    1070
0
    1040
0.5
    1070
0
    1002
}
    1000
LeadOut
    1002
{
    1070
0
    1040
0
    1040
0
    1040
0
    1070
0
    1002
}
    1000
IsFill
    1070
0
    1000
PathStart
    1040
5.5
    1000
ToolCompensation
    1002
{
    1070
0
    1040
0
    1070
0
    1002
}
    1000
MicroConnect
    1002
{
    1070
1
    1040
2.12936633
    1041
0.6
    1042
0
    1002
}
       0
INSERT
       5
23E7
     100
AcDbEntity
       8
1
     100
AcDbBlockReference
       2
Part2079959149
      10
1232.98626682034
      20
3810.84602861227
      30
0
      41
1
      42
1
      50
0
    1001
FS_CYPCUT
    1000
Channel
    1070
1
    1000
LeadIn
    1002
{
    1070
0
    1040
0
    1040
0
    1040
0
    1040
0
    1070
0
    1040
0
    1070
0
    1002
}
    1000
LeadOut
    1002
{
    1070
0
    1040
0
    1040
0
    1040
0
    1070
0
    1002
}
       0
LWPOLYLINE
       5
23E8
     100
AcDbEntity
       8
1
     100
AcDbPolyline
      90
8
      70
1
      10
1344.98636682034
      20
3887.49602861227
      42
0
      10
1344.98636682034
      20
3842.49602861227
      42
-0.414213562373095
      10
1339.98636682034
      20
3837.49602861227
      42
0
      10
1294.98636682034
      20
3837.49602861227
      42
0
      10
1294.98636682034
      20
3845.42496080037
      42
-0.198912367379659
      10
1296.45083291444
      20
3848.96049470637
      42
0
      10
1333.52190072631
      20
3886.0315625182
      42
-0.198912367379659
      10
1337.05743463224
      20
3887.49602861227
      42
0
    1001
FS_CYPCUT
    1000
Channel
    1070
1
    1000
LeadIn
    1002
{
    1070
3
    1040
5.5
    1040
1.5707963267949
    1040
1
    1040
1
    1070
0
    1040
0.5
    1070
0
    1002
}
    1000
LeadOut
    1002
{
    1070
0
    1040
0
    1040
0
    1040
0
    1070
0
    1002
}
    1000
IsFill
    1070
0
    1000
PathStart
    1040
5.5
    1000
ToolCompensation
    1002
{
    1070
0
    1040
0
    1070
0
    1002
}
    1000
MicroConnect
    1002
{
    1070
1
    1040
2.12936633
    1041
0.6
    1042
0
    1002
}
       0
INSERT
       5
23E9
     100
AcDbEntity
       8
1
     100
AcDbBlockReference
       2
Part1374865999
      10
1419.93146682034
      20
3807.84602861227
      30
0
      41
1
      42
1
      50
180
    1001
FS_CYPCUT
    1000
Channel
    1070
1
    1000
LeadIn
    1002
{
    1070
0
    1040
0
    1040
0
    1040
0
    1040
0
    1070
0
    1040
0
    1070
0
    1002
}
    1000
LeadOut
    1002
{
    1070
0
    1040
0
    1040
0
    1040
0
    1070
0
    1002
}
       0
INSERT
       5
23EA
     100
AcDbEntity
       8
1
     100
AcDbBlockReference
       2
Part1178119592
      10
1232.98716682034
      20
3647.84782861227
      30
0
      41
1
      42
1
      50
0
    1001
FS_CYPCUT
    1000
Channel
    1070
1
    1000
LeadIn
    1002
{
    1070
0
    1040
0
    1040
0
    1040
0
    1040
0
    1070
0
    1040
0
    1070
0
    1002
}
    1000
LeadOut
    1002
{
    1070
0
    1040
0
    1040
0
    1040
0
    1070
0
    1002
}
       0
INSERT
       5
23EB
     100
AcDbEntity
       8
1
     100
AcDbBlockReference
       2
CommonPart1005033009
      10
1422.29596682034
      20
3647.84782861227
      30
0
      41
1
      42
1
      50
0
    1001
FS_CYPCUT
    1000
Channel
    1070
1
    1000
LeadIn
    1002
{
    1070
0
    1040
0
    1040
0
    1040
0
    1040
0
    1070
0
    1040
0
    1070
0
    1002
}
    1000
LeadOut
    1002
{
    1070
0
    1040
0
    1040
0
    1040
0
    1070
0
    1002
}
       0
INSERT
       5
23EC
     100
AcDbEntity
       8
1
     100
AcDbBlockReference
       2
Part1944710623
      10
1203.23706682034
      20
3620.34782861227
      30
0
      41
1
      42
1
      50
0
    1001
FS_CYPCUT
    1000
Channel
    1070
1
    1000
LeadIn
    1002
{
    1070
0
    1040
0
    1040
0
    1040
0
    1040
0
    1070
0
    1040
0
    1070
0
    1002
}
    1000
LeadOut
    1002
{
    1070
0
    1040
0
    1040
0
    1040
0
    1070
0
    1002
}
       0
INSERT
       5
23ED
     100
AcDbEntity
       8
1
     100
AcDbBlockReference
       2
Part213559828
      10
1465.23716682034
      20
4039.99722861227
      30
0
      41
1
      42
1
      50
180
    1001
FS_CYPCUT
    1000
Channel
    1070
1
    1000
LeadIn
    1002
{
    1070
0
    1040
0
    1040
0
    1040
0
    1040
0
    1070
0
    1040
0
    1070
0
    1002
}
    1000
LeadOut
    1002
{
    1070
0
    1040
0
    1040
0
    1040
0
    1070
0
    1002
}
       0
INSERT
       5
23EE
     100
AcDbEntity
       8
1
     100
AcDbBlockReference
       2
Part558060035
      10
1203.23706682034
      20
3943.34722861227
      30
0
      41
1
      42
1
      50
0
    1001
FS_CYPCUT
    1000
Channel
    1070
1
    1000
LeadIn
    1002
{
    1070
0
    1040
0
    1040
0
    1040
0
    1040
0
    1070
0
    1040
0
    1070
0
    1002
}
    1000
LeadOut
    1002
{
    1070
0
    1040
0
    1040
0
    1040
0
    1070
0
    1002
}
       0
INSERT
       5
23EF
     100
AcDbEntity
       8
1
     100
AcDbBlockReference
       2
Part391084237
      10
1834.99496682034
      20
3905.10462861227
      30
0
      41
1
      42
1
      50
0
    1001
FS_CYPCUT
    1000
Channel
    1070
1
    1000
LeadIn
    1002
{
    1070
0
    1040
0
    1040
0
    1040
0
    1040
0
    1070
0
    1040
0
    1070
0
    1002
}
    1000
LeadOut
    1002
{
    1070
0
    1040
0
    1040
0
    1040
0
    1070
0
    1002
}
       0
INSERT
       5
23F0
     100
AcDbEntity
       8
1
     100
AcDbBlockReference
       2
Part798006680
      10
1896.99506682034
      20
3931.75462861227
      30
0
      41
1
      42
1
      50
0
    1001
FS_CYPCUT
    1000
Channel
    1070
1
    1000
LeadIn
    1002
{
    1070
0
    1040
0
    1040
0
    1040
0
    1040
0
    1070
0
    1040
0
    1070
0
    1002
}
    1000
LeadOut
    1002
{
    1070
0
    1040
0
    1040
0
    1040
0
    1070
0
    1002
}
       0
INSERT
       5
23F1
     100
AcDbEntity
       8
1
     100
AcDbBlockReference
       2
Part167835670
      10
2045.31236682034
      20
3902.10462861227
      30
0
      41
1
      42
1
      50
180
    1001
FS_CYPCUT
    1000
Channel
    1070
1
    1000
LeadIn
    1002
{
    1070
0
    1040
0
    1040
0
    1040
0
    1040
0
    1070
0
    1040
0
    1070
0
    1002
}
    1000
LeadOut
    1002
{
    1070
0
    1040
0
    1040
0
    1040
0
    1070
0
    1002
}
       0
INSERT
       5
23F2
     100
AcDbEntity
       8
1
     100
AcDbBlockReference
       2
Part98993106
      10
1828.23546682034
      20
3743.65312861227
      30
0
      41
1
      42
1
      50
0
    1001
FS_CYPCUT
    1000
Channel
    1070
1
    1000
LeadIn
    1002
{
    1070
0
    1040
0
    1040
0
    1040
0
    1040
0
    1070
0
    1040
0
    1070
0
    1002
}
    1000
LeadOut
    1002
{
    1070
0
    1040
0
    1040
0
    1040
0
    1070
0
    1002
}
       0
INSERT
       5
23F3
     100
AcDbEntity
       8
1
     100
AcDbBlockReference
       2
Part479146896
      10
2076.07476682034
      20
3731.40262861227
      30
0
      41
1
      42
1
      50
0
    1001
FS_CYPCUT
    1000
Channel
    1070
1
    1000
LeadIn
    1002
{
    1070
0
    1040
0
    1040
0
    1040
0
    1040
0
    1070
0
    1040
0
    1070
0
    1002
}
    1000
LeadOut
    1002
{
    1070
0
    1040
0
    1040
0
    1040
0
    1070
0
    1002
}
       0
INSERT
       5
23F4
     100
AcDbEntity
       8
1
     100
AcDbBlockReference
       2
Part1516181917
      10
2263.01906682034
      20
3891.40082861227
      30
0
      41
1
      42
1
      50
180
    1001
FS_CYPCUT
    1000
Channel
    1070
1
    1000
LeadIn
    1002
{
    1070
0
    1040
0
    1040
0
    1040
0
    1040
0
    1070
0
    1040
0
    1070
0
    1002
}
    1000
LeadOut
    1002
{
    1070
0
    1040
0
    1040
0
    1040
0
    1070
0
    1002
}
       0
INSERT
       5
23F5
     100
AcDbEntity
       8
1
     100
AcDbBlockReference
       2
Part15241731
      10
2254.16916682034
      20
3966.42342135227
      30
0
      41
1
      42
1
      50
180
    1001
FS_CYPCUT
    1000
Channel
    1070
1
    1000
LeadIn
    1002
{
    1070
0
    1040
0
    1040
0
    1040
0
    1040
0
    1070
0
    1040
0
    1070
0
    1002
}
    1000
LeadOut
    1002
{
    1070
0
    1040
0
    1040
0
    1040
0
    1070
0
    1002
}
       0
INSERT
       5
23F6
     100
AcDbEntity
       8
1
     100
AcDbBlockReference
       2
Part1432752149
      10
2266.01916685881
      20
3931.40172862573
      30
0
      41
1
      42
1
      50
269.999999977959
    1001
FS_CYPCUT
    1000
Channel
    1070
1
    1000
LeadIn
    1002
{
    1070
0
    1040
0
    1040
0
    1040
0
    1040
0
    1070
0
    1040
0
    1070
0
    1002
}
    1000
LeadOut
    1002
{
    1070
0
    1040
0
    1040
0
    1040
0
    1070
0
    1002
}
       0
INSERT
       5
23F7
     100
AcDbEntity
       8
1
     100
AcDbBlockReference
       2
Part8528645
      10
2292.66926682034
      20
3793.40092861227
      30
0
      41
1
      42
1
      50
0
    1001
FS_CYPCUT
    1000
Channel
    1070
1
    1000
LeadIn
    1002
{
    1070
0
    1040
0
    1040
0
    1040
0
    1040
0
    1070
0
    1040
0
    1070
0
    1002
}
    1000
LeadOut
    1002
{
    1070
0
    1040
0
    1040
0
    1040
0
    1070
0
    1002
}
       0
INSERT
       5
23F8
     100
AcDbEntity
       8
1
     100
AcDbBlockReference
       2
Part1430087522
      10
2368.57466682034
      20
3701.65262861227
      30
0
      41
1
      42
1
      50
90.0000001836389
    1001
FS_CYPCUT
    1000
Channel
    1070
1
    1000
LeadIn
    1002
{
    1070
0
    1040
0
    1040
0
    1040
0
    1040
0
    1070
0
    1040
0
    1070
0
    1002
}
    1000
LeadOut
    1002
{
    1070
0
    1040
0
    1040
0
    1040
0
    1070
0
    1002
}
       0
INSERT
       5
23F9
     100
AcDbEntity
       8
1
     100
AcDbBlockReference
       2
Part1305670539
      10
2394.23386790525
      20
4003.64149461252
      30
0
      41
1
      42
1
      50
90.0000001836389
    1001
FS_CYPCUT
    1000
Channel
    1070
1
    1000
LeadIn
    1002
{
    1070
0
    1040
0
    1040
0
    1040
0
    1040
0
    1070
0
    1040
0
    1070
0
    1002
}
    1000
LeadOut
    1002
{
    1070
0
    1040
0
    1040
0
    1040
0
    1070
0
    1002
}
       0
INSERT
       5
23FA
     100
AcDbEntity
       8
1
     100
AcDbBlockReference
       2
Part368371483
      10
2271.23386790525
      20
4003.64149461252
      30
0
      41
1
      42
1
      50
90.0000001836389
    1001
FS_CYPCUT
    1000
Channel
    1070
1
    1000
LeadIn
    1002
{
    1070
0
    1040
0
    1040
0
    1040
0
    1040
0
    1070
0
    1040
0
    1070
0
    1002
}
    1000
LeadOut
    1002
{
    1070
0
    1040
0
    1040
0
    1040
0
    1070
0
    1002
}
       0
INSERT
       5
23FB
     100
AcDbEntity
       8
1
     100
AcDbBlockReference
       2
Part1945887846
      10
2045.67836685881
      20
4233.39992862573
      30
0
      41
1
      42
1
      50
269.999999977959
    1001
FS_CYPCUT
    1000
Channel
    1070
1
    1000
LeadIn
    1002
{
    1070
0
    1040
0
    1040
0
    1040
0
    1040
0
    1070
0
    1040
0
    1070
0
    1002
}
    1000
LeadOut
    1002
{
    1070
0
    1040
0
    1040
0
    1040
0
    1070
0
    1002
}
       0
INSERT
       5
23FC
     100
AcDbEntity
       8
1
     100
AcDbBlockReference
       2
Part141858244
      10
2072.32846682034
      20
4095.39912861227
      30
0
      41
1
      42
1
      50
0
    1001
FS_CYPCUT
    1000
Channel
    1070
1
    1000
LeadIn
    1002
{
    1070
0
    1040
0
    1040
0
    1040
0
    1040
0
    1070
0
    1040
0
    1070
0
    1002
}
    1000
LeadOut
    1002
{
    1070
0
    1040
0
    1040
0
    1040
0
    1070
0
    1002
}
       0
INSERT
       5
23FD
     100
AcDbEntity
       8
1
     100
AcDbBlockReference
       2
Part915019531
      10
2042.67826682034
      20
4193.39902861227
      30
0
      41
1
      42
1
      50
180
    1001
FS_CYPCUT
    1000
Channel
    1070
1
    1000
LeadIn
    1002
{
    1070
0
    1040
0
    1040
0
    1040
0
    1040
0
    1070
0
    1040
0
    1070
0
    1002
}
    1000
LeadOut
    1002
{
    1070
0
    1040
0
    1040
0
    1040
0
    1070
0
    1002
}
       0
INSERT
       5
23FE
     100
AcDbEntity
       8
1
     100
AcDbBlockReference
       2
Part1928106073
      10
2033.82836682034
      20
4268.42162135227
      30
0
      41
1
      42
1
      50
180
    1001
FS_CYPCUT
    1000
Channel
    1070
1
    1000
LeadIn
    1002
{
    1070
0
    1040
0
    1040
0
    1040
0
    1040
0
    1070
0
    1040
0
    1070
0
    1002
}
    1000
LeadOut
    1002
{
    1070
0
    1040
0
    1040
0
    1040
0
    1070
0
    1002
}
       0
INSERT
       5
23FF
     100
AcDbEntity
       8
1
     100
AcDbBlockReference
       2
Part666927157
      10
1855.73396682034
      20
4033.40082861227
      30
0
      41
1
      42
1
      50
0
    1001
FS_CYPCUT
    1000
Channel
    1070
1
    1000
LeadIn
    1002
{
    1070
0
    1040
0
    1040
0
    1040
0
    1040
0
    1070
0
    1040
0
    1070
0
    1002
}
    1000
LeadOut
    1002
{
    1070
0
    1040
0
    1040
0
    1040
0
    1070
0
    1002
}
       0
INSERT
       5
2400
     100
AcDbEntity
       8
1
     100
AcDbBlockReference
       2
Part892981933
      10
2148.23386682034
      20
4003.65082861227
      30
0
      41
1
      42
1
      50
90.0000001836389
    1001
FS_CYPCUT
    1000
Channel
    1070
1
    1000
LeadIn
    1002
{
    1070
0
    1040
0
    1040
0
    1040
0
    1040
0
    1070
0
    1040
0
    1070
0
    1002
}
    1000
LeadOut
    1002
{
    1070
0
    1040
0
    1040
0
    1040
0
    1070
0
    1002
}
       0
INSERT
       5
2401
     100
AcDbEntity
       8
1
     100
AcDbBlockReference
       2
Part1926652462
      10
1825.23416682034
      20
4272.74052861227
      30
0
      41
1
      42
1
      50
180
    1001
FS_CYPCUT
    1000
Channel
    1070
1
    1000
LeadIn
    1002
{
    1070
0
    1040
0
    1040
0
    1040
0
    1040
0
    1070
0
    1040
0
    1070
0
    1002
}
    1000
LeadOut
    1002
{
    1070
0
    1040
0
    1040
0
    1040
0
    1070
0
    1002
}
       0
INSERT
       5
2402
     100
AcDbEntity
       8
1
     100
AcDbBlockReference
       2
Part1559536443
      10
1588.23446682034
      20
4140.63012861227
      30
0
      41
1
      42
1
      50
0
    1001
FS_CYPCUT
    1000
Channel
    1070
1
    1000
LeadIn
    1002
{
    1070
0
    1040
0
    1040
0
    1040
0
    1040
0
    1070
0
    1040
0
    1070
0
    1002
}
    1000
LeadOut
    1002
{
    1070
0
    1040
0
    1040
0
    1040
0
    1070
0
    1002
}
       0
INSERT
       5
2403
     100
AcDbEntity
       8
1
     100
AcDbBlockReference
       2
Part870184957
      10
1536.85016682034
      20
4089.89882861227
      30
0
      41
1
      42
1
      50
0
    1001
FS_CYPCUT
    1000
Channel
    1070
1
    1000
LeadIn
    1002
{
    1070
0
    1040
0
    1040
0
    1040
0
    1040
0
    1070
0
    1040
0
    1070
0
    1002
}
    1000
LeadOut
    1002
{
    1070
0
    1040
0
    1040
0
    1040
0
    1070
0
    1002
}
       0
INSERT
       5
2404
     100
AcDbEntity
       8
1
     100
AcDbBlockReference
       2
Part589336051
      10
1395.82416682034
      20
4089.89882861227
      30
0
      41
1
      42
1
      50
0
    1001
FS_CYPCUT
    1000
Channel
    1070
1
    1000
LeadIn
    1002
{
    1070
0
    1040
0
    1040
0
    1040
0
    1040
0
    1070
0
    1040
0
    1070
0
    1002
}
    1000
LeadOut
    1002
{
    1070
0
    1040
0
    1040
0
    1040
0
    1070
0
    1002
}
       0
INSERT
       5
2405
     100
AcDbEntity
       8
1
     100
AcDbBlockReference
       2
Part430194390
      10
1371.23696682034
      20
4140.62972861227
      30
0
      41
1
      42
1
      50
0
    1001
FS_CYPCUT
    1000
Channel
    1070
1
    1000
LeadIn
    1002
{
    1070
0
    1040
0
    1040
0
    1040
0
    1040
0
    1070
0
    1040
0
    1070
0
    1002
}
    1000
LeadOut
    1002
{
    1070
0
    1040
0
    1040
0
    1040
0
    1070
0
    1002
}
       0
INSERT
       5
2406
     100
AcDbEntity
       8
1
     100
AcDbBlockReference
       2
Part1767747996
      10
1203.23706682034
      20
4140.63062861227
      30
0
      41
1
      42
1
      50
0
    1001
FS_CYPCUT
    1000
Channel
    1070
1
    1000
LeadIn
    1002
{
    1070
0
    1040
0
    1040
0
    1040
0
    1040
0
    1070
0
    1040
0
    1070
0
    1002
}
    1000
LeadOut
    1002
{
    1070
0
    1040
0
    1040
0
    1040
0
    1070
0
    1002
}
       0
LWPOLYLINE
       5
2407
     100
AcDbEntity
       8
1
     100
AcDbPolyline
      90
16
      70
1
      10
1509.36846682034
      20
4318.74032861227
      42
0
      10
1530.36846682034
      20
4209.74032861227
      42
0
      10
1537.86846682034
      20
4202.24032861227
      42
0
      10
1542.86846682034
      20
4202.24032861227
      42
0
      10
1542.86846682034
      20
4213.24032861227
      42
-0.414213562373095
      10
1547.86846682034
      20
4218.24032861227
      42
0
      10
1550.86846682034
      20
4218.24032861227
      42
-0.414213562373091
      10
1555.86846682034
      20
4213.24032861227
      42
0
      10
1555.86846682034
      20
4202.24032861227
      42
0
      10
1560.86846682034
      20
4202.24032861227
      42
0
      10
1568.36846682034
      20
4209.74032861227
      42
0
      10
1589.36846682034
      20
4318.74032861227
      42
0
      10
1563.36846682034
      20
4318.74032861227
      42
0
      10
1563.36846682034
      20
4323.24032861227
      42
0
      10
1535.36846682034
      20
4323.24032861227
      42
0
      10
1535.36846682034
      20
4318.74032861227
      42
0
    1001
FS_CYPCUT
    1000
Channel
    1070
1
    1000
LeadIn
    1002
{
    1070
3
    1040
0.5
    1040
1.5707963267949
    1040
1
    1040
1
    1070
0
    1040
0.5
    1070
0
    1002
}
    1000
LeadOut
    1002
{
    1070
0
    1040
0
    1040
0
    1040
0
    1070
0
    1002
}
    1000
IsFill
    1070
1
    1000
PathStart
    1040
0.5
    1000
ToolCompensation
    1002
{
    1070
0
    1040
0
    1070
0
    1002
}
    1000
MicroConnect
    1002
{
    1070
2
    1040
0.362936366
    1041
0.8
    1042
0
    1040
10.1865923
    1041
0.8
    1042
0
    1002
}
       0
INSERT
       5
2408
     100
AcDbEntity
       8
1
     100
AcDbBlockReference
       2
Part1380460266
      10
1203.23706682034
      20
4326.22292861227
      30
0
      41
1
      42
1
      50
269.999999977959
    1001
FS_CYPCUT
    1000
Channel
    1070
1
    1000
LeadIn
    1002
{
    1070
0
    1040
0
    1040
0
    1040
0
    1040
0
    1070
0
    1040
0
    1070
0
    1002
}
    1000
LeadOut
    1002
{
    1070
0
    1040
0
    1040
0
    1040
0
    1070
0
    1002
}
       0
INSERT
       5
2409
     100
AcDbEntity
       8
1
     100
AcDbBlockReference
       2
Part1613944165
      10
1203.33706682034
      20
4045.65135861227
      30
0
      41
1
      42
1
      50
0
    1001
FS_CYPCUT
    1000
Channel
    1070
1
    1000
LeadIn
    1002
{
    1070
0
    1040
0
    1040
0
    1040
0
    1040
0
    1070
0
    1040
0
    1070
0
    1002
}
    1000
LeadOut
    1002
{
    1070
0
    1040
0
    1040
0
    1040
0
    1070
0
    1002
}
       0
INSERT
       5
240A
     100
AcDbEntity
       8
1
     100
AcDbBlockReference
       2
Part1344184639
      10
2053.44056682996
      20
4355.72282863535
      30
0
      41
1
      42
1
      50
269.999999977959
    1001
FS_CYPCUT
    1000
Channel
    1070
1
    1000
LeadIn
    1002
{
    1070
0
    1040
0
    1040
0
    1040
0
    1040
0
    1070
0
    1040
0
    1070
0
    1002
}
    1000
LeadOut
    1002
{
    1070
0
    1040
0
    1040
0
    1040
0
    1070
0
    1002
}
       0
INSERT
       5
240B
     100
AcDbEntity
       8
1
     100
AcDbBlockReference
       2
Part1455024269
      10
1367.58506682996
      20
4353.63022863246
      30
0
      41
1
      42
1
      50
269.999999977959
    1001
FS_CYPCUT
    1000
Channel
    1070
1
    1000
LeadIn
    1002
{
    1070
0
    1040
0
    1040
0
    1040
0
    1040
0
    1070
0
    1040
0
    1070
0
    1002
}
    1000
LeadOut
    1002
{
    1070
0
    1040
0
    1040
0
    1040
0
    1070
0
    1002
}
       0
INSERT
       5
240C
     100
AcDbEntity
       8
1
     100
AcDbBlockReference
       2
Part1658204313
      10
1203.23706682034
      20
4329.22162861227
      30
0
      41
1
      42
1
      50
0
    1001
FS_CYPCUT
    1000
Channel
    1070
1
    1000
LeadIn
    1002
{
    1070
0
    1040
0
    1040
0
    1040
0
    1040
0
    1070
0
    1040
0
    1070
0
    1002
}
    1000
LeadOut
    1002
{
    1070
0
    1040
0
    1040
0
    1040
0
    1070
0
    1002
}
       0
INSERT
       5
240D
     100
AcDbEntity
       8
1
     100
AcDbBlockReference
       2
Part50607856
      10
1518.23876682034
      20
4637.97712861227
      30
0
      41
1
      42
1
      50
0
    1001
FS_CYPCUT
    1000
Channel
    1070
1
    1000
LeadIn
    1002
{
    1070
0
    1040
0
    1040
0
    1040
0
    1040
0
    1070
0
    1040
0
    1070
0
    1002
}
    1000
LeadOut
    1002
{
    1070
0
    1040
0
    1040
0
    1040
0
    1070
0
    1002
}
       0
INSERT
       5
240E
     100
AcDbEntity
       8
1
     100
AcDbBlockReference
       2
Part148644439
      10
1732.22846682034
      20
4679.96402861227
      30
0
      41
1
      42
1
      50
180
    1001
FS_CYPCUT
    1000
Channel
    1070
1
    1000
LeadIn
    1002
{
    1070
0
    1040
0
    1040
0
    1040
0
    1040
0
    1070
0
    1040
0
    1070
0
    1002
}
    1000
LeadOut
    1002
{
    1070
0
    1040
0
    1040
0
    1040
0
    1070
0
    1002
}
       0
INSERT
       5
240F
     100
AcDbEntity
       8
1
     100
AcDbBlockReference
       2
Part1567995912
      10
1297.01076682034
      20
4630.39692861227
      30
0
      41
1
      42
1
      50
0
    1001
FS_CYPCUT
    1000
Channel
    1070
1
    1000
LeadIn
    1002
{
    1070
0
    1040
0
    1040
0
    1040
0
    1040
0
    1070
0
    1040
0
    1070
0
    1002
}
    1000
LeadOut
    1002
{
    1070
0
    1040
0
    1040
0
    1040
0
    1070
0
    1002
}
       0
INSERT
       5
2410
     100
AcDbEntity
       8
1
     100
AcDbBlockReference
       2
Part1594095881
      10
1339.76176682034
      20
4599.70502861227
      30
0
      41
1
      42
1
      50
0
    1001
FS_CYPCUT
    1000
Channel
    1070
1
    1000
LeadIn
    1002
{
    1070
0
    1040
0
    1040
0
    1040
0
    1040
0
    1070
0
    1040
0
    1070
0
    1002
}
    1000
LeadOut
    1002
{
    1070
0
    1040
0
    1040
0
    1040
0
    1070
0
    1002
}
       0
INSERT
       5
2411
     100
AcDbEntity
       8
1
     100
AcDbBlockReference
       2
Part263792553
      10
2324.86991236235
      20
4394.24611340974
      30
0
      41
1
      42
1
      50
90.0000001836389
    1001
FS_CYPCUT
    1000
Channel
    1070
1
    1000
LeadIn
    1002
{
    1070
0
    1040
0
    1040
0
    1040
0
    1040
0
    1070
0
    1040
0
    1070
0
    1002
}
    1000
LeadOut
    1002
{
    1070
0
    1040
0
    1040
0
    1040
0
    1070
0
    1002
}
       0
INSERT
       5
2412
     100
AcDbEntity
       8
1
     100
AcDbBlockReference
       2
Part1323676542
      10
1759.93026682034
      20
4681.50852861227
      30
0
      41
1
      42
1
      50
0
    1001
FS_CYPCUT
    1000
Channel
    1070
1
    1000
LeadIn
    1002
{
    1070
0
    1040
0
    1040
0
    1040
0
    1040
0
    1070
0
    1040
0
    1070
0
    1002
}
    1000
LeadOut
    1002
{
    1070
0
    1040
0
    1040
0
    1040
0
    1070
0
    1002
}
       0
INSERT
       5
2413
     100
AcDbEntity
       8
1
     100
AcDbBlockReference
       2
Part1415671377
      10
2324.86991236235
      20
4440.04221340974
      30
0
      41
1
      42
1
      50
90.0000001836389
    1001
FS_CYPCUT
    1000
Channel
    1070
1
    1000
LeadIn
    1002
{
    1070
0
    1040
0
    1040
0
    1040
0
    1040
0
    1070
0
    1040
0
    1070
0
    1002
}
    1000
LeadOut
    1002
{
    1070
0
    1040
0
    1040
0
    1040
0
    1070
0
    1002
}
       0
INSERT
       5
2414
     100
AcDbEntity
       8
1
     100
AcDbBlockReference
       2
Part1397845008
      10
1573.05366682034
      20
4496.54692861227
      30
0
      41
1
      42
1
      50
0
    1001
FS_CYPCUT
    1000
Channel
    1070
1
    1000
LeadIn
    1002
{
    1070
0
    1040
0
    1040
0
    1040
0
    1040
0
    1070
0
    1040
0
    1070
0
    1002
}
    1000
LeadOut
    1002
{
    1070
0
    1040
0
    1040
0
    1040
0
    1070
0
    1002
}
       0
INSERT
       5
2415
     100
AcDbEntity
       8
1
     100
AcDbBlockReference
       2
Part1259811774
      10
2324.86991236235
      20
4302.65391340974
      30
0
      41
1
      42
1
      50
90.0000001836389
    1001
FS_CYPCUT
    1000
Channel
    1070
1
    1000
LeadIn
    1002
{
    1070
0
    1040
0
    1040
0
    1040
0
    1040
0
    1070
0
    1040
0
    1070
0
    1002
}
    1000
LeadOut
    1002
{
    1070
0
    1040
0
    1040
0
    1040
0
    1070
0
    1002
}
       0
INSERT
       5
2416
     100
AcDbEntity
       8
1
     100
AcDbBlockReference
       2
Part95616257
      10
1744.49416682034
      20
4473.18582861227
      30
0
      41
1
      42
1
      50
0
    1001
FS_CYPCUT
    1000
Channel
    1070
1
    1000
LeadIn
    1002
{
    1070
0
    1040
0
    1040
0
    1040
0
    1040
0
    1070
0
    1040
0
    1070
0
    1002
}
    1000
LeadOut
    1002
{
    1070
0
    1040
0
    1040
0
    1040
0
    1070
0
    1002
}
       0
INSERT
       5
2417
     100
AcDbEntity
       8
1
     100
AcDbBlockReference
       2
Part68845243
      10
2324.86991236235
      20
4348.45001340974
      30
0
      41
1
      42
1
      50
90.0000001836389
    1001
FS_CYPCUT
    1000
Channel
    1070
1
    1000
LeadIn
    1002
{
    1070
0
    1040
0
    1040
0
    1040
0
    1040
0
    1070
0
    1040
0
    1070
0
    1002
}
    1000
LeadOut
    1002
{
    1070
0
    1040
0
    1040
0
    1040
0
    1070
0
    1002
}
       0
INSERT
       5
2418
     100
AcDbEntity
       8
1
     100
AcDbBlockReference
       2
Part12716984
      10
2177.87836682034
      20
4679.96492861227
      30
0
      41
1
      42
1
      50
180
    1001
FS_CYPCUT
    1000
Channel
    1070
1
    1000
LeadIn
    1002
{
    1070
0
    1040
0
    1040
0
    1040
0
    1040
0
    1070
0
    1040
0
    1070
0
    1002
}
    1000
LeadOut
    1002
{
    1070
0
    1040
0
    1040
0
    1040
0
    1070
0
    1002
}
       0
INSERT
       5
2419
     100
AcDbEntity
       8
1
     100
AcDbBlockReference
       2
Part1995248818
      10
1963.88866682034
      20
4637.97802861227
      30
0
      41
1
      42
1
      50
0
    1001
FS_CYPCUT
    1000
Channel
    1070
1
    1000
LeadIn
    1002
{
    1070
0
    1040
0
    1040
0
    1040
0
    1040
0
    1070
0
    1040
0
    1070
0
    1002
}
    1000
LeadOut
    1002
{
    1070
0
    1040
0
    1040
0
    1040
0
    1070
0
    1002
}
       0
INSERT
       5
241A
     100
AcDbEntity
       8
1
     100
AcDbBlockReference
       2
Part64046900
      10
2148.35006682034
      20
4599.70922861227
      30
0
      41
1
      42
1
      50
0
    1001
FS_CYPCUT
    1000
Channel
    1070
1
    1000
LeadIn
    1002
{
    1070
0
    1040
0
    1040
0
    1040
0
    1040
0
    1070
0
    1040
0
    1070
0
    1002
}
    1000
LeadOut
    1002
{
    1070
0
    1040
0
    1040
0
    1040
0
    1070
0
    1002
}
       0
INSERT
       5
241B
     100
AcDbEntity
       8
1
     100
AcDbBlockReference
       2
Part310214191
      10
2191.10186682034
      20
4630.42002861227
      30
0
      41
1
      42
1
      50
0
    1001
FS_CYPCUT
    1000
Channel
    1070
1
    1000
LeadIn
    1002
{
    1070
0
    1040
0
    1040
0
    1040
0
    1040
0
    1070
0
    1040
0
    1070
0
    1002
}
    1000
LeadOut
    1002
{
    1070
0
    1040
0
    1040
0
    1040
0
    1070
0
    1002
}
       0
INSERT
       5
241C
     100
AcDbEntity
       8
1
     100
AcDbBlockReference
       2
Part1599346226
      10
2166.56606682034
      20
4358.54572861227
      30
0
      41
1
      42
1
      50
0
    1001
FS_CYPCUT
    1000
Channel
    1070
1
    1000
LeadIn
    1002
{
    1070
0
    1040
0
    1040
0
    1040
0
    1040
0
    1070
0
    1040
0
    1070
0
    1002
}
    1000
LeadOut
    1002
{
    1070
0
    1040
0
    1040
0
    1040
0
    1070
0
    1002
}
       0
INSERT
       5
241D
     100
AcDbEntity
       8
1
     100
AcDbBlockReference
       2
Part873356034
      10
2363.53956682034
      20
4343.44162861227
      30
0
      41
1
      42
1
      50
90.0000001836389
    1001
FS_CYPCUT
    1000
Channel
    1070
1
    1000
LeadIn
    1002
{
    1070
0
    1040
0
    1040
0
    1040
0
    1040
0
    1070
0
    1040
0
    1070
0
    1002
}
    1000
LeadOut
    1002
{
    1070
0
    1040
0
    1040
0
    1040
0
    1070
0
    1002
}
       0
INSERT
       5
241E
     100
AcDbEntity
       8
1
     100
AcDbBlockReference
       2
Part266435524
      10
2397.26306343072
      20
4526.35042497396
      30
0
      41
1
      42
1
      50
90.0000001836389
    1001
FS_CYPCUT
    1000
Channel
    1070
1
    1000
LeadIn
    1002
{
    1070
0
    1040
0
    1040
0
    1040
0
    1040
0
    1070
0
    1040
0
    1070
0
    1002
}
    1000
LeadOut
    1002
{
    1070
0
    1040
0
    1040
0
    1040
0
    1070
0
    1002
}
       0
INSERT
       5
241F
     100
AcDbEntity
       8
1
     100
AcDbBlockReference
       2
CommonPart1103774114
      10
2229.53706682034
      20
4683.83952861227
      30
0
      41
1
      42
1
      50
0
    1001
FS_CYPCUT
    1000
Channel
    1070
1
    1000
LeadIn
    1002
{
    1070
0
    1040
0
    1040
0
    1040
0
    1040
0
    1070
0
    1040
0
    1070
0
    1002
}
    1000
LeadOut
    1002
{
    1070
0
    1040
0
    1040
0
    1040
0
    1070
0
    1002
}
       0
INSERT
       5
2420
     100
AcDbEntity
       8
1
     100
AcDbBlockReference
       2
Part1771930917
      10
1976.92856682034
      20
4696.55572861227
      30
0
      41
1
      42
1
      50
0
    1001
FS_CYPCUT
    1000
Channel
    1070
1
    1000
LeadIn
    1002
{
    1070
0
    1040
0
    1040
0
    1040
0
    1040
0
    1070
0
    1040
0
    1070
0
    1002
}
    1000
LeadOut
    1002
{
    1070
0
    1040
0
    1040
0
    1040
0
    1070
0
    1002
}
       0
INSERT
       5
2421
     100
AcDbEntity
       8
1
     100
AcDbBlockReference
       2
Part1899115192
      10
2166.43036682034
      20
4910.29922861227
      30
0
      41
1
      42
1
      50
180
    1001
FS_CYPCUT
    1000
Channel
    1070
1
    1000
LeadIn
    1002
{
    1070
0
    1040
0
    1040
0
    1040
0
    1040
0
    1070
0
    1040
0
    1070
0
    1002
}
    1000
LeadOut
    1002
{
    1070
0
    1040
0
    1040
0
    1040
0
    1070
0
    1002
}
       0
INSERT
       5
2422
     100
AcDbEntity
       8
1
     100
AcDbBlockReference
       2
Part1385609990
      10
1591.93096682034
      20
4696.55572861227
      30
0
      41
1
      42
1
      50
0
    1001
FS_CYPCUT
    1000
Channel
    1070
1
    1000
LeadIn
    1002
{
    1070
0
    1040
0
    1040
0
    1040
0
    1040
0
    1070
0
    1040
0
    1070
0
    1002
}
    1000
LeadOut
    1002
{
    1070
0
    1040
0
    1040
0
    1040
0
    1070
0
    1002
}
       0
INSERT
       5
2423
     100
AcDbEntity
       8
1
     100
AcDbBlockReference
       2
Part1464406284
      10
1203.23706682034
      20
4878.45182861227
      30
0
      41
1
      42
1
      50
269.999999977959
    1001
FS_CYPCUT
    1000
Channel
    1070
1
    1000
LeadIn
    1002
{
    1070
0
    1040
0
    1040
0
    1040
0
    1040
0
    1070
0
    1040
0
    1070
0
    1002
}
    1000
LeadOut
    1002
{
    1070
0
    1040
0
    1040
0
    1040
0
    1070
0
    1002
}
       0
INSERT
       5
2424
     100
AcDbEntity
       8
1
     100
AcDbBlockReference
       2
Part569061822
      10
1781.43266682034
      20
4910.29912861227
      30
0
      41
1
      42
1
      50
180
    1001
FS_CYPCUT
    1000
Channel
    1070
1
    1000
LeadIn
    1002
{
    1070
0
    1040
0
    1040
0
    1040
0
    1040
0
    1070
0
    1040
0
    1070
0
    1002
}
    1000
LeadOut
    1002
{
    1070
0
    1040
0
    1040
0
    1040
0
    1070
0
    1002
}
       0
INSERT
       5
2425
     100
AcDbEntity
       8
1
     100
AcDbBlockReference
       2
Part865688730
      10
1206.93336682034
      20
4696.55572861227
      30
0
      41
1
      42
1
      50
0
    1001
FS_CYPCUT
    1000
Channel
    1070
1
    1000
LeadIn
    1002
{
    1070
0
    1040
0
    1040
0
    1040
0
    1040
0
    1070
0
    1040
0
    1070
0
    1002
}
    1000
LeadOut
    1002
{
    1070
0
    1040
0
    1040
0
    1040
0
    1070
0
    1002
}
       0
INSERT
       5
2426
     100
AcDbEntity
       8
1
     100
AcDbBlockReference
       2
Part1978294684
      10
1467.23696682034
      20
4913.29922861227
      30
0
      41
1
      42
1
      50
0
    1001
FS_CYPCUT
    1000
Channel
    1070
1
    1000
LeadIn
    1002
{
    1070
0
    1040
0
    1040
0
    1040
0
    1040
0
    1070
0
    1040
0
    1070
0
    1002
}
    1000
LeadOut
    1002
{
    1070
0
    1040
0
    1040
0
    1040
0
    1070
0
    1002
}
       0
INSERT
       5
2427
     100
AcDbEntity
       8
1
     100
AcDbBlockReference
       2
Part1774348354
      10
1396.75796682034
      20
4913.29912861227
      30
0
      41
1
      42
1
      50
0
    1001
FS_CYPCUT
    1000
Channel
    1070
1
    1000
LeadIn
    1002
{
    1070
0
    1040
0
    1040
0
    1040
0
    1040
0
    1070
0
    1040
0
    1070
0
    1002
}
    1000
LeadOut
    1002
{
    1070
0
    1040
0
    1040
0
    1040
0
    1070
0
    1002
}
       0
INSERT
       5
2428
     100
AcDbEntity
       8
1
     100
AcDbBlockReference
       2
Part425787097
      10
1243.73626682034
      20
4951.45812861227
      30
0
      41
1
      42
1
      50
0
    1001
FS_CYPCUT
    1000
Channel
    1070
1
    1000
LeadIn
    1002
{
    1070
0
    1040
0
    1040
0
    1040
0
    1040
0
    1070
0
    1040
0
    1070
0
    1002
}
    1000
LeadOut
    1002
{
    1070
0
    1040
0
    1040
0
    1040
0
    1070
0
    1002
}
       0
INSERT
       5
2429
     100
AcDbEntity
       8
1
     100
AcDbBlockReference
       2
Part1928459335
      10
1203.23706682034
      20
4881.45182861227
      30
0
      41
1
      42
1
      50
0
    1001
FS_CYPCUT
    1000
Channel
    1070
1
    1000
LeadIn
    1002
{
    1070
0
    1040
0
    1040
0
    1040
0
    1040
0
    1070
0
    1040
0
    1070
0
    1002
}
    1000
LeadOut
    1002
{
    1070
0
    1040
0
    1040
0
    1040
0
    1070
0
    1002
}
       0
INSERT
       5
242A
     100
AcDbEntity
       8
1
     100
AcDbBlockReference
       2
Part550837779
      10
1778.23696682034
      20
4913.29922861227
      30
0
      41
1
      42
1
      50
0
    1001
FS_CYPCUT
    1000
Channel
    1070
1
    1000
LeadIn
    1002
{
    1070
0
    1040
0
    1040
0
    1040
0
    1040
0
    1070
0
    1040
0
    1070
0
    1002
}
    1000
LeadOut
    1002
{
    1070
0
    1040
0
    1040
0
    1040
0
    1070
0
    1002
}
       0
INSERT
       5
242B
     100
AcDbEntity
       8
1
     100
AcDbBlockReference
       2
Part682005839
      10
2089.23706682996
      20
5032.03742863535
      30
0
      41
1
      42
1
      50
269.999999977959
    1001
FS_CYPCUT
    1000
Channel
    1070
1
    1000
LeadIn
    1002
{
    1070
0
    1040
0
    1040
0
    1040
0
    1040
0
    1070
0
    1040
0
    1070
0
    1002
}
    1000
LeadOut
    1002
{
    1070
0
    1040
0
    1040
0
    1040
0
    1070
0
    1002
}
       0
LWPOLYLINE
       5
242C
     100
AcDbEntity
       8
1
     100
AcDbPolyline
      90
16
      70
1
      10
2222.04436682034
      20
4981.93992861227
      42
0
      10
2113.04436682034
      20
4960.93992861227
      42
0
      10
2105.54436682034
      20
4953.43992861227
      42
0
      10
2105.54436682034
      20
4948.43992861227
      42
0
      10
2116.54436682034
      20
4948.43992861227
      42
-0.414213562373095
      10
2121.54436682034
      20
4943.43992861227
      42
0
      10
2121.54436682034
      20
4940.43992861227
      42
-0.414213562373091
      10
2116.54436682034
      20
4935.43992861227
      42
0
      10
2105.54436682034
      20
4935.43992861227
      42
0
      10
2105.54436682034
      20
4930.43992861227
      42
0
      10
2113.04436682034
      20
4922.93992861227
      42
0
      10
2222.04436682034
      20
4901.93992861227
      42
0
      10
2222.04436682034
      20
4927.93992861227
      42
0
      10
2226.54436682034
      20
4927.93992861227
      42
0
      10
2226.54436682034
      20
4955.93992861227
      42
0
      10
2222.04436682034
      20
4955.93992861227
      42
0
    1001
FS_CYPCUT
    1000
Channel
    1070
1
    1000
LeadIn
    1002
{
    1070
3
    1040
0.5
    1040
1.5707963267949
    1040
1
    1040
1
    1070
0
    1040
0.5
    1070
0
    1002
}
    1000
LeadOut
    1002
{
    1070
0
    1040
0
    1040
0
    1040
0
    1070
0
    1002
}
    1000
IsFill
    1070
1
    1000
PathStart
    1040
0.5
    1000
ToolCompensation
    1002
{
    1070
0
    1040
0
    1070
0
    1002
}
    1000
MicroConnect
    1002
{
    1070
2
    1040
0.362936366
    1041
0.8
    1042
0
    1040
10.1865923
    1041
0.8
    1042
0
    1002
}
       0
LWPOLYLINE
       5
242D
     100
AcDbEntity
       8
1
     100
AcDbPolyline
      90
16
      70
1
      10
2317.23706682034
      20
5019.73072861227
      42
0
      10
2338.23706682034
      20
4910.73072861227
      42
0
      10
2345.73706682034
      20
4903.23072861227
      42
0
      10
2350.73706682034
      20
4903.23072861227
      42
0
      10
2350.73706682034
      20
4914.23072861227
      42
-0.414213562373095
      10
2355.73706682034
      20
4919.23072861227
      42
0
      10
2358.73706682034
      20
4919.23072861227
      42
-0.414213562373091
      10
2363.73706682034
      20
4914.23072861227
      42
0
      10
2363.73706682034
      20
4903.23072861227
      42
0
      10
2368.73706682034
      20
4903.23072861227
      42
0
      10
2376.23706682034
      20
4910.73072861227
      42
0
      10
2397.23706682034
      20
5019.73072861227
      42
0
      10
2371.23706682034
      20
5019.73072861227
      42
0
      10
2371.23706682034
      20
5024.23072861227
      42
0
      10
2343.23706682034
      20
5024.23072861227
      42
0
      10
2343.23706682034
      20
5019.73072861227
      42
0
    1001
FS_CYPCUT
    1000
Channel
    1070
1
    1000
LeadIn
    1002
{
    1070
3
    1040
0.5
    1040
1.5707963267949
    1040
1
    1040
1
    1070
0
    1040
0.5
    1070
0
    1002
}
    1000
LeadOut
    1002
{
    1070
0
    1040
0
    1040
0
    1040
0
    1070
0
    1002
}
    1000
IsFill
    1070
1
    1000
PathStart
    1040
0.5
    1000
ToolCompensation
    1002
{
    1070
0
    1040
0
    1070
0
    1002
}
    1000
MicroConnect
    1002
{
    1070
2
    1040
0.362936366
    1041
0.8
    1042
0
    1040
10.1865923
    1041
0.8
    1042
0
    1002
}
       0
ENDSEC
  0
SECTION
  2
OBJECTS
  0
DICTIONARY
  5
111
330
0
100
AcDbDictionary
281
     1
  3
ACAD_COLOR
350
120
  3
ACAD_GROUP
350
112
  3
ACAD_LAYOUT
350
11E
  3
ACAD_MATERIAL
350
11F
  3
ACAD_MLINESTYLE
350
11B
  3
ACAD_PLOTSETTINGS
350
11D
  3
ACAD_PLOTSTYLENAME
350
113
  3
ACAD_TABLESTYLE
350
121
  3
AcDbVariableDictionary
350
135
  0
DICTIONARY
  5
120
102
{ACAD_REACTORS
330
111
102
}
330
111
100
AcDbDictionary
281
     1
  0
DICTIONARY
  5
112
102
{ACAD_REACTORS
330
111
102
}
330
111
100
AcDbDictionary
281
     1
  0
DICTIONARY
  5
11E
102
{ACAD_REACTORS
330
111
102
}
330
111
100
AcDbDictionary
281
     1
  3
Model
350
12A
  3
布局1
350
126
  0
DICTIONARY
  5
11F
102
{ACAD_REACTORS
330
111
102
}
330
111
100
AcDbDictionary
281
     1
  0
DICTIONARY
  5
11B
102
{ACAD_REACTORS
330
111
102
}
330
111
100
AcDbDictionary
281
     1
  3
Standard
350
11C
  0
DICTIONARY
  5
11D
102
{ACAD_REACTORS
330
111
102
}
330
111
100
AcDbDictionary
281
     1
  0
ACDBDICTIONARYWDFLT
  5
113
102
{ACAD_REACTORS
330
111
102
}
330
111
100
AcDbDictionary
281
     1
  3
Normal
350
114
100
AcDbDictionaryWithDefault
340
114
  0
DICTIONARY
  5
121
102
{ACAD_REACTORS
330
111
102
}
330
111
100
AcDbDictionary
281
     1
  3
Standard
350
122
  0
DICTIONARY
  5
135
102
{ACAD_REACTORS
330
111
102
}
330
111
100
AcDbDictionary
281
     1
  3
CTABLESTYLE
350
136
  0
LAYOUT
  5
12A
102
{ACAD_REACTORS
330
11E
102
}
330
11E
100
AcDbPlotSettings
  1

  2
发送至 OneNote 2010
  4

  6

 40
0.0
 41
0.0
 42
0.0
 43
0.0
 44
0.0
 45
0.0
 46
0.0
 47
0.0
 48
0.0
 49
0.0
140
0.0
141
0.0
142
1.0
143
1.0
 70
  1712
 72
     0
 73
     0
 74
     0
  7

 75
     0
147
1.0
 76
     0
 77
     2
 78
   300
148
0.0
149
0.0
100
AcDbLayout
  1
Model
 70
     1
 71
     0
 10
0.0
 20
0.0
 11
12.0
 21
9.0
 12
0.0
 22
0.0
 32
0.0
 14
0.0
 24
0.0
 34
0.0
 15
0.0
 25
0.0
 35
0.0
146
0.0
 13
0.0
 23
0.0
 33
0.0
 16
1.0
 26
0.0
 36
0.0
 17
0.0
 27
1.0
 37
0.0
 76
     0
330
127
  0
LAYOUT
  5
126
102
{ACAD_REACTORS
330
11E
102
}
330
11E
100
AcDbPlotSettings
  1

  2
发送至 OneNote 2010
  4

  6

 40
0.0
 41
0.0
 42
0.0
 43
0.0
 44
0.0
 45
0.0
 46
0.0
 47
0.0
 48
0.0
 49
0.0
140
0.0
141
0.0
142
1.0
143
1.0
 70
   688
 72
     0
 73
     0
 74
     5
  7

 75
    16
147
1.0
 76
     0
 77
     2
 78
   300
148
0.0
149
0.0
100
AcDbLayout
  1
布局1
 70
     1
 71
     1
 10
0.0
 20
0.0
 11
12.0
 21
9.0
 12
0.0
 22
0.0
 32
0.0
 14
0.0
 24
0.0
 34
0.0
 15
0.0
 25
0.0
 35
0.0
146
0.0
 13
0.0
 23
0.0
 33
0.0
 16
1.0
 26
0.0
 36
0.0
 17
0.0
 27
1.0
 37
0.0
 76
     0
330
123
  0
MLINESTYLE
  5
11C
102
{ACAD_REACTORS
330
11B
102
}
330
11B
100
AcDbMlineStyle
  2
STANDARD
 70
     0
  3

 62
   256
 51
90.0
 52
90.0
 71
     2
 49
0.5
 62
   256
  6
BYLAYER
 49
-0.5
 62
   256
  6
BYLAYER
  0
ACDBPLACEHOLDER
  5
114
102
{ACAD_REACTORS
330
113
102
}
330
113
  0
TABLESTYLE
  5
122
102
{ACAD_REACTORS
330
121
102
}
330
121
100
AcDbTableStyle
  3
Standard
 70
     0
 71
     0
 40
0.06
 41
0.06
280
     0
281
     0
  7
STANDARD
140
0.18
170
     2
 62
     0
 63
     7
283
     0
274
    -2
284
     1
 64
     0
275
    -2
285
     1
 65
     0
276
    -2
286
     1
 66
     0
277
    -2
287
     1
 67
     0
278
    -2
288
     1
 68
     0
279
    -2
289
     1
 69
     0
  7
STANDARD
140
0.25
170
     5
 62
     0
 63
     7
283
     0
274
    -2
284
     1
 64
     0
275
    -2
285
     1
 65
     0
276
    -2
286
     1
 66
     0
277
    -2
287
     1
 67
     0
278
    -2
288
     1
 68
     0
279
    -2
289
     1
 69
     0
  7
STANDARD
140
0.18
170
     5
 62
     0
 63
     7
283
     0
274
    -2
284
     1
 64
     0
275
    -2
285
     1
 65
     0
276
    -2
286
     1
 66
     0
277
    -2
287
     1
 67
     0
278
    -2
288
     1
 68
     0
279
    -2
289
     1
 69
     0
  0
DICTIONARYVAR
  5
136
102
{ACAD_REACTORS
330
135
102
}
330
135
100
DictionaryVariables
280
     0
  1
STANDARD
  0
ENDSEC
  0
EOF
