  0
SECTION
  2
HEADER
  9
$ACADVER
  1
AC1018
  9
$ACADMAINTVER
 70
    77
  9
$DWGCODEPAGE
  3
ANSI_936
  9
$INSBASE
 10
0.0
 20
0.0
 30
0.0
  9
$EXTMIN
 10
643.36492895608
 20
1227.48815175448
 30
0.0
  9
$EXTMAX
 10
1839.36492895608
 20
2487.86065175448
 30
0.0
  9
$LIMMIN
 10
0.0
 20
0.0
  9
$LIMMAX
 10
420.0
 20
297.0
  9
$ORTHOMODE
 70
     0
  9
$REGENMODE
 70
     1
  9
$FILLMODE
 70
     1
  9
$QTEXTMODE
 70
     0
  9
$MIRRTEXT
 70
     0
  9
$LTSCALE
 40
1.0
  9
$ATTMODE
 70
     1
  9
$TEXTSIZE
 40
2.5
  9
$TRACEWID
 40
1.0
  9
$TEXTSTYLE
  7
STANDARD
  9
$CLAYER
  8
0
  9
$CELTYPE
  6
ByLayer
  9
$CECOLOR
 62
   256
  9
$CELTSCALE
 40
1.0
  9
$DISPSILH
 70
     0
  9
$DIMSCALE
 40
1.0
  9
$DIMASZ
 40
2.5
  9
$DIMEXO
 40
0.625
  9
$DIMDLI
 40
3.75
  9
$DIMRND
 40
0.0
  9
$DIMDLE
 40
0.0
  9
$DIMEXE
 40
1.25
  9
$DIMTP
 40
0.0
  9
$DIMTM
 40
0.0
  9
$DIMTXT
 40
2.5
  9
$DIMCEN
 40
2.5
  9
$DIMTSZ
 40
0.0
  9
$DIMTOL
 70
     0
  9
$DIMLIM
 70
     0
  9
$DIMTIH
 70
     0
  9
$DIMTOH
 70
     0
  9
$DIMSE1
 70
     0
  9
$DIMSE2
 70
     0
  9
$DIMTAD
 70
     1
  9
$DIMZIN
 70
     8
  9
$DIMBLK
  1

  9
$DIMASO
 70
     1
  9
$DIMSHO
 70
     1
  9
$DIMPOST
  1

  9
$DIMAPOST
  1

  9
$DIMALT
 70
     0
  9
$DIMALTD
 70
     3
  9
$DIMALTF
 40
0.03937007874016
  9
$DIMLFAC
 40
1.0
  9
$DIMTOFL
 70
     1
  9
$DIMTVP
 40
0.0
  9
$DIMTIX
 70
     0
  9
$DIMSOXD
 70
     0
  9
$DIMSAH
 70
     0
  9
$DIMBLK1
  1

  9
$DIMBLK2
  1

  9
$DIMSTYLE
  2
ISO-25
  9
$DIMCLRD
 70
     0
  9
$DIMCLRE
 70
     0
  9
$DIMCLRT
 70
     0
  9
$DIMTFAC
 40
1.0
  9
$DIMGAP
 40
0.625
  9
$DIMJUST
 70
     0
  9
$DIMSD1
 70
     0
  9
$DIMSD2
 70
     0
  9
$DIMTOLJ
 70
     1
  9
$DIMTZIN
 70
     0
  9
$DIMALTZ
 70
     0
  9
$DIMALTTZ
 70
     0
  9
$DIMUPT
 70
     0
  9
$DIMDEC
 70
     4
  9
$DIMTDEC
 70
     4
  9
$DIMALTU
 70
     2
  9
$DIMALTTD
 70
     2
  9
$DIMTXSTY
  7
STANDARD
  9
$DIMAUNIT
 70
     0
  9
$DIMADEC
 70
     0
  9
$DIMALTRND
 40
0.0
  9
$DIMAZIN
 70
     0
  9
$DIMDSEP
 70
    46
  9
$DIMATFIT
 70
     3
  9
$DIMFRAC
 70
     0
  9
$DIMLDRBLK
  1

  9
$DIMLUNIT
 70
     2
  9
$DIMLWD
 70
    -2
  9
$DIMLWE
 70
    -2
  9
$DIMTMOVE
 70
     0
  9
$LUNITS
 70
     2
  9
$LUPREC
 70
     4
  9
$SKETCHINC
 40
1.0
  9
$FILLETRAD
 40
0.0
  9
$AUNITS
 70
     0
  9
$AUPREC
 70
     0
  9
$MENU
  1
.
  9
$ELEVATION
 40
0.0
  9
$PELEVATION
 40
0.0
  9
$THICKNESS
 40
0.0
  9
$LIMCHECK
 70
     0
  9
$CHAMFERA
 40
0.0
  9
$CHAMFERB
 40
0.0
  9
$CHAMFERC
 40
0.0
  9
$CHAMFERD
 40
0.0
  9
$SKPOLY
 70
     0
  9
$TDCREATE
 40
2456997.676706910
  9
$TDUCREATE
 40
2456997.343373576
  9
$TDUPDATE
 40
2456997.680113438
  9
$TDUUPDATE
 40
2456997.346780104
  9
$TDINDWG
 40
0.0010312963
  9
$TDUSRTIMER
 40
0.0010311806
  9
$USRTIMER
 70
     1
  9
$ANGBASE
 50
0.0
  9
$ANGDIR
 70
     0
  9
$PDMODE
 70
     0
  9
$PDSIZE
 40
0.0
  9
$PLINEWID
 40
0.0
  9
$SPLFRAME
 70
     0
  9
$SPLINETYPE
 70
     6
  9
$SPLINESEGS
 70
     8
  9
$HANDSEED
  5
25A0
  9
$SURFTAB1
 70
     6
  9
$SURFTAB2
 70
     6
  9
$SURFTYPE
 70
     6
  9
$SURFU
 70
     6
  9
$SURFV
 70
     6
  9
$UCSBASE
  2

  9
$UCSNAME
  2

  9
$UCSORG
 10
0.0
 20
0.0
 30
0.0
  9
$UCSXDIR
 10
1.0
 20
0.0
 30
0.0
  9
$UCSYDIR
 10
0.0
 20
1.0
 30
0.0
  9
$UCSORTHOREF
  2

  9
$UCSORTHOVIEW
 70
     0
  9
$UCSORGTOP
 10
0.0
 20
0.0
 30
0.0
  9
$UCSORGBOTTOM
 10
0.0
 20
0.0
 30
0.0
  9
$UCSORGLEFT
 10
0.0
 20
0.0
 30
0.0
  9
$UCSORGRIGHT
 10
0.0
 20
0.0
 30
0.0
  9
$UCSORGFRONT
 10
0.0
 20
0.0
 30
0.0
  9
$UCSORGBACK
 10
0.0
 20
0.0
 30
0.0
  9
$PUCSBASE
  2

  9
$PUCSNAME
  2

  9
$PUCSORG
 10
0.0
 20
0.0
 30
0.0
  9
$PUCSXDIR
 10
1.0
 20
0.0
 30
0.0
  9
$PUCSYDIR
 10
0.0
 20
1.0
 30
0.0
  9
$PUCSORTHOREF
  2

  9
$PUCSORTHOVIEW
 70
     0
  9
$PUCSORGTOP
 10
0.0
 20
0.0
 30
0.0
  9
$PUCSORGBOTTOM
 10
0.0
 20
0.0
 30
0.0
  9
$PUCSORGLEFT
 10
0.0
 20
0.0
 30
0.0
  9
$PUCSORGRIGHT
 10
0.0
 20
0.0
 30
0.0
  9
$PUCSORGFRONT
 10
0.0
 20
0.0
 30
0.0
  9
$PUCSORGBACK
 10
0.0
 20
0.0
 30
0.0
  9
$USERI1
 70
     0
  9
$USERI2
 70
     0
  9
$USERI3
 70
     0
  9
$USERI4
 70
     0
  9
$USERI5
 70
     0
  9
$USERR1
 40
0.0
  9
$USERR2
 40
0.0
  9
$USERR3
 40
0.0
  9
$USERR4
 40
0.0
  9
$USERR5
 40
0.0
  9
$WORLDVIEW
 70
     1
  9
$SHADEDGE
 70
     3
  9
$SHADEDIF
 70
    70
  9
$TILEMODE
 70
     1
  9
$MAXACTVP
 70
    64
  9
$PINSBASE
 10
0.0
 20
0.0
 30
0.0
  9
$PLIMCHECK
 70
     0
  9
$PEXTMIN
 10
0.0
 20
0.0
 30
0.0
  9
$PEXTMAX
 10
0.0
 20
0.0
 30
0.0
  9
$PLIMMIN
 10
0.0
 20
0.0
  9
$PLIMMAX
 10
12.0
 20
9.0
  9
$UNITMODE
 70
     0
  9
$VISRETAIN
 70
     1
  9
$PLINEGEN
 70
     0
  9
$PSLTSCALE
 70
     1
  9
$TREEDEPTH
 70
  3020
  9
$CMLSTYLE
  2
Standard
  9
$CMLJUST
 70
     0
  9
$CMLSCALE
 40
1.0
  9
$PROXYGRAPHICS
 70
     1
  9
$MEASUREMENT
 70
     1
  9
$CELWEIGHT
370
    -1
  9
$ENDCAPS
280
     0
  9
$JOINSTYLE
280
     0
  9
$LWDISPLAY
290
     0
  9
$INSUNITS
 70
     0
  9
$HYPERLINKBASE
  1

  9
$STYLESHEET
  1

  9
$XEDIT
290
     1
  9
$CEPSNTYPE
380
     0
  9
$PSTYLEMODE
290
     1
  9
$FINGERPRINTGUID
  2
{1F2D6530-6BF2-4D5E-922F-A9C54F637010}
  9
$VERSIONGUID
  2
{15AD9CB5-51D1-451C-B472-5DB36EFAD6AD}
  9
$EXTNAMES
290
     1
  9
$PSVPSCALE
 40
0.0
  9
$OLESTARTUP
290
     0
  9
$SORTENTS
280
   127
  9
$INDEXCTL
280
     0
  9
$HIDETEXT
280
     0
  9
$XCLIPFRAME
290
     0
  9
$HALOGAP
280
     0
  9
$OBSCOLOR
 70
   257
  9
$OBSLTYPE
280
     0
  9
$INTERSECTIONDISPLAY
280
     0
  9
$INTERSECTIONCOLOR
 70
   257
  9
$DIMASSOC
280
     1
  9
$PROJECTNAME
  1

  0
ENDSEC
  0
SECTION
  2
CLASSES
  0
CLASS
  1
ACDBDICTIONARYWDFLT
  2
AcDbDictionaryWithDefault
  3
ObjectDBX Classes
 90
        0
 91
        1
280
     0
281
     0
  0
CLASS
  1
TABLESTYLE
  2
AcDbTableStyle
  3
ObjectDBX Classes
 90
     2047
 91
        1
280
     0
281
     0
  0
CLASS
  1
DICTIONARYVAR
  2
AcDbDictionaryVar
  3
ObjectDBX Classes
 90
        0
 91
        1
280
     0
281
     0
  0
ENDSEC
  0
SECTION
  2
TABLES
  0
TABLE
  2
VPORT
  5
10D
330
0
100
AcDbSymbolTable
 70
     2
  0
VPORT
  5
137
330
10D
100
AcDbSymbolTableRecord
100
AcDbViewportTableRecord
  2
*Active
 70
     0
 10
0.0
 20
0.0
 11
1.0
 21
1.0
 12
1241.36492895608
 22
1857.67440175448
 13
0.0
 23
0.0
 14
10.0
 24
10.0
 15
10.0
 25
10.0
 16
0.0
 26
0.0
 36
1.0
 17
0.0
 27
0.0
 37
0.0
 40
551.708552688342
 41
2.435135135135135
 42
50.0
 43
0.0
 44
0.0
 50
0.0
 51
0.0
 71
     0
 72
  1000
 73
     1
 74
     3
 75
     0
 76
     0
 77
     0
 78
     0
281
     0
 65
     1
110
0.0
120
0.0
130
0.0
111
1.0
121
0.0
131
0.0
112
0.0
122
1.0
132
0.0
 79
     0
146
0.0
  0
ENDTAB
  0
TABLE
  2
LTYPE
  5
10A
330
0
100
AcDbSymbolTable
 70
     1
  0
LTYPE
  5
118
330
10A
100
AcDbSymbolTableRecord
100
AcDbLinetypeTableRecord
  2
ByBlock
 70
     0
  3

 72
    65
 73
     0
 40
0.0
  0
LTYPE
  5
119
330
10A
100
AcDbSymbolTableRecord
100
AcDbLinetypeTableRecord
  2
ByLayer
 70
     0
  3

 72
    65
 73
     0
 40
0.0
  0
LTYPE
  5
11A
330
10A
100
AcDbSymbolTableRecord
100
AcDbLinetypeTableRecord
  2
CONTINUOUS
 70
     0
  3
Solid line
 72
    65
 73
     0
 40
0.0
  0
ENDTAB
  0
TABLE
  2
LAYER
  5
107
330
0
100
AcDbSymbolTable
 70
     1
  0
LAYER
  5
115
330
107
100
AcDbSymbolTableRecord
100
AcDbLayerTableRecord
  2
0
 70
     0
 62
     7
  6
CONTINUOUS
370
    -3
390
114
  0
ENDTAB
  0
TABLE
  2
STYLE
  5
108
330
0
100
AcDbSymbolTable
 70
     1
  0
STYLE
  5
116
330
108
100
AcDbSymbolTableRecord
100
AcDbTextStyleTableRecord
  2
STANDARD
 70
     0
 40
0.0
 41
1.0
 50
0.0
 71
     0
 42
2.5
  3
txt
  4
gbcbig.shx
  0
ENDTAB
  0
TABLE
  2
VIEW
  5
10B
330
0
100
AcDbSymbolTable
 70
     0
  0
ENDTAB
  0
TABLE
  2
UCS
  5
10C
330
0
100
AcDbSymbolTable
 70
     0
  0
ENDTAB
  0
TABLE
  2
APPID
  5
10E
330
0
100
AcDbSymbolTable
 70
     2
  0
APPID
  5
117
330
10E
100
AcDbSymbolTableRecord
100
AcDbRegAppTableRecord
  2
ACAD
 70
     0
  0
APPID
  5
12C
330
10E
100
AcDbSymbolTableRecord
100
AcDbRegAppTableRecord
  2
ACAD_PSEXT
 70
     0
  0
APPID
  5
112C
330
10E
100
AcDbSymbolTableRecord
100
AcDbRegAppTableRecord
  2
FS_CYPCUT
 70
     0
  0
ENDTAB
  0
TABLE
  2
DIMSTYLE
  5
10F
330
0
100
AcDbSymbolTable
 70
     1
100
AcDbDimStyleTable
 71
     0
  0
DIMSTYLE
105
12D
330
10F
100
AcDbSymbolTableRecord
100
AcDbDimStyleTableRecord
  2
ISO-25
 70
     0
 41
2.5
 42
0.625
 43
3.75
 44
1.25
 73
     0
 74
     0
 77
     1
 78
     8
140
2.5
141
2.5
143
0.03937007874016
147
0.625
171
     3
172
     1
274
     3
279
     2
284
     8
285
     8
286
     8
340
116
  0
ENDTAB
  0
TABLE
  2
BLOCK_RECORD
  5
106
330
0
100
AcDbSymbolTable
 70
     2
  0
BLOCK_RECORD
  5
127
330
106
100
AcDbSymbolTableRecord
100
AcDbBlockTableRecord
  2
*Model_Space
340
12A
  0
BLOCK_RECORD
  5
123
330
106
100
AcDbSymbolTableRecord
100
AcDbBlockTableRecord
  2
*Paper_Space
340
126
  0
BLOCK_RECORD
  5
130
330
106
100
AcDbSymbolTableRecord
100
AcDbBlockTableRecord
  2
$MODEL_SPACE
340
0
  0
BLOCK_RECORD
  5
132
330
106
100
AcDbSymbolTableRecord
100
AcDbBlockTableRecord
  2
$PAPER_SPACE
340
0
       0
BLOCK_RECORD
       5
2000
     330
106
     100
AcDbSymbolTableRecord
     100
AcDbBlockTableRecord
       2
Part815538969
       0
BLOCK_RECORD
       5
2001
     330
106
     100
AcDbSymbolTableRecord
     100
AcDbBlockTableRecord
       2
CommonPart887062490
       0
BLOCK_RECORD
       5
2002
     330
106
     100
AcDbSymbolTableRecord
     100
AcDbBlockTableRecord
       2
Part1774682884
       0
BLOCK_RECORD
       5
2003
     330
106
     100
AcDbSymbolTableRecord
     100
AcDbBlockTableRecord
       2
Part760365560
       0
BLOCK_RECORD
       5
2004
     330
106
     100
AcDbSymbolTableRecord
     100
AcDbBlockTableRecord
       2
Part1668282759
       0
BLOCK_RECORD
       5
2005
     330
106
     100
AcDbSymbolTableRecord
     100
AcDbBlockTableRecord
       2
Part1638031001
       0
BLOCK_RECORD
       5
2006
     330
106
     100
AcDbSymbolTableRecord
     100
AcDbBlockTableRecord
       2
Part1180264445
       0
BLOCK_RECORD
       5
2007
     330
106
     100
AcDbSymbolTableRecord
     100
AcDbBlockTableRecord
       2
Part1760788390
       0
BLOCK_RECORD
       5
2008
     330
106
     100
AcDbSymbolTableRecord
     100
AcDbBlockTableRecord
       2
Part1731786341
       0
BLOCK_RECORD
       5
2009
     330
106
     100
AcDbSymbolTableRecord
     100
AcDbBlockTableRecord
       2
Part1571028051
       0
BLOCK_RECORD
       5
200A
     330
106
     100
AcDbSymbolTableRecord
     100
AcDbBlockTableRecord
       2
Part1075642206
       0
BLOCK_RECORD
       5
200B
     330
106
     100
AcDbSymbolTableRecord
     100
AcDbBlockTableRecord
       2
Part1268310090
       0
BLOCK_RECORD
       5
200C
     330
106
     100
AcDbSymbolTableRecord
     100
AcDbBlockTableRecord
       2
Part735326019
       0
BLOCK_RECORD
       5
200D
     330
106
     100
AcDbSymbolTableRecord
     100
AcDbBlockTableRecord
       2
Part997847529
       0
BLOCK_RECORD
       5
200E
     330
106
     100
AcDbSymbolTableRecord
     100
AcDbBlockTableRecord
       2
Part610774493
       0
BLOCK_RECORD
       5
200F
     330
106
     100
AcDbSymbolTableRecord
     100
AcDbBlockTableRecord
       2
Part1237992523
       0
BLOCK_RECORD
       5
2010
     330
106
     100
AcDbSymbolTableRecord
     100
AcDbBlockTableRecord
       2
Part2025602432
       0
BLOCK_RECORD
       5
2011
     330
106
     100
AcDbSymbolTableRecord
     100
AcDbBlockTableRecord
       2
Part906601569
       0
BLOCK_RECORD
       5
2012
     330
106
     100
AcDbSymbolTableRecord
     100
AcDbBlockTableRecord
       2
Part112309096
       0
BLOCK_RECORD
       5
2013
     330
106
     100
AcDbSymbolTableRecord
     100
AcDbBlockTableRecord
       2
Part881371609
       0
BLOCK_RECORD
       5
2014
     330
106
     100
AcDbSymbolTableRecord
     100
AcDbBlockTableRecord
       2
Part1701453711
       0
BLOCK_RECORD
       5
2015
     330
106
     100
AcDbSymbolTableRecord
     100
AcDbBlockTableRecord
       2
Part110664531
       0
BLOCK_RECORD
       5
2016
     330
106
     100
AcDbSymbolTableRecord
     100
AcDbBlockTableRecord
       2
Part487569730
       0
BLOCK_RECORD
       5
2017
     330
106
     100
AcDbSymbolTableRecord
     100
AcDbBlockTableRecord
       2
Part1269979299
       0
BLOCK_RECORD
       5
2018
     330
106
     100
AcDbSymbolTableRecord
     100
AcDbBlockTableRecord
       2
Part874501906
       0
BLOCK_RECORD
       5
2019
     330
106
     100
AcDbSymbolTableRecord
     100
AcDbBlockTableRecord
       2
Part1653924181
       0
BLOCK_RECORD
       5
201A
     330
106
     100
AcDbSymbolTableRecord
     100
AcDbBlockTableRecord
       2
Part974782376
       0
BLOCK_RECORD
       5
201B
     330
106
     100
AcDbSymbolTableRecord
     100
AcDbBlockTableRecord
       2
Part1736225200
       0
BLOCK_RECORD
       5
201C
     330
106
     100
AcDbSymbolTableRecord
     100
AcDbBlockTableRecord
       2
Part1049265532
       0
BLOCK_RECORD
       5
201D
     330
106
     100
AcDbSymbolTableRecord
     100
AcDbBlockTableRecord
       2
Part1808318125
       0
BLOCK_RECORD
       5
201E
     330
106
     100
AcDbSymbolTableRecord
     100
AcDbBlockTableRecord
       2
Part1498713398
       0
BLOCK_RECORD
       5
201F
     330
106
     100
AcDbSymbolTableRecord
     100
AcDbBlockTableRecord
       2
Part627940950
       0
BLOCK_RECORD
       5
2020
     330
106
     100
AcDbSymbolTableRecord
     100
AcDbBlockTableRecord
       2
Part142950187
       0
BLOCK_RECORD
       5
2021
     330
106
     100
AcDbSymbolTableRecord
     100
AcDbBlockTableRecord
       2
Part625124621
       0
BLOCK_RECORD
       5
2022
     330
106
     100
AcDbSymbolTableRecord
     100
AcDbBlockTableRecord
       2
Part670764407
       0
BLOCK_RECORD
       5
2023
     330
106
     100
AcDbSymbolTableRecord
     100
AcDbBlockTableRecord
       2
Part1721154676
       0
BLOCK_RECORD
       5
2024
     330
106
     100
AcDbSymbolTableRecord
     100
AcDbBlockTableRecord
       2
Part973258218
       0
BLOCK_RECORD
       5
2025
     330
106
     100
AcDbSymbolTableRecord
     100
AcDbBlockTableRecord
       2
Part725236445
       0
BLOCK_RECORD
       5
2026
     330
106
     100
AcDbSymbolTableRecord
     100
AcDbBlockTableRecord
       2
Part183035980
       0
BLOCK_RECORD
       5
2027
     330
106
     100
AcDbSymbolTableRecord
     100
AcDbBlockTableRecord
       2
Part1338743362
       0
BLOCK_RECORD
       5
2028
     330
106
     100
AcDbSymbolTableRecord
     100
AcDbBlockTableRecord
       2
Part2023805265
       0
BLOCK_RECORD
       5
2029
     330
106
     100
AcDbSymbolTableRecord
     100
AcDbBlockTableRecord
       2
Part896322926
       0
BLOCK_RECORD
       5
202A
     330
106
     100
AcDbSymbolTableRecord
     100
AcDbBlockTableRecord
       2
Part1330552724
       0
BLOCK_RECORD
       5
202B
     330
106
     100
AcDbSymbolTableRecord
     100
AcDbBlockTableRecord
       2
Part802741712
       0
BLOCK_RECORD
       5
202C
     330
106
     100
AcDbSymbolTableRecord
     100
AcDbBlockTableRecord
       2
Part2033131026
       0
BLOCK_RECORD
       5
202D
     330
106
     100
AcDbSymbolTableRecord
     100
AcDbBlockTableRecord
       2
Part488794951
  0
ENDTAB
  0
ENDSEC
  0
SECTION
  2
BLOCKS
  0
BLOCK
  5
128
330
127
100
AcDbEntity
  8
0
100
AcDbBlockBegin
  2
*Model_Space
 70
     0
 10
0.0
 20
0.0
 30
0.0
  3
*Model_Space
  1

  0
ENDBLK
  5
129
330
127
100
AcDbEntity
  8
0
100
AcDbBlockEnd
  0
BLOCK
  5
124
330
123
100
AcDbEntity
 67
     1
  8
0
100
AcDbBlockBegin
  2
*Paper_Space
 70
     0
 10
0.0
 20
0.0
 30
0.0
  3
*Paper_Space
  1

  0
ENDBLK
  5
125
330
123
100
AcDbEntity
 67
     1
  8
0
100
AcDbBlockEnd
  0
BLOCK
  5
131
330
130
100
AcDbEntity
  8
0
100
AcDbBlockBegin
  2
$MODEL_SPACE
 70
     0
 10
0.0
 20
0.0
 30
0.0
  3
$MODEL_SPACE
  1

  0
ENDBLK
  5
21
330
130
100
AcDbEntity
  8
0
100
AcDbBlockEnd
  0
BLOCK
  5
133
330
132
100
AcDbEntity
  8
0
100
AcDbBlockBegin
  2
$PAPER_SPACE
 70
     0
 10
0.0
 20
0.0
 30
0.0
  3
$PAPER_SPACE
  1

  0
ENDBLK
  5
D5
330
132
100
AcDbEntity
  8
0
100
AcDbBlockEnd
       0
BLOCK
       5
202E
     330
2000
     100
AcDbEntity
       8
0
     100
AcDbBlockBegin
       2
Part815538969
      70
0
      10
-15
      20
-17
      30
0
       3
Part815538969
       1

       4
CypCutBlock
       0
CIRCLE
       5
202F
     100
AcDbEntity
       8
1
     100
AcDbCircle
      10
5
      20
9.5
      30
0
      40
1.99999999999999
    1001
FS_CYPCUT
    1000
Channel
    1070
1
    1000
LeadIn
    1002
{
    1070
3
    1040
5.55111512312578E-17
    1040
1.5707963267949
    1040
0.5
    1040
0.3
    1070
0
    1040
0.5
    1070
0
    1002
}
    1000
LeadOut
    1002
{
    1070
0
    1040
0
    1040
0
    1040
0
    1070
0
    1002
}
    1000
IsFill
    1070
0
    1000
PathStart
    1040
5.55111512312578E-17
    1000
ToolCompensation
    1002
{
    1070
0
    1040
0
    1070
0
    1002
}
       0
LWPOLYLINE
       5
2030
     100
AcDbEntity
       8
1
     100
AcDbPolyline
      90
6
      70
1
      10
15
      20
11
      42
0
      10
15
      20
8
      42
0
      10
-10
      20
-17
      42
0
      10
-15
      20
-17
      42
0
      10
-15
      20
17
      42
0
      10
9
      20
17
      42
-0.414213562373095
    1001
FS_CYPCUT
    1000
Channel
    1070
1
    1000
LeadIn
    1002
{
    1070
3
    1040
1.50371190274848
    1040
1.5707963267949
    1040
0.5
    1040
0.3
    1070
0
    1040
0.5
    1070
0
    1002
}
    1000
LeadOut
    1002
{
    1070
0
    1040
0
    1040
0
    1040
0
    1070
0
    1002
}
    1000
IsFill
    1070
1
    1000
PathStart
    1040
1.5
    1000
ToolCompensation
    1002
{
    1070
0
    1040
0
    1070
0
    1002
}
    1000
MicroConnect
    1002
{
    1070
2
    1040
1.48674134
    1041
0.6
    1042
0
    1040
4.09544601
    1041
0.6
    1042
0
    1002
}
       0
ENDBLK
       5
2031
     330
2000
     100
AcDbEntity
       8
0
     100
AcDbBlockEnd
       0
BLOCK
       5
2032
     330
2001
     100
AcDbEntity
       8
0
     100
AcDbBlockBegin
       2
CommonPart887062490
      70
0
      10
2.0001
      20
2.00000581
      30
0
       3
CommonPart887062490
       1

       4
CypCutBlock
       0
LWPOLYLINE
       5
2033
     100
AcDbEntity
       8
1
     100
AcDbPolyline
      90
4
      70
1
      10
16.0001000000001
      20
10.0000058113001
      42
-1.00000000000001
      10
8.00010000000008
      20
10.0000058113001
      42
0
      10
8.00010000000009
      20
28.1400058113001
      42
-1
      10
16.0001000000001
      20
28.1400058113001
      42
0
    1001
FS_CYPCUT
    1000
Channel
    1070
1
    1000
LeadIn
    1002
{
    1070
3
    1040
1.5
    1040
1.5707963267949
    1040
0.5
    1040
0.3
    1070
0
    1040
0.5
    1070
0
    1002
}
    1000
LeadOut
    1002
{
    1070
0
    1040
0
    1040
0
    1040
0
    1070
0
    1002
}
    1000
IsFill
    1070
0
    1000
PathStart
    1040
1.5
    1000
ToolCompensation
    1002
{
    1070
0
    1040
0
    1070
0
    1002
}
       0
LWPOLYLINE
       5
2034
     100
AcDbEntity
       8
1
     100
AcDbPolyline
      90
4
      70
1
      10
59.2001000000001
      20
50.1862000000001
      42
-1.00000000000004
      10
54.8001
      20
50.1862000000001
      42
0
      10
54.8001000000001
      20
58.1862000000001
      42
-1.00000000000003
      10
59.2001000000001
      20
58.1862000000001
      42
0
    1001
FS_CYPCUT
    1000
Channel
    1070
1
    1000
LeadIn
    1002
{
    1070
3
    1040
3.5
    1040
1.5707963267949
    1040
0.5
    1040
0.3
    1070
0
    1040
0.5
    1070
0
    1002
}
    1000
LeadOut
    1002
{
    1070
0
    1040
0
    1040
0
    1040
0
    1070
0
    1002
}
    1000
IsFill
    1070
0
    1000
PathStart
    1040
3.5
    1000
ToolCompensation
    1002
{
    1070
0
    1040
0
    1070
0
    1002
}
       0
LWPOLYLINE
       5
2035
     100
AcDbEntity
       8
1
     100
AcDbPolyline
      90
4
      70
1
      10
119.2001
      20
50.1862000000001
      42
-0.999999999999987
      10
114.8001
      20
50.1862000000001
      42
0
      10
114.8001
      20
58.1862000000001
      42
-0.999999999999987
      10
119.2001
      20
58.1862000000001
      42
0
    1001
FS_CYPCUT
    1000
Channel
    1070
1
    1000
LeadIn
    1002
{
    1070
3
    1040
3.5
    1040
1.5707963267949
    1040
0.5
    1040
0.3
    1070
0
    1040
0.5
    1070
0
    1002
}
    1000
LeadOut
    1002
{
    1070
0
    1040
0
    1040
0
    1040
0
    1070
0
    1002
}
    1000
IsFill
    1070
0
    1000
PathStart
    1040
3.5
    1000
ToolCompensation
    1002
{
    1070
0
    1040
0
    1070
0
    1002
}
       0
LWPOLYLINE
       5
2036
     100
AcDbEntity
       8
1
     100
AcDbPolyline
      90
4
      70
1
      10
239.2001
      20
50.1862
      42
-1.00000000000001
      10
234.8001
      20
50.1862
      42
0
      10
234.8001
      20
58.1862
      42
-1.00000000000001
      10
239.2001
      20
58.1862
      42
0
    1001
FS_CYPCUT
    1000
Channel
    1070
1
    1000
LeadIn
    1002
{
    1070
3
    1040
1.5
    1040
1.5707963267949
    1040
0.5
    1040
0.3
    1070
0
    1040
0.5
    1070
0
    1002
}
    1000
LeadOut
    1002
{
    1070
0
    1040
0
    1040
0
    1040
0
    1070
0
    1002
}
    1000
IsFill
    1070
0
    1000
PathStart
    1040
1.5
    1000
ToolCompensation
    1002
{
    1070
0
    1040
0
    1070
0
    1002
}
       0
LWPOLYLINE
       5
2037
     100
AcDbEntity
       8
1
     100
AcDbPolyline
      90
4
      70
1
      10
359.2001
      20
50.1862
      42
-1
      10
354.8001
      20
50.1862
      42
0
      10
354.8001
      20
58.1862
      42
-1
      10
359.2001
      20
58.1862
      42
0
    1001
FS_CYPCUT
    1000
Channel
    1070
1
    1000
LeadIn
    1002
{
    1070
3
    1040
1.5
    1040
1.5707963267949
    1040
0.5
    1040
0.3
    1070
0
    1040
0.5
    1070
0
    1002
}
    1000
LeadOut
    1002
{
    1070
0
    1040
0
    1040
0
    1040
0
    1070
0
    1002
}
    1000
IsFill
    1070
0
    1000
PathStart
    1040
1.5
    1000
ToolCompensation
    1002
{
    1070
0
    1040
0
    1070
0
    1002
}
       0
LWPOLYLINE
       5
2038
     100
AcDbEntity
       8
1
     100
AcDbPolyline
      90
4
      70
1
      10
479.2001
      20
50.1862
      42
-1
      10
474.8001
      20
50.1862
      42
0
      10
474.8001
      20
58.1862
      42
-1
      10
479.2001
      20
58.1862
      42
0
    1001
FS_CYPCUT
    1000
Channel
    1070
1
    1000
LeadIn
    1002
{
    1070
3
    1040
3.5
    1040
1.5707963267949
    1040
0.5
    1040
0.3
    1070
0
    1040
0.5
    1070
0
    1002
}
    1000
LeadOut
    1002
{
    1070
0
    1040
0
    1040
0
    1040
0
    1070
0
    1002
}
    1000
IsFill
    1070
0
    1000
PathStart
    1040
3.5
    1000
ToolCompensation
    1002
{
    1070
0
    1040
0
    1070
0
    1002
}
       0
LINE
       5
2039
     100
AcDbEntity
       8
2
     100
AcDbLine
      10
34.5001000000001
      20
39.0931029056001
      30
0
      11
1099.5001
      21
39.0931029055999
      31
0
    1001
FS_CYPCUT
    1000
Channel
    1070
2
    1000
LeadIn
    1002
{
    1070
3
    1040
0
    1040
1.5707963267949
    1040
0.5
    1040
0.3
    1070
0
    1040
0.5
    1070
0
    1002
}
    1000
LeadOut
    1002
{
    1070
0
    1040
0
    1040
0
    1040
0
    1070
0
    1002
}
    1000
IsFill
    1070
0
    1000
PathStart
    1040
0
    1000
ToolCompensation
    1002
{
    1070
0
    1040
0
    1070
0
    1002
}
       0
LWPOLYLINE
       5
203A
     100
AcDbEntity
       8
1
     100
AcDbPolyline
      90
4
      70
1
      10
599.2001
      20
50.1862
      42
-1
      10
594.8001
      20
50.1862
      42
0
      10
594.8001
      20
58.1862
      42
-1
      10
599.2001
      20
58.1862
      42
0
    1001
FS_CYPCUT
    1000
Channel
    1070
1
    1000
LeadIn
    1002
{
    1070
3
    1040
1.5
    1040
1.5707963267949
    1040
0.5
    1040
0.3
    1070
0
    1040
0.5
    1070
0
    1002
}
    1000
LeadOut
    1002
{
    1070
0
    1040
0
    1040
0
    1040
0
    1070
0
    1002
}
    1000
IsFill
    1070
0
    1000
PathStart
    1040
1.5
    1000
ToolCompensation
    1002
{
    1070
0
    1040
0
    1070
0
    1002
}
       0
LWPOLYLINE
       5
203B
     100
AcDbEntity
       8
1
     100
AcDbPolyline
      90
4
      70
1
      10
719.2001
      20
50.1862
      42
-1
      10
714.8001
      20
50.1862
      42
0
      10
714.8001
      20
58.1862
      42
-1
      10
719.2001
      20
58.1862
      42
0
    1001
FS_CYPCUT
    1000
Channel
    1070
1
    1000
LeadIn
    1002
{
    1070
3
    1040
1.5
    1040
1.5707963267949
    1040
0.5
    1040
0.3
    1070
0
    1040
0.5
    1070
0
    1002
}
    1000
LeadOut
    1002
{
    1070
0
    1040
0
    1040
0
    1040
0
    1070
0
    1002
}
    1000
IsFill
    1070
0
    1000
PathStart
    1040
1.5
    1000
ToolCompensation
    1002
{
    1070
0
    1040
0
    1070
0
    1002
}
       0
LWPOLYLINE
       5
203C
     100
AcDbEntity
       8
1
     100
AcDbPolyline
      90
4
      70
1
      10
839.2001
      20
50.1861999999999
      42
-0.999999999999987
      10
834.8001
      20
50.1861999999999
      42
0
      10
834.8001
      20
58.1861999999999
      42
-0.999999999999987
      10
839.2001
      20
58.1861999999999
      42
0
    1001
FS_CYPCUT
    1000
Channel
    1070
1
    1000
LeadIn
    1002
{
    1070
3
    1040
1.5
    1040
1.5707963267949
    1040
0.5
    1040
0.3
    1070
0
    1040
0.5
    1070
0
    1002
}
    1000
LeadOut
    1002
{
    1070
0
    1040
0
    1040
0
    1040
0
    1070
0
    1002
}
    1000
IsFill
    1070
0
    1000
PathStart
    1040
1.5
    1000
ToolCompensation
    1002
{
    1070
0
    1040
0
    1070
0
    1002
}
       0
LWPOLYLINE
       5
203D
     100
AcDbEntity
       8
1
     100
AcDbPolyline
      90
4
      70
1
      10
959.2001
      20
50.1861999999999
      42
-0.999999999999987
      10
954.8001
      20
50.1861999999999
      42
0
      10
954.8001
      20
58.1861999999999
      42
-0.999999999999987
      10
959.2001
      20
58.1861999999999
      42
0
    1001
FS_CYPCUT
    1000
Channel
    1070
1
    1000
LeadIn
    1002
{
    1070
3
    1040
3.5
    1040
1.5707963267949
    1040
0.5
    1040
0.3
    1070
0
    1040
0.5
    1070
0
    1002
}
    1000
LeadOut
    1002
{
    1070
0
    1040
0
    1040
0
    1040
0
    1070
0
    1002
}
    1000
IsFill
    1070
0
    1000
PathStart
    1040
3.5
    1000
ToolCompensation
    1002
{
    1070
0
    1040
0
    1070
0
    1002
}
       0
LWPOLYLINE
       5
203E
     100
AcDbEntity
       8
1
     100
AcDbPolyline
      90
4
      70
1
      10
1079.2001
      20
50.1861999999999
      42
-1.00000000000003
      10
1074.8001
      20
50.1861999999999
      42
0
      10
1074.8001
      20
58.1861999999999
      42
-1.00000000000001
      10
1079.2001
      20
58.1861999999999
      42
0
    1001
FS_CYPCUT
    1000
Channel
    1070
1
    1000
LeadIn
    1002
{
    1070
3
    1040
1.5
    1040
1.5707963267949
    1040
0.5
    1040
0.3
    1070
0
    1040
0.5
    1070
0
    1002
}
    1000
LeadOut
    1002
{
    1070
0
    1040
0
    1040
0
    1040
0
    1070
0
    1002
}
    1000
IsFill
    1070
0
    1000
PathStart
    1040
1.5
    1000
ToolCompensation
    1002
{
    1070
0
    1040
0
    1070
0
    1002
}
       0
LWPOLYLINE
       5
203F
     100
AcDbEntity
       8
1
     100
AcDbPolyline
      90
4
      70
1
      10
1126.0001
      20
10.0000058112999
      42
-1
      10
1118.0001
      20
10.0000058112999
      42
0
      10
1118.0001
      20
28.1400058112999
      42
-1.00000000000001
      10
1126.0001
      20
28.1400058112999
      42
0
    1001
FS_CYPCUT
    1000
Channel
    1070
1
    1000
LeadIn
    1002
{
    1070
3
    1040
3.5
    1040
1.5707963267949
    1040
0.5
    1040
0.3
    1070
0
    1040
0.5
    1070
0
    1002
}
    1000
LeadOut
    1002
{
    1070
0
    1040
0
    1040
0
    1040
0
    1070
0
    1002
}
    1000
IsFill
    1070
0
    1000
PathStart
    1040
3.5
    1000
ToolCompensation
    1002
{
    1070
0
    1040
0
    1070
0
    1002
}
       0
LWPOLYLINE
       5
2040
     100
AcDbEntity
       8
1
     100
AcDbPolyline
      90
14
      70
0
      10
1094.5001
      20
66.1861999999998
      42
-0.414213562373106
      10
1099.5001
      20
61.1862
      42
0
      10
1099.5001
      20
36.1400058112999
      42
0
      10
1127.0001
      20
36.1400058113001
      42
-0.414213562373092
      10
1132.0001
      20
31.1400058112999
      42
0
      10
1132.0001
      20
7.00000581129988
      42
-0.414213562373088
      10
1127.0001
      20
2.00000581129978
      42
0
      10
7.00010000000008
      20
2.00000581130009
      42
-0.41421356237312
      10
2.00010000000008
      20
7.00000581130009
      42
0
      10
2.00010000000009
      20
31.1400058113001
      42
-0.414213562373092
      10
7.00010000000009
      20
36.1400058113003
      42
0
      10
34.5001000000001
      20
36.1400058113001
      42
0
      10
34.5001000000001
      20
61.1862000000001
      42
-0.414213562373081
      10
39.5001000000001
      20
66.1861999999999
      42
0
    1001
FS_CYPCUT
    1000
Channel
    1070
1
    1000
LeadIn
    1002
{
    1070
0
    1040
0.0127323954473518
    1040
1.5707963267949
    1040
0.5
    1040
0.3
    1070
0
    1040
0.5
    1070
0
    1002
}
    1000
LeadOut
    1002
{
    1070
0
    1040
0
    1040
0
    1040
0
    1070
0
    1002
}
    1000
IsFill
    1070
1
    1000
PathStart
    1040
0
    1000
ToolCompensation
    1002
{
    1070
0
    1040
0
    1070
0
    1002
}
    1000
MicroConnect
    1002
{
    1070
1
    1040
0
    1041
0.1
    1042
0
    1002
}
       0
LWPOLYLINE
       5
2041
     100
AcDbEntity
       8
1
     100
AcDbPolyline
      90
4
      70
1
      10
1118.0001
      20
122.3724941887
      42
-1.00000000000001
      10
1126.0001
      20
122.3724941887
      42
0
      10
1126.0001
      20
104.2324941887
      42
-1
      10
1118.0001
      20
104.2324941887
      42
0
    1001
FS_CYPCUT
    1000
Channel
    1070
1
    1000
LeadIn
    1002
{
    1070
3
    1040
1.5
    1040
1.5707963267949
    1040
0.5
    1040
0.3
    1070
0
    1040
0.5
    1070
0
    1002
}
    1000
LeadOut
    1002
{
    1070
0
    1040
0
    1040
0
    1040
0
    1070
0
    1002
}
    1000
IsFill
    1070
0
    1000
PathStart
    1040
1.5
    1000
ToolCompensation
    1002
{
    1070
0
    1040
0
    1070
0
    1002
}
       0
LWPOLYLINE
       5
2042
     100
AcDbEntity
       8
1
     100
AcDbPolyline
      90
4
      70
1
      10
1074.8001
      20
82.1862999999999
      42
-1.00000000000004
      10
1079.2001
      20
82.1862999999999
      42
0
      10
1079.2001
      20
74.1862999999999
      42
-1.00000000000003
      10
1074.8001
      20
74.1862999999999
      42
0
    1001
FS_CYPCUT
    1000
Channel
    1070
1
    1000
LeadIn
    1002
{
    1070
3
    1040
3.5
    1040
1.5707963267949
    1040
0.5
    1040
0.3
    1070
0
    1040
0.5
    1070
0
    1002
}
    1000
LeadOut
    1002
{
    1070
0
    1040
0
    1040
0
    1040
0
    1070
0
    1002
}
    1000
IsFill
    1070
0
    1000
PathStart
    1040
3.5
    1000
ToolCompensation
    1002
{
    1070
0
    1040
0
    1070
0
    1002
}
       0
LWPOLYLINE
       5
2043
     100
AcDbEntity
       8
1
     100
AcDbPolyline
      90
4
      70
1
      10
1014.8001
      20
82.1862999999999
      42
-0.999999999999987
      10
1019.2001
      20
82.1862999999999
      42
0
      10
1019.2001
      20
74.1862999999999
      42
-0.999999999999987
      10
1014.8001
      20
74.1862999999999
      42
0
    1001
FS_CYPCUT
    1000
Channel
    1070
1
    1000
LeadIn
    1002
{
    1070
3
    1040
3.5
    1040
1.5707963267949
    1040
0.5
    1040
0.3
    1070
0
    1040
0.5
    1070
0
    1002
}
    1000
LeadOut
    1002
{
    1070
0
    1040
0
    1040
0
    1040
0
    1070
0
    1002
}
    1000
IsFill
    1070
0
    1000
PathStart
    1040
3.5
    1000
ToolCompensation
    1002
{
    1070
0
    1040
0
    1070
0
    1002
}
       0
LWPOLYLINE
       5
2044
     100
AcDbEntity
       8
1
     100
AcDbPolyline
      90
4
      70
1
      10
894.8001
      20
82.1862999999999
      42
-1.00000000000001
      10
899.2001
      20
82.1862999999999
      42
0
      10
899.2001
      20
74.1862999999999
      42
-1.00000000000001
      10
894.8001
      20
74.1862999999999
      42
0
    1001
FS_CYPCUT
    1000
Channel
    1070
1
    1000
LeadIn
    1002
{
    1070
3
    1040
1.5
    1040
1.5707963267949
    1040
0.5
    1040
0.3
    1070
0
    1040
0.5
    1070
0
    1002
}
    1000
LeadOut
    1002
{
    1070
0
    1040
0
    1040
0
    1040
0
    1070
0
    1002
}
    1000
IsFill
    1070
0
    1000
PathStart
    1040
1.5
    1000
ToolCompensation
    1002
{
    1070
0
    1040
0
    1070
0
    1002
}
       0
LWPOLYLINE
       5
2045
     100
AcDbEntity
       8
1
     100
AcDbPolyline
      90
4
      70
1
      10
774.8001
      20
82.1862999999999
      42
-1
      10
779.2001
      20
82.1862999999999
      42
0
      10
779.2001
      20
74.1862999999999
      42
-1
      10
774.8001
      20
74.1862999999999
      42
0
    1001
FS_CYPCUT
    1000
Channel
    1070
1
    1000
LeadIn
    1002
{
    1070
3
    1040
1.5
    1040
1.5707963267949
    1040
0.5
    1040
0.3
    1070
0
    1040
0.5
    1070
0
    1002
}
    1000
LeadOut
    1002
{
    1070
0
    1040
0
    1040
0
    1040
0
    1070
0
    1002
}
    1000
IsFill
    1070
0
    1000
PathStart
    1040
1.5
    1000
ToolCompensation
    1002
{
    1070
0
    1040
0
    1070
0
    1002
}
       0
LWPOLYLINE
       5
2046
     100
AcDbEntity
       8
1
     100
AcDbPolyline
      90
4
      70
1
      10
654.8001
      20
82.1863
      42
-1
      10
659.2001
      20
82.1863
      42
0
      10
659.2001
      20
74.1863
      42
-1
      10
654.8001
      20
74.1863
      42
0
    1001
FS_CYPCUT
    1000
Channel
    1070
1
    1000
LeadIn
    1002
{
    1070
3
    1040
3.5
    1040
1.5707963267949
    1040
0.5
    1040
0.3
    1070
0
    1040
0.5
    1070
0
    1002
}
    1000
LeadOut
    1002
{
    1070
0
    1040
0
    1040
0
    1040
0
    1070
0
    1002
}
    1000
IsFill
    1070
0
    1000
PathStart
    1040
3.5
    1000
ToolCompensation
    1002
{
    1070
0
    1040
0
    1070
0
    1002
}
       0
LINE
       5
2047
     100
AcDbEntity
       8
2
     100
AcDbLine
      10
1099.5001
      20
93.2793970943999
      30
0
      11
34.5001000000001
      21
93.2793970944
      31
0
    1001
FS_CYPCUT
    1000
Channel
    1070
2
    1000
LeadIn
    1002
{
    1070
3
    1040
0
    1040
1.5707963267949
    1040
0.5
    1040
0.3
    1070
0
    1040
0.5
    1070
0
    1002
}
    1000
LeadOut
    1002
{
    1070
0
    1040
0
    1040
0
    1040
0
    1070
0
    1002
}
    1000
IsFill
    1070
0
    1000
PathStart
    1040
0
    1000
ToolCompensation
    1002
{
    1070
0
    1040
0
    1070
0
    1002
}
       0
LWPOLYLINE
       5
2048
     100
AcDbEntity
       8
1
     100
AcDbPolyline
      90
4
      70
1
      10
534.8001
      20
82.1863
      42
-1
      10
539.2001
      20
82.1863
      42
0
      10
539.2001
      20
74.1863
      42
-1
      10
534.8001
      20
74.1863
      42
0
    1001
FS_CYPCUT
    1000
Channel
    1070
1
    1000
LeadIn
    1002
{
    1070
3
    1040
1.5
    1040
1.5707963267949
    1040
0.5
    1040
0.3
    1070
0
    1040
0.5
    1070
0
    1002
}
    1000
LeadOut
    1002
{
    1070
0
    1040
0
    1040
0
    1040
0
    1070
0
    1002
}
    1000
IsFill
    1070
0
    1000
PathStart
    1040
1.5
    1000
ToolCompensation
    1002
{
    1070
0
    1040
0
    1070
0
    1002
}
       0
LWPOLYLINE
       5
2049
     100
AcDbEntity
       8
1
     100
AcDbPolyline
      90
4
      70
1
      10
414.8001
      20
82.1863
      42
-1
      10
419.2001
      20
82.1863
      42
0
      10
419.2001
      20
74.1863
      42
-1
      10
414.8001
      20
74.1863
      42
0
    1001
FS_CYPCUT
    1000
Channel
    1070
1
    1000
LeadIn
    1002
{
    1070
3
    1040
1.5
    1040
1.5707963267949
    1040
0.5
    1040
0.3
    1070
0
    1040
0.5
    1070
0
    1002
}
    1000
LeadOut
    1002
{
    1070
0
    1040
0
    1040
0
    1040
0
    1070
0
    1002
}
    1000
IsFill
    1070
0
    1000
PathStart
    1040
1.5
    1000
ToolCompensation
    1002
{
    1070
0
    1040
0
    1070
0
    1002
}
       0
LWPOLYLINE
       5
204A
     100
AcDbEntity
       8
1
     100
AcDbPolyline
      90
4
      70
1
      10
294.8001
      20
82.1863
      42
-0.999999999999987
      10
299.2001
      20
82.1863
      42
0
      10
299.2001
      20
74.1863
      42
-0.999999999999987
      10
294.8001
      20
74.1863
      42
0
    1001
FS_CYPCUT
    1000
Channel
    1070
1
    1000
LeadIn
    1002
{
    1070
3
    1040
1.5
    1040
1.5707963267949
    1040
0.5
    1040
0.3
    1070
0
    1040
0.5
    1070
0
    1002
}
    1000
LeadOut
    1002
{
    1070
0
    1040
0
    1040
0
    1040
0
    1070
0
    1002
}
    1000
IsFill
    1070
0
    1000
PathStart
    1040
1.5
    1000
ToolCompensation
    1002
{
    1070
0
    1040
0
    1070
0
    1002
}
       0
LWPOLYLINE
       5
204B
     100
AcDbEntity
       8
1
     100
AcDbPolyline
      90
4
      70
1
      10
174.8001
      20
82.1863
      42
-0.999999999999987
      10
179.2001
      20
82.1863
      42
0
      10
179.2001
      20
74.1863
      42
-0.999999999999987
      10
174.8001
      20
74.1863
      42
0
    1001
FS_CYPCUT
    1000
Channel
    1070
1
    1000
LeadIn
    1002
{
    1070
3
    1040
3.5
    1040
1.5707963267949
    1040
0.5
    1040
0.3
    1070
0
    1040
0.5
    1070
0
    1002
}
    1000
LeadOut
    1002
{
    1070
0
    1040
0
    1040
0
    1040
0
    1070
0
    1002
}
    1000
IsFill
    1070
0
    1000
PathStart
    1040
3.5
    1000
ToolCompensation
    1002
{
    1070
0
    1040
0
    1070
0
    1002
}
       0
LWPOLYLINE
       5
204C
     100
AcDbEntity
       8
1
     100
AcDbPolyline
      90
4
      70
1
      10
54.8001
      20
82.1863
      42
-1.00000000000003
      10
59.2001000000001
      20
82.1863
      42
0
      10
59.2001000000001
      20
74.1863
      42
-1.00000000000001
      10
54.8001
      20
74.1863
      42
0
    1001
FS_CYPCUT
    1000
Channel
    1070
1
    1000
LeadIn
    1002
{
    1070
3
    1040
1.5
    1040
1.5707963267949
    1040
0.5
    1040
0.3
    1070
0
    1040
0.5
    1070
0
    1002
}
    1000
LeadOut
    1002
{
    1070
0
    1040
0
    1040
0
    1040
0
    1070
0
    1002
}
    1000
IsFill
    1070
0
    1000
PathStart
    1040
1.5
    1000
ToolCompensation
    1002
{
    1070
0
    1040
0
    1070
0
    1002
}
       0
LWPOLYLINE
       5
204D
     100
AcDbEntity
       8
1
     100
AcDbPolyline
      90
4
      70
1
      10
8.00010000000009
      20
122.3724941887
      42
-1
      10
16.0001000000001
      20
122.3724941887
      42
0
      10
16.0001000000001
      20
104.2324941887
      42
-1.00000000000001
      10
8.00010000000009
      20
104.2324941887
      42
0
    1001
FS_CYPCUT
    1000
Channel
    1070
1
    1000
LeadIn
    1002
{
    1070
3
    1040
3.5
    1040
1.5707963267949
    1040
0.5
    1040
0.3
    1070
0
    1040
0.5
    1070
0
    1002
}
    1000
LeadOut
    1002
{
    1070
0
    1040
0
    1040
0
    1040
0
    1070
0
    1002
}
    1000
IsFill
    1070
0
    1000
PathStart
    1040
3.5
    1000
ToolCompensation
    1002
{
    1070
0
    1040
0
    1070
0
    1002
}
       0
LWPOLYLINE
       5
204E
     100
AcDbEntity
       8
1
     100
AcDbPolyline
      90
14
      70
1
      10
1094.5001
      20
66.1863000000001
      42
0.414213562373081
      10
1099.5001
      20
71.1862999999999
      42
0
      10
1099.5001
      20
96.2324941886999
      42
0
      10
1127.0001
      20
96.2324941886996
      42
0.414213562373092
      10
1132.0001
      20
101.2324941887
      42
0
      10
1132.0001
      20
125.3724941887
      42
0.41421356237312
      10
1127.0001
      20
130.3724941887
      42
0
      10
7.00010000000009
      20
130.3724941887
      42
0.414213562373088
      10
2.00010000000009
      20
125.3724941887
      42
0
      10
2.00010000000009
      20
101.2324941887
      42
0.414213562373092
      10
7.00010000000009
      20
96.2324941886998
      42
0
      10
34.5001000000001
      20
96.2324941887
      42
0
      10
34.5001000000001
      20
71.1863
      42
0.414213562373106
      10
39.5001000000001
      20
66.1863000000001
      42
0
    1001
FS_CYPCUT
    1000
Channel
    1070
1
    1000
LeadIn
    1002
{
    1070
0
    1040
13
    1040
1.5707963267949
    1040
0.5
    1040
0.3
    1070
0
    1040
0.5
    1070
0
    1002
}
    1000
LeadOut
    1002
{
    1070
0
    1040
0
    1040
0
    1040
0
    1070
0
    1002
}
    1000
IsFill
    1070
1
    1000
PathStart
    1040
13
    1000
ToolCompensation
    1002
{
    1070
0
    1040
0
    1070
0
    1002
}
       0
ENDBLK
       5
204F
     330
2001
     100
AcDbEntity
       8
0
     100
AcDbBlockEnd
       0
BLOCK
       5
2050
     330
2002
     100
AcDbEntity
       8
0
     100
AcDbBlockBegin
       2
Part1774682884
      70
0
      10
-15
      20
-17
      30
0
       3
Part1774682884
       1

       4
CypCutBlock
       0
CIRCLE
       5
2051
     100
AcDbEntity
       8
1
     100
AcDbCircle
      10
5
      20
9.5
      30
0
      40
1.99999999999999
    1001
FS_CYPCUT
    1000
Channel
    1070
1
    1000
LeadIn
    1002
{
    1070
3
    1040
5.55111512312578E-17
    1040
1.5707963267949
    1040
0.5
    1040
0.3
    1070
0
    1040
0.5
    1070
0
    1002
}
    1000
LeadOut
    1002
{
    1070
0
    1040
0
    1040
0
    1040
0
    1070
0
    1002
}
    1000
IsFill
    1070
0
    1000
PathStart
    1040
5.55111512312578E-17
    1000
ToolCompensation
    1002
{
    1070
0
    1040
0
    1070
0
    1002
}
       0
LWPOLYLINE
       5
2052
     100
AcDbEntity
       8
1
     100
AcDbPolyline
      90
6
      70
1
      10
15
      20
11
      42
0
      10
15
      20
8
      42
0
      10
-10
      20
-17
      42
0
      10
-15
      20
-17
      42
0
      10
-15
      20
17
      42
0
      10
9
      20
17
      42
-0.414213562373095
    1001
FS_CYPCUT
    1000
Channel
    1070
1
    1000
LeadIn
    1002
{
    1070
3
    1040
1.50371190274848
    1040
1.5707963267949
    1040
0.5
    1040
0.3
    1070
0
    1040
0.5
    1070
0
    1002
}
    1000
LeadOut
    1002
{
    1070
0
    1040
0
    1040
0
    1040
0
    1070
0
    1002
}
    1000
IsFill
    1070
1
    1000
PathStart
    1040
1.5
    1000
ToolCompensation
    1002
{
    1070
0
    1040
0
    1070
0
    1002
}
    1000
MicroConnect
    1002
{
    1070
2
    1040
1.48674134
    1041
0.6
    1042
0
    1040
4.09544601
    1041
0.6
    1042
0
    1002
}
       0
ENDBLK
       5
2053
     330
2002
     100
AcDbEntity
       8
0
     100
AcDbBlockEnd
       0
BLOCK
       5
2054
     330
2003
     100
AcDbEntity
       8
0
     100
AcDbBlockBegin
       2
Part760365560
      70
0
      10
-30
      20
-30
      30
0
       3
Part760365560
       1

       4
CypCutBlock
       0
LWPOLYLINE
       5
2055
     100
AcDbEntity
       8
1
     100
AcDbPolyline
      90
8
      70
1
      10
15.5
      20
18.5
      42
0.414213562373096
      10
13.5
      20
20.5
      42
0
      10
-13.5
      20
20.5
      42
0.414213562373098
      10
-15.5
      20
18.5
      42
0
      10
-15.5
      20
-18.5
      42
0.414213562373097
      10
-13.5
      20
-20.5
      42
0
      10
13.5
      20
-20.5
      42
0.414213562373098
      10
15.5
      20
-18.5
      42
0
    1001
FS_CYPCUT
    1000
Channel
    1070
1
    1000
LeadIn
    1002
{
    1070
3
    1040
7.5
    1040
1.5707963267949
    1040
0.5
    1040
0.3
    1070
0
    1040
0.5
    1070
0
    1002
}
    1000
LeadOut
    1002
{
    1070
0
    1040
0
    1040
0
    1040
0
    1070
0
    1002
}
    1000
IsFill
    1070
0
    1000
PathStart
    1040
7.5
    1000
ToolCompensation
    1002
{
    1070
0
    1040
0
    1070
0
    1002
}
       0
LWPOLYLINE
       5
2056
     100
AcDbEntity
       8
1
     100
AcDbPolyline
      90
4
      70
1
      10
1.05
      20
145.1
      42
0
      10
-1.05
      20
145.1
      42
0
      10
-1.05
      20
124.9
      42
0
      10
1.05
      20
124.9
      42
0
    1001
FS_CYPCUT
    1000
Channel
    1070
1
    1000
LeadIn
    1002
{
    1070
3
    1040
3.5
    1040
1.5707963267949
    1040
0.5
    1040
0.3
    1070
0
    1040
0.5
    1070
0
    1002
}
    1000
LeadOut
    1002
{
    1070
0
    1040
0
    1040
0
    1040
0
    1070
0
    1002
}
    1000
IsFill
    1070
0
    1000
PathStart
    1040
3.5
    1000
ToolCompensation
    1002
{
    1070
0
    1040
0
    1070
0
    1002
}
       0
CIRCLE
       5
2057
     100
AcDbEntity
       8
1
     100
AcDbCircle
      10
22.5
      20
230.5
      30
0
      40
2.54999999999993
    1001
FS_CYPCUT
    1000
Channel
    1070
1
    1000
LeadIn
    1002
{
    1070
3
    1040
1.66533453693773E-16
    1040
1.5707963267949
    1040
0.5
    1040
0.3
    1070
0
    1040
0.5
    1070
0
    1002
}
    1000
LeadOut
    1002
{
    1070
0
    1040
0
    1040
0
    1040
0
    1070
0
    1002
}
    1000
IsFill
    1070
0
    1000
PathStart
    1040
1.66533453693773E-16
    1000
ToolCompensation
    1002
{
    1070
0
    1040
0
    1070
0
    1002
}
       0
CIRCLE
       5
2058
     100
AcDbEntity
       8
1
     100
AcDbCircle
      10
-22.5
      20
230.5
      30
0
      40
2.55000000000007
    1001
FS_CYPCUT
    1000
Channel
    1070
1
    1000
LeadIn
    1002
{
    1070
3
    1040
4.44089209850063E-16
    1040
1.5707963267949
    1040
0.5
    1040
0.3
    1070
0
    1040
0.5
    1070
0
    1002
}
    1000
LeadOut
    1002
{
    1070
0
    1040
0
    1040
0
    1040
0
    1070
0
    1002
}
    1000
IsFill
    1070
0
    1000
PathStart
    1040
4.44089209850063E-16
    1000
ToolCompensation
    1002
{
    1070
0
    1040
0
    1070
0
    1002
}
       0
LWPOLYLINE
       5
2059
     100
AcDbEntity
       8
1
     100
AcDbPolyline
      90
8
      70
1
      10
30
      20
233
      42
0
      10
30
      20
-24
      42
-0.414213562373095
      10
24
      20
-30
      42
0
      10
-24
      20
-30
      42
-0.414213562373095
      10
-30
      20
-24
      42
0
      10
-30
      20
233
      42
-0.414213562373089
      10
-28
      20
235
      42
0
      10
28
      20
235
      42
-0.414213562373089
    1001
FS_CYPCUT
    1000
Channel
    1070
1
    1000
LeadIn
    1002
{
    1070
3
    1040
4.5
    1040
1.5707963267949
    1040
0.5
    1040
0.3
    1070
0
    1040
0.5
    1070
0
    1002
}
    1000
LeadOut
    1002
{
    1070
0
    1040
0
    1040
0
    1040
0
    1070
0
    1002
}
    1000
IsFill
    1070
1
    1000
PathStart
    1040
4.5
    1000
ToolCompensation
    1002
{
    1070
0
    1040
0
    1070
0
    1002
}
    1000
MicroConnect
    1002
{
    1070
4
    1040
0.233116054
    1041
0.6
    1042
0
    1040
0.748011288
    1041
0.6
    1042
0
    1040
4.24326167
    1041
0.6
    1042
0
    1040
4.76513854
    1041
0.6
    1042
0
    1002
}
       0
ENDBLK
       5
205A
     330
2003
     100
AcDbEntity
       8
0
     100
AcDbBlockEnd
       0
BLOCK
       5
205B
     330
2004
     100
AcDbEntity
       8
0
     100
AcDbBlockBegin
       2
Part1668282759
      70
0
      10
-20
      20
-22
      30
0
       3
Part1668282759
       1

       4
CypCutBlock
       0
LINE
       5
205C
     100
AcDbEntity
       8
2
     100
AcDbLine
      10
1.7930970943
      20
-22
      30
0
      11
1.7930970943
      21
-5.86
      31
0
    1001
FS_CYPCUT
    1000
Channel
    1070
2
    1000
LeadIn
    1002
{
    1070
3
    1040
0
    1040
1.5707963267949
    1040
0.5
    1040
0.3
    1070
0
    1040
0.5
    1070
0
    1002
}
    1000
LeadOut
    1002
{
    1070
0
    1040
0
    1040
0
    1040
0
    1070
0
    1002
}
    1000
IsFill
    1070
0
    1000
PathStart
    1040
0
    1000
ToolCompensation
    1002
{
    1070
0
    1040
0
    1070
0
    1002
}
       0
LINE
       5
205D
     100
AcDbEntity
       8
2
     100
AcDbLine
      10
4.7461941887
      20
-2.9069029056
      30
0
      11
44.7461941887
      21
-2.9069029056
      31
0
    1001
FS_CYPCUT
    1000
Channel
    1070
2
    1000
LeadIn
    1002
{
    1070
3
    1040
0
    1040
1.5707963267949
    1040
0.5
    1040
0.3
    1070
0
    1040
0.5
    1070
0
    1002
}
    1000
LeadOut
    1002
{
    1070
0
    1040
0
    1040
0
    1040
0
    1070
0
    1002
}
    1000
IsFill
    1070
0
    1000
PathStart
    1040
0
    1000
ToolCompensation
    1002
{
    1070
0
    1040
0
    1070
0
    1002
}
       0
CIRCLE
       5
205E
     100
AcDbEntity
       8
1
     100
AcDbCircle
      10
24.7461941887
      20
24.1861941887
      30
0
      40
3.24999999999999
    1001
FS_CYPCUT
    1000
Channel
    1070
1
    1000
LeadIn
    1002
{
    1070
3
    1040
5.55111512312578E-17
    1040
1.5707963267949
    1040
0.5
    1040
0.3
    1070
0
    1040
0.5
    1070
0
    1002
}
    1000
LeadOut
    1002
{
    1070
0
    1040
0
    1040
0
    1040
0
    1070
0
    1002
}
    1000
IsFill
    1070
0
    1000
PathStart
    1040
5.55111512312578E-17
    1000
ToolCompensation
    1002
{
    1070
0
    1040
0
    1070
0
    1002
}
       0
LWPOLYLINE
       5
205F
     100
AcDbEntity
       8
1
     100
AcDbPolyline
      90
15
      70
1
      10
-20
      20
6.14
      42
-0.4142135623731
      10
-19
      20
7.14
      42
0
      10
-2.16
      20
7.14
      42
-0.414213562373095
      10
-1.16
      20
6.14
      42
0
      10
-1.16
      20
-5.86
      42
0
      10
4.7461941887
      20
-5.86
      42
0
      10
4.7461941887
      20
24.7861941887
      42
-0.414213562373095
      10
24.6461941887
      20
44.6861941887
      42
0
      10
24.8461941887
      20
44.6861941887
      42
-0.414213562373095
      10
44.7461941887
      20
24.7861941887
      42
0
      10
44.7461941887
      20
-22
      42
0
      10
-14.5372975106
      20
-22
      42
-0.337828383508317
      10
-15.5016968459
      20
-21.2644502261
      42
0
      10
-19.9643993352861
      20
-4.98982880702858
      42
-0.067008475308907
      10
-19.9999999999999
      20
-4.7253785809
      42
0
    1001
FS_CYPCUT
    1000
Channel
    1070
1
    1000
LeadIn
    1002
{
    1070
3
    1040
10.5058242613528
    1040
1.5707963267949
    1040
0.5
    1040
0.3
    1070
0
    1040
0.5
    1070
0
    1002
}
    1000
LeadOut
    1002
{
    1070
0
    1040
0
    1040
0
    1040
0
    1070
0
    1002
}
    1000
IsFill
    1070
1
    1000
PathStart
    1040
10.5
    1000
ToolCompensation
    1002
{
    1070
0
    1040
0
    1070
0
    1002
}
    1000
MicroConnect
    1002
{
    1070
2
    1040
7
    1041
0.6
    1042
0
    1040
10.4957034
    1041
0.6
    1042
0
    1002
}
       0
ENDBLK
       5
2060
     330
2004
     100
AcDbEntity
       8
0
     100
AcDbBlockEnd
       0
BLOCK
       5
2061
     330
2005
     100
AcDbEntity
       8
0
     100
AcDbBlockBegin
       2
Part1638031001
      70
0
      10
-17.5
      20
-17.5
      30
0
       3
Part1638031001
       1

       4
CypCutBlock
       0
CIRCLE
       5
2062
     100
AcDbEntity
       8
1
     100
AcDbCircle
      10
0
      20
0
      30
0
      40
5.1
    1001
FS_CYPCUT
    1000
Channel
    1070
1
    1000
LeadIn
    1002
{
    1070
3
    1040
0
    1040
1.5707963267949
    1040
0.5
    1040
0.3
    1070
0
    1040
0.5
    1070
0
    1002
}
    1000
LeadOut
    1002
{
    1070
0
    1040
0
    1040
0
    1040
0
    1070
0
    1002
}
    1000
IsFill
    1070
0
    1000
PathStart
    1040
0
    1000
ToolCompensation
    1002
{
    1070
0
    1040
0
    1070
0
    1002
}
       0
CIRCLE
       5
2063
     100
AcDbEntity
       8
1
     100
AcDbCircle
      10
0
      20
0
      30
0
      40
17.5
    1001
FS_CYPCUT
    1000
Channel
    1070
1
    1000
LeadIn
    1002
{
    1070
3
    1040
0.00298034890600785
    1040
1.5707963267949
    1040
0.5
    1040
0.3
    1070
0
    1040
0.5
    1070
0
    1002
}
    1000
LeadOut
    1002
{
    1070
0
    1040
0
    1040
0
    1040
0
    1070
0
    1002
}
    1000
IsFill
    1070
1
    1000
PathStart
    1040
0
    1000
ToolCompensation
    1002
{
    1070
0
    1040
0
    1070
0
    1002
}
    1000
MicroConnect
    1002
{
    1070
1
    1040
0.997523608
    1041
0.6
    1042
0
    1002
}
       0
ENDBLK
       5
2064
     330
2005
     100
AcDbEntity
       8
0
     100
AcDbBlockEnd
       0
BLOCK
       5
2065
     330
2006
     100
AcDbEntity
       8
0
     100
AcDbBlockBegin
       2
Part1180264445
      70
0
      10
-73.75
      20
-123.046194
      30
0
       3
Part1180264445
       1

       4
CypCutBlock
       0
CIRCLE
       5
2066
     100
AcDbEntity
       8
1
     100
AcDbCircle
      10
-61.75
      20
-85
      30
0
      40
2.40000000000002
    1001
FS_CYPCUT
    1000
Channel
    1070
1
    1000
LeadIn
    1002
{
    1070
3
    1040
0
    1040
1.5707963267949
    1040
0.5
    1040
0.3
    1070
0
    1040
0.5
    1070
0
    1002
}
    1000
LeadOut
    1002
{
    1070
0
    1040
0
    1040
0
    1040
0
    1070
0
    1002
}
    1000
IsFill
    1070
0
    1000
PathStart
    1040
0
    1000
ToolCompensation
    1002
{
    1070
0
    1040
0
    1070
0
    1002
}
       0
CIRCLE
       5
2067
     100
AcDbEntity
       8
1
     100
AcDbCircle
      10
-61.75
      20
-15
      30
0
      40
2.4
    1001
FS_CYPCUT
    1000
Channel
    1070
1
    1000
LeadIn
    1002
{
    1070
3
    1040
8.32667268468867E-17
    1040
1.5707963267949
    1040
0.5
    1040
0.3
    1070
0
    1040
0.5
    1070
0
    1002
}
    1000
LeadOut
    1002
{
    1070
0
    1040
0
    1040
0
    1040
0
    1070
0
    1002
}
    1000
IsFill
    1070
0
    1000
PathStart
    1040
8.32667268468867E-17
    1000
ToolCompensation
    1002
{
    1070
0
    1040
0
    1070
0
    1002
}
       0
LINE
       5
2068
     100
AcDbEntity
       8
2
     100
AcDbLine
      10
-73.75
      20
2.9530970944
      30
0
      11
43.75
      21
2.9530970944
      31
0
    1001
FS_CYPCUT
    1000
Channel
    1070
2
    1000
LeadIn
    1002
{
    1070
3
    1040
0
    1040
1.5707963267949
    1040
0.5
    1040
0.3
    1070
0
    1040
0.5
    1070
0
    1002
}
    1000
LeadOut
    1002
{
    1070
0
    1040
0
    1040
0
    1040
0
    1070
0
    1002
}
    1000
IsFill
    1070
0
    1000
PathStart
    1040
0
    1000
ToolCompensation
    1002
{
    1070
0
    1040
0
    1070
0
    1002
}
       0
CIRCLE
       5
2069
     100
AcDbEntity
       8
1
     100
AcDbCircle
      10
-1.75
      20
-15
      30
0
      40
2.4
    1001
FS_CYPCUT
    1000
Channel
    1070
1
    1000
LeadIn
    1002
{
    1070
3
    1040
0
    1040
1.5707963267949
    1040
0.5
    1040
0.3
    1070
0
    1040
0.5
    1070
0
    1002
}
    1000
LeadOut
    1002
{
    1070
0
    1040
0
    1040
0
    1040
0
    1070
0
    1002
}
    1000
IsFill
    1070
0
    1000
PathStart
    1040
1
    1000
ToolCompensation
    1002
{
    1070
0
    1040
0
    1070
0
    1002
}
       0
LWPOLYLINE
       5
206A
     100
AcDbEntity
       8
1
     100
AcDbPolyline
      90
8
      70
1
      10
-11.75
      20
-34
      42
0
      10
-11.75
      20
-66
      42
-0.414213562373098
      10
-15.75
      20
-70
      42
0
      10
-47.75
      20
-70
      42
-0.414213562373097
      10
-51.75
      20
-66
      42
0
      10
-51.75
      20
-34
      42
-0.414213562373097
      10
-47.75
      20
-30
      42
0
      10
-15.75
      20
-30
      42
-0.414213562373096
    1001
FS_CYPCUT
    1000
Channel
    1070
1
    1000
LeadIn
    1002
{
    1070
3
    1040
0.5
    1040
1.5707963267949
    1040
0.5
    1040
0.3
    1070
0
    1040
0.5
    1070
0
    1002
}
    1000
LeadOut
    1002
{
    1070
0
    1040
0
    1040
0
    1040
0
    1070
0
    1002
}
    1000
IsFill
    1070
0
    1000
PathStart
    1040
0.5
    1000
ToolCompensation
    1002
{
    1070
0
    1040
0
    1070
0
    1002
}
       0
CIRCLE
       5
206B
     100
AcDbEntity
       8
1
     100
AcDbCircle
      10
-1.75
      20
-85
      30
0
      40
2.40000000000002
    1001
FS_CYPCUT
    1000
Channel
    1070
1
    1000
LeadIn
    1002
{
    1070
3
    1040
0
    1040
1.5707963267949
    1040
0.5
    1040
0.3
    1070
0
    1040
0.5
    1070
0
    1002
}
    1000
LeadOut
    1002
{
    1070
0
    1040
0
    1040
0
    1040
0
    1070
0
    1002
}
    1000
IsFill
    1070
0
    1000
PathStart
    1040
1
    1000
ToolCompensation
    1002
{
    1070
0
    1040
0
    1070
0
    1002
}
       0
LINE
       5
206C
     100
AcDbEntity
       8
2
     100
AcDbLine
      10
43.75
      20
-102.9530970944
      30
0
      11
-73.75
      21
-102.9530970944
      31
0
    1001
FS_CYPCUT
    1000
Channel
    1070
2
    1000
LeadIn
    1002
{
    1070
3
    1040
0
    1040
1.5707963267949
    1040
0.5
    1040
0.3
    1070
0
    1040
0.5
    1070
0
    1002
}
    1000
LeadOut
    1002
{
    1070
0
    1040
0
    1040
0
    1040
0
    1070
0
    1002
}
    1000
IsFill
    1070
0
    1000
PathStart
    1040
0
    1000
ToolCompensation
    1002
{
    1070
0
    1040
0
    1070
0
    1002
}
       0
LINE
       5
206D
     100
AcDbEntity
       8
2
     100
AcDbLine
      10
70.8430970944
      20
-100
      30
0
      11
70.8430970944
      21
0
      31
0
    1001
FS_CYPCUT
    1000
Channel
    1070
2
    1000
LeadIn
    1002
{
    1070
3
    1040
0
    1040
1.5707963267949
    1040
0.5
    1040
0.3
    1070
0
    1040
0.5
    1070
0
    1002
}
    1000
LeadOut
    1002
{
    1070
0
    1040
0
    1040
0
    1040
0
    1070
0
    1002
}
    1000
IsFill
    1070
0
    1000
PathStart
    1040
0
    1000
ToolCompensation
    1002
{
    1070
0
    1040
0
    1070
0
    1002
}
       0
CIRCLE
       5
206E
     100
AcDbEntity
       8
1
     100
AcDbCircle
      10
120.9361941887
      20
-50
      30
0
      40
28
    1001
FS_CYPCUT
    1000
Channel
    1070
1
    1000
LeadIn
    1002
{
    1070
3
    1040
0
    1040
1.5707963267949
    1040
0.5
    1040
0.3
    1070
0
    1040
0.5
    1070
0
    1002
}
    1000
LeadOut
    1002
{
    1070
0
    1040
0
    1040
0
    1040
0
    1070
0
    1002
}
    1000
IsFill
    1070
0
    1000
PathStart
    1040
0
    1000
ToolCompensation
    1002
{
    1070
0
    1040
0
    1070
0
    1002
}
       0
CIRCLE
       5
206F
     100
AcDbEntity
       8
1
     100
AcDbCircle
      10
110.9371267613
      20
-10.0009325726
      30
0
      40
1.99999999999999
    1001
FS_CYPCUT
    1000
Channel
    1070
1
    1000
LeadIn
    1002
{
    1070
3
    1040
0
    1040
1.5707963267949
    1040
0.5
    1040
0.3
    1070
0
    1040
0.5
    1070
0
    1002
}
    1000
LeadOut
    1002
{
    1070
0
    1040
0
    1040
0
    1040
0
    1070
0
    1002
}
    1000
IsFill
    1070
0
    1000
PathStart
    1040
1
    1000
ToolCompensation
    1002
{
    1070
0
    1040
0
    1070
0
    1002
}
       0
CIRCLE
       5
2070
     100
AcDbEntity
       8
1
     100
AcDbCircle
      10
95.6571267613
      20
-24.7209325726
      30
0
      40
4
    1001
FS_CYPCUT
    1000
Channel
    1070
1
    1000
LeadIn
    1002
{
    1070
3
    1040
1.94289029309402E-16
    1040
1.5707963267949
    1040
0.5
    1040
0.3
    1070
0
    1040
0.5
    1070
0
    1002
}
    1000
LeadOut
    1002
{
    1070
0
    1040
0
    1040
0
    1040
0
    1070
0
    1002
}
    1000
IsFill
    1070
0
    1000
PathStart
    1040
1.94289029309402E-16
    1000
ToolCompensation
    1002
{
    1070
0
    1040
0
    1070
0
    1002
}
       0
CIRCLE
       5
2071
     100
AcDbEntity
       8
1
     100
AcDbCircle
      10
146.2152616162
      20
-75.2790674274
      30
0
      40
4.00000000000006
    1001
FS_CYPCUT
    1000
Channel
    1070
1
    1000
LeadIn
    1002
{
    1070
3
    1040
0
    1040
1.5707963267949
    1040
0.5
    1040
0.3
    1070
0
    1040
0.5
    1070
0
    1002
}
    1000
LeadOut
    1002
{
    1070
0
    1040
0
    1040
0
    1040
0
    1070
0
    1002
}
    1000
IsFill
    1070
0
    1000
PathStart
    1040
1
    1000
ToolCompensation
    1002
{
    1070
0
    1040
0
    1070
0
    1002
}
       0
LWPOLYLINE
       5
2072
     100
AcDbEntity
       8
1
     100
AcDbPolyline
      90
21
      70
1
      10
162.9361941887
      20
-26.6568542495
      42
0.198912367379652
      10
161.7646213135
      20
-23.8284271247
      42
0
      10
139.107767064046
      20
-1.1715728752537
      42
0.198912367379658
      10
136.2793399393
      20
1.57207580286922E-13
      42
0
      10
43.75
      20
0
      42
0
      10
43.75
      20
23.0461941887
      42
0
      10
-57.0931457505
      20
23.0461941887
      42
0.198912367379659
      10
-59.9215728752461
      20
21.8746213134461
      42
0
      10
-72.5784271247
      20
9.217767064
      42
0.198912367379656
      10
-73.75
      20
6.3893399393
      42
0
      10
-73.75
      20
-106.3893399393
      42
0.198912367379659
      10
-72.5784271247
      20
-109.217767064
      42
0
      10
-59.9215728752463
      20
-121.874621313446
      42
0.198912367379667
      10
-57.0931457505
      20
-123.0461941887
      42
0
      10
43.75
      20
-123.0461941887
      42
0
      10
43.75
      20
-100
      42
0
      10
73.7961941887
      20
-100
      42
0
      10
73.7961941887
      20
-103
      42
0.414213562373099
      10
75.7961941887
      20
-105
      42
0
      10
160.9361941887
      20
-105
      42
0.414213562373103
      10
162.9361941887
      20
-103
      42
0
    1001
FS_CYPCUT
    1000
Channel
    1070
1
    1000
LeadIn
    1002
{
    1070
3
    1040
9.5
    1040
1.5707963267949
    1040
0.5
    1040
0.3
    1070
0
    1040
0.5
    1070
0
    1002
}
    1000
LeadOut
    1002
{
    1070
0
    1040
0
    1040
0
    1040
0
    1070
0
    1002
}
    1000
IsFill
    1070
1
    1000
PathStart
    1040
9.5
    1000
ToolCompensation
    1002
{
    1070
0
    1040
0
    1070
0
    1002
}
    1000
MicroConnect
    1002
{
    1070
2
    1040
3.51209086
    1041
0.6
    1042
0
    1040
13.4324103
    1041
0.6
    1042
0
    1002
}
       0
ENDBLK
       5
2073
     330
2006
     100
AcDbEntity
       8
0
     100
AcDbBlockEnd
       0
BLOCK
       5
2074
     330
2007
     100
AcDbEntity
       8
0
     100
AcDbBlockBegin
       2
Part1760788390
      70
0
      10
-33
      20
-17.5
      30
0
       3
Part1760788390
       1

       4
CypCutBlock
       0
CIRCLE
       5
2075
     100
AcDbEntity
       8
1
     100
AcDbCircle
      10
0
      20
0
      30
0
      40
3.95
    1001
FS_CYPCUT
    1000
Channel
    1070
1
    1000
LeadIn
    1002
{
    1070
3
    1040
0
    1040
1.5707963267949
    1040
0.5
    1040
0.3
    1070
0
    1040
0.5
    1070
0
    1002
}
    1000
LeadOut
    1002
{
    1070
0
    1040
0
    1040
0
    1040
0
    1070
0
    1002
}
    1000
IsFill
    1070
0
    1000
PathStart
    1040
0
    1000
ToolCompensation
    1002
{
    1070
0
    1040
0
    1070
0
    1002
}
       0
LWPOLYLINE
       5
2076
     100
AcDbEntity
       8
1
     100
AcDbPolyline
      90
14
      70
1
      10
2.8327492261615E-15
      20
10
      42
-1
      10
-6.04903497083975E-15
      20
-10
      42
0
      10
-4.4644450614
      20
-10
      42
0.1315709965247
      10
-5.4638899684
      20
-10.2676288279
      42
0
      10
-17.5361100316
      20
-17.2323711721
      42
-0.131570996525148
      10
-18.5355549386
      20
-17.5
      42
0
      10
-31
      20
-17.5
      42
-0.414213562373096
      10
-33
      20
-15.5
      42
0
      10
-33
      20
15.5
      42
-0.414213562373096
      10
-31
      20
17.5
      42
0
      10
-18.5355549386
      20
17.5
      42
-0.131570996524701
      10
-17.5361100316
      20
17.2323711721
      42
0
      10
-5.46388996837765
      20
10.267628827902
      42
0.131570996524702
      10
-4.4644450614
      20
10
      42
0
    1001
FS_CYPCUT
    1000
Channel
    1070
1
    1000
LeadIn
    1002
{
    1070
3
    1040
7.51087453870968
    1040
1.5707963267949
    1040
0.5
    1040
0.3
    1070
0
    1040
0.5
    1070
0
    1002
}
    1000
LeadOut
    1002
{
    1070
0
    1040
0
    1040
0
    1040
0
    1070
0
    1002
}
    1000
IsFill
    1070
1
    1000
PathStart
    1040
7.5
    1000
ToolCompensation
    1002
{
    1070
0
    1040
0
    1070
0
    1002
}
    1000
MicroConnect
    1002
{
    1070
2
    1040
1.33598801
    1041
0.6
    1042
0
    1040
7.4915197
    1041
0.6
    1042
0
    1002
}
       0
ENDBLK
       5
2077
     330
2007
     100
AcDbEntity
       8
0
     100
AcDbBlockEnd
       0
BLOCK
       5
2078
     330
2008
     100
AcDbEntity
       8
0
     100
AcDbBlockBegin
       2
Part1731786341
      70
0
      10
-366.186194
      20
-17
      30
0
       3
Part1731786341
       1

       4
CypCutBlock
       0
LINE
       5
2079
     100
AcDbEntity
       8
2
     100
AcDbLine
      10
-297.0930970944
      20
0
      30
0
      11
-297.0930970944
      21
30
      31
0
    1001
FS_CYPCUT
    1000
Channel
    1070
2
    1000
LeadIn
    1002
{
    1070
3
    1040
0
    1040
1.5707963267949
    1040
0.5
    1040
0.3
    1070
0
    1040
0.5
    1070
0
    1002
}
    1000
LeadOut
    1002
{
    1070
0
    1040
0
    1040
0
    1040
0
    1070
0
    1002
}
    1000
IsFill
    1070
0
    1000
PathStart
    1040
0
    1000
ToolCompensation
    1002
{
    1070
0
    1040
0
    1070
0
    1002
}
       0
CIRCLE
       5
207A
     100
AcDbEntity
       8
1
     100
AcDbCircle
      10
-220
      20
48.0461941887
      30
0
      40
2.00000000000002
    1001
FS_CYPCUT
    1000
Channel
    1070
1
    1000
LeadIn
    1002
{
    1070
3
    1040
0
    1040
1.5707963267949
    1040
0.5
    1040
0.3
    1070
0
    1040
0.5
    1070
0
    1002
}
    1000
LeadOut
    1002
{
    1070
0
    1040
0
    1040
0
    1040
0
    1070
0
    1002
}
    1000
IsFill
    1070
0
    1000
PathStart
    1040
0
    1000
ToolCompensation
    1002
{
    1070
0
    1040
0
    1070
0
    1002
}
       0
CIRCLE
       5
207B
     100
AcDbEntity
       8
1
     100
AcDbCircle
      10
-190
      20
48.0461941887
      30
0
      40
1.99999999999998
    1001
FS_CYPCUT
    1000
Channel
    1070
1
    1000
LeadIn
    1002
{
    1070
3
    1040
0
    1040
1.5707963267949
    1040
0.5
    1040
0.3
    1070
0
    1040
0.5
    1070
0
    1002
}
    1000
LeadOut
    1002
{
    1070
0
    1040
0
    1040
0
    1040
0
    1070
0
    1002
}
    1000
IsFill
    1070
0
    1000
PathStart
    1040
0
    1000
ToolCompensation
    1002
{
    1070
0
    1040
0
    1070
0
    1002
}
       0
CIRCLE
       5
207C
     100
AcDbEntity
       8
1
     100
AcDbCircle
      10
-152.14
      20
48.0461941887
      30
0
      40
1.99999999999997
    1001
FS_CYPCUT
    1000
Channel
    1070
1
    1000
LeadIn
    1002
{
    1070
3
    1040
0
    1040
1.5707963267949
    1040
0.5
    1040
0.3
    1070
0
    1040
0.5
    1070
0
    1002
}
    1000
LeadOut
    1002
{
    1070
0
    1040
0
    1040
0
    1040
0
    1070
0
    1002
}
    1000
IsFill
    1070
0
    1000
PathStart
    1040
0
    1000
ToolCompensation
    1002
{
    1070
0
    1040
0
    1070
0
    1002
}
       0
CIRCLE
       5
207D
     100
AcDbEntity
       8
1
     100
AcDbCircle
      10
-128.14
      20
48.0461941887
      30
0
      40
2.00000000000001
    1001
FS_CYPCUT
    1000
Channel
    1070
1
    1000
LeadIn
    1002
{
    1070
3
    1040
0
    1040
1.5707963267949
    1040
0.5
    1040
0.3
    1070
0
    1040
0.5
    1070
0
    1002
}
    1000
LeadOut
    1002
{
    1070
0
    1040
0
    1040
0
    1040
0
    1070
0
    1002
}
    1000
IsFill
    1070
0
    1000
PathStart
    1040
1
    1000
ToolCompensation
    1002
{
    1070
0
    1040
0
    1070
0
    1002
}
       0
LINE
       5
207E
     100
AcDbEntity
       8
2
     100
AcDbLine
      10
-264.14
      20
32.9530970944
      30
0
      11
264.14
      21
32.9530970944
      31
0
    1001
FS_CYPCUT
    1000
Channel
    1070
2
    1000
LeadIn
    1002
{
    1070
3
    1040
0
    1040
1.5707963267949
    1040
0.5
    1040
0.3
    1070
0
    1040
0.5
    1070
0
    1002
}
    1000
LeadOut
    1002
{
    1070
0
    1040
0
    1040
0
    1040
0
    1070
0
    1002
}
    1000
IsFill
    1070
0
    1000
PathStart
    1040
0
    1000
ToolCompensation
    1002
{
    1070
0
    1040
0
    1070
0
    1002
}
       0
CIRCLE
       5
207F
     100
AcDbEntity
       8
1
     100
AcDbCircle
      10
128.14
      20
48.0461941887
      30
0
      40
2.00000000000001
    1001
FS_CYPCUT
    1000
Channel
    1070
1
    1000
LeadIn
    1002
{
    1070
3
    1040
0
    1040
1.5707963267949
    1040
0.5
    1040
0.3
    1070
0
    1040
0.5
    1070
0
    1002
}
    1000
LeadOut
    1002
{
    1070
0
    1040
0
    1040
0
    1040
0
    1070
0
    1002
}
    1000
IsFill
    1070
0
    1000
PathStart
    1040
1
    1000
ToolCompensation
    1002
{
    1070
0
    1040
0
    1070
0
    1002
}
       0
CIRCLE
       5
2080
     100
AcDbEntity
       8
1
     100
AcDbCircle
      10
152.14
      20
48.0461941887
      30
0
      40
1.99999999999997
    1001
FS_CYPCUT
    1000
Channel
    1070
1
    1000
LeadIn
    1002
{
    1070
3
    1040
0
    1040
1.5707963267949
    1040
0.5
    1040
0.3
    1070
0
    1040
0.5
    1070
0
    1002
}
    1000
LeadOut
    1002
{
    1070
0
    1040
0
    1040
0
    1040
0
    1070
0
    1002
}
    1000
IsFill
    1070
0
    1000
PathStart
    1040
0
    1000
ToolCompensation
    1002
{
    1070
0
    1040
0
    1070
0
    1002
}
       0
CIRCLE
       5
2081
     100
AcDbEntity
       8
1
     100
AcDbCircle
      10
190
      20
48.0461941887
      30
0
      40
1.99999999999997
    1001
FS_CYPCUT
    1000
Channel
    1070
1
    1000
LeadIn
    1002
{
    1070
3
    1040
0
    1040
1.5707963267949
    1040
0.5
    1040
0.3
    1070
0
    1040
0.5
    1070
0
    1002
}
    1000
LeadOut
    1002
{
    1070
0
    1040
0
    1040
0
    1040
0
    1070
0
    1002
}
    1000
IsFill
    1070
0
    1000
PathStart
    1040
0
    1000
ToolCompensation
    1002
{
    1070
0
    1040
0
    1070
0
    1002
}
       0
CIRCLE
       5
2082
     100
AcDbEntity
       8
1
     100
AcDbCircle
      10
220
      20
48.0461941887
      30
0
      40
1.99999999999997
    1001
FS_CYPCUT
    1000
Channel
    1070
1
    1000
LeadIn
    1002
{
    1070
3
    1040
0
    1040
1.5707963267949
    1040
0.5
    1040
0.3
    1070
0
    1040
0.5
    1070
0
    1002
}
    1000
LeadOut
    1002
{
    1070
0
    1040
0
    1040
0
    1040
0
    1070
0
    1002
}
    1000
IsFill
    1070
0
    1000
PathStart
    1040
0
    1000
ToolCompensation
    1002
{
    1070
0
    1040
0
    1070
0
    1002
}
       0
LINE
       5
2083
     100
AcDbEntity
       8
2
     100
AcDbLine
      10
297.0930970944
      20
30
      30
0
      11
297.0930970944
      21
0
      31
0
    1001
FS_CYPCUT
    1000
Channel
    1070
2
    1000
LeadIn
    1002
{
    1070
3
    1040
0
    1040
1.5707963267949
    1040
0.5
    1040
0.3
    1070
0
    1040
0.5
    1070
0
    1002
}
    1000
LeadOut
    1002
{
    1070
0
    1040
0
    1040
0
    1040
0
    1070
0
    1002
}
    1000
IsFill
    1070
0
    1000
PathStart
    1040
0
    1000
ToolCompensation
    1002
{
    1070
0
    1040
0
    1070
0
    1002
}
       0
LWPOLYLINE
       5
2084
     100
AcDbEntity
       8
1
     100
AcDbPolyline
      90
14
      70
1
      10
366.1861941887
      20
-5
      42
0
      10
326.1861941887
      20
30
      42
0
      10
264.14
      20
30
      42
0
      10
264.14
      20
58.0461941887
      42
0
      10
-264.14
      20
58.0461941887
      42
0
      10
-264.14
      20
30
      42
0
      10
-326.1861941887
      20
30
      42
0
      10
-366.1861941887
      20
-5
      42
0
      10
-366.1861941887
      20
-17
      42
0
      10
-314.1861941887
      20
-17
      42
0
      10
-314.1861941887
      20
0
      42
0
      10
314.1861941887
      20
0
      42
0
      10
314.1861941887
      20
-17
      42
0
      10
366.1861941887
      20
-17
      42
0
    1001
FS_CYPCUT
    1000
Channel
    1070
1
    1000
LeadIn
    1002
{
    1070
3
    1040
10.5
    1040
1.5707963267949
    1040
0.5
    1040
0.3
    1070
0
    1040
0.5
    1070
0
    1002
}
    1000
LeadOut
    1002
{
    1070
0
    1040
0
    1040
0
    1040
0
    1070
0
    1002
}
    1000
IsFill
    1070
1
    1000
PathStart
    1040
10.5
    1000
ToolCompensation
    1002
{
    1070
0
    1040
0
    1070
0
    1002
}
    1000
MicroConnect
    1002
{
    1070
2
    1040
3.31296963
    1041
0.6
    1042
0
    1040
10.2348297
    1041
0.6
    1042
0
    1002
}
       0
ENDBLK
       5
2085
     330
2008
     100
AcDbEntity
       8
0
     100
AcDbBlockEnd
       0
BLOCK
       5
2086
     330
2009
     100
AcDbEntity
       8
0
     100
AcDbBlockBegin
       2
Part1571028051
      70
0
      10
-43.5
      20
-14.5
      30
0
       3
Part1571028051
       1

       4
CypCutBlock
       0
CIRCLE
       5
2087
     100
AcDbEntity
       8
1
     100
AcDbCircle
      10
-18.09
      20
-2.44
      30
0
      40
2.5
    1001
FS_CYPCUT
    1000
Channel
    1070
1
    1000
LeadIn
    1002
{
    1070
3
    1040
0
    1040
1.5707963267949
    1040
0.5
    1040
0.3
    1070
0
    1040
0.5
    1070
0
    1002
}
    1000
LeadOut
    1002
{
    1070
0
    1040
0
    1040
0
    1040
0
    1070
0
    1002
}
    1000
IsFill
    1070
0
    1000
PathStart
    1040
0
    1000
ToolCompensation
    1002
{
    1070
0
    1040
0
    1070
0
    1002
}
       0
CIRCLE
       5
2088
     100
AcDbEntity
       8
1
     100
AcDbCircle
      10
18.09
      20
-2.44
      30
0
      40
2.49999999999999
    1001
FS_CYPCUT
    1000
Channel
    1070
1
    1000
LeadIn
    1002
{
    1070
3
    1040
5.55111512312578E-17
    1040
1.5707963267949
    1040
0.5
    1040
0.3
    1070
0
    1040
0.5
    1070
0
    1002
}
    1000
LeadOut
    1002
{
    1070
0
    1040
0
    1040
0
    1040
0
    1070
0
    1002
}
    1000
IsFill
    1070
0
    1000
PathStart
    1040
5.55111512312578E-17
    1000
ToolCompensation
    1002
{
    1070
0
    1040
0
    1070
0
    1002
}
       0
LWPOLYLINE
       5
2089
     100
AcDbEntity
       8
1
     100
AcDbPolyline
      90
22
      70
1
      10
43.5
      20
15.2
      42
0
      10
43.5
      20
10.2
      42
-0.41421356237309
      10
42.5
      20
9.2
      42
0
      10
29.5
      20
9.2
      42
0.414213562373097
      10
28.5
      20
8.2
      42
0
      10
28.5
      20
-12.5
      42
-0.414213562373093
      10
26.5
      20
-14.5
      42
0
      10
-26.5
      20
-14.5
      42
-0.414213562373095
      10
-28.5
      20
-12.5
      42
0
      10
-28.5
      20
8.2
      42
0.414213562373097
      10
-29.5
      20
9.2
      42
0
      10
-42.5
      20
9.19999999999999
      42
-0.414213562373095
      10
-43.5
      20
10.2
      42
0
      10
-43.5
      20
15.2
      42
-0.414213562373095
      10
-42.5
      20
16.2
      42
0
      10
-20.6504272326
      20
16.2
      42
-0.198912367379661
      10
-19.9433204514
      20
15.9071067812
      42
0
      10
-17.9302229582598
      20
13.8937164237505
      42
0.422668737616527
      10
17.9302229582598
      20
13.8937164237505
      42
0
      10
19.9433204514134
      20
15.9071067811866
      42
-0.198912367379655
      10
20.6504272326
      20
16.2
      42
0
      10
42.5
      20
16.2
      42
-0.414213562373088
    1001
FS_CYPCUT
    1000
Channel
    1070
1
    1000
LeadIn
    1002
{
    1070
3
    1040
5.5
    1040
1.5707963267949
    1040
0.5
    1040
0.3
    1070
0
    1040
0.5
    1070
0
    1002
}
    1000
LeadOut
    1002
{
    1070
0
    1040
0
    1040
0
    1040
0
    1070
0
    1002
}
    1000
IsFill
    1070
1
    1000
PathStart
    1040
5.5
    1000
ToolCompensation
    1002
{
    1070
0
    1040
0
    1070
0
    1002
}
    1000
MicroConnect
    1002
{
    1070
2
    1040
6.3135394
    1041
0.6
    1042
0
    1040
14.7076123
    1041
0.6
    1042
0
    1002
}
       0
ENDBLK
       5
208A
     330
2009
     100
AcDbEntity
       8
0
     100
AcDbBlockEnd
       0
BLOCK
       5
208B
     330
200A
     100
AcDbEntity
       8
0
     100
AcDbBlockBegin
       2
Part1075642206
      70
0
      10
-25
      20
-32.1861942
      30
0
       3
Part1075642206
       1

       4
CypCutBlock
       0
LWPOLYLINE
       5
208C
     100
AcDbEntity
       8
1
     100
AcDbPolyline
      90
4
      70
1
      10
-14.9
      20
-11.6861941887
      42
1
      10
-21.1
      20
-11.6861941887
      42
0
      10
-21.1
      20
-16.6861941887
      42
1
      10
-14.9
      20
-16.6861941887
      42
0
    1001
FS_CYPCUT
    1000
Channel
    1070
1
    1000
LeadIn
    1002
{
    1070
3
    1040
0.5
    1040
1.5707963267949
    1040
0.5
    1040
0.3
    1070
0
    1040
0.5
    1070
0
    1002
}
    1000
LeadOut
    1002
{
    1070
0
    1040
0
    1040
0
    1040
0
    1070
0
    1002
}
    1000
IsFill
    1070
0
    1000
PathStart
    1040
0.5
    1000
ToolCompensation
    1002
{
    1070
0
    1040
0
    1070
0
    1002
}
       0
LINE
       5
208D
     100
AcDbEntity
       8
2
     100
AcDbLine
      10
-25
      20
-0.0930970944
      30
0
      11
-7.5
      21
-0.0930970944
      31
0
    1001
FS_CYPCUT
    1000
Channel
    1070
2
    1000
LeadIn
    1002
{
    1070
3
    1040
0
    1040
1.5707963267949
    1040
0.5
    1040
0.3
    1070
0
    1040
0.5
    1070
0
    1002
}
    1000
LeadOut
    1002
{
    1070
0
    1040
0
    1040
0
    1040
0
    1070
0
    1002
}
    1000
IsFill
    1070
0
    1000
PathStart
    1040
0
    1000
ToolCompensation
    1002
{
    1070
0
    1040
0
    1070
0
    1002
}
       0
LWPOLYLINE
       5
208E
     100
AcDbEntity
       8
1
     100
AcDbPolyline
      90
4
      70
1
      10
7.5
      20
3
      42
0
      10
7.5
      20
-14.1861941887
      42
-1
      10
-7.5
      20
-14.1861941887
      42
0
      10
-7.5
      20
3
      42
0
    1001
FS_CYPCUT
    1000
Channel
    1070
1
    1000
LeadIn
    1002
{
    1070
3
    1040
0.5
    1040
1.5707963267949
    1040
0.5
    1040
0.3
    1070
0
    1040
0.5
    1070
0
    1002
}
    1000
LeadOut
    1002
{
    1070
0
    1040
0
    1040
0
    1040
0
    1070
0
    1002
}
    1000
IsFill
    1070
0
    1000
PathStart
    1040
0.5
    1000
ToolCompensation
    1002
{
    1070
0
    1040
0
    1070
0
    1002
}
       0
LINE
       5
208F
     100
AcDbEntity
       8
2
     100
AcDbLine
      10
7.5
      20
-0.0930970944
      30
0
      11
25
      21
-0.0930970944
      31
0
    1001
FS_CYPCUT
    1000
Channel
    1070
2
    1000
LeadIn
    1002
{
    1070
3
    1040
0
    1040
1.5707963267949
    1040
0.5
    1040
0.3
    1070
0
    1040
0.5
    1070
0
    1002
}
    1000
LeadOut
    1002
{
    1070
0
    1040
0
    1040
0
    1040
0
    1070
0
    1002
}
    1000
IsFill
    1070
0
    1000
PathStart
    1040
0
    1000
ToolCompensation
    1002
{
    1070
0
    1040
0
    1070
0
    1002
}
       0
LWPOLYLINE
       5
2090
     100
AcDbEntity
       8
1
     100
AcDbPolyline
      90
4
      70
1
      10
21.1
      20
-11.6861941887
      42
0
      10
21.1
      20
-16.6861941887
      42
-1
      10
14.9
      20
-16.6861941887
      42
0
      10
14.9
      20
-11.6861941887
      42
-1
    1001
FS_CYPCUT
    1000
Channel
    1070
1
    1000
LeadIn
    1002
{
    1070
3
    1040
1.5
    1040
1.5707963267949
    1040
0.5
    1040
0.3
    1070
0
    1040
0.5
    1070
0
    1002
}
    1000
LeadOut
    1002
{
    1070
0
    1040
0
    1040
0
    1040
0
    1070
0
    1002
}
    1000
IsFill
    1070
0
    1000
PathStart
    1040
1.5
    1000
ToolCompensation
    1002
{
    1070
0
    1040
0
    1070
0
    1002
}
       0
LWPOLYLINE
       5
2091
     100
AcDbEntity
       8
1
     100
AcDbPolyline
      90
8
      70
1
      10
10
      20
35.5
      42
0
      10
10
      20
20.86
      42
-0.414213562373094
      10
7
      20
17.86
      42
0
      10
-7
      20
17.86
      42
-0.414213562373096
      10
-10
      20
20.86
      42
0
      10
-10
      20
35.5
      42
-0.414213562373096
      10
-7
      20
38.5
      42
0
      10
7
      20
38.5
      42
-0.414213562373096
    1001
FS_CYPCUT
    1000
Channel
    1070
1
    1000
LeadIn
    1002
{
    1070
3
    1040
0.5
    1040
1.5707963267949
    1040
0.5
    1040
0.3
    1070
0
    1040
0.5
    1070
0
    1002
}
    1000
LeadOut
    1002
{
    1070
0
    1040
0
    1040
0
    1040
0
    1070
0
    1002
}
    1000
IsFill
    1070
0
    1000
PathStart
    1040
0.5
    1000
ToolCompensation
    1002
{
    1070
0
    1040
0
    1070
0
    1002
}
       0
LWPOLYLINE
       5
2092
     100
AcDbEntity
       8
1
     100
AcDbPolyline
      90
6
      70
1
      10
25
      20
58.5
      42
0
      10
-25
      20
58.5
      42
0
      10
-25
      20
-26.1861941887
      42
0.414213562373095
      10
-19
      20
-32.1861941887
      42
0
      10
19
      20
-32.1861941887
      42
0.414213562373095
      10
25
      20
-26.1861941887
      42
0
    1001
FS_CYPCUT
    1000
Channel
    1070
1
    1000
LeadIn
    1002
{
    1070
3
    1040
1.50291924009325
    1040
1.5707963267949
    1040
0.5
    1040
0.3
    1070
0
    1040
0.5
    1070
0
    1002
}
    1000
LeadOut
    1002
{
    1070
0
    1040
0
    1040
0
    1040
0
    1070
0
    1002
}
    1000
IsFill
    1070
1
    1000
PathStart
    1040
1.5
    1000
ToolCompensation
    1002
{
    1070
0
    1040
0
    1070
0
    1002
}
    1000
MicroConnect
    1002
{
    1070
2
    1040
1.49583426
    1041
0.6
    1042
0
    1040
5.50027009
    1041
0.6
    1042
0
    1002
}
       0
ENDBLK
       5
2093
     330
200A
     100
AcDbEntity
       8
0
     100
AcDbBlockEnd
       0
BLOCK
       5
2094
     330
200B
     100
AcDbEntity
       8
0
     100
AcDbBlockBegin
       2
Part1268310090
      70
0
      10
-20
      20
-22
      30
0
       3
Part1268310090
       1

       4
CypCutBlock
       0
LINE
       5
2095
     100
AcDbEntity
       8
2
     100
AcDbLine
      10
-20
      20
-2.9069029056
      30
0
      11
20
      21
-2.9069029056
      31
0
    1001
FS_CYPCUT
    1000
Channel
    1070
2
    1000
LeadIn
    1002
{
    1070
3
    1040
0
    1040
1.5707963267949
    1040
0.5
    1040
0.3
    1070
0
    1040
0.5
    1070
0
    1002
}
    1000
LeadOut
    1002
{
    1070
0
    1040
0
    1040
0
    1040
0
    1070
0
    1002
}
    1000
IsFill
    1070
0
    1000
PathStart
    1040
0
    1000
ToolCompensation
    1002
{
    1070
0
    1040
0
    1070
0
    1002
}
       0
LINE
       5
2096
     100
AcDbEntity
       8
2
     100
AcDbLine
      10
22.9530970944
      20
-5.86
      30
0
      11
22.9530970944
      21
-22
      31
0
    1001
FS_CYPCUT
    1000
Channel
    1070
2
    1000
LeadIn
    1002
{
    1070
3
    1040
0
    1040
1.5707963267949
    1040
0.5
    1040
0.3
    1070
0
    1040
0.5
    1070
0
    1002
}
    1000
LeadOut
    1002
{
    1070
0
    1040
0
    1040
0
    1040
0
    1070
0
    1002
}
    1000
IsFill
    1070
0
    1000
PathStart
    1040
0
    1000
ToolCompensation
    1002
{
    1070
0
    1040
0
    1070
0
    1002
}
       0
CIRCLE
       5
2097
     100
AcDbEntity
       8
1
     100
AcDbCircle
      10
0
      20
24.1861941887
      30
0
      40
3.24999999999999
    1001
FS_CYPCUT
    1000
Channel
    1070
1
    1000
LeadIn
    1002
{
    1070
3
    1040
5.55111512312578E-17
    1040
1.5707963267949
    1040
0.5
    1040
0.3
    1070
0
    1040
0.5
    1070
0
    1002
}
    1000
LeadOut
    1002
{
    1070
0
    1040
0
    1040
0
    1040
0
    1070
0
    1002
}
    1000
IsFill
    1070
0
    1000
PathStart
    1040
5.55111512312578E-17
    1000
ToolCompensation
    1002
{
    1070
0
    1040
0
    1070
0
    1002
}
       0
LWPOLYLINE
       5
2098
     100
AcDbEntity
       8
1
     100
AcDbPolyline
      90
15
      70
1
      10
44.7461941887
      20
6.14
      42
0.4142135623731
      10
43.7461941887
      20
7.14
      42
0
      10
26.9061941887
      20
7.14
      42
0.414213562373095
      10
25.9061941887
      20
6.14
      42
0
      10
25.9061941887
      20
-5.86
      42
0
      10
20
      20
-5.86
      42
0
      10
20
      20
24.7861941887
      42
0.414213562373095
      10
0.100000000000001
      20
44.6861941887
      42
0
      10
-0.0999999999999988
      20
44.6861941887
      42
0.414213562373095
      10
-20
      20
24.7861941887
      42
0
      10
-20
      20
-22
      42
0
      10
39.2834916993
      20
-22
      42
0.337828383508317
      10
40.2478910346
      20
-21.2644502261
      42
0
      10
44.7105935239861
      20
-4.98982880702858
      42
0.067008475308907
      10
44.7461941886999
      20
-4.7253785809
      42
0
    1001
FS_CYPCUT
    1000
Channel
    1070
1
    1000
LeadIn
    1002
{
    1070
3
    1040
10.5058242613528
    1040
1.5707963267949
    1040
0.5
    1040
0.3
    1070
0
    1040
0.5
    1070
0
    1002
}
    1000
LeadOut
    1002
{
    1070
0
    1040
0
    1040
0
    1040
0
    1070
0
    1002
}
    1000
IsFill
    1070
1
    1000
PathStart
    1040
10.5
    1000
ToolCompensation
    1002
{
    1070
0
    1040
0
    1070
0
    1002
}
    1000
MicroConnect
    1002
{
    1070
2
    1040
7
    1041
0.6
    1042
0
    1040
10.4957034
    1041
0.6
    1042
0
    1002
}
       0
ENDBLK
       5
2099
     330
200B
     100
AcDbEntity
       8
0
     100
AcDbBlockEnd
       0
BLOCK
       5
209A
     330
200C
     100
AcDbEntity
       8
0
     100
AcDbBlockBegin
       2
Part735326019
      70
0
      10
-20
      20
-26
      30
0
       3
Part735326019
       1

       4
CypCutBlock
       0
CIRCLE
       5
209B
     100
AcDbEntity
       8
1
     100
AcDbCircle
      10
0
      20
-18.5
      30
0
      40
2
    1001
FS_CYPCUT
    1000
Channel
    1070
1
    1000
LeadIn
    1002
{
    1070
3
    1040
8.32667268468867E-17
    1040
1.5707963267949
    1040
0.5
    1040
0.3
    1070
0
    1040
0.5
    1070
0
    1002
}
    1000
LeadOut
    1002
{
    1070
0
    1040
0
    1040
0
    1040
0
    1070
0
    1002
}
    1000
IsFill
    1070
0
    1000
PathStart
    1040
8.32667268468867E-17
    1000
ToolCompensation
    1002
{
    1070
0
    1040
0
    1070
0
    1002
}
       0
LWPOLYLINE
       5
209C
     100
AcDbEntity
       8
1
     100
AcDbPolyline
      90
8
      70
1
      10
5
      20
13
      42
0
      10
5
      20
-1
      42
-0.414213562373095
      10
2
      20
-4
      42
0
      10
-7
      20
-3.99999999999999
      42
-0.414213562373095
      10
-10
      20
-1
      42
0
      10
-10
      20
13
      42
-0.414213562373095
      10
-7
      20
16
      42
0
      10
2
      20
16
      42
-0.414213562373095
    1001
FS_CYPCUT
    1000
Channel
    1070
1
    1000
LeadIn
    1002
{
    1070
3
    1040
0.5
    1040
1.5707963267949
    1040
0.5
    1040
0.3
    1070
0
    1040
0.5
    1070
0
    1002
}
    1000
LeadOut
    1002
{
    1070
0
    1040
0
    1040
0
    1040
0
    1070
0
    1002
}
    1000
IsFill
    1070
0
    1000
PathStart
    1040
0.5
    1000
ToolCompensation
    1002
{
    1070
0
    1040
0
    1070
0
    1002
}
       0
LWPOLYLINE
       5
209D
     100
AcDbEntity
       8
1
     100
AcDbPolyline
      90
5
      70
1
      10
20
      20
26
      42
0
      10
-20
      20
26
      42
0
      10
-20
      20
-26
      42
0
      10
14
      20
-26
      42
0.414213562373096
      10
20
      20
-20
      42
0
    1001
FS_CYPCUT
    1000
Channel
    1070
1
    1000
LeadIn
    1002
{
    1070
3
    1040
1.50241470153846
    1040
1.5707963267949
    1040
0.5
    1040
0.3
    1070
0
    1040
0.5
    1070
0
    1002
}
    1000
LeadOut
    1002
{
    1070
0
    1040
0
    1040
0
    1040
0
    1070
0
    1002
}
    1000
IsFill
    1070
1
    1000
PathStart
    1040
1.5
    1000
ToolCompensation
    1002
{
    1070
0
    1040
0
    1070
0
    1002
}
    1000
MicroConnect
    1002
{
    1070
2
    1040
1.49087624
    1041
0.6
    1042
0
    1040
4.43478261
    1041
0.6
    1042
0
    1002
}
       0
ENDBLK
       5
209E
     330
200C
     100
AcDbEntity
       8
0
     100
AcDbBlockEnd
       0
BLOCK
       5
209F
     330
200D
     100
AcDbEntity
       8
0
     100
AcDbBlockBegin
       2
Part997847529
      70
0
      10
-55
      20
-42.5
      30
0
       3
Part997847529
       1

       4
CypCutBlock
       0
LWPOLYLINE
       5
20A0
     100
AcDbEntity
       8
1
     100
AcDbPolyline
      90
6
      70
1
      10
-16.87
      20
-3.63
      42
0
      10
-16.87
      20
-23.8310101268
      42
-0.6681786379193
      10
-20.2842135623731
      20
-25.2452236891731
      42
0
      10
-40.4852236891
      20
-5.0442135624
      42
-0.668178637919298
      10
-39.0710101268
      20
-1.63
      42
0
      10
-18.87
      20
-1.63000000000001
      42
-0.414213562373095
    1001
FS_CYPCUT
    1000
Channel
    1070
1
    1000
LeadIn
    1002
{
    1070
3
    1040
2.5
    1040
1.5707963267949
    1040
0.5
    1040
0.3
    1070
0
    1040
0.5
    1070
0
    1002
}
    1000
LeadOut
    1002
{
    1070
0
    1040
0
    1040
0
    1040
0
    1070
0
    1002
}
    1000
IsFill
    1070
0
    1000
PathStart
    1040
2.5
    1000
ToolCompensation
    1002
{
    1070
0
    1040
0
    1070
0
    1002
}
       0
CIRCLE
       5
20A1
     100
AcDbEntity
       8
1
     100
AcDbCircle
      10
6.1111058252
      20
-31.5
      30
0
      40
3
    1001
FS_CYPCUT
    1000
Channel
    1070
1
    1000
LeadIn
    1002
{
    1070
3
    1040
0
    1040
1.5707963267949
    1040
0.5
    1040
0.3
    1070
0
    1040
0.5
    1070
0
    1002
}
    1000
LeadOut
    1002
{
    1070
0
    1040
0
    1040
0
    1040
0
    1070
0
    1002
}
    1000
IsFill
    1070
0
    1000
PathStart
    1040
1
    1000
ToolCompensation
    1002
{
    1070
0
    1040
0
    1070
0
    1002
}
       0
LINE
       5
20A2
     100
AcDbEntity
       8
2
     100
AcDbLine
      10
-2.6944470874
      20
-42.5
      30
0
      11
-2.6944470874
      21
11.5
      31
0
    1001
FS_CYPCUT
    1000
Channel
    1070
2
    1000
LeadIn
    1002
{
    1070
3
    1040
0
    1040
1.5707963267949
    1040
0.5
    1040
0.3
    1070
0
    1040
0.5
    1070
0
    1002
}
    1000
LeadOut
    1002
{
    1070
0
    1040
0
    1040
0
    1040
0
    1070
0
    1002
}
    1000
IsFill
    1070
0
    1000
PathStart
    1040
0
    1000
ToolCompensation
    1002
{
    1070
0
    1040
0
    1070
0
    1002
}
       0
CIRCLE
       5
20A3
     100
AcDbEntity
       8
1
     100
AcDbCircle
      10
6.1111058252
      20
-5.5
      30
0
      40
3
    1001
FS_CYPCUT
    1000
Channel
    1070
1
    1000
LeadIn
    1002
{
    1070
3
    1040
0
    1040
1.5707963267949
    1040
0.5
    1040
0.3
    1070
0
    1040
0.5
    1070
0
    1002
}
    1000
LeadOut
    1002
{
    1070
0
    1040
0
    1040
0
    1040
0
    1070
0
    1002
}
    1000
IsFill
    1070
0
    1000
PathStart
    1040
0
    1000
ToolCompensation
    1002
{
    1070
0
    1040
0
    1070
0
    1002
}
       0
LINE
       5
20A4
     100
AcDbEntity
       8
2
     100
AcDbLine
      10
-0.5188941748
      20
13.6755529126
      30
0
      11
37.6111058252
      21
13.6755529126
      31
0
    1001
FS_CYPCUT
    1000
Channel
    1070
2
    1000
LeadIn
    1002
{
    1070
3
    1040
0
    1040
1.5707963267949
    1040
0.5
    1040
0.3
    1070
0
    1040
0.5
    1070
0
    1002
}
    1000
LeadOut
    1002
{
    1070
0
    1040
0
    1040
0
    1040
0
    1070
0
    1002
}
    1000
IsFill
    1070
0
    1000
PathStart
    1040
0
    1000
ToolCompensation
    1002
{
    1070
0
    1040
0
    1070
0
    1002
}
       0
CIRCLE
       5
20A5
     100
AcDbEntity
       8
1
     100
AcDbCircle
      10
32.1111058252
      20
-5.5
      30
0
      40
3.00000000000002
    1001
FS_CYPCUT
    1000
Channel
    1070
1
    1000
LeadIn
    1002
{
    1070
3
    1040
0
    1040
1.5707963267949
    1040
0.5
    1040
0.3
    1070
0
    1040
0.5
    1070
0
    1002
}
    1000
LeadOut
    1002
{
    1070
0
    1040
0
    1040
0
    1040
0
    1070
0
    1002
}
    1000
IsFill
    1070
0
    1000
PathStart
    1040
1
    1000
ToolCompensation
    1002
{
    1070
0
    1040
0
    1070
0
    1002
}
       0
CIRCLE
       5
20A6
     100
AcDbEntity
       8
1
     100
AcDbCircle
      10
32.1111058252
      20
-31.5
      30
0
      40
3.00000000000002
    1001
FS_CYPCUT
    1000
Channel
    1070
1
    1000
LeadIn
    1002
{
    1070
3
    1040
0
    1040
1.5707963267949
    1040
0.5
    1040
0.3
    1070
0
    1040
0.5
    1070
0
    1002
}
    1000
LeadOut
    1002
{
    1070
0
    1040
0
    1040
0
    1040
0
    1070
0
    1002
}
    1000
IsFill
    1070
0
    1000
PathStart
    1040
1
    1000
ToolCompensation
    1002
{
    1070
0
    1040
0
    1070
0
    1002
}
       0
LWPOLYLINE
       5
20A7
     100
AcDbEntity
       8
1
     100
AcDbPolyline
      90
19
      70
1
      10
37.6111058252
      20
24.9811058252
      42
0.414213562373095
      10
31.6111058252
      20
30.9811058252
      42
0
      10
15.4811058252
      20
30.9811058252
      42
-0.414213562373094
      10
9.4811058252
      20
36.9811058252
      42
0
      10
9.48110582520002
      20
59.9811058252
      42
0.414213562373096
      10
3.4811058252
      20
65.9811058252
      42
0
      10
-0.5188941748
      20
65.9811058252
      42
0
      10
-0.5188941748
      20
11.5
      42
0
      10
-4.87
      20
11.5
      42
0
      10
-4.87
      20
36.5
      42
0.414213562373095
      10
-10.87
      20
42.5
      42
0
      10
-49
      20
42.5
      42
0.414213562373096
      10
-55
      20
36.5
      42
0
      10
-55
      20
-5.0147186258
      42
0.198912367379657
      10
-53.2426406871193
      20
-9.2573593129193
      42
0
      10
-21.7573593129193
      20
-40.7426406871193
      42
0.198912367379658
      10
-17.5147186258
      20
-42.5
      42
0
      10
31.6111058252
      20
-42.5
      42
0.414213562373095
      10
37.6111058252
      20
-36.5
      42
0
    1001
FS_CYPCUT
    1000
Channel
    1070
1
    1000
LeadIn
    1002
{
    1070
3
    1040
18.5053787957734
    1040
1.5707963267949
    1040
0.5
    1040
0.3
    1070
0
    1040
0.5
    1070
0
    1002
}
    1000
LeadOut
    1002
{
    1070
0
    1040
0
    1040
0
    1040
0
    1070
0
    1002
}
    1000
IsFill
    1070
1
    1000
PathStart
    1040
18.5
    1000
ToolCompensation
    1002
{
    1070
0
    1040
0
    1070
0
    1002
}
    1000
MicroConnect
    1002
{
    1070
2
    1040
12.5857794
    1041
0.6
    1042
0
    1040
18.4956197
    1041
0.6
    1042
0
    1002
}
       0
ENDBLK
       5
20A8
     330
200D
     100
AcDbEntity
       8
0
     100
AcDbBlockEnd
       0
BLOCK
       5
20A9
     330
200E
     100
AcDbEntity
       8
0
     100
AcDbBlockBegin
       2
Part610774493
      70
0
      10
-74.065
      20
-40
      30
0
       3
Part610774493
       1

       4
CypCutBlock
       0
LWPOLYLINE
       5
20AA
     100
AcDbEntity
       8
1
     100
AcDbPolyline
      90
4
      70
1
      10
-56.665
      20
55.6111058252
      42
-1
      10
-51.465
      20
55.6111058252
      42
0
      10
-51.465
      20
49.6111058252
      42
-1
      10
-56.665
      20
49.6111058252
      42
0
    1001
FS_CYPCUT
    1000
Channel
    1070
1
    1000
LeadIn
    1002
{
    1070
3
    1040
1.5
    1040
1.5707963267949
    1040
0.5
    1040
0.3
    1070
0
    1040
0.5
    1070
0
    1002
}
    1000
LeadOut
    1002
{
    1070
0
    1040
0
    1040
0
    1040
0
    1070
0
    1002
}
    1000
IsFill
    1070
0
    1000
PathStart
    1040
1.5
    1000
ToolCompensation
    1002
{
    1070
0
    1040
0
    1070
0
    1002
}
       0
LINE
       5
20AB
     100
AcDbEntity
       8
2
     100
AcDbLine
      10
-8.75944708740001
      20
54.6111058252
      30
0
      11
-8.75944708740001
      21
-0.5188941748
      31
0
    1001
FS_CYPCUT
    1000
Channel
    1070
2
    1000
LeadIn
    1002
{
    1070
3
    1040
0
    1040
1.5707963267949
    1040
0.5
    1040
0.3
    1070
0
    1040
0.5
    1070
0
    1002
}
    1000
LeadOut
    1002
{
    1070
0
    1040
0
    1040
0
    1040
0
    1070
0
    1002
}
    1000
IsFill
    1070
0
    1000
PathStart
    1040
0
    1000
ToolCompensation
    1002
{
    1070
0
    1040
0
    1070
0
    1002
}
       0
LINE
       5
20AC
     100
AcDbEntity
       8
2
     100
AcDbLine
      10
-6.58389417480001
      20
-2.6944470874
      30
0
      11
111.5461058252
      21
-2.6944470874
      31
0
    1001
FS_CYPCUT
    1000
Channel
    1070
2
    1000
LeadIn
    1002
{
    1070
3
    1040
0
    1040
1.5707963267949
    1040
0.5
    1040
0.3
    1070
0
    1040
0.5
    1070
0
    1002
}
    1000
LeadOut
    1002
{
    1070
0
    1040
0
    1040
0
    1040
0
    1070
0
    1002
}
    1000
IsFill
    1070
0
    1000
PathStart
    1040
0
    1000
ToolCompensation
    1002
{
    1070
0
    1040
0
    1070
0
    1002
}
       0
LWPOLYLINE
       5
20AD
     100
AcDbEntity
       8
1
     100
AcDbPolyline
      90
8
      70
1
      10
18.4161058252
      20
39.6111058252
      42
-0.414213562373098
      10
21.4161058252
      20
42.6111058252
      42
0
      10
60.4161058252
      20
42.6111058252
      42
-0.414213562373096
      10
63.4161058252
      20
39.6111058252
      42
0
      10
63.4161058252
      20
22.4811058252
      42
-0.414213562373095
      10
60.4161058252
      20
19.4811058252
      42
0
      10
21.4161058252
      20
19.4811058252
      42
-0.414213562373094
      10
18.4161058252
      20
22.4811058252
      42
0
    1001
FS_CYPCUT
    1000
Channel
    1070
1
    1000
LeadIn
    1002
{
    1070
3
    1040
1.5
    1040
1.5707963267949
    1040
0.5
    1040
0.3
    1070
0
    1040
0.5
    1070
0
    1002
}
    1000
LeadOut
    1002
{
    1070
0
    1040
0
    1040
0
    1040
0
    1070
0
    1002
}
    1000
IsFill
    1070
0
    1000
PathStart
    1040
1.5
    1000
ToolCompensation
    1002
{
    1070
0
    1040
0
    1070
0
    1002
}
       0
CIRCLE
       5
20AE
     100
AcDbEntity
       8
1
     100
AcDbCircle
      10
90.3661058252
      20
12.6111058252
      30
0
      40
2.45
    1001
FS_CYPCUT
    1000
Channel
    1070
1
    1000
LeadIn
    1002
{
    1070
3
    1040
0
    1040
1.5707963267949
    1040
0.5
    1040
0.3
    1070
0
    1040
0.5
    1070
0
    1002
}
    1000
LeadOut
    1002
{
    1070
0
    1040
0
    1040
0
    1040
0
    1070
0
    1002
}
    1000
IsFill
    1070
0
    1000
PathStart
    1040
1
    1000
ToolCompensation
    1002
{
    1070
0
    1040
0
    1070
0
    1002
}
       0
CIRCLE
       5
20AF
     100
AcDbEntity
       8
1
     100
AcDbCircle
      10
126.5461058252
      20
12.6111058252
      30
0
      40
2.45
    1001
FS_CYPCUT
    1000
Channel
    1070
1
    1000
LeadIn
    1002
{
    1070
3
    1040
8.32667268468867E-17
    1040
1.5707963267949
    1040
0.5
    1040
0.3
    1070
0
    1040
0.5
    1070
0
    1002
}
    1000
LeadOut
    1002
{
    1070
0
    1040
0
    1040
0
    1040
0
    1070
0
    1002
}
    1000
IsFill
    1070
0
    1000
PathStart
    1040
8.32667268468867E-17
    1000
ToolCompensation
    1002
{
    1070
0
    1040
0
    1070
0
    1002
}
       0
LWPOLYLINE
       5
20B0
     100
AcDbEntity
       8
1
     100
AcDbPolyline
      90
22
      70
1
      10
-74.065
      20
58.6111058252
      42
0
      10
-74.065
      20
46.6111058252
      42
0.414213562373096
      10
-70.065
      20
42.6111058252
      42
0
      10
-43.935
      20
42.6111058252
      42
-0.414213562373098
      10
-40.935
      20
39.6111058252
      42
0
      10
-40.935
      20
-0.5188941748
      42
0
      10
-6.58389417480001
      20
-0.5188941748
      42
0
      10
-6.58389417480001
      20
-34.87
      42
0
      10
84.7592515757
      20
-34.87
      42
-0.198912367379659
      10
87.5876787004462
      20
-36.0415728752538
      42
0
      10
90.3745329499538
      20
-38.8284271247462
      42
0.198912367379659
      10
93.2029600747
      20
-40.0000000000001
      42
0
      10
111.5461058252
      20
-40
      42
0
      10
111.5461058252
      20
-0.5188941748
      42
0
      10
137.5461058252
      20
-0.5188941748
      42
0.414213562373096
      10
141.5461058252
      20
3.4811058252
      42
0
      10
141.5461058252
      20
50.6111058252
      42
0.414213562373097
      10
137.5461058252
      20
54.6111058252
      42
0
      10
-10.935
      20
54.6111058252
      42
0
      10
-39.544975856492
      20
62.4682910930323
      42
0.0671062329975123
      10
-40.6042783674
      20
62.6111058251997
      42
0
      10
-70.065
      20
62.6111058252
      42
0.4142135623731
    1001
FS_CYPCUT
    1000
Channel
    1070
1
    1000
LeadIn
    1002
{
    1070
3
    1040
17.5
    1040
1.5707963267949
    1040
0.5
    1040
0.3
    1070
0
    1040
0.5
    1070
0
    1002
}
    1000
LeadOut
    1002
{
    1070
0
    1040
0
    1040
0
    1040
0
    1070
0
    1002
}
    1000
IsFill
    1070
1
    1000
PathStart
    1040
17.5
    1000
ToolCompensation
    1002
{
    1070
0
    1040
0
    1070
0
    1002
}
    1000
MicroConnect
    1002
{
    1070
3
    1040
7.26702088
    1041
0.6
    1042
0
    1040
17.229974
    1041
0.6
    1042
0
    1040
20.1977314
    1041
0.6
    1042
0
    1002
}
       0
ENDBLK
       5
20B1
     330
200E
     100
AcDbEntity
       8
0
     100
AcDbBlockEnd
       0
BLOCK
       5
20B2
     330
200F
     100
AcDbEntity
       8
0
     100
AcDbBlockBegin
       2
Part1237992523
      70
0
      10
-78
      20
-20
      30
0
       3
Part1237992523
       1

       4
CypCutBlock
       0
LWPOLYLINE
       5
20B3
     100
AcDbEntity
       8
1
     100
AcDbPolyline
      90
4
      70
1
      10
-47.5
      20
5.45
      42
-1
      10
-47.5
      20
-0.0499999999999998
      42
0
      10
-62.5
      20
-0.05
      42
-1
      10
-62.5
      20
5.45
      42
0
    1001
FS_CYPCUT
    1000
Channel
    1070
1
    1000
LeadIn
    1002
{
    1070
3
    1040
1.5
    1040
1.5707963267949
    1040
0.5
    1040
0.3
    1070
0
    1040
0.5
    1070
0
    1002
}
    1000
LeadOut
    1002
{
    1070
0
    1040
0
    1040
0
    1040
0
    1070
0
    1002
}
    1000
IsFill
    1070
0
    1000
PathStart
    1040
1.5
    1000
ToolCompensation
    1002
{
    1070
0
    1040
0
    1070
0
    1002
}
       0
LWPOLYLINE
       5
20B4
     100
AcDbEntity
       8
1
     100
AcDbPolyline
      90
4
      70
1
      10
-22.5
      20
5.45
      42
-1
      10
-22.5
      20
-0.0500000000000007
      42
0
      10
-37.5
      20
-0.0500000000000007
      42
-1
      10
-37.5
      20
5.45
      42
0
    1001
FS_CYPCUT
    1000
Channel
    1070
1
    1000
LeadIn
    1002
{
    1070
3
    1040
1.5
    1040
1.5707963267949
    1040
0.5
    1040
0.3
    1070
0
    1040
0.5
    1070
0
    1002
}
    1000
LeadOut
    1002
{
    1070
0
    1040
0
    1040
0
    1040
0
    1070
0
    1002
}
    1000
IsFill
    1070
0
    1000
PathStart
    1040
1.5
    1000
ToolCompensation
    1002
{
    1070
0
    1040
0
    1070
0
    1002
}
       0
LINE
       5
20B5
     100
AcDbEntity
       8
2
     100
AcDbLine
      10
-2.9069029056
      20
20
      30
0
      11
-2.9069029056
      21
-20
      31
0
    1001
FS_CYPCUT
    1000
Channel
    1070
2
    1000
LeadIn
    1002
{
    1070
3
    1040
0
    1040
1.5707963267949
    1040
0.5
    1040
0.3
    1070
0
    1040
0.5
    1070
0
    1002
}
    1000
LeadOut
    1002
{
    1070
0
    1040
0
    1040
0
    1040
0
    1070
0
    1002
}
    1000
IsFill
    1070
0
    1000
PathStart
    1040
0
    1000
ToolCompensation
    1002
{
    1070
0
    1040
0
    1070
0
    1002
}
       0
CIRCLE
       5
20B6
     100
AcDbEntity
       8
1
     100
AcDbCircle
      10
12.1861941887
      20
-12
      30
0
      40
3.5
    1001
FS_CYPCUT
    1000
Channel
    1070
1
    1000
LeadIn
    1002
{
    1070
3
    1040
0
    1040
1.5707963267949
    1040
0.5
    1040
0.3
    1070
0
    1040
0.5
    1070
0
    1002
}
    1000
LeadOut
    1002
{
    1070
0
    1040
0
    1040
0
    1040
0
    1070
0
    1002
}
    1000
IsFill
    1070
0
    1000
PathStart
    1040
0
    1000
ToolCompensation
    1002
{
    1070
0
    1040
0
    1070
0
    1002
}
       0
CIRCLE
       5
20B7
     100
AcDbEntity
       8
1
     100
AcDbCircle
      10
12.1861941887
      20
12
      30
0
      40
3.5
    1001
FS_CYPCUT
    1000
Channel
    1070
1
    1000
LeadIn
    1002
{
    1070
3
    1040
0
    1040
1.5707963267949
    1040
0.5
    1040
0.3
    1070
0
    1040
0.5
    1070
0
    1002
}
    1000
LeadOut
    1002
{
    1070
0
    1040
0
    1040
0
    1040
0
    1070
0
    1002
}
    1000
IsFill
    1070
0
    1000
PathStart
    1040
0
    1000
ToolCompensation
    1002
{
    1070
0
    1040
0
    1070
0
    1002
}
       0
LWPOLYLINE
       5
20B8
     100
AcDbEntity
       8
1
     100
AcDbPolyline
      90
8
      70
1
      10
24.1861941887
      20
15
      42
0
      10
24.1861941887
      20
-15
      42
-0.414213562373095
      10
19.1861941887
      20
-20
      42
0
      10
-76
      20
-20
      42
-0.414213562373103
      10
-78
      20
-18
      42
0
      10
-78
      20
18
      42
-0.414213562373095
      10
-76
      20
20
      42
0
      10
19.1861941887
      20
20
      42
-0.414213562373096
    1001
FS_CYPCUT
    1000
Channel
    1070
1
    1000
LeadIn
    1002
{
    1070
3
    1040
2.5
    1040
1.5707963267949
    1040
0.5
    1040
0.3
    1070
0
    1040
0.5
    1070
0
    1002
}
    1000
LeadOut
    1002
{
    1070
0
    1040
0
    1040
0
    1040
0
    1070
0
    1002
}
    1000
IsFill
    1070
1
    1000
PathStart
    1040
2.5
    1000
ToolCompensation
    1002
{
    1070
0
    1040
0
    1070
0
    1002
}
    1000
MicroConnect
    1002
{
    1070
2
    1040
2.76476229
    1041
0.6
    1042
0
    1040
6.72587309
    1041
0.6
    1042
0
    1002
}
       0
ENDBLK
       5
20B9
     330
200F
     100
AcDbEntity
       8
0
     100
AcDbBlockEnd
       0
BLOCK
       5
20BA
     330
2010
     100
AcDbEntity
       8
0
     100
AcDbBlockBegin
       2
Part2025602432
      70
0
      10
-18.8231814
      20
-51.7961942
      30
0
       3
Part2025602432
       1

       4
CypCutBlock
       0
LWPOLYLINE
       5
20BB
     100
AcDbEntity
       8
1
     100
AcDbPolyline
      90
8
      70
1
      10
24.376818637
      20
-19.9061941887
      42
0.414213562373096
      10
20.376818637
      20
-15.9061941887
      42
0
      10
14
      20
-15.9061941887
      42
0.414213562373095
      10
10
      20
-19.9061941887
      42
0
      10
10
      20
-37.7961941887
      42
0.414213562373093
      10
14
      20
-41.7961941887
      42
0
      10
20.376818637
      20
-41.7961941887
      42
0.414213562373096
      10
24.376818637
      20
-37.7961941887
      42
0
    1001
FS_CYPCUT
    1000
Channel
    1070
1
    1000
LeadIn
    1002
{
    1070
3
    1040
3.5
    1040
1.5707963267949
    1040
0.5
    1040
0.3
    1070
0
    1040
0.5
    1070
0
    1002
}
    1000
LeadOut
    1002
{
    1070
0
    1040
0
    1040
0
    1040
0
    1070
0
    1002
}
    1000
IsFill
    1070
0
    1000
PathStart
    1040
3.5
    1000
ToolCompensation
    1002
{
    1070
0
    1040
0
    1070
0
    1002
}
       0
LINE
       5
20BC
     100
AcDbEntity
       8
2
     100
AcDbLine
      10
0
      20
-2.9530970944
      30
0
      11
34.376818637
      21
-2.9530970944
      31
0
    1001
FS_CYPCUT
    1000
Channel
    1070
2
    1000
LeadIn
    1002
{
    1070
3
    1040
0
    1040
1.5707963267949
    1040
0.5
    1040
0.3
    1070
0
    1040
0.5
    1070
0
    1002
}
    1000
LeadOut
    1002
{
    1070
0
    1040
0
    1040
0
    1040
0
    1070
0
    1002
}
    1000
IsFill
    1070
0
    1000
PathStart
    1040
0
    1000
ToolCompensation
    1002
{
    1070
0
    1040
0
    1070
0
    1002
}
       0
CIRCLE
       5
20BD
     100
AcDbEntity
       8
1
     100
AcDbCircle
      10
-10.823181363
      20
42.14
      30
0
      40
2.50000000000001
    1001
FS_CYPCUT
    1000
Channel
    1070
1
    1000
LeadIn
    1002
{
    1070
3
    1040
8.32667268468867E-17
    1040
1.5707963267949
    1040
0.5
    1040
0.3
    1070
0
    1040
0.5
    1070
0
    1002
}
    1000
LeadOut
    1002
{
    1070
0
    1040
0
    1040
0
    1040
0
    1070
0
    1002
}
    1000
IsFill
    1070
0
    1000
PathStart
    1040
8.32667268468867E-17
    1000
ToolCompensation
    1002
{
    1070
0
    1040
0
    1070
0
    1002
}
       0
LWPOLYLINE
       5
20BE
     100
AcDbEntity
       8
1
     100
AcDbPolyline
      90
10
      70
1
      10
34.376818637
      20
13.14
      42
0.223092676851076
      10
32.9316051391321
      20
16.2178346168246
      42
0
      10
-5.7136083587
      20
48.2956692336
      42
1.25731317831265
      10
-12.7154700995
      20
34.3670183753
      42
0
      10
-13.0022245184
      20
27.8833604616
      42
0
      10
0
      20
0
      42
0
      10
0
      20
-46.7961941887
      42
0.414213562373097
      10
5
      20
-51.7961941887
      42
0
      10
29.376818637
      20
-51.7961941887
      42
0.414213562373096
      10
34.376818637
      20
-46.7961941887
      42
0
    1001
FS_CYPCUT
    1000
Channel
    1070
1
    1000
LeadIn
    1002
{
    1070
3
    1040
9.50667376562276
    1040
1.5707963267949
    1040
0.5
    1040
0.3
    1070
0
    1040
0.5
    1070
0
    1002
}
    1000
LeadOut
    1002
{
    1070
0
    1040
0
    1040
0
    1040
0
    1070
0
    1002
}
    1000
IsFill
    1070
1
    1000
PathStart
    1040
9.5
    1000
ToolCompensation
    1002
{
    1070
0
    1040
0
    1070
0
    1002
}
    1000
MicroConnect
    1002
{
    1070
2
    1040
4.18303713
    1041
0.6
    1042
0
    1040
9.49666312
    1041
0.6
    1042
0
    1002
}
       0
ENDBLK
       5
20BF
     330
2010
     100
AcDbEntity
       8
0
     100
AcDbBlockEnd
       0
BLOCK
       5
20C0
     330
2011
     100
AcDbEntity
       8
0
     100
AcDbBlockBegin
       2
Part906601569
      70
0
      10
-62.5
      20
-100
      30
0
       3
Part906601569
       1

       4
CypCutBlock
       0
LWPOLYLINE
       5
20C1
     100
AcDbEntity
       8
1
     100
AcDbPolyline
      90
4
      70
1
      10
-56.75
      20
-59
      42
-1
      10
-47.75
      20
-59
      42
0
      10
-47.75
      20
-84
      42
-1
      10
-56.75
      20
-84
      42
0
    1001
FS_CYPCUT
    1000
Channel
    1070
1
    1000
LeadIn
    1002
{
    1070
3
    1040
1.5
    1040
1.5707963267949
    1040
0.5
    1040
0.3
    1070
0
    1040
0.5
    1070
0
    1002
}
    1000
LeadOut
    1002
{
    1070
0
    1040
0
    1040
0
    1040
0
    1070
0
    1002
}
    1000
IsFill
    1070
0
    1000
PathStart
    1040
1.5
    1000
ToolCompensation
    1002
{
    1070
0
    1040
0
    1070
0
    1002
}
       0
LWPOLYLINE
       5
20C2
     100
AcDbEntity
       8
1
     100
AcDbPolyline
      90
4
      70
1
      10
-56.75
      20
5
      42
0
      10
-56.75
      20
-20
      42
1
      10
-47.75
      20
-20
      42
0
      10
-47.75
      20
5
      42
1
    1001
FS_CYPCUT
    1000
Channel
    1070
1
    1000
LeadIn
    1002
{
    1070
3
    1040
0.5
    1040
1.5707963267949
    1040
0.5
    1040
0.3
    1070
0
    1040
0.5
    1070
0
    1002
}
    1000
LeadOut
    1002
{
    1070
0
    1040
0
    1040
0
    1040
0
    1070
0
    1002
}
    1000
IsFill
    1070
0
    1000
PathStart
    1040
0.5
    1000
ToolCompensation
    1002
{
    1070
0
    1040
0
    1070
0
    1002
}
       0
LWPOLYLINE
       5
20C3
     100
AcDbEntity
       8
1
     100
AcDbPolyline
      90
6
      70
1
      10
-32.5
      20
-29
      42
0
      10
-32.5
      20
-40.2888896999
      42
0.70279166848483
      10
-27.1885632033857
      20
-42.201286085343
      42
-0.0325263210810604
      10
-16.8072006849844
      20
-31.1960219837878
      42
0.681226678728874
      10
-18.8510909577
      20
-26
      42
0
      10
-29.5
      20
-26
      42
0.414213562373095
    1001
FS_CYPCUT
    1000
Channel
    1070
1
    1000
LeadIn
    1002
{
    1070
3
    1040
2.5
    1040
1.5707963267949
    1040
0.5
    1040
0.3
    1070
0
    1040
0.5
    1070
0
    1002
}
    1000
LeadOut
    1002
{
    1070
0
    1040
0
    1040
0
    1040
0
    1070
0
    1002
}
    1000
IsFill
    1070
0
    1000
PathStart
    1040
2.5
    1000
ToolCompensation
    1002
{
    1070
0
    1040
0
    1070
0
    1002
}
       0
LINE
       5
20C4
     100
AcDbEntity
       8
2
     100
AcDbLine
      10
29
      20
-2.9069029056
      30
0
      11
62.5
      21
-2.9069029056
      31
0
    1001
FS_CYPCUT
    1000
Channel
    1070
2
    1000
LeadIn
    1002
{
    1070
3
    1040
0
    1040
1.5707963267949
    1040
0.5
    1040
0.3
    1070
0
    1040
0.5
    1070
0
    1002
}
    1000
LeadOut
    1002
{
    1070
0
    1040
0
    1040
0
    1040
0
    1070
0
    1002
}
    1000
IsFill
    1070
0
    1000
PathStart
    1040
0
    1000
ToolCompensation
    1002
{
    1070
0
    1040
0
    1070
0
    1002
}
       0
CIRCLE
       5
20C5
     100
AcDbEntity
       8
1
     100
AcDbCircle
      10
45.75
      20
13.1861941887
      30
0
      40
1.75
    1001
FS_CYPCUT
    1000
Channel
    1070
1
    1000
LeadIn
    1002
{
    1070
3
    1040
1.11022302462516E-16
    1040
1.5707963267949
    1040
0.5
    1040
0.3
    1070
0
    1040
0.5
    1070
0
    1002
}
    1000
LeadOut
    1002
{
    1070
0
    1040
0
    1040
0
    1040
0
    1070
0
    1002
}
    1000
IsFill
    1070
0
    1000
PathStart
    1040
1.11022302462516E-16
    1000
ToolCompensation
    1002
{
    1070
0
    1040
0
    1070
0
    1002
}
       0
CIRCLE
       5
20C6
     100
AcDbEntity
       8
1
     100
AcDbCircle
      10
45.75
      20
41.1861941887
      30
0
      40
1.75000000000001
    1001
FS_CYPCUT
    1000
Channel
    1070
1
    1000
LeadIn
    1002
{
    1070
3
    1040
0
    1040
1.5707963267949
    1040
0.5
    1040
0.3
    1070
0
    1040
0.5
    1070
0
    1002
}
    1000
LeadOut
    1002
{
    1070
0
    1040
0
    1040
0
    1040
0
    1070
0
    1002
}
    1000
IsFill
    1070
0
    1000
PathStart
    1040
0
    1000
ToolCompensation
    1002
{
    1070
0
    1040
0
    1070
0
    1002
}
       0
CIRCLE
       5
20C7
     100
AcDbEntity
       8
1
     100
AcDbCircle
      10
45.75
      20
69.1861941887
      30
0
      40
1.75
    1001
FS_CYPCUT
    1000
Channel
    1070
1
    1000
LeadIn
    1002
{
    1070
3
    1040
0
    1040
1.5707963267949
    1040
0.5
    1040
0.3
    1070
0
    1040
0.5
    1070
0
    1002
}
    1000
LeadOut
    1002
{
    1070
0
    1040
0
    1040
0
    1040
0
    1070
0
    1002
}
    1000
IsFill
    1070
0
    1000
PathStart
    1040
1
    1000
ToolCompensation
    1002
{
    1070
0
    1040
0
    1070
0
    1002
}
       0
LWPOLYLINE
       5
20C8
     100
AcDbEntity
       8
1
     100
AcDbPolyline
      90
17
      70
1
      10
-62.5
      20
13.5
      42
0
      10
-62.5
      20
-94
      42
0.414213562373094
      10
-56.5
      20
-100
      42
0
      10
-37.4249718539
      20
-100
      42
0.350986679206211
      10
-31.5703503720468
      20
-95.3127860847773
      42
-0.334608331520925
      10
56.8515410436387
      20
-20.1656143491202
      42
0.397145457389551
      10
62.5
      20
-14.1759216279
      42
0
      10
62.5
      20
68.1861941887
      42
0.414213562373093
      10
56.5
      20
74.1861941887
      42
0
      10
35
      20
74.1861941887
      42
0.414213562373095
      10
29
      20
68.1861941887
      42
0
      10
29
      20
-6
      42
0
      10
-26.5
      20
-6
      42
-0.414213562373096
      10
-32.5
      20
0
      42
0
      10
-32.5
      20
13.5
      42
0.414213562373096
      10
-38.5
      20
19.5
      42
0
      10
-56.5
      20
19.5
      42
0.414213562373093
    1001
FS_CYPCUT
    1000
Channel
    1070
1
    1000
LeadIn
    1002
{
    1070
3
    1040
4.5
    1040
1.5707963267949
    1040
0.5
    1040
0.3
    1070
0
    1040
0.5
    1070
0
    1002
}
    1000
LeadOut
    1002
{
    1070
0
    1040
0
    1040
0
    1040
0
    1070
0
    1002
}
    1000
IsFill
    1070
1
    1000
PathStart
    1040
4.5
    1000
ToolCompensation
    1002
{
    1070
0
    1040
0
    1070
0
    1002
}
    1000
MicroConnect
    1002
{
    1070
2
    1040
0.526240499
    1041
0.6
    1042
0
    1040
6.21657954
    1041
0.6
    1042
0
    1002
}
       0
ENDBLK
       5
20C9
     330
2011
     100
AcDbEntity
       8
0
     100
AcDbBlockEnd
       0
BLOCK
       5
20CA
     330
2012
     100
AcDbEntity
       8
0
     100
AcDbBlockBegin
       2
Part112309096
      70
0
      10
-27.25
      20
-33.6
      30
0
       3
Part112309096
       1

       4
CypCutBlock
       0
CIRCLE
       5
20CB
     100
AcDbEntity
       8
1
     100
AcDbCircle
      10
-19.25
      20
0
      30
0
      40
2.49999999999999
    1001
FS_CYPCUT
    1000
Channel
    1070
1
    1000
LeadIn
    1002
{
    1070
3
    1040
0
    1040
1.5707963267949
    1040
0.5
    1040
0.3
    1070
0
    1040
0.5
    1070
0
    1002
}
    1000
LeadOut
    1002
{
    1070
0
    1040
0
    1040
0
    1040
0
    1070
0
    1002
}
    1000
IsFill
    1070
0
    1000
PathStart
    1040
1
    1000
ToolCompensation
    1002
{
    1070
0
    1040
0
    1070
0
    1002
}
       0
CIRCLE
       5
20CC
     100
AcDbEntity
       8
1
     100
AcDbCircle
      10
19.25
      20
0
      30
0
      40
2.5
    1001
FS_CYPCUT
    1000
Channel
    1070
1
    1000
LeadIn
    1002
{
    1070
3
    1040
0
    1040
1.5707963267949
    1040
0.5
    1040
0.3
    1070
0
    1040
0.5
    1070
0
    1002
}
    1000
LeadOut
    1002
{
    1070
0
    1040
0
    1040
0
    1040
0
    1070
0
    1002
}
    1000
IsFill
    1070
0
    1000
PathStart
    1040
0
    1000
ToolCompensation
    1002
{
    1070
0
    1040
0
    1070
0
    1002
}
       0
CIRCLE
       5
20CD
     100
AcDbEntity
       8
1
     100
AcDbCircle
      10
42.75
      20
16.4
      30
0
      40
3.49999999999999
    1001
FS_CYPCUT
    1000
Channel
    1070
1
    1000
LeadIn
    1002
{
    1070
3
    1040
1.11022302462516E-16
    1040
1.5707963267949
    1040
0.5
    1040
0.3
    1070
0
    1040
0.5
    1070
0
    1002
}
    1000
LeadOut
    1002
{
    1070
0
    1040
0
    1040
0
    1040
0
    1070
0
    1002
}
    1000
IsFill
    1070
0
    1000
PathStart
    1040
1.11022302462516E-16
    1000
ToolCompensation
    1002
{
    1070
0
    1040
0
    1070
0
    1002
}
       0
CIRCLE
       5
20CE
     100
AcDbEntity
       8
1
     100
AcDbCircle
      10
42.75
      20
-23.6
      30
0
      40
3.50000000000001
    1001
FS_CYPCUT
    1000
Channel
    1070
1
    1000
LeadIn
    1002
{
    1070
3
    1040
0
    1040
1.5707963267949
    1040
0.5
    1040
0.3
    1070
0
    1040
0.5
    1070
0
    1002
}
    1000
LeadOut
    1002
{
    1070
0
    1040
0
    1040
0
    1040
0
    1070
0
    1002
}
    1000
IsFill
    1070
0
    1000
PathStart
    1040
1
    1000
ToolCompensation
    1002
{
    1070
0
    1040
0
    1070
0
    1002
}
       0
LWPOLYLINE
       5
20CF
     100
AcDbEntity
       8
1
     100
AcDbPolyline
      90
16
      70
1
      10
52.75
      20
21.4
      42
0.414213562373095
      10
47.75
      20
26.4
      42
0
      10
37.75
      20
26.4
      42
0.414213562373095
      10
32.75
      20
21.4
      42
0
      10
32.75
      20
12.5
      42
-0.414213562373095
      10
27.75
      20
7.50000000000001
      42
0
      10
-22.25
      20
7.5
      42
0.414213562373095
      10
-27.25
      20
2.5
      42
0
      10
-27.25
      20
-9.7
      42
0.414213562373095
      10
-22.25
      20
-14.7
      42
0
      10
27.75
      20
-14.7
      42
-0.414213562373095
      10
32.75
      20
-19.7
      42
0
      10
32.75
      20
-28.6
      42
0.414213562373096
      10
37.75
      20
-33.6
      42
0
      10
47.75
      20
-33.6
      42
0.414213562373094
      10
52.75
      20
-28.6
      42
0
    1001
FS_CYPCUT
    1000
Channel
    1070
1
    1000
LeadIn
    1002
{
    1070
3
    1040
5.50094309
    1040
1.5707963267949
    1040
0.5
    1040
0.3
    1070
0
    1040
0.5
    1070
0
    1002
}
    1000
LeadOut
    1002
{
    1070
0
    1040
0
    1040
0
    1040
0
    1070
0
    1002
}
    1000
IsFill
    1070
1
    1000
PathStart
    1040
5.5
    1000
ToolCompensation
    1002
{
    1070
0
    1040
0
    1070
0
    1002
}
    1000
MicroConnect
    1002
{
    1070
2
    1040
5.48894309
    1041
0.6
    1042
0
    1040
13.5
    1041
0.6
    1042
0
    1002
}
       0
ENDBLK
       5
20D0
     330
2012
     100
AcDbEntity
       8
0
     100
AcDbBlockEnd
       0
BLOCK
       5
20D1
     330
2013
     100
AcDbEntity
       8
0
     100
AcDbBlockBegin
       2
Part881371609
      70
0
      10
-18.8231814
      20
-51.7961942
      30
0
       3
Part881371609
       1

       4
CypCutBlock
       0
CIRCLE
       5
20D2
     100
AcDbEntity
       8
1
     100
AcDbCircle
      10
-10.823181363
      20
-43.7961941887451
      30
0
      40
2.50000000000001
    1001
FS_CYPCUT
    1000
Channel
    1070
1
    1000
LeadIn
    1002
{
    1070
3
    1040
8.32667268468867E-17
    1040
1.5707963267949
    1040
0.5
    1040
0.3
    1070
0
    1040
0.5
    1070
0
    1002
}
    1000
LeadOut
    1002
{
    1070
0
    1040
0
    1040
0
    1040
0
    1070
0
    1002
}
    1000
IsFill
    1070
0
    1000
PathStart
    1040
8.32667268468867E-17
    1000
ToolCompensation
    1002
{
    1070
0
    1040
0
    1070
0
    1002
}
       0
LINE
       5
20D3
     100
AcDbEntity
       8
2
     100
AcDbLine
      10
0
      20
1.29690290565493
      30
0
      11
34.376818637
      21
1.29690290565493
      31
0
    1001
FS_CYPCUT
    1000
Channel
    1070
2
    1000
LeadIn
    1002
{
    1070
3
    1040
0
    1040
1.5707963267949
    1040
0.5
    1040
0.3
    1070
0
    1040
0.5
    1070
0
    1002
}
    1000
LeadOut
    1002
{
    1070
0
    1040
0
    1040
0
    1040
0
    1070
0
    1002
}
    1000
IsFill
    1070
0
    1000
PathStart
    1040
0
    1000
ToolCompensation
    1002
{
    1070
0
    1040
0
    1070
0
    1002
}
       0
LWPOLYLINE
       5
20D4
     100
AcDbEntity
       8
1
     100
AcDbPolyline
      90
8
      70
1
      10
24.376818637
      20
18.2499999999549
      42
-0.414213562373096
      10
20.376818637
      20
14.2499999999549
      42
0
      10
14
      20
14.2499999999549
      42
-0.414213562373095
      10
10
      20
18.2499999999549
      42
0
      10
10
      20
36.1399999999549
      42
-0.414213562373093
      10
14
      20
40.1399999999549
      42
0
      10
20.376818637
      20
40.1399999999549
      42
-0.414213562373096
      10
24.376818637
      20
36.1399999999549
      42
0
    1001
FS_CYPCUT
    1000
Channel
    1070
1
    1000
LeadIn
    1002
{
    1070
3
    1040
3.5
    1040
1.5707963267949
    1040
0.5
    1040
0.3
    1070
0
    1040
0.5
    1070
0
    1002
}
    1000
LeadOut
    1002
{
    1070
0
    1040
0
    1040
0
    1040
0
    1070
0
    1002
}
    1000
IsFill
    1070
0
    1000
PathStart
    1040
3.5
    1000
ToolCompensation
    1002
{
    1070
0
    1040
0
    1070
0
    1002
}
       0
LWPOLYLINE
       5
20D5
     100
AcDbEntity
       8
1
     100
AcDbPolyline
      90
10
      70
1
      10
34.376818637
      20
-14.7961941887451
      42
-0.223092676851076
      10
32.9316051391321
      20
-17.8740288055697
      42
0
      10
-5.7136083587
      20
-49.9518634223451
      42
-1.25731317831265
      10
-12.7154700995
      20
-36.0232125640451
      42
0
      10
-13.0022245184
      20
-29.5395546503451
      42
0
      10
0
      20
-1.65619418874507
      42
0
      10
0
      20
45.1399999999549
      42
-0.414213562373097
      10
5
      20
50.1399999999549
      42
0
      10
29.376818637
      20
50.1399999999549
      42
-0.414213562373096
      10
34.376818637
      20
45.1399999999549
      42
0
    1001
FS_CYPCUT
    1000
Channel
    1070
1
    1000
LeadIn
    1002
{
    1070
3
    1040
9.50667376562276
    1040
1.5707963267949
    1040
0.5
    1040
0.3
    1070
0
    1040
0.5
    1070
0
    1002
}
    1000
LeadOut
    1002
{
    1070
0
    1040
0
    1040
0
    1040
0
    1070
0
    1002
}
    1000
IsFill
    1070
1
    1000
PathStart
    1040
9.5
    1000
ToolCompensation
    1002
{
    1070
0
    1040
0
    1070
0
    1002
}
    1000
MicroConnect
    1002
{
    1070
2
    1040
4.18303713
    1041
0.6
    1042
0
    1040
9.49666312
    1041
0.6
    1042
0
    1002
}
       0
ENDBLK
       5
20D6
     330
2013
     100
AcDbEntity
       8
0
     100
AcDbBlockEnd
       0
BLOCK
       5
20D7
     330
2014
     100
AcDbEntity
       8
0
     100
AcDbBlockBegin
       2
Part1701453711
      70
0
      10
-37.5
      20
-24.1861942
      30
0
       3
Part1701453711
       1

       4
CypCutBlock
       0
LINE
       5
20D8
     100
AcDbEntity
       8
2
     100
AcDbLine
      10
-37.5
      20
2.9069029056
      30
0
      11
37.5
      21
2.9069029056
      31
0
    1001
FS_CYPCUT
    1000
Channel
    1070
2
    1000
LeadIn
    1002
{
    1070
3
    1040
0
    1040
1.5707963267949
    1040
0.5
    1040
0.3
    1070
0
    1040
0.5
    1070
0
    1002
}
    1000
LeadOut
    1002
{
    1070
0
    1040
0
    1040
0
    1040
0
    1070
0
    1002
}
    1000
IsFill
    1070
0
    1000
PathStart
    1040
0
    1000
ToolCompensation
    1002
{
    1070
0
    1040
0
    1070
0
    1002
}
       0
LWPOLYLINE
       5
20D9
     100
AcDbEntity
       8
1
     100
AcDbPolyline
      90
8
      70
1
      10
1.4
      20
55
      42
0
      10
1.4
      20
23.86
      42
-0.414213562373096
      10
-1.6
      20
20.86
      42
0
      10
-19.5
      20
20.86
      42
-0.414213562373094
      10
-22.5
      20
23.86
      42
0
      10
-22.5
      20
55
      42
-0.414213562373093
      10
-19.5
      20
58
      42
0
      10
-1.6
      20
58
      42
-0.414213562373096
    1001
FS_CYPCUT
    1000
Channel
    1070
1
    1000
LeadIn
    1002
{
    1070
3
    1040
0.5
    1040
1.5707963267949
    1040
0.5
    1040
0.3
    1070
0
    1040
0.5
    1070
0
    1002
}
    1000
LeadOut
    1002
{
    1070
0
    1040
0
    1040
0
    1040
0
    1070
0
    1002
}
    1000
IsFill
    1070
0
    1000
PathStart
    1040
0.5
    1000
ToolCompensation
    1002
{
    1070
0
    1040
0
    1070
0
    1002
}
       0
LWPOLYLINE
       5
20DA
     100
AcDbEntity
       8
1
     100
AcDbPolyline
      90
4
      70
1
      10
19.6
      20
61
      42
0
      10
19.6
      20
17.86
      42
-1
      10
11.4
      20
17.86
      42
0
      10
11.4
      20
61
      42
-0.999999999999996
    1001
FS_CYPCUT
    1000
Channel
    1070
1
    1000
LeadIn
    1002
{
    1070
3
    1040
0.5
    1040
1.5707963267949
    1040
0.5
    1040
0.3
    1070
0
    1040
0.5
    1070
0
    1002
}
    1000
LeadOut
    1002
{
    1070
0
    1040
0
    1040
0
    1040
0
    1070
0
    1002
}
    1000
IsFill
    1070
0
    1000
PathStart
    1040
0.5
    1000
ToolCompensation
    1002
{
    1070
0
    1040
0
    1070
0
    1002
}
       0
LWPOLYLINE
       5
20DB
     100
AcDbEntity
       8
1
     100
AcDbPolyline
      90
16
      70
1
      10
37.5
      20
72
      42
0
      10
37.5
      20
-0.8724856898
      42
-0.198912367379658
      10
35.1568542494924
      20
-6.52933993929243
      42
0
      10
19.8431457504924
      20
-21.8430484381924
      42
-0.198912367379658
      10
14.186291501
      20
-24.1861941887
      42
0
      10
-36.5
      20
-24.1861941887
      42
-0.414213562373099
      10
-37.5
      20
-23.1861941887
      42
0
      10
-37.5
      20
9.5
      42
-0.414213562373095
      10
-36.5
      20
10.5
      42
0
      10
-32.5
      20
10.5
      42
0
      10
-32.5
      20
40.5
      42
0
      10
-36.5
      20
40.5
      42
-0.414213562373099
      10
-37.5
      20
41.5
      42
0
      10
-37.5
      20
72
      42
-0.414213562373106
      10
-36.5
      20
73
      42
0
      10
36.5
      20
73
      42
-0.414213562373083
    1001
FS_CYPCUT
    1000
Channel
    1070
1
    1000
LeadIn
    1002
{
    1070
3
    1040
14.5034516780822
    1040
1.5707963267949
    1040
0.5
    1040
0.3
    1070
0
    1040
0.5
    1070
0
    1002
}
    1000
LeadOut
    1002
{
    1070
0
    1040
0
    1040
0
    1040
0
    1070
0
    1002
}
    1000
IsFill
    1070
1
    1000
PathStart
    1040
14.5
    1000
ToolCompensation
    1002
{
    1070
0
    1040
0
    1070
0
    1002
}
    1000
MicroConnect
    1002
{
    1070
2
    1040
4.35626865
    1041
0.6
    1042
0
    1040
14.4952325
    1041
0.6
    1042
0
    1002
}
       0
ENDBLK
       5
20DC
     330
2014
     100
AcDbEntity
       8
0
     100
AcDbBlockEnd
       0
BLOCK
       5
20DD
     330
2015
     100
AcDbEntity
       8
0
     100
AcDbBlockBegin
       2
Part110664531
      70
0
      10
-74.065
      20
-40
      30
0
       3
Part110664531
       1

       4
CypCutBlock
       0
CIRCLE
       5
20DE
     100
AcDbEntity
       8
1
     100
AcDbCircle
      10
-59.065
      20
12.6111058252
      30
0
      40
2.45
    1001
FS_CYPCUT
    1000
Channel
    1070
1
    1000
LeadIn
    1002
{
    1070
3
    1040
8.32667268468867E-17
    1040
1.5707963267949
    1040
0.5
    1040
0.3
    1070
0
    1040
0.5
    1070
0
    1002
}
    1000
LeadOut
    1002
{
    1070
0
    1040
0
    1040
0
    1040
0
    1070
0
    1002
}
    1000
IsFill
    1070
0
    1000
PathStart
    1040
8.32667268468867E-17
    1000
ToolCompensation
    1002
{
    1070
0
    1040
0
    1070
0
    1002
}
       0
CIRCLE
       5
20DF
     100
AcDbEntity
       8
1
     100
AcDbCircle
      10
-22.885
      20
12.6111058252
      30
0
      40
2.45
    1001
FS_CYPCUT
    1000
Channel
    1070
1
    1000
LeadIn
    1002
{
    1070
3
    1040
0
    1040
1.5707963267949
    1040
0.5
    1040
0.3
    1070
0
    1040
0.5
    1070
0
    1002
}
    1000
LeadOut
    1002
{
    1070
0
    1040
0
    1040
0
    1040
0
    1070
0
    1002
}
    1000
IsFill
    1070
0
    1000
PathStart
    1040
1
    1000
ToolCompensation
    1002
{
    1070
0
    1040
0
    1070
0
    1002
}
       0
LINE
       5
20E0
     100
AcDbEntity
       8
2
     100
AcDbLine
      10
-44.065
      20
-2.6944470874
      30
0
      11
74.065
      21
-2.6944470874
      31
0
    1001
FS_CYPCUT
    1000
Channel
    1070
2
    1000
LeadIn
    1002
{
    1070
3
    1040
0
    1040
1.5707963267949
    1040
0.5
    1040
0.3
    1070
0
    1040
0.5
    1070
0
    1002
}
    1000
LeadOut
    1002
{
    1070
0
    1040
0
    1040
0
    1040
0
    1070
0
    1002
}
    1000
IsFill
    1070
0
    1000
PathStart
    1040
0
    1000
ToolCompensation
    1002
{
    1070
0
    1040
0
    1070
0
    1002
}
       0
LWPOLYLINE
       5
20E1
     100
AcDbEntity
       8
1
     100
AcDbPolyline
      90
8
      70
1
      10
49.065
      20
39.6111058252
      42
0.414213562373098
      10
46.065
      20
42.6111058252
      42
0
      10
7.065
      20
42.6111058252
      42
0.414213562373096
      10
4.06500000000001
      20
39.6111058252
      42
0
      10
4.065
      20
22.4811058252
      42
0.414213562373095
      10
7.065
      20
19.4811058252
      42
0
      10
46.065
      20
19.4811058252
      42
0.414213562373094
      10
49.065
      20
22.4811058252
      42
0
    1001
FS_CYPCUT
    1000
Channel
    1070
1
    1000
LeadIn
    1002
{
    1070
3
    1040
1.5
    1040
1.5707963267949
    1040
0.5
    1040
0.3
    1070
0
    1040
0.5
    1070
0
    1002
}
    1000
LeadOut
    1002
{
    1070
0
    1040
0
    1040
0
    1040
0
    1070
0
    1002
}
    1000
IsFill
    1070
0
    1000
PathStart
    1040
1.5
    1000
ToolCompensation
    1002
{
    1070
0
    1040
0
    1070
0
    1002
}
       0
LINE
       5
20E2
     100
AcDbEntity
       8
2
     100
AcDbLine
      10
76.2405529126
      20
54.6111058252
      30
0
      11
76.2405529126
      21
-0.5188941748
      31
0
    1001
FS_CYPCUT
    1000
Channel
    1070
2
    1000
LeadIn
    1002
{
    1070
3
    1040
0
    1040
1.5707963267949
    1040
0.5
    1040
0.3
    1070
0
    1040
0.5
    1070
0
    1002
}
    1000
LeadOut
    1002
{
    1070
0
    1040
0
    1040
0
    1040
0
    1070
0
    1002
}
    1000
IsFill
    1070
0
    1000
PathStart
    1040
0
    1000
ToolCompensation
    1002
{
    1070
0
    1040
0
    1070
0
    1002
}
       0
LWPOLYLINE
       5
20E3
     100
AcDbEntity
       8
1
     100
AcDbPolyline
      90
4
      70
1
      10
124.1461058252
      20
55.6111058252
      42
1
      10
118.9461058252
      20
55.6111058252
      42
0
      10
118.9461058252
      20
49.6111058252
      42
1
      10
124.1461058252
      20
49.6111058252
      42
0
    1001
FS_CYPCUT
    1000
Channel
    1070
1
    1000
LeadIn
    1002
{
    1070
3
    1040
1.5
    1040
1.5707963267949
    1040
0.5
    1040
0.3
    1070
0
    1040
0.5
    1070
0
    1002
}
    1000
LeadOut
    1002
{
    1070
0
    1040
0
    1040
0
    1040
0
    1070
0
    1002
}
    1000
IsFill
    1070
0
    1000
PathStart
    1040
1.5
    1000
ToolCompensation
    1002
{
    1070
0
    1040
0
    1070
0
    1002
}
       0
LWPOLYLINE
       5
20E4
     100
AcDbEntity
       8
1
     100
AcDbPolyline
      90
22
      70
1
      10
141.5461058252
      20
58.6111058252
      42
0
      10
141.5461058252
      20
46.6111058252
      42
-0.414213562373096
      10
137.5461058252
      20
42.6111058252
      42
0
      10
111.4161058252
      20
42.6111058252
      42
0.414213562373098
      10
108.4161058252
      20
39.6111058252
      42
0
      10
108.4161058252
      20
-0.5188941748
      42
0
      10
74.065
      20
-0.5188941748
      42
0
      10
74.065
      20
-34.87
      42
0
      10
-17.2781457505
      20
-34.87
      42
0.198912367379659
      10
-20.1065728752462
      20
-36.0415728752538
      42
0
      10
-22.8934271247538
      20
-38.8284271247462
      42
-0.198912367379659
      10
-25.7218542495
      20
-40.0000000000001
      42
0
      10
-44.065
      20
-40
      42
0
      10
-44.065
      20
-0.5188941748
      42
0
      10
-70.065
      20
-0.5188941748
      42
-0.414213562373096
      10
-74.065
      20
3.4811058252
      42
0
      10
-74.065
      20
50.6111058252
      42
-0.414213562373097
      10
-70.065
      20
54.6111058252
      42
0
      10
78.4161058252
      20
54.6111058252
      42
0
      10
107.026081681692
      20
62.4682910930323
      42
-0.0671062329975123
      10
108.0853841926
      20
62.6111058251997
      42
0
      10
137.5461058252
      20
62.6111058252
      42
-0.4142135623731
    1001
FS_CYPCUT
    1000
Channel
    1070
1
    1000
LeadIn
    1002
{
    1070
3
    1040
17.5
    1040
1.5707963267949
    1040
0.5
    1040
0.3
    1070
0
    1040
0.5
    1070
0
    1002
}
    1000
LeadOut
    1002
{
    1070
0
    1040
0
    1040
0
    1040
0
    1070
0
    1002
}
    1000
IsFill
    1070
1
    1000
PathStart
    1040
17.5
    1000
ToolCompensation
    1002
{
    1070
0
    1040
0
    1070
0
    1002
}
    1000
MicroConnect
    1002
{
    1070
3
    1040
7.26702088
    1041
0.6
    1042
0
    1040
17.229974
    1041
0.6
    1042
0
    1040
20.1977314
    1041
0.6
    1042
0
    1002
}
       0
ENDBLK
       5
20E5
     330
2015
     100
AcDbEntity
       8
0
     100
AcDbBlockEnd
       0
BLOCK
       5
20E6
     330
2016
     100
AcDbEntity
       8
0
     100
AcDbBlockBegin
       2
Part487569730
      70
0
      10
-18.8231814
      20
-51.7961942
      30
0
       3
Part487569730
       1

       4
CypCutBlock
       0
CIRCLE
       5
20E7
     100
AcDbEntity
       8
1
     100
AcDbCircle
      10
-10.823181363
      20
-43.7961941887451
      30
0
      40
2.50000000000001
    1001
FS_CYPCUT
    1000
Channel
    1070
1
    1000
LeadIn
    1002
{
    1070
3
    1040
8.32667268468867E-17
    1040
1.5707963267949
    1040
0.5
    1040
0.3
    1070
0
    1040
0.5
    1070
0
    1002
}
    1000
LeadOut
    1002
{
    1070
0
    1040
0
    1040
0
    1040
0
    1070
0
    1002
}
    1000
IsFill
    1070
0
    1000
PathStart
    1040
8.32667268468867E-17
    1000
ToolCompensation
    1002
{
    1070
0
    1040
0
    1070
0
    1002
}
       0
LINE
       5
20E8
     100
AcDbEntity
       8
2
     100
AcDbLine
      10
0
      20
1.29690290565493
      30
0
      11
34.376818637
      21
1.29690290565493
      31
0
    1001
FS_CYPCUT
    1000
Channel
    1070
2
    1000
LeadIn
    1002
{
    1070
3
    1040
0
    1040
1.5707963267949
    1040
0.5
    1040
0.3
    1070
0
    1040
0.5
    1070
0
    1002
}
    1000
LeadOut
    1002
{
    1070
0
    1040
0
    1040
0
    1040
0
    1070
0
    1002
}
    1000
IsFill
    1070
0
    1000
PathStart
    1040
0
    1000
ToolCompensation
    1002
{
    1070
0
    1040
0
    1070
0
    1002
}
       0
LWPOLYLINE
       5
20E9
     100
AcDbEntity
       8
1
     100
AcDbPolyline
      90
8
      70
1
      10
24.376818637
      20
18.2499999999549
      42
-0.414213562373096
      10
20.376818637
      20
14.2499999999549
      42
0
      10
14
      20
14.2499999999549
      42
-0.414213562373095
      10
10
      20
18.2499999999549
      42
0
      10
10
      20
36.1399999999549
      42
-0.414213562373093
      10
14
      20
40.1399999999549
      42
0
      10
20.376818637
      20
40.1399999999549
      42
-0.414213562373096
      10
24.376818637
      20
36.1399999999549
      42
0
    1001
FS_CYPCUT
    1000
Channel
    1070
1
    1000
LeadIn
    1002
{
    1070
3
    1040
3.5
    1040
1.5707963267949
    1040
0.5
    1040
0.3
    1070
0
    1040
0.5
    1070
0
    1002
}
    1000
LeadOut
    1002
{
    1070
0
    1040
0
    1040
0
    1040
0
    1070
0
    1002
}
    1000
IsFill
    1070
0
    1000
PathStart
    1040
3.5
    1000
ToolCompensation
    1002
{
    1070
0
    1040
0
    1070
0
    1002
}
       0
LWPOLYLINE
       5
20EA
     100
AcDbEntity
       8
1
     100
AcDbPolyline
      90
10
      70
1
      10
34.376818637
      20
-14.7961941887451
      42
-0.223092676851076
      10
32.9316051391321
      20
-17.8740288055697
      42
0
      10
-5.7136083587
      20
-49.9518634223451
      42
-1.25731317831265
      10
-12.7154700995
      20
-36.0232125640451
      42
0
      10
-13.0022245184
      20
-29.5395546503451
      42
0
      10
0
      20
-1.65619418874507
      42
0
      10
0
      20
45.1399999999549
      42
-0.414213562373097
      10
5
      20
50.1399999999549
      42
0
      10
29.376818637
      20
50.1399999999549
      42
-0.414213562373096
      10
34.376818637
      20
45.1399999999549
      42
0
    1001
FS_CYPCUT
    1000
Channel
    1070
1
    1000
LeadIn
    1002
{
    1070
3
    1040
9.50667376562276
    1040
1.5707963267949
    1040
0.5
    1040
0.3
    1070
0
    1040
0.5
    1070
0
    1002
}
    1000
LeadOut
    1002
{
    1070
0
    1040
0
    1040
0
    1040
0
    1070
0
    1002
}
    1000
IsFill
    1070
1
    1000
PathStart
    1040
9.5
    1000
ToolCompensation
    1002
{
    1070
0
    1040
0
    1070
0
    1002
}
    1000
MicroConnect
    1002
{
    1070
2
    1040
4.18303713
    1041
0.6
    1042
0
    1040
9.49666312
    1041
0.6
    1042
0
    1002
}
       0
ENDBLK
       5
20EB
     330
2016
     100
AcDbEntity
       8
0
     100
AcDbBlockEnd
       0
BLOCK
       5
20EC
     330
2017
     100
AcDbEntity
       8
0
     100
AcDbBlockBegin
       2
Part1269979299
      70
0
      10
-62.5
      20
-100
      30
0
       3
Part1269979299
       1

       4
CypCutBlock
       0
LWPOLYLINE
       5
20ED
     100
AcDbEntity
       8
1
     100
AcDbPolyline
      90
4
      70
1
      10
-56.75
      20
-61
      42
0
      10
-56.75
      20
-86
      42
1
      10
-47.75
      20
-86
      42
0
      10
-47.75
      20
-61
      42
1
    1001
FS_CYPCUT
    1000
Channel
    1070
1
    1000
LeadIn
    1002
{
    1070
3
    1040
0.5
    1040
1.5707963267949
    1040
0.5
    1040
0.3
    1070
0
    1040
0.5
    1070
0
    1002
}
    1000
LeadOut
    1002
{
    1070
0
    1040
0
    1040
0
    1040
0
    1070
0
    1002
}
    1000
IsFill
    1070
0
    1000
PathStart
    1040
0.5
    1000
ToolCompensation
    1002
{
    1070
0
    1040
0
    1070
0
    1002
}
       0
LWPOLYLINE
       5
20EE
     100
AcDbEntity
       8
1
     100
AcDbPolyline
      90
6
      70
1
      10
-32.5
      20
-28.8988949573
      42
-0.414213562373095
      10
-29.5
      20
-25.8988949573
      42
0
      10
-7.3863610257
      20
-25.8988949573
      42
-0.734594723774977
      10
-5.67435918080324
      20
-31.3624390878303
      42
0.0607294185006781
      10
-27.2462817147363
      20
-50.6142985259457
      42
-0.69177364939432
      10
-32.5
      20
-48.6342091616
      42
0
    1001
FS_CYPCUT
    1000
Channel
    1070
1
    1000
LeadIn
    1002
{
    1070
3
    1040
3.5
    1040
1.5707963267949
    1040
0.5
    1040
0.3
    1070
0
    1040
0.5
    1070
0
    1002
}
    1000
LeadOut
    1002
{
    1070
0
    1040
0
    1040
0
    1040
0
    1070
0
    1002
}
    1000
IsFill
    1070
0
    1000
PathStart
    1040
3.5
    1000
ToolCompensation
    1002
{
    1070
0
    1040
0
    1070
0
    1002
}
       0
LWPOLYLINE
       5
20EF
     100
AcDbEntity
       8
1
     100
AcDbPolyline
      90
4
      70
1
      10
-56.75
      20
3
      42
0
      10
-56.75
      20
-22
      42
1
      10
-47.75
      20
-22
      42
0
      10
-47.75
      20
3
      42
1
    1001
FS_CYPCUT
    1000
Channel
    1070
1
    1000
LeadIn
    1002
{
    1070
3
    1040
0.5
    1040
1.5707963267949
    1040
0.5
    1040
0.3
    1070
0
    1040
0.5
    1070
0
    1002
}
    1000
LeadOut
    1002
{
    1070
0
    1040
0
    1040
0
    1040
0
    1070
0
    1002
}
    1000
IsFill
    1070
0
    1000
PathStart
    1040
0.5
    1000
ToolCompensation
    1002
{
    1070
0
    1040
0
    1070
0
    1002
}
       0
LINE
       5
20F0
     100
AcDbEntity
       8
2
     100
AcDbLine
      10
-62.5
      20
20.4530970944
      30
0
      11
-29.25
      21
20.4530970944
      31
0
    1001
FS_CYPCUT
    1000
Channel
    1070
2
    1000
LeadIn
    1002
{
    1070
3
    1040
0
    1040
1.5707963267949
    1040
0.5
    1040
0.3
    1070
0
    1040
0.5
    1070
0
    1002
}
    1000
LeadOut
    1002
{
    1070
0
    1040
0
    1040
0
    1040
0
    1070
0
    1002
}
    1000
IsFill
    1070
0
    1000
PathStart
    1040
0
    1000
ToolCompensation
    1002
{
    1070
0
    1040
0
    1070
0
    1002
}
       0
LWPOLYLINE
       5
20F1
     100
AcDbEntity
       8
1
     100
AcDbPolyline
      90
8
      70
1
      10
-29.25
      20
26.5461941887
      42
0
      10
-29.25
      20
11.36
      42
0.414213562373096
      10
-26.25
      20
8.35999999999999
      42
0
      10
-2.25
      20
8.36
      42
0.414213562373094
      10
0.75
      20
11.36
      42
0
      10
0.750000000000011
      20
26.5461941887
      42
0.414213562373095
      10
-2.25
      20
29.5461941887
      42
0
      10
-26.25
      20
29.5461941887
      42
0.414213562373095
    1001
FS_CYPCUT
    1000
Channel
    1070
1
    1000
LeadIn
    1002
{
    1070
3
    1040
2.5
    1040
1.5707963267949
    1040
0.5
    1040
0.3
    1070
0
    1040
0.5
    1070
0
    1002
}
    1000
LeadOut
    1002
{
    1070
0
    1040
0
    1040
0
    1040
0
    1070
0
    1002
}
    1000
IsFill
    1070
0
    1000
PathStart
    1040
2.5
    1000
ToolCompensation
    1002
{
    1070
0
    1040
0
    1070
0
    1002
}
       0
CIRCLE
       5
20F2
     100
AcDbEntity
       8
1
     100
AcDbCircle
      10
-14.25
      20
-6.64
      30
0
      40
2.5
    1001
FS_CYPCUT
    1000
Channel
    1070
1
    1000
LeadIn
    1002
{
    1070
3
    1040
0
    1040
1.5707963267949
    1040
0.5
    1040
0.3
    1070
0
    1040
0.5
    1070
0
    1002
}
    1000
LeadOut
    1002
{
    1070
0
    1040
0
    1040
0
    1040
0
    1070
0
    1002
}
    1000
IsFill
    1070
0
    1000
PathStart
    1040
1
    1000
ToolCompensation
    1002
{
    1070
0
    1040
0
    1070
0
    1002
}
       0
LINE
       5
20F3
     100
AcDbEntity
       8
2
     100
AcDbLine
      10
0.75
      20
20.4530970944
      30
0
      11
12.5
      21
20.4530970944
      31
0
    1001
FS_CYPCUT
    1000
Channel
    1070
2
    1000
LeadIn
    1002
{
    1070
3
    1040
0
    1040
1.5707963267949
    1040
0.5
    1040
0.3
    1070
0
    1040
0.5
    1070
0
    1002
}
    1000
LeadOut
    1002
{
    1070
0
    1040
0
    1040
0
    1040
0
    1070
0
    1002
}
    1000
IsFill
    1070
0
    1000
PathStart
    1040
0
    1000
ToolCompensation
    1002
{
    1070
0
    1040
0
    1070
0
    1002
}
       0
LINE
       5
20F4
     100
AcDbEntity
       8
2
     100
AcDbLine
      10
29
      20
-2.9069029056
      30
0
      11
62.5
      21
-2.9069029056
      31
0
    1001
FS_CYPCUT
    1000
Channel
    1070
2
    1000
LeadIn
    1002
{
    1070
3
    1040
0
    1040
1.5707963267949
    1040
0.5
    1040
0.3
    1070
0
    1040
0.5
    1070
0
    1002
}
    1000
LeadOut
    1002
{
    1070
0
    1040
0
    1040
0
    1040
0
    1070
0
    1002
}
    1000
IsFill
    1070
0
    1000
PathStart
    1040
0
    1000
ToolCompensation
    1002
{
    1070
0
    1040
0
    1070
0
    1002
}
       0
CIRCLE
       5
20F5
     100
AcDbEntity
       8
1
     100
AcDbCircle
      10
45.75
      20
13.1861941887
      30
0
      40
1.75
    1001
FS_CYPCUT
    1000
Channel
    1070
1
    1000
LeadIn
    1002
{
    1070
3
    1040
1.11022302462516E-16
    1040
1.5707963267949
    1040
0.5
    1040
0.3
    1070
0
    1040
0.5
    1070
0
    1002
}
    1000
LeadOut
    1002
{
    1070
0
    1040
0
    1040
0
    1040
0
    1070
0
    1002
}
    1000
IsFill
    1070
0
    1000
PathStart
    1040
1.11022302462516E-16
    1000
ToolCompensation
    1002
{
    1070
0
    1040
0
    1070
0
    1002
}
       0
CIRCLE
       5
20F6
     100
AcDbEntity
       8
1
     100
AcDbCircle
      10
45.75
      20
41.1861941887
      30
0
      40
1.75000000000001
    1001
FS_CYPCUT
    1000
Channel
    1070
1
    1000
LeadIn
    1002
{
    1070
3
    1040
0
    1040
1.5707963267949
    1040
0.5
    1040
0.3
    1070
0
    1040
0.5
    1070
0
    1002
}
    1000
LeadOut
    1002
{
    1070
0
    1040
0
    1040
0
    1040
0
    1070
0
    1002
}
    1000
IsFill
    1070
0
    1000
PathStart
    1040
0
    1000
ToolCompensation
    1002
{
    1070
0
    1040
0
    1070
0
    1002
}
       0
CIRCLE
       5
20F7
     100
AcDbEntity
       8
1
     100
AcDbCircle
      10
45.75
      20
69.1861941887
      30
0
      40
1.75
    1001
FS_CYPCUT
    1000
Channel
    1070
1
    1000
LeadIn
    1002
{
    1070
3
    1040
0
    1040
1.5707963267949
    1040
0.5
    1040
0.3
    1070
0
    1040
0.5
    1070
0
    1002
}
    1000
LeadOut
    1002
{
    1070
0
    1040
0
    1040
0
    1040
0
    1070
0
    1002
}
    1000
IsFill
    1070
0
    1000
PathStart
    1040
1
    1000
ToolCompensation
    1002
{
    1070
0
    1040
0
    1070
0
    1002
}
       0
LINE
       5
20F8
     100
AcDbEntity
       8
2
     100
AcDbLine
      10
12.5
      20
38.4992912831
      30
0
      11
-62.5
      21
38.4992912831
      31
0
    1001
FS_CYPCUT
    1000
Channel
    1070
2
    1000
LeadIn
    1002
{
    1070
3
    1040
0
    1040
1.5707963267949
    1040
0.5
    1040
0.3
    1070
0
    1040
0.5
    1070
0
    1002
}
    1000
LeadOut
    1002
{
    1070
0
    1040
0
    1040
0
    1040
0
    1070
0
    1002
}
    1000
IsFill
    1070
0
    1000
PathStart
    1040
0
    1000
ToolCompensation
    1002
{
    1070
0
    1040
0
    1070
0
    1002
}
       0
LWPOLYLINE
       5
20F9
     100
AcDbEntity
       8
1
     100
AcDbPolyline
      90
4
      70
1
      10
-18.35
      20
56.5923883775
      42
-1
      10
-10.15
      20
56.5923883775
      42
0
      10
-10.15
      20
49.4523883775
      42
-1
      10
-18.35
      20
49.4523883775
      42
0
    1001
FS_CYPCUT
    1000
Channel
    1070
1
    1000
LeadIn
    1002
{
    1070
3
    1040
0.5
    1040
1.5707963267949
    1040
0.5
    1040
0.3
    1070
0
    1040
0.5
    1070
0
    1002
}
    1000
LeadOut
    1002
{
    1070
0
    1040
0
    1040
0
    1040
0
    1070
0
    1002
}
    1000
IsFill
    1070
0
    1000
PathStart
    1040
0.5
    1000
ToolCompensation
    1002
{
    1070
0
    1040
0
    1070
0
    1002
}
       0
LWPOLYLINE
       5
20FA
     100
AcDbEntity
       8
1
     100
AcDbPolyline
      90
21
      70
1
      10
-62.5
      20
47.1071070033
      42
0
      10
-62.5
      20
-94
      42
0.414213562373097
      10
-56.5
      20
-100
      42
0
      10
-36.8227063667
      20
-100
      42
0.316980142553684
      10
-31.1721087812924
      20
-96.017609210965
      42
-0.301389079990914
      10
56.8413477819358
      20
-30.1610944879955
      42
0.397638070314375
      10
62.5
      20
-24.1708122165
      42
0
      10
62.5
      20
68.1861941887
      42
0.414213562373093
      10
56.5
      20
74.1861941887
      42
0
      10
35
      20
74.1861941887
      42
0.414213562373096
      10
29
      20
68.1861941887
      42
0
      10
29
      20
-6
      42
0
      10
18.5
      20
-6
      42
-0.414213562373095
      10
12.5
      20
-1.46952762458685E-15
      42
0
      10
12.5
      20
47.1071070033
      42
0.198912367379661
      10
10.7426406871
      20
51.3497476904
      42
0
      10
-0.742640687080707
      20
62.8350290646193
      42
0.198912367379657
      10
-4.9852813742
      20
64.5923883775
      42
0
      10
-45.0147186258
      20
64.5923883775
      42
0.19891236737966
      10
-49.2573593129194
      20
62.8350290646194
      42
0
      10
-60.7426406871194
      20
51.3497476904194
      42
0.19891236737966
    1001
FS_CYPCUT
    1000
Channel
    1070
1
    1000
LeadIn
    1002
{
    1070
3
    1040
0.5
    1040
1.5707963267949
    1040
0.5
    1040
0.3
    1070
0
    1040
0.5
    1070
0
    1002
}
    1000
LeadOut
    1002
{
    1070
0
    1040
0
    1040
0
    1040
0
    1070
0
    1002
}
    1000
IsFill
    1070
1
    1000
PathStart
    1040
0.5
    1000
ToolCompensation
    1002
{
    1070
0
    1040
0
    1070
0
    1002
}
    1000
MicroConnect
    1002
{
    1070
3
    1040
0.149318787
    1041
0.6
    1042
0
    1040
0.839794122
    1041
0.6
    1042
0
    1040
6.34429499
    1041
0.6
    1042
0
    1002
}
       0
ENDBLK
       5
20FB
     330
2017
     100
AcDbEntity
       8
0
     100
AcDbBlockEnd
       0
BLOCK
       5
20FC
     330
2018
     100
AcDbEntity
       8
0
     100
AcDbBlockBegin
       2
Part874501906
      70
0
      10
-25
      20
-32.1861942
      30
0
       3
Part874501906
       1

       4
CypCutBlock
       0
LWPOLYLINE
       5
20FD
     100
AcDbEntity
       8
1
     100
AcDbPolyline
      90
4
      70
1
      10
-14.9
      20
-11.6861941887
      42
1
      10
-21.1
      20
-11.6861941887
      42
0
      10
-21.1
      20
-16.6861941887
      42
1
      10
-14.9
      20
-16.6861941887
      42
0
    1001
FS_CYPCUT
    1000
Channel
    1070
1
    1000
LeadIn
    1002
{
    1070
3
    1040
0.5
    1040
1.5707963267949
    1040
0.5
    1040
0.3
    1070
0
    1040
0.5
    1070
0
    1002
}
    1000
LeadOut
    1002
{
    1070
0
    1040
0
    1040
0
    1040
0
    1070
0
    1002
}
    1000
IsFill
    1070
0
    1000
PathStart
    1040
0.5
    1000
ToolCompensation
    1002
{
    1070
0
    1040
0
    1070
0
    1002
}
       0
LINE
       5
20FE
     100
AcDbEntity
       8
2
     100
AcDbLine
      10
-25
      20
-0.0930970944
      30
0
      11
-7.5
      21
-0.0930970944
      31
0
    1001
FS_CYPCUT
    1000
Channel
    1070
2
    1000
LeadIn
    1002
{
    1070
3
    1040
0
    1040
1.5707963267949
    1040
0.5
    1040
0.3
    1070
0
    1040
0.5
    1070
0
    1002
}
    1000
LeadOut
    1002
{
    1070
0
    1040
0
    1040
0
    1040
0
    1070
0
    1002
}
    1000
IsFill
    1070
0
    1000
PathStart
    1040
0
    1000
ToolCompensation
    1002
{
    1070
0
    1040
0
    1070
0
    1002
}
       0
LWPOLYLINE
       5
20FF
     100
AcDbEntity
       8
1
     100
AcDbPolyline
      90
4
      70
1
      10
7.5
      20
3
      42
0
      10
7.5
      20
-14.1861941887
      42
-1
      10
-7.5
      20
-14.1861941887
      42
0
      10
-7.5
      20
3
      42
0
    1001
FS_CYPCUT
    1000
Channel
    1070
1
    1000
LeadIn
    1002
{
    1070
3
    1040
0.5
    1040
1.5707963267949
    1040
0.5
    1040
0.3
    1070
0
    1040
0.5
    1070
0
    1002
}
    1000
LeadOut
    1002
{
    1070
0
    1040
0
    1040
0
    1040
0
    1070
0
    1002
}
    1000
IsFill
    1070
0
    1000
PathStart
    1040
0.5
    1000
ToolCompensation
    1002
{
    1070
0
    1040
0
    1070
0
    1002
}
       0
LINE
       5
2100
     100
AcDbEntity
       8
2
     100
AcDbLine
      10
7.5
      20
-0.0930970944
      30
0
      11
25
      21
-0.0930970944
      31
0
    1001
FS_CYPCUT
    1000
Channel
    1070
2
    1000
LeadIn
    1002
{
    1070
3
    1040
0
    1040
1.5707963267949
    1040
0.5
    1040
0.3
    1070
0
    1040
0.5
    1070
0
    1002
}
    1000
LeadOut
    1002
{
    1070
0
    1040
0
    1040
0
    1040
0
    1070
0
    1002
}
    1000
IsFill
    1070
0
    1000
PathStart
    1040
0
    1000
ToolCompensation
    1002
{
    1070
0
    1040
0
    1070
0
    1002
}
       0
LWPOLYLINE
       5
2101
     100
AcDbEntity
       8
1
     100
AcDbPolyline
      90
4
      70
1
      10
21.1
      20
-11.6861941887
      42
0
      10
21.1
      20
-16.6861941887
      42
-1
      10
14.9
      20
-16.6861941887
      42
0
      10
14.9
      20
-11.6861941887
      42
-1
    1001
FS_CYPCUT
    1000
Channel
    1070
1
    1000
LeadIn
    1002
{
    1070
3
    1040
1.5
    1040
1.5707963267949
    1040
0.5
    1040
0.3
    1070
0
    1040
0.5
    1070
0
    1002
}
    1000
LeadOut
    1002
{
    1070
0
    1040
0
    1040
0
    1040
0
    1070
0
    1002
}
    1000
IsFill
    1070
0
    1000
PathStart
    1040
1.5
    1000
ToolCompensation
    1002
{
    1070
0
    1040
0
    1070
0
    1002
}
       0
LWPOLYLINE
       5
2102
     100
AcDbEntity
       8
1
     100
AcDbPolyline
      90
8
      70
1
      10
10
      20
35.5
      42
0
      10
10
      20
20.86
      42
-0.414213562373094
      10
7
      20
17.86
      42
0
      10
-7
      20
17.86
      42
-0.414213562373096
      10
-10
      20
20.86
      42
0
      10
-10
      20
35.5
      42
-0.414213562373096
      10
-7
      20
38.5
      42
0
      10
7
      20
38.5
      42
-0.414213562373096
    1001
FS_CYPCUT
    1000
Channel
    1070
1
    1000
LeadIn
    1002
{
    1070
3
    1040
0.5
    1040
1.5707963267949
    1040
0.5
    1040
0.3
    1070
0
    1040
0.5
    1070
0
    1002
}
    1000
LeadOut
    1002
{
    1070
0
    1040
0
    1040
0
    1040
0
    1070
0
    1002
}
    1000
IsFill
    1070
0
    1000
PathStart
    1040
0.5
    1000
ToolCompensation
    1002
{
    1070
0
    1040
0
    1070
0
    1002
}
       0
LWPOLYLINE
       5
2103
     100
AcDbEntity
       8
1
     100
AcDbPolyline
      90
6
      70
1
      10
25
      20
58.5
      42
0
      10
-25
      20
58.5
      42
0
      10
-25
      20
-26.1861941887
      42
0.414213562373095
      10
-19
      20
-32.1861941887
      42
0
      10
19
      20
-32.1861941887
      42
0.414213562373095
      10
25
      20
-26.1861941887
      42
0
    1001
FS_CYPCUT
    1000
Channel
    1070
1
    1000
LeadIn
    1002
{
    1070
3
    1040
1.50291924009325
    1040
1.5707963267949
    1040
0.5
    1040
0.3
    1070
0
    1040
0.5
    1070
0
    1002
}
    1000
LeadOut
    1002
{
    1070
0
    1040
0
    1040
0
    1040
0
    1070
0
    1002
}
    1000
IsFill
    1070
1
    1000
PathStart
    1040
1.5
    1000
ToolCompensation
    1002
{
    1070
0
    1040
0
    1070
0
    1002
}
    1000
MicroConnect
    1002
{
    1070
2
    1040
1.49583426
    1041
0.6
    1042
0
    1040
5.50027009
    1041
0.6
    1042
0
    1002
}
       0
ENDBLK
       5
2104
     330
2018
     100
AcDbEntity
       8
0
     100
AcDbBlockEnd
       0
BLOCK
       5
2105
     330
2019
     100
AcDbEntity
       8
0
     100
AcDbBlockBegin
       2
Part1653924181
      70
0
      10
-27.1861942
      20
-30
      30
0
       3
Part1653924181
       1

       4
CypCutBlock
       0
LWPOLYLINE
       5
2106
     100
AcDbEntity
       8
1
     100
AcDbPolyline
      90
4
      70
1
      10
18.03
      20
2
      42
1
      10
12.83
      20
2
      42
0
      10
12.83
      20
-22
      42
1
      10
18.03
      20
-22
      42
0
    1001
FS_CYPCUT
    1000
Channel
    1070
1
    1000
LeadIn
    1002
{
    1070
3
    1040
1.5
    1040
1.5707963267949
    1040
0.5
    1040
0.3
    1070
0
    1040
0.5
    1070
0
    1002
}
    1000
LeadOut
    1002
{
    1070
0
    1040
0
    1040
0
    1040
0
    1070
0
    1002
}
    1000
IsFill
    1070
0
    1000
PathStart
    1040
1.5
    1000
ToolCompensation
    1002
{
    1070
0
    1040
0
    1070
0
    1002
}
       0
LWPOLYLINE
       5
2107
     100
AcDbEntity
       8
1
     100
AcDbPolyline
      90
4
      70
1
      10
48.03
      20
2
      42
0
      10
48.03
      20
-22
      42
-0.999999999999999
      10
42.83
      20
-22
      42
0
      10
42.83
      20
2
      42
-1
    1001
FS_CYPCUT
    1000
Channel
    1070
1
    1000
LeadIn
    1002
{
    1070
3
    1040
0.5
    1040
1.5707963267949
    1040
0.5
    1040
0.3
    1070
0
    1040
0.5
    1070
0
    1002
}
    1000
LeadOut
    1002
{
    1070
0
    1040
0
    1040
0
    1040
0
    1070
0
    1002
}
    1000
IsFill
    1070
0
    1000
PathStart
    1040
0.5
    1000
ToolCompensation
    1002
{
    1070
0
    1040
0
    1070
0
    1002
}
       0
LINE
       5
2108
     100
AcDbEntity
       8
2
     100
AcDbLine
      10
2.9069029056
      20
10
      30
0
      11
2.9069029056
      21
27
      31
0
    1001
FS_CYPCUT
    1000
Channel
    1070
2
    1000
LeadIn
    1002
{
    1070
3
    1040
0
    1040
1.5707963267949
    1040
0.5
    1040
0.3
    1070
0
    1040
0.5
    1070
0
    1002
}
    1000
LeadOut
    1002
{
    1070
0
    1040
0
    1040
0
    1040
0
    1070
0
    1002
}
    1000
IsFill
    1070
0
    1000
PathStart
    1040
0
    1000
ToolCompensation
    1002
{
    1070
0
    1040
0
    1070
0
    1002
}
       0
LWPOLYLINE
       5
2109
     100
AcDbEntity
       8
1
     100
AcDbPolyline
      90
15
      70
1
      10
55
      20
3.8870221894
      42
0.309843336723859
      10
51.1637918998895
      20
9.48327134521611
      42
0
      10
5.86
      20
27
      42
0
      10
-0.1861941887
      20
27
      42
0
      10
-0.1861941887
      20
28
      42
0.414213562373095
      10
-2.1861941887
      20
30
      42
0
      10
-25.1861941887
      20
30
      42
0.414213562373096
      10
-27.1861941887
      20
28
      42
0
      10
-27.1861941887
      20
12
      42
0.414213562373094
      10
-25.1861941887
      20
9.99999999999999
      42
0
      10
6
      20
10
      42
0
      10
5.99999999999999
      20
-24
      42
0.414213562373095
      10
12
      20
-30
      42
0
      10
49
      20
-30
      42
0.414213562373096
      10
55
      20
-24
      42
0
    1001
FS_CYPCUT
    1000
Channel
    1070
1
    1000
LeadIn
    1002
{
    1070
3
    1040
1.50297354689439
    1040
1.5707963267949
    1040
0.5
    1040
0.3
    1070
0
    1040
0.5
    1070
0
    1002
}
    1000
LeadOut
    1002
{
    1070
0
    1040
0
    1040
0
    1040
0
    1070
0
    1002
}
    1000
IsFill
    1070
1
    1000
PathStart
    1040
1.5
    1000
ToolCompensation
    1002
{
    1070
0
    1040
0
    1070
0
    1002
}
    1000
MicroConnect
    1002
{
    1070
2
    1040
1.49062083
    1041
0.6
    1042
0
    1040
12.4569433
    1041
0.6
    1042
0
    1002
}
       0
ENDBLK
       5
210A
     330
2019
     100
AcDbEntity
       8
0
     100
AcDbBlockEnd
       0
BLOCK
       5
210B
     330
201A
     100
AcDbEntity
       8
0
     100
AcDbBlockBegin
       2
Part974782376
      70
0
      10
-20
      20
-22
      30
0
       3
Part974782376
       1

       4
CypCutBlock
       0
LINE
       5
210C
     100
AcDbEntity
       8
2
     100
AcDbLine
      10
1.7930970943
      20
-22
      30
0
      11
1.7930970943
      21
-5.86
      31
0
    1001
FS_CYPCUT
    1000
Channel
    1070
2
    1000
LeadIn
    1002
{
    1070
3
    1040
0
    1040
1.5707963267949
    1040
0.5
    1040
0.3
    1070
0
    1040
0.5
    1070
0
    1002
}
    1000
LeadOut
    1002
{
    1070
0
    1040
0
    1040
0
    1040
0
    1070
0
    1002
}
    1000
IsFill
    1070
0
    1000
PathStart
    1040
0
    1000
ToolCompensation
    1002
{
    1070
0
    1040
0
    1070
0
    1002
}
       0
LINE
       5
210D
     100
AcDbEntity
       8
2
     100
AcDbLine
      10
4.7461941887
      20
-2.9069029056
      30
0
      11
44.7461941887
      21
-2.9069029056
      31
0
    1001
FS_CYPCUT
    1000
Channel
    1070
2
    1000
LeadIn
    1002
{
    1070
3
    1040
0
    1040
1.5707963267949
    1040
0.5
    1040
0.3
    1070
0
    1040
0.5
    1070
0
    1002
}
    1000
LeadOut
    1002
{
    1070
0
    1040
0
    1040
0
    1040
0
    1070
0
    1002
}
    1000
IsFill
    1070
0
    1000
PathStart
    1040
0
    1000
ToolCompensation
    1002
{
    1070
0
    1040
0
    1070
0
    1002
}
       0
CIRCLE
       5
210E
     100
AcDbEntity
       8
1
     100
AcDbCircle
      10
24.7461941887
      20
24.1861941887
      30
0
      40
3.24999999999999
    1001
FS_CYPCUT
    1000
Channel
    1070
1
    1000
LeadIn
    1002
{
    1070
3
    1040
5.55111512312578E-17
    1040
1.5707963267949
    1040
0.5
    1040
0.3
    1070
0
    1040
0.5
    1070
0
    1002
}
    1000
LeadOut
    1002
{
    1070
0
    1040
0
    1040
0
    1040
0
    1070
0
    1002
}
    1000
IsFill
    1070
0
    1000
PathStart
    1040
5.55111512312578E-17
    1000
ToolCompensation
    1002
{
    1070
0
    1040
0
    1070
0
    1002
}
       0
LWPOLYLINE
       5
210F
     100
AcDbEntity
       8
1
     100
AcDbPolyline
      90
15
      70
1
      10
-20
      20
6.14
      42
-0.4142135623731
      10
-19
      20
7.14
      42
0
      10
-2.16
      20
7.14
      42
-0.414213562373095
      10
-1.16
      20
6.14
      42
0
      10
-1.16
      20
-5.86
      42
0
      10
4.7461941887
      20
-5.86
      42
0
      10
4.7461941887
      20
24.7861941887
      42
-0.414213562373095
      10
24.6461941887
      20
44.6861941887
      42
0
      10
24.8461941887
      20
44.6861941887
      42
-0.414213562373095
      10
44.7461941887
      20
24.7861941887
      42
0
      10
44.7461941887
      20
-22
      42
0
      10
-14.5372975106
      20
-22
      42
-0.337828383508317
      10
-15.5016968459
      20
-21.2644502261
      42
0
      10
-19.9643993352861
      20
-4.98982880702858
      42
-0.067008475308907
      10
-19.9999999999999
      20
-4.7253785809
      42
0
    1001
FS_CYPCUT
    1000
Channel
    1070
1
    1000
LeadIn
    1002
{
    1070
3
    1040
10.5058242613528
    1040
1.5707963267949
    1040
0.5
    1040
0.3
    1070
0
    1040
0.5
    1070
0
    1002
}
    1000
LeadOut
    1002
{
    1070
0
    1040
0
    1040
0
    1040
0
    1070
0
    1002
}
    1000
IsFill
    1070
1
    1000
PathStart
    1040
10.5
    1000
ToolCompensation
    1002
{
    1070
0
    1040
0
    1070
0
    1002
}
    1000
MicroConnect
    1002
{
    1070
2
    1040
7
    1041
0.6
    1042
0
    1040
10.4957034
    1041
0.6
    1042
0
    1002
}
       0
ENDBLK
       5
2110
     330
201A
     100
AcDbEntity
       8
0
     100
AcDbBlockEnd
       0
BLOCK
       5
2111
     330
201B
     100
AcDbEntity
       8
0
     100
AcDbBlockBegin
       2
Part1736225200
      70
0
      10
-22.86
      20
-126.372388
      30
0
       3
Part1736225200
       1

       4
CypCutBlock
       0
LINE
       5
2112
     100
AcDbEntity
       8
2
     100
AcDbLine
      10
-11
      20
-99.2792912831
      30
0
      11
11
      21
-99.2792912831
      31
0
    1001
FS_CYPCUT
    1000
Channel
    1070
2
    1000
LeadIn
    1002
{
    1070
3
    1040
0
    1040
1.5707963267949
    1040
0.5
    1040
0.3
    1070
0
    1040
0.5
    1070
0
    1002
}
    1000
LeadOut
    1002
{
    1070
0
    1040
0
    1040
0
    1040
0
    1070
0
    1002
}
    1000
IsFill
    1070
0
    1000
PathStart
    1040
0
    1000
ToolCompensation
    1002
{
    1070
0
    1040
0
    1070
0
    1002
}
       0
CIRCLE
       5
2113
     100
AcDbEntity
       8
1
     100
AcDbCircle
      10
24.75
      20
-43.5
      30
0
      40
2.45
    1001
FS_CYPCUT
    1000
Channel
    1070
1
    1000
LeadIn
    1002
{
    1070
3
    1040
1.66533453693773E-16
    1040
1.5707963267949
    1040
0.5
    1040
0.3
    1070
0
    1040
0.5
    1070
0
    1002
}
    1000
LeadOut
    1002
{
    1070
0
    1040
0
    1040
0
    1040
0
    1070
0
    1002
}
    1000
IsFill
    1070
0
    1000
PathStart
    1040
1.66533453693773E-16
    1000
ToolCompensation
    1002
{
    1070
0
    1040
0
    1070
0
    1002
}
       0
LINE
       5
2114
     100
AcDbEntity
       8
2
     100
AcDbLine
      10
11
      20
-60.0930970944
      30
0
      11
-11
      21
-60.0930970944
      31
0
    1001
FS_CYPCUT
    1000
Channel
    1070
2
    1000
LeadIn
    1002
{
    1070
3
    1040
0
    1040
1.5707963267949
    1040
0.5
    1040
0.3
    1070
0
    1040
0.5
    1070
0
    1002
}
    1000
LeadOut
    1002
{
    1070
0
    1040
0
    1040
0
    1040
0
    1070
0
    1002
}
    1000
IsFill
    1070
0
    1000
PathStart
    1040
0
    1000
ToolCompensation
    1002
{
    1070
0
    1040
0
    1070
0
    1002
}
       0
CIRCLE
       5
2115
     100
AcDbEntity
       8
1
     100
AcDbCircle
      10
0
      20
-50
      30
0
      40
2.50000000000001
    1001
FS_CYPCUT
    1000
Channel
    1070
1
    1000
LeadIn
    1002
{
    1070
3
    1040
8.32667268468867E-17
    1040
1.5707963267949
    1040
0.5
    1040
0.3
    1070
0
    1040
0.5
    1070
0
    1002
}
    1000
LeadOut
    1002
{
    1070
0
    1040
0
    1040
0
    1040
0
    1070
0
    1002
}
    1000
IsFill
    1070
0
    1000
PathStart
    1040
8.32667268468867E-17
    1000
ToolCompensation
    1002
{
    1070
0
    1040
0
    1070
0
    1002
}
       0
CIRCLE
       5
2116
     100
AcDbEntity
       8
1
     100
AcDbCircle
      10
0
      20
-28
      30
0
      40
2.5
    1001
FS_CYPCUT
    1000
Channel
    1070
1
    1000
LeadIn
    1002
{
    1070
3
    1040
2.77555756156289E-17
    1040
1.5707963267949
    1040
0.5
    1040
0.3
    1070
0
    1040
0.5
    1070
0
    1002
}
    1000
LeadOut
    1002
{
    1070
0
    1040
0
    1040
0
    1040
0
    1070
0
    1002
}
    1000
IsFill
    1070
0
    1000
PathStart
    1040
2.77555756156289E-17
    1000
ToolCompensation
    1002
{
    1070
0
    1040
0
    1070
0
    1002
}
       0
CIRCLE
       5
2117
     100
AcDbEntity
       8
1
     100
AcDbCircle
      10
0
      20
0
      30
0
      40
3.95
    1001
FS_CYPCUT
    1000
Channel
    1070
1
    1000
LeadIn
    1002
{
    1070
3
    1040
0
    1040
1.5707963267949
    1040
0.5
    1040
0.3
    1070
0
    1040
0.5
    1070
0
    1002
}
    1000
LeadOut
    1002
{
    1070
0
    1040
0
    1040
0
    1040
0
    1070
0
    1002
}
    1000
IsFill
    1070
0
    1000
PathStart
    1040
0
    1000
ToolCompensation
    1002
{
    1070
0
    1040
0
    1070
0
    1002
}
       0
CIRCLE
       5
2118
     100
AcDbEntity
       8
1
     100
AcDbCircle
      10
0
      20
28
      30
0
      40
2.49999999999999
    1001
FS_CYPCUT
    1000
Channel
    1070
1
    1000
LeadIn
    1002
{
    1070
3
    1040
5.55111512312578E-17
    1040
1.5707963267949
    1040
0.5
    1040
0.3
    1070
0
    1040
0.5
    1070
0
    1002
}
    1000
LeadOut
    1002
{
    1070
0
    1040
0
    1040
0
    1040
0
    1070
0
    1002
}
    1000
IsFill
    1070
0
    1000
PathStart
    1040
5.55111512312578E-17
    1000
ToolCompensation
    1002
{
    1070
0
    1040
0
    1070
0
    1002
}
       0
LWPOLYLINE
       5
2119
     100
AcDbEntity
       8
1
     100
AcDbPolyline
      90
31
      70
1
      10
26.1712377263
      20
-36.6457981263
      42
0
      10
14.1878641564
      20
-34.1610124547
      42
-0.355521463657495
      10
11
      20
-30.2443256697
      42
0
      10
11
      20
-15.4029218007
      42
-0.202358722546329
      10
12.2093023255814
      20
-12.5372619307931
      42
0.449493751242944
      10
11
      20
13.6106575888
      42
0
      10
11
      20
27
      42
0.414213562373095
      10
5
      20
33
      42
0
      10
-6.1791258685
      20
33
      42
0.237604852739192
      10
-10.9999999999601
      20
30.5719984054612
      42
0
      10
-19.9980738266
      20
18.4279332577
      42
0
      10
-14.9430378070501
      20
11.4702730730849
      42
-0.30509114159452
      10
-14.8625003295816
      20
9.23883563839006
      42
0.352279258639294
      10
-12.2093023255813
      20
-12.5372619308426
      42
-0.0288115455691542
      10
-11.8983691224193
      20
-12.8770781992983
      42
-0.631917213318112
      10
-13.4491845612
      20
-16.14
      42
0
      10
-21.86
      20
-16.14
      42
0.414213562373097
      10
-22.86
      20
-17.14
      42
0
      10
-22.86
      20
-23.14
      42
0.414213562373097
      10
-21.86
      20
-24.14
      42
0
      10
-13
      20
-24.14
      42
-0.414213562373095
      10
-11
      20
-26.14
      42
0
      10
-11.0000000000001
      20
-117.0390550442
      42
0.162277660168183
      10
-10.2000000000019
      20
-119.439055044198
      42
0
      10
-6.2
      20
-124.7723883775
      42
0.236067977499988
      10
-3
      20
-126.3723883775
      42
0
      10
9
      20
-126.3723883775
      42
0.414213562373104
      10
11
      20
-124.3723883775
      42
0
      10
11
      20
-56.7556743303
      42
-0.355521463657494
      10
14.1878641564
      20
-52.8389875453
      42
0
      10
26.1712377263
      20
-50.3542018737
      42
0.81391858256993
    1001
FS_CYPCUT
    1000
Channel
    1070
1
    1000
LeadIn
    1002
{
    1070
3
    1040
21.5
    1040
1.5707963267949
    1040
0.5
    1040
0.3
    1070
0
    1040
0.5
    1070
0
    1002
}
    1000
LeadOut
    1002
{
    1070
0
    1040
0
    1040
0
    1040
0
    1070
0
    1002
}
    1000
IsFill
    1070
1
    1000
PathStart
    1040
21.5
    1000
ToolCompensation
    1002
{
    1070
0
    1040
0
    1070
0
    1002
}
    1000
MicroConnect
    1002
{
    1070
2
    1040
12.3956802
    1041
0.6
    1042
0
    1040
27.7024319
    1041
0.6
    1042
0
    1002
}
       0
ENDBLK
       5
211A
     330
201B
     100
AcDbEntity
       8
0
     100
AcDbBlockEnd
       0
BLOCK
       5
211B
     330
201C
     100
AcDbEntity
       8
0
     100
AcDbBlockBegin
       2
Part1049265532
      70
0
      10
-78
      20
-20
      30
0
       3
Part1049265532
       1

       4
CypCutBlock
       0
LWPOLYLINE
       5
211C
     100
AcDbEntity
       8
1
     100
AcDbPolyline
      90
4
      70
1
      10
-47.5
      20
5.45
      42
-1
      10
-47.5
      20
-0.0499999999999998
      42
0
      10
-62.5
      20
-0.05
      42
-1
      10
-62.5
      20
5.45
      42
0
    1001
FS_CYPCUT
    1000
Channel
    1070
1
    1000
LeadIn
    1002
{
    1070
3
    1040
1.5
    1040
1.5707963267949
    1040
0.5
    1040
0.3
    1070
0
    1040
0.5
    1070
0
    1002
}
    1000
LeadOut
    1002
{
    1070
0
    1040
0
    1040
0
    1040
0
    1070
0
    1002
}
    1000
IsFill
    1070
0
    1000
PathStart
    1040
1.5
    1000
ToolCompensation
    1002
{
    1070
0
    1040
0
    1070
0
    1002
}
       0
LWPOLYLINE
       5
211D
     100
AcDbEntity
       8
1
     100
AcDbPolyline
      90
4
      70
1
      10
-22.5
      20
5.45
      42
-1
      10
-22.5
      20
-0.0500000000000007
      42
0
      10
-37.5
      20
-0.0500000000000007
      42
-1
      10
-37.5
      20
5.45
      42
0
    1001
FS_CYPCUT
    1000
Channel
    1070
1
    1000
LeadIn
    1002
{
    1070
3
    1040
1.5
    1040
1.5707963267949
    1040
0.5
    1040
0.3
    1070
0
    1040
0.5
    1070
0
    1002
}
    1000
LeadOut
    1002
{
    1070
0
    1040
0
    1040
0
    1040
0
    1070
0
    1002
}
    1000
IsFill
    1070
0
    1000
PathStart
    1040
1.5
    1000
ToolCompensation
    1002
{
    1070
0
    1040
0
    1070
0
    1002
}
       0
LINE
       5
211E
     100
AcDbEntity
       8
2
     100
AcDbLine
      10
-2.9069029056
      20
20
      30
0
      11
-2.9069029056
      21
-20
      31
0
    1001
FS_CYPCUT
    1000
Channel
    1070
2
    1000
LeadIn
    1002
{
    1070
3
    1040
0
    1040
1.5707963267949
    1040
0.5
    1040
0.3
    1070
0
    1040
0.5
    1070
0
    1002
}
    1000
LeadOut
    1002
{
    1070
0
    1040
0
    1040
0
    1040
0
    1070
0
    1002
}
    1000
IsFill
    1070
0
    1000
PathStart
    1040
0
    1000
ToolCompensation
    1002
{
    1070
0
    1040
0
    1070
0
    1002
}
       0
CIRCLE
       5
211F
     100
AcDbEntity
       8
1
     100
AcDbCircle
      10
12.1861941887
      20
-12
      30
0
      40
3.5
    1001
FS_CYPCUT
    1000
Channel
    1070
1
    1000
LeadIn
    1002
{
    1070
3
    1040
0
    1040
1.5707963267949
    1040
0.5
    1040
0.3
    1070
0
    1040
0.5
    1070
0
    1002
}
    1000
LeadOut
    1002
{
    1070
0
    1040
0
    1040
0
    1040
0
    1070
0
    1002
}
    1000
IsFill
    1070
0
    1000
PathStart
    1040
0
    1000
ToolCompensation
    1002
{
    1070
0
    1040
0
    1070
0
    1002
}
       0
CIRCLE
       5
2120
     100
AcDbEntity
       8
1
     100
AcDbCircle
      10
12.1861941887
      20
12
      30
0
      40
3.5
    1001
FS_CYPCUT
    1000
Channel
    1070
1
    1000
LeadIn
    1002
{
    1070
3
    1040
0
    1040
1.5707963267949
    1040
0.5
    1040
0.3
    1070
0
    1040
0.5
    1070
0
    1002
}
    1000
LeadOut
    1002
{
    1070
0
    1040
0
    1040
0
    1040
0
    1070
0
    1002
}
    1000
IsFill
    1070
0
    1000
PathStart
    1040
0
    1000
ToolCompensation
    1002
{
    1070
0
    1040
0
    1070
0
    1002
}
       0
LWPOLYLINE
       5
2121
     100
AcDbEntity
       8
1
     100
AcDbPolyline
      90
8
      70
1
      10
24.1861941887
      20
15
      42
0
      10
24.1861941887
      20
-15
      42
-0.414213562373095
      10
19.1861941887
      20
-20
      42
0
      10
-76
      20
-20
      42
-0.414213562373103
      10
-78
      20
-18
      42
0
      10
-78
      20
18
      42
-0.414213562373095
      10
-76
      20
20
      42
0
      10
19.1861941887
      20
20
      42
-0.414213562373096
    1001
FS_CYPCUT
    1000
Channel
    1070
1
    1000
LeadIn
    1002
{
    1070
3
    1040
2.5
    1040
1.5707963267949
    1040
0.5
    1040
0.3
    1070
0
    1040
0.5
    1070
0
    1002
}
    1000
LeadOut
    1002
{
    1070
0
    1040
0
    1040
0
    1040
0
    1070
0
    1002
}
    1000
IsFill
    1070
1
    1000
PathStart
    1040
2.5
    1000
ToolCompensation
    1002
{
    1070
0
    1040
0
    1070
0
    1002
}
    1000
MicroConnect
    1002
{
    1070
2
    1040
2.76476229
    1041
0.6
    1042
0
    1040
6.72587309
    1041
0.6
    1042
0
    1002
}
       0
ENDBLK
       5
2122
     330
201C
     100
AcDbEntity
       8
0
     100
AcDbBlockEnd
       0
BLOCK
       5
2123
     330
201D
     100
AcDbEntity
       8
0
     100
AcDbBlockBegin
       2
Part1808318125
      70
0
      10
-27.1861942
      20
-30
      30
0
       3
Part1808318125
       1

       4
CypCutBlock
       0
LWPOLYLINE
       5
2124
     100
AcDbEntity
       8
1
     100
AcDbPolyline
      90
4
      70
1
      10
-20.2161941887
      20
2
      42
0
      10
-20.2161941887
      20
-22
      42
0.999999999999999
      10
-15.0161941887
      20
-22
      42
0
      10
-15.0161941887
      20
2
      42
1
    1001
FS_CYPCUT
    1000
Channel
    1070
1
    1000
LeadIn
    1002
{
    1070
3
    1040
0.5
    1040
1.5707963267949
    1040
0.5
    1040
0.3
    1070
0
    1040
0.5
    1070
0
    1002
}
    1000
LeadOut
    1002
{
    1070
0
    1040
0
    1040
0
    1040
0
    1070
0
    1002
}
    1000
IsFill
    1070
0
    1000
PathStart
    1040
0.5
    1000
ToolCompensation
    1002
{
    1070
0
    1040
0
    1070
0
    1002
}
       0
LWPOLYLINE
       5
2125
     100
AcDbEntity
       8
1
     100
AcDbPolyline
      90
4
      70
1
      10
9.7838058113
      20
2
      42
-1
      10
14.9838058113
      20
2
      42
0
      10
14.9838058113
      20
-22
      42
-1
      10
9.7838058113
      20
-22
      42
0
    1001
FS_CYPCUT
    1000
Channel
    1070
1
    1000
LeadIn
    1002
{
    1070
3
    1040
1.5
    1040
1.5707963267949
    1040
0.5
    1040
0.3
    1070
0
    1040
0.5
    1070
0
    1002
}
    1000
LeadOut
    1002
{
    1070
0
    1040
0
    1040
0
    1040
0
    1070
0
    1002
}
    1000
IsFill
    1070
0
    1000
PathStart
    1040
1.5
    1000
ToolCompensation
    1002
{
    1070
0
    1040
0
    1070
0
    1002
}
       0
LINE
       5
2126
     100
AcDbEntity
       8
2
     100
AcDbLine
      10
24.9069029057
      20
10
      30
0
      11
24.9069029057
      21
27
      31
0
    1001
FS_CYPCUT
    1000
Channel
    1070
2
    1000
LeadIn
    1002
{
    1070
3
    1040
0
    1040
1.5707963267949
    1040
0.5
    1040
0.3
    1070
0
    1040
0.5
    1070
0
    1002
}
    1000
LeadOut
    1002
{
    1070
0
    1040
0
    1040
0
    1040
0
    1070
0
    1002
}
    1000
IsFill
    1070
0
    1000
PathStart
    1040
0
    1000
ToolCompensation
    1002
{
    1070
0
    1040
0
    1070
0
    1002
}
       0
LWPOLYLINE
       5
2127
     100
AcDbEntity
       8
1
     100
AcDbPolyline
      90
15
      70
1
      10
-27.1861941887
      20
3.8870221894
      42
-0.309843336723859
      10
-23.3499860885895
      20
9.48327134521611
      42
0
      10
21.9538058113
      20
27
      42
0
      10
28
      20
27
      42
0
      10
28
      20
28
      42
-0.414213562373095
      10
30
      20
30
      42
0
      10
53
      20
30
      42
-0.414213562373096
      10
55
      20
28
      42
0
      10
55
      20
12
      42
-0.414213562373094
      10
53
      20
9.99999999999999
      42
0
      10
21.8138058113
      20
10
      42
0
      10
21.8138058113
      20
-24
      42
-0.414213562373095
      10
15.8138058113
      20
-30
      42
0
      10
-21.1861941887
      20
-30
      42
-0.414213562373096
      10
-27.1861941887
      20
-24
      42
0
    1001
FS_CYPCUT
    1000
Channel
    1070
1
    1000
LeadIn
    1002
{
    1070
3
    1040
1.50297354689439
    1040
1.5707963267949
    1040
0.5
    1040
0.3
    1070
0
    1040
0.5
    1070
0
    1002
}
    1000
LeadOut
    1002
{
    1070
0
    1040
0
    1040
0
    1040
0
    1070
0
    1002
}
    1000
IsFill
    1070
1
    1000
PathStart
    1040
1.5
    1000
ToolCompensation
    1002
{
    1070
0
    1040
0
    1070
0
    1002
}
    1000
MicroConnect
    1002
{
    1070
2
    1040
1.49062083
    1041
0.6
    1042
0
    1040
12.4569433
    1041
0.6
    1042
0
    1002
}
       0
ENDBLK
       5
2128
     330
201D
     100
AcDbEntity
       8
0
     100
AcDbBlockEnd
       0
BLOCK
       5
2129
     330
201E
     100
AcDbEntity
       8
0
     100
AcDbBlockBegin
       2
Part1498713398
      70
0
      10
-62.5
      20
-100
      30
0
       3
Part1498713398
       1

       4
CypCutBlock
       0
LWPOLYLINE
       5
212A
     100
AcDbEntity
       8
1
     100
AcDbPolyline
      90
4
      70
1
      10
56.75
      20
-61
      42
0
      10
56.75
      20
-86
      42
-1
      10
47.75
      20
-86
      42
0
      10
47.75
      20
-61
      42
-1
    1001
FS_CYPCUT
    1000
Channel
    1070
1
    1000
LeadIn
    1002
{
    1070
3
    1040
0.5
    1040
1.5707963267949
    1040
0.5
    1040
0.3
    1070
0
    1040
0.5
    1070
0
    1002
}
    1000
LeadOut
    1002
{
    1070
0
    1040
0
    1040
0
    1040
0
    1070
0
    1002
}
    1000
IsFill
    1070
0
    1000
PathStart
    1040
0.5
    1000
ToolCompensation
    1002
{
    1070
0
    1040
0
    1070
0
    1002
}
       0
LWPOLYLINE
       5
212B
     100
AcDbEntity
       8
1
     100
AcDbPolyline
      90
6
      70
1
      10
32.5
      20
-28.8988949573
      42
0.414213562373095
      10
29.5
      20
-25.8988949573
      42
0
      10
7.3863610257
      20
-25.8988949573
      42
0.734594723774977
      10
5.67435918080324
      20
-31.3624390878303
      42
-0.0607294185006781
      10
27.2462817147363
      20
-50.6142985259457
      42
0.69177364939432
      10
32.5
      20
-48.6342091616
      42
0
    1001
FS_CYPCUT
    1000
Channel
    1070
1
    1000
LeadIn
    1002
{
    1070
3
    1040
3.5
    1040
1.5707963267949
    1040
0.5
    1040
0.3
    1070
0
    1040
0.5
    1070
0
    1002
}
    1000
LeadOut
    1002
{
    1070
0
    1040
0
    1040
0
    1040
0
    1070
0
    1002
}
    1000
IsFill
    1070
0
    1000
PathStart
    1040
3.5
    1000
ToolCompensation
    1002
{
    1070
0
    1040
0
    1070
0
    1002
}
       0
LWPOLYLINE
       5
212C
     100
AcDbEntity
       8
1
     100
AcDbPolyline
      90
4
      70
1
      10
56.75
      20
3
      42
0
      10
56.75
      20
-22
      42
-1
      10
47.75
      20
-22
      42
0
      10
47.75
      20
3
      42
-1
    1001
FS_CYPCUT
    1000
Channel
    1070
1
    1000
LeadIn
    1002
{
    1070
3
    1040
0.5
    1040
1.5707963267949
    1040
0.5
    1040
0.3
    1070
0
    1040
0.5
    1070
0
    1002
}
    1000
LeadOut
    1002
{
    1070
0
    1040
0
    1040
0
    1040
0
    1070
0
    1002
}
    1000
IsFill
    1070
0
    1000
PathStart
    1040
0.5
    1000
ToolCompensation
    1002
{
    1070
0
    1040
0
    1070
0
    1002
}
       0
LINE
       5
212D
     100
AcDbEntity
       8
2
     100
AcDbLine
      10
62.5
      20
20.4530970944
      30
0
      11
29.25
      21
20.4530970944
      31
0
    1001
FS_CYPCUT
    1000
Channel
    1070
2
    1000
LeadIn
    1002
{
    1070
3
    1040
0
    1040
1.5707963267949
    1040
0.5
    1040
0.3
    1070
0
    1040
0.5
    1070
0
    1002
}
    1000
LeadOut
    1002
{
    1070
0
    1040
0
    1040
0
    1040
0
    1070
0
    1002
}
    1000
IsFill
    1070
0
    1000
PathStart
    1040
0
    1000
ToolCompensation
    1002
{
    1070
0
    1040
0
    1070
0
    1002
}
       0
LWPOLYLINE
       5
212E
     100
AcDbEntity
       8
1
     100
AcDbPolyline
      90
8
      70
1
      10
29.25
      20
26.5461941887
      42
0
      10
29.25
      20
11.36
      42
-0.414213562373096
      10
26.25
      20
8.35999999999999
      42
0
      10
2.25
      20
8.36
      42
-0.414213562373094
      10
-0.75
      20
11.36
      42
0
      10
-0.750000000000011
      20
26.5461941887
      42
-0.414213562373095
      10
2.25
      20
29.5461941887
      42
0
      10
26.25
      20
29.5461941887
      42
-0.414213562373095
    1001
FS_CYPCUT
    1000
Channel
    1070
1
    1000
LeadIn
    1002
{
    1070
3
    1040
2.5
    1040
1.5707963267949
    1040
0.5
    1040
0.3
    1070
0
    1040
0.5
    1070
0
    1002
}
    1000
LeadOut
    1002
{
    1070
0
    1040
0
    1040
0
    1040
0
    1070
0
    1002
}
    1000
IsFill
    1070
0
    1000
PathStart
    1040
2.5
    1000
ToolCompensation
    1002
{
    1070
0
    1040
0
    1070
0
    1002
}
       0
CIRCLE
       5
212F
     100
AcDbEntity
       8
1
     100
AcDbCircle
      10
14.25
      20
-6.64
      30
0
      40
2.5
    1001
FS_CYPCUT
    1000
Channel
    1070
1
    1000
LeadIn
    1002
{
    1070
3
    1040
0
    1040
1.5707963267949
    1040
0.5
    1040
0.3
    1070
0
    1040
0.5
    1070
0
    1002
}
    1000
LeadOut
    1002
{
    1070
0
    1040
0
    1040
0
    1040
0
    1070
0
    1002
}
    1000
IsFill
    1070
0
    1000
PathStart
    1040
1
    1000
ToolCompensation
    1002
{
    1070
0
    1040
0
    1070
0
    1002
}
       0
LINE
       5
2130
     100
AcDbEntity
       8
2
     100
AcDbLine
      10
-0.75
      20
20.4530970944
      30
0
      11
-12.5
      21
20.4530970944
      31
0
    1001
FS_CYPCUT
    1000
Channel
    1070
2
    1000
LeadIn
    1002
{
    1070
3
    1040
0
    1040
1.5707963267949
    1040
0.5
    1040
0.3
    1070
0
    1040
0.5
    1070
0
    1002
}
    1000
LeadOut
    1002
{
    1070
0
    1040
0
    1040
0
    1040
0
    1070
0
    1002
}
    1000
IsFill
    1070
0
    1000
PathStart
    1040
0
    1000
ToolCompensation
    1002
{
    1070
0
    1040
0
    1070
0
    1002
}
       0
LINE
       5
2131
     100
AcDbEntity
       8
2
     100
AcDbLine
      10
-29
      20
-2.9069029056
      30
0
      11
-62.5
      21
-2.9069029056
      31
0
    1001
FS_CYPCUT
    1000
Channel
    1070
2
    1000
LeadIn
    1002
{
    1070
3
    1040
0
    1040
1.5707963267949
    1040
0.5
    1040
0.3
    1070
0
    1040
0.5
    1070
0
    1002
}
    1000
LeadOut
    1002
{
    1070
0
    1040
0
    1040
0
    1040
0
    1070
0
    1002
}
    1000
IsFill
    1070
0
    1000
PathStart
    1040
0
    1000
ToolCompensation
    1002
{
    1070
0
    1040
0
    1070
0
    1002
}
       0
CIRCLE
       5
2132
     100
AcDbEntity
       8
1
     100
AcDbCircle
      10
-45.75
      20
13.1861941887
      30
0
      40
1.75
    1001
FS_CYPCUT
    1000
Channel
    1070
1
    1000
LeadIn
    1002
{
    1070
3
    1040
1.11022302462516E-16
    1040
1.5707963267949
    1040
0.5
    1040
0.3
    1070
0
    1040
0.5
    1070
0
    1002
}
    1000
LeadOut
    1002
{
    1070
0
    1040
0
    1040
0
    1040
0
    1070
0
    1002
}
    1000
IsFill
    1070
0
    1000
PathStart
    1040
1.11022302462516E-16
    1000
ToolCompensation
    1002
{
    1070
0
    1040
0
    1070
0
    1002
}
       0
CIRCLE
       5
2133
     100
AcDbEntity
       8
1
     100
AcDbCircle
      10
-45.75
      20
41.1861941887
      30
0
      40
1.75000000000001
    1001
FS_CYPCUT
    1000
Channel
    1070
1
    1000
LeadIn
    1002
{
    1070
3
    1040
0
    1040
1.5707963267949
    1040
0.5
    1040
0.3
    1070
0
    1040
0.5
    1070
0
    1002
}
    1000
LeadOut
    1002
{
    1070
0
    1040
0
    1040
0
    1040
0
    1070
0
    1002
}
    1000
IsFill
    1070
0
    1000
PathStart
    1040
0
    1000
ToolCompensation
    1002
{
    1070
0
    1040
0
    1070
0
    1002
}
       0
CIRCLE
       5
2134
     100
AcDbEntity
       8
1
     100
AcDbCircle
      10
-45.75
      20
69.1861941887
      30
0
      40
1.75
    1001
FS_CYPCUT
    1000
Channel
    1070
1
    1000
LeadIn
    1002
{
    1070
3
    1040
0
    1040
1.5707963267949
    1040
0.5
    1040
0.3
    1070
0
    1040
0.5
    1070
0
    1002
}
    1000
LeadOut
    1002
{
    1070
0
    1040
0
    1040
0
    1040
0
    1070
0
    1002
}
    1000
IsFill
    1070
0
    1000
PathStart
    1040
1
    1000
ToolCompensation
    1002
{
    1070
0
    1040
0
    1070
0
    1002
}
       0
LINE
       5
2135
     100
AcDbEntity
       8
2
     100
AcDbLine
      10
-12.5
      20
38.4992912831
      30
0
      11
62.5
      21
38.4992912831
      31
0
    1001
FS_CYPCUT
    1000
Channel
    1070
2
    1000
LeadIn
    1002
{
    1070
3
    1040
0
    1040
1.5707963267949
    1040
0.5
    1040
0.3
    1070
0
    1040
0.5
    1070
0
    1002
}
    1000
LeadOut
    1002
{
    1070
0
    1040
0
    1040
0
    1040
0
    1070
0
    1002
}
    1000
IsFill
    1070
0
    1000
PathStart
    1040
0
    1000
ToolCompensation
    1002
{
    1070
0
    1040
0
    1070
0
    1002
}
       0
LWPOLYLINE
       5
2136
     100
AcDbEntity
       8
1
     100
AcDbPolyline
      90
4
      70
1
      10
18.35
      20
56.5923883775
      42
1
      10
10.15
      20
56.5923883775
      42
0
      10
10.15
      20
49.4523883775
      42
1
      10
18.35
      20
49.4523883775
      42
0
    1001
FS_CYPCUT
    1000
Channel
    1070
1
    1000
LeadIn
    1002
{
    1070
3
    1040
0.5
    1040
1.5707963267949
    1040
0.5
    1040
0.3
    1070
0
    1040
0.5
    1070
0
    1002
}
    1000
LeadOut
    1002
{
    1070
0
    1040
0
    1040
0
    1040
0
    1070
0
    1002
}
    1000
IsFill
    1070
0
    1000
PathStart
    1040
0.5
    1000
ToolCompensation
    1002
{
    1070
0
    1040
0
    1070
0
    1002
}
       0
LWPOLYLINE
       5
2137
     100
AcDbEntity
       8
1
     100
AcDbPolyline
      90
21
      70
1
      10
62.5
      20
47.1071070033
      42
0
      10
62.5
      20
-94
      42
-0.414213562373097
      10
56.5
      20
-100
      42
0
      10
36.8227063667
      20
-100
      42
-0.316980142553684
      10
31.1721087812924
      20
-96.017609210965
      42
0.301389079990914
      10
-56.8413477819358
      20
-30.1610944879955
      42
-0.397638070314375
      10
-62.5
      20
-24.1708122165
      42
0
      10
-62.5
      20
68.1861941887
      42
-0.414213562373093
      10
-56.5
      20
74.1861941887
      42
0
      10
-35
      20
74.1861941887
      42
-0.414213562373096
      10
-29
      20
68.1861941887
      42
0
      10
-29
      20
-6
      42
0
      10
-18.5
      20
-6
      42
0.414213562373095
      10
-12.5
      20
-1.46952762458685E-15
      42
0
      10
-12.5
      20
47.1071070033
      42
-0.198912367379661
      10
-10.7426406871
      20
51.3497476904
      42
0
      10
0.742640687080707
      20
62.8350290646193
      42
-0.198912367379657
      10
4.9852813742
      20
64.5923883775
      42
0
      10
45.0147186258
      20
64.5923883775
      42
-0.19891236737966
      10
49.2573593129194
      20
62.8350290646194
      42
0
      10
60.7426406871194
      20
51.3497476904194
      42
-0.19891236737966
    1001
FS_CYPCUT
    1000
Channel
    1070
1
    1000
LeadIn
    1002
{
    1070
3
    1040
0.5
    1040
1.5707963267949
    1040
0.5
    1040
0.3
    1070
0
    1040
0.5
    1070
0
    1002
}
    1000
LeadOut
    1002
{
    1070
0
    1040
0
    1040
0
    1040
0
    1070
0
    1002
}
    1000
IsFill
    1070
1
    1000
PathStart
    1040
0.5
    1000
ToolCompensation
    1002
{
    1070
0
    1040
0
    1070
0
    1002
}
    1000
MicroConnect
    1002
{
    1070
3
    1040
0.149318787
    1041
0.6
    1042
0
    1040
0.839794122
    1041
0.6
    1042
0
    1040
6.34429499
    1041
0.6
    1042
0
    1002
}
       0
ENDBLK
       5
2138
     330
201E
     100
AcDbEntity
       8
0
     100
AcDbBlockEnd
       0
BLOCK
       5
2139
     330
201F
     100
AcDbEntity
       8
0
     100
AcDbBlockBegin
       2
Part627940950
      70
0
      10
-22.86
      20
-126.372388
      30
0
       3
Part627940950
       1

       4
CypCutBlock
       0
LINE
       5
213A
     100
AcDbEntity
       8
2
     100
AcDbLine
      10
-2.11000000000994
      20
-99.2792912831
      30
0
      11
19.8899999999901
      21
-99.2792912831
      31
0
    1001
FS_CYPCUT
    1000
Channel
    1070
2
    1000
LeadIn
    1002
{
    1070
3
    1040
0
    1040
1.5707963267949
    1040
0.5
    1040
0.3
    1070
0
    1040
0.5
    1070
0
    1002
}
    1000
LeadOut
    1002
{
    1070
0
    1040
0
    1040
0
    1040
0
    1070
0
    1002
}
    1000
IsFill
    1070
0
    1000
PathStart
    1040
0
    1000
ToolCompensation
    1002
{
    1070
0
    1040
0
    1070
0
    1002
}
       0
LINE
       5
213B
     100
AcDbEntity
       8
2
     100
AcDbLine
      10
19.8899999999901
      20
-60.0930970944
      30
0
      11
-2.11000000000994
      21
-60.0930970944
      31
0
    1001
FS_CYPCUT
    1000
Channel
    1070
2
    1000
LeadIn
    1002
{
    1070
3
    1040
0
    1040
1.5707963267949
    1040
0.5
    1040
0.3
    1070
0
    1040
0.5
    1070
0
    1002
}
    1000
LeadOut
    1002
{
    1070
0
    1040
0
    1040
0
    1040
0
    1070
0
    1002
}
    1000
IsFill
    1070
0
    1000
PathStart
    1040
0
    1000
ToolCompensation
    1002
{
    1070
0
    1040
0
    1070
0
    1002
}
       0
CIRCLE
       5
213C
     100
AcDbEntity
       8
1
     100
AcDbCircle
      10
8.88999999999006
      20
-50
      30
0
      40
2.50000000000001
    1001
FS_CYPCUT
    1000
Channel
    1070
1
    1000
LeadIn
    1002
{
    1070
3
    1040
8.32667268468867E-17
    1040
1.5707963267949
    1040
0.5
    1040
0.3
    1070
0
    1040
0.5
    1070
0
    1002
}
    1000
LeadOut
    1002
{
    1070
0
    1040
0
    1040
0
    1040
0
    1070
0
    1002
}
    1000
IsFill
    1070
0
    1000
PathStart
    1040
8.32667268468867E-17
    1000
ToolCompensation
    1002
{
    1070
0
    1040
0
    1070
0
    1002
}
       0
CIRCLE
       5
213D
     100
AcDbEntity
       8
1
     100
AcDbCircle
      10
8.88999999999006
      20
-28
      30
0
      40
2.5
    1001
FS_CYPCUT
    1000
Channel
    1070
1
    1000
LeadIn
    1002
{
    1070
3
    1040
2.77555756156289E-17
    1040
1.5707963267949
    1040
0.5
    1040
0.3
    1070
0
    1040
0.5
    1070
0
    1002
}
    1000
LeadOut
    1002
{
    1070
0
    1040
0
    1040
0
    1040
0
    1070
0
    1002
}
    1000
IsFill
    1070
0
    1000
PathStart
    1040
2.77555756156289E-17
    1000
ToolCompensation
    1002
{
    1070
0
    1040
0
    1070
0
    1002
}
       0
CIRCLE
       5
213E
     100
AcDbEntity
       8
1
     100
AcDbCircle
      10
-15.8600000000099
      20
-43.5
      30
0
      40
2.45
    1001
FS_CYPCUT
    1000
Channel
    1070
1
    1000
LeadIn
    1002
{
    1070
3
    1040
1.66533453693773E-16
    1040
1.5707963267949
    1040
0.5
    1040
0.3
    1070
0
    1040
0.5
    1070
0
    1002
}
    1000
LeadOut
    1002
{
    1070
0
    1040
0
    1040
0
    1040
0
    1070
0
    1002
}
    1000
IsFill
    1070
0
    1000
PathStart
    1040
1.66533453693773E-16
    1000
ToolCompensation
    1002
{
    1070
0
    1040
0
    1070
0
    1002
}
       0
CIRCLE
       5
213F
     100
AcDbEntity
       8
1
     100
AcDbCircle
      10
8.88999999999006
      20
0
      30
0
      40
3.95
    1001
FS_CYPCUT
    1000
Channel
    1070
1
    1000
LeadIn
    1002
{
    1070
3
    1040
0
    1040
1.5707963267949
    1040
0.5
    1040
0.3
    1070
0
    1040
0.5
    1070
0
    1002
}
    1000
LeadOut
    1002
{
    1070
0
    1040
0
    1040
0
    1040
0
    1070
0
    1002
}
    1000
IsFill
    1070
0
    1000
PathStart
    1040
0
    1000
ToolCompensation
    1002
{
    1070
0
    1040
0
    1070
0
    1002
}
       0
CIRCLE
       5
2140
     100
AcDbEntity
       8
1
     100
AcDbCircle
      10
8.88999999999006
      20
28
      30
0
      40
2.49999999999999
    1001
FS_CYPCUT
    1000
Channel
    1070
1
    1000
LeadIn
    1002
{
    1070
3
    1040
5.55111512312578E-17
    1040
1.5707963267949
    1040
0.5
    1040
0.3
    1070
0
    1040
0.5
    1070
0
    1002
}
    1000
LeadOut
    1002
{
    1070
0
    1040
0
    1040
0
    1040
0
    1070
0
    1002
}
    1000
IsFill
    1070
0
    1000
PathStart
    1040
5.55111512312578E-17
    1000
ToolCompensation
    1002
{
    1070
0
    1040
0
    1070
0
    1002
}
       0
LWPOLYLINE
       5
2141
     100
AcDbEntity
       8
1
     100
AcDbPolyline
      90
31
      70
1
      10
-17.2812377263099
      20
-36.6457981263
      42
0
      10
-5.29786415640994
      20
-34.1610124547
      42
0.355521463657495
      10
-2.11000000000994
      20
-30.2443256697
      42
0
      10
-2.11000000000994
      20
-15.4029218007
      42
0.202358722546329
      10
-3.31930232559137
      20
-12.5372619307931
      42
-0.449493751242944
      10
-2.11000000000994
      20
13.6106575888
      42
0
      10
-2.11000000000994
      20
27
      42
-0.414213562373095
      10
3.88999999999006
      20
33
      42
0
      10
15.0691258684901
      20
33
      42
-0.237604852739192
      10
19.8899999999502
      20
30.5719984054612
      42
0
      10
28.8880738265901
      20
18.4279332577
      42
0
      10
23.8330378070402
      20
11.4702730730849
      42
0.30509114159452
      10
23.7525003295717
      20
9.23883563839006
      42
-0.352279258639294
      10
21.0993023255713
      20
-12.5372619308426
      42
0.0288115455691542
      10
20.7883691224093
      20
-12.8770781992983
      42
0.631917213318112
      10
22.3391845611901
      20
-16.14
      42
0
      10
30.7499999999901
      20
-16.14
      42
-0.414213562373097
      10
31.7499999999901
      20
-17.14
      42
0
      10
31.7499999999901
      20
-23.14
      42
-0.414213562373097
      10
30.7499999999901
      20
-24.14
      42
0
      10
21.8899999999901
      20
-24.14
      42
0.414213562373095
      10
19.8899999999901
      20
-26.14
      42
0
      10
19.8899999999901
      20
-117.0390550442
      42
-0.162277660168183
      10
19.089999999992
      20
-119.439055044198
      42
0
      10
15.0899999999901
      20
-124.7723883775
      42
-0.236067977499988
      10
11.8899999999901
      20
-126.3723883775
      42
0
      10
-0.110000000009943
      20
-126.3723883775
      42
-0.414213562373104
      10
-2.11000000000997
      20
-124.3723883775
      42
0
      10
-2.11000000000996
      20
-56.7556743303
      42
0.355521463657494
      10
-5.29786415640994
      20
-52.8389875453
      42
0
      10
-17.2812377263099
      20
-50.3542018737
      42
-0.81391858256993
    1001
FS_CYPCUT
    1000
Channel
    1070
1
    1000
LeadIn
    1002
{
    1070
3
    1040
21.5
    1040
1.5707963267949
    1040
0.5
    1040
0.3
    1070
0
    1040
0.5
    1070
0
    1002
}
    1000
LeadOut
    1002
{
    1070
0
    1040
0
    1040
0
    1040
0
    1070
0
    1002
}
    1000
IsFill
    1070
1
    1000
PathStart
    1040
21.5
    1000
ToolCompensation
    1002
{
    1070
0
    1040
0
    1070
0
    1002
}
    1000
MicroConnect
    1002
{
    1070
2
    1040
12.3956802
    1041
0.6
    1042
0
    1040
27.7024319
    1041
0.6
    1042
0
    1002
}
       0
ENDBLK
       5
2142
     330
201F
     100
AcDbEntity
       8
0
     100
AcDbBlockEnd
       0
BLOCK
       5
2143
     330
2020
     100
AcDbEntity
       8
0
     100
AcDbBlockBegin
       2
Part142950187
      70
0
      10
0
      20
-60
      30
0
       3
Part142950187
       1

       4
CypCutBlock
       0
LWPOLYLINE
       5
2144
     100
AcDbEntity
       8
1
     100
AcDbPolyline
      90
4
      70
1
      10
25
      20
-16.9
      42
0
      10
22
      20
-16.9
      42
0
      10
22
      20
-27.1
      42
0
      10
25
      20
-27.1
      42
0
    1001
FS_CYPCUT
    1000
Channel
    1070
1
    1000
LeadIn
    1002
{
    1070
3
    1040
1.5
    1040
1.5707963267949
    1040
0.5
    1040
0.3
    1070
0
    1040
0.5
    1070
0
    1002
}
    1000
LeadOut
    1002
{
    1070
0
    1040
0
    1040
0
    1040
0
    1070
0
    1002
}
    1000
IsFill
    1070
0
    1000
PathStart
    1040
1.5
    1000
ToolCompensation
    1002
{
    1070
0
    1040
0
    1070
0
    1002
}
       0
LWPOLYLINE
       5
2145
     100
AcDbEntity
       8
1
     100
AcDbPolyline
      90
4
      70
1
      10
43.15
      20
-26
      42
0
      10
43.15
      20
-34
      42
-1
      10
37.95
      20
-34
      42
0
      10
37.95
      20
-26
      42
-1
    1001
FS_CYPCUT
    1000
Channel
    1070
1
    1000
LeadIn
    1002
{
    1070
3
    1040
0.5
    1040
1.5707963267949
    1040
0.5
    1040
0.3
    1070
0
    1040
0.5
    1070
0
    1002
}
    1000
LeadOut
    1002
{
    1070
0
    1040
0
    1040
0
    1040
0
    1070
0
    1002
}
    1000
IsFill
    1070
0
    1000
PathStart
    1040
0.5
    1000
ToolCompensation
    1002
{
    1070
0
    1040
0
    1070
0
    1002
}
       0
LWPOLYLINE
       5
2146
     100
AcDbEntity
       8
1
     100
AcDbPolyline
      90
4
      70
1
      10
43.15
      20
-9
      42
1
      10
37.95
      20
-9
      42
0
      10
37.95
      20
-17
      42
1
      10
43.15
      20
-17
      42
0
    1001
FS_CYPCUT
    1000
Channel
    1070
1
    1000
LeadIn
    1002
{
    1070
3
    1040
1.5
    1040
1.5707963267949
    1040
0.5
    1040
0.3
    1070
0
    1040
0.5
    1070
0
    1002
}
    1000
LeadOut
    1002
{
    1070
0
    1040
0
    1040
0
    1040
0
    1070
0
    1002
}
    1000
IsFill
    1070
0
    1000
PathStart
    1040
1.5
    1000
ToolCompensation
    1002
{
    1070
0
    1040
0
    1070
0
    1002
}
       0
LWPOLYLINE
       5
2147
     100
AcDbEntity
       8
1
     100
AcDbPolyline
      90
4
      70
1
      10
100.05
      20
-9
      42
1
      10
94.85
      20
-9
      42
0
      10
94.85
      20
-17
      42
1
      10
100.05
      20
-17
      42
0
    1001
FS_CYPCUT
    1000
Channel
    1070
1
    1000
LeadIn
    1002
{
    1070
3
    1040
1.5
    1040
1.5707963267949
    1040
0.5
    1040
0.3
    1070
0
    1040
0.5
    1070
0
    1002
}
    1000
LeadOut
    1002
{
    1070
0
    1040
0
    1040
0
    1040
0
    1070
0
    1002
}
    1000
IsFill
    1070
0
    1000
PathStart
    1040
1.5
    1000
ToolCompensation
    1002
{
    1070
0
    1040
0
    1070
0
    1002
}
       0
LWPOLYLINE
       5
2148
     100
AcDbEntity
       8
1
     100
AcDbPolyline
      90
4
      70
1
      10
100.05
      20
-26
      42
1
      10
94.85
      20
-26
      42
0
      10
94.85
      20
-34
      42
1
      10
100.05
      20
-34
      42
0
    1001
FS_CYPCUT
    1000
Channel
    1070
1
    1000
LeadIn
    1002
{
    1070
3
    1040
1.5
    1040
1.5707963267949
    1040
0.5
    1040
0.3
    1070
0
    1040
0.5
    1070
0
    1002
}
    1000
LeadOut
    1002
{
    1070
0
    1040
0
    1040
0
    1040
0
    1070
0
    1002
}
    1000
IsFill
    1070
0
    1000
PathStart
    1040
1.5
    1000
ToolCompensation
    1002
{
    1070
0
    1040
0
    1070
0
    1002
}
       0
LWPOLYLINE
       5
2149
     100
AcDbEntity
       8
1
     100
AcDbPolyline
      90
21
      70
1
      10
105
      20
-4
      42
0
      10
105
      20
-41
      42
-0.414213562373099
      10
101
      20
-45
      42
0
      10
90.5
      20
-45
      42
-0.414213562373093
      10
86.5
      20
-41
      42
0
      10
86.5
      20
-19
      42
0.414213562373097
      10
82.5
      20
-15
      42
0
      10
55.5
      20
-15
      42
0.414213562373095
      10
51.5
      20
-19
      42
0
      10
51.5
      20
-41
      42
-0.414213562373094
      10
47.5
      20
-45
      42
0
      10
29
      20
-45
      42
0.414213562373094
      10
25
      20
-49
      42
0
      10
25
      20
-56
      42
-0.414213562373094
      10
21
      20
-60
      42
0
      10
0
      20
-60
      42
0
      10
0
      20
-24.1421356237
      42
-0.198912367379658
      10
2.9289321881
      20
-17.0710678119
      42
0
      10
17.0710678119
      20
-2.9289321881
      42
-0.198912367379658
      10
24.1421356237
      20
0
      42
0
      10
101
      20
0
      42
-0.414213562373092
    1001
FS_CYPCUT
    1000
Channel
    1070
1
    1000
LeadIn
    1002
{
    1070
3
    1040
19.5
    1040
1.5707963267949
    1040
0.5
    1040
0.3
    1070
0
    1040
0.5
    1070
0
    1002
}
    1000
LeadOut
    1002
{
    1070
0
    1040
0
    1040
0
    1040
0
    1070
0
    1002
}
    1000
IsFill
    1070
1
    1000
PathStart
    1040
19.5
    1000
ToolCompensation
    1002
{
    1070
0
    1040
0
    1070
0
    1002
}
    1000
MicroConnect
    1002
{
    1070
2
    1040
10.4171311
    1041
0.6
    1042
0
    1040
19.6942408
    1041
0.6
    1042
0
    1002
}
       0
ENDBLK
       5
214A
     330
2020
     100
AcDbEntity
       8
0
     100
AcDbBlockEnd
       0
BLOCK
       5
214B
     330
2021
     100
AcDbEntity
       8
0
     100
AcDbBlockBegin
       2
Part625124621
      70
0
      10
-20
      20
-26
      30
0
       3
Part625124621
       1

       4
CypCutBlock
       0
CIRCLE
       5
214C
     100
AcDbEntity
       8
1
     100
AcDbCircle
      10
0
      20
-18.5
      30
0
      40
2
    1001
FS_CYPCUT
    1000
Channel
    1070
1
    1000
LeadIn
    1002
{
    1070
3
    1040
8.32667268468867E-17
    1040
1.5707963267949
    1040
0.5
    1040
0.3
    1070
0
    1040
0.5
    1070
0
    1002
}
    1000
LeadOut
    1002
{
    1070
0
    1040
0
    1040
0
    1040
0
    1070
0
    1002
}
    1000
IsFill
    1070
0
    1000
PathStart
    1040
8.32667268468867E-17
    1000
ToolCompensation
    1002
{
    1070
0
    1040
0
    1070
0
    1002
}
       0
LWPOLYLINE
       5
214D
     100
AcDbEntity
       8
1
     100
AcDbPolyline
      90
8
      70
1
      10
5
      20
13
      42
0
      10
5
      20
-1
      42
-0.414213562373095
      10
2
      20
-4
      42
0
      10
-7
      20
-3.99999999999999
      42
-0.414213562373095
      10
-10
      20
-1
      42
0
      10
-10
      20
13
      42
-0.414213562373095
      10
-7
      20
16
      42
0
      10
2
      20
16
      42
-0.414213562373095
    1001
FS_CYPCUT
    1000
Channel
    1070
1
    1000
LeadIn
    1002
{
    1070
3
    1040
0.5
    1040
1.5707963267949
    1040
0.5
    1040
0.3
    1070
0
    1040
0.5
    1070
0
    1002
}
    1000
LeadOut
    1002
{
    1070
0
    1040
0
    1040
0
    1040
0
    1070
0
    1002
}
    1000
IsFill
    1070
0
    1000
PathStart
    1040
0.5
    1000
ToolCompensation
    1002
{
    1070
0
    1040
0
    1070
0
    1002
}
       0
LWPOLYLINE
       5
214E
     100
AcDbEntity
       8
1
     100
AcDbPolyline
      90
5
      70
1
      10
20
      20
26
      42
0
      10
-20
      20
26
      42
0
      10
-20
      20
-26
      42
0
      10
14
      20
-26
      42
0.414213562373096
      10
20
      20
-20
      42
0
    1001
FS_CYPCUT
    1000
Channel
    1070
1
    1000
LeadIn
    1002
{
    1070
3
    1040
1.50241470153846
    1040
1.5707963267949
    1040
0.5
    1040
0.3
    1070
0
    1040
0.5
    1070
0
    1002
}
    1000
LeadOut
    1002
{
    1070
0
    1040
0
    1040
0
    1040
0
    1070
0
    1002
}
    1000
IsFill
    1070
1
    1000
PathStart
    1040
1.5
    1000
ToolCompensation
    1002
{
    1070
0
    1040
0
    1070
0
    1002
}
    1000
MicroConnect
    1002
{
    1070
2
    1040
1.49087624
    1041
0.6
    1042
0
    1040
4.43478261
    1041
0.6
    1042
0
    1002
}
       0
ENDBLK
       5
214F
     330
2021
     100
AcDbEntity
       8
0
     100
AcDbBlockEnd
       0
BLOCK
       5
2150
     330
2022
     100
AcDbEntity
       8
0
     100
AcDbBlockBegin
       2
Part670764407
      70
0
      10
-20
      20
-22
      30
0
       3
Part670764407
       1

       4
CypCutBlock
       0
LINE
       5
2151
     100
AcDbEntity
       8
2
     100
AcDbLine
      10
-20
      20
-2.9069029056
      30
0
      11
20
      21
-2.9069029056
      31
0
    1001
FS_CYPCUT
    1000
Channel
    1070
2
    1000
LeadIn
    1002
{
    1070
3
    1040
0
    1040
1.5707963267949
    1040
0.5
    1040
0.3
    1070
0
    1040
0.5
    1070
0
    1002
}
    1000
LeadOut
    1002
{
    1070
0
    1040
0
    1040
0
    1040
0
    1070
0
    1002
}
    1000
IsFill
    1070
0
    1000
PathStart
    1040
0
    1000
ToolCompensation
    1002
{
    1070
0
    1040
0
    1070
0
    1002
}
       0
LINE
       5
2152
     100
AcDbEntity
       8
2
     100
AcDbLine
      10
22.9530970944
      20
-5.86
      30
0
      11
22.9530970944
      21
-22
      31
0
    1001
FS_CYPCUT
    1000
Channel
    1070
2
    1000
LeadIn
    1002
{
    1070
3
    1040
0
    1040
1.5707963267949
    1040
0.5
    1040
0.3
    1070
0
    1040
0.5
    1070
0
    1002
}
    1000
LeadOut
    1002
{
    1070
0
    1040
0
    1040
0
    1040
0
    1070
0
    1002
}
    1000
IsFill
    1070
0
    1000
PathStart
    1040
0
    1000
ToolCompensation
    1002
{
    1070
0
    1040
0
    1070
0
    1002
}
       0
CIRCLE
       5
2153
     100
AcDbEntity
       8
1
     100
AcDbCircle
      10
0
      20
24.1861941887
      30
0
      40
3.24999999999999
    1001
FS_CYPCUT
    1000
Channel
    1070
1
    1000
LeadIn
    1002
{
    1070
3
    1040
5.55111512312578E-17
    1040
1.5707963267949
    1040
0.5
    1040
0.3
    1070
0
    1040
0.5
    1070
0
    1002
}
    1000
LeadOut
    1002
{
    1070
0
    1040
0
    1040
0
    1040
0
    1070
0
    1002
}
    1000
IsFill
    1070
0
    1000
PathStart
    1040
5.55111512312578E-17
    1000
ToolCompensation
    1002
{
    1070
0
    1040
0
    1070
0
    1002
}
       0
LWPOLYLINE
       5
2154
     100
AcDbEntity
       8
1
     100
AcDbPolyline
      90
15
      70
1
      10
44.7461941887
      20
6.14
      42
0.4142135623731
      10
43.7461941887
      20
7.14
      42
0
      10
26.9061941887
      20
7.14
      42
0.414213562373095
      10
25.9061941887
      20
6.14
      42
0
      10
25.9061941887
      20
-5.86
      42
0
      10
20
      20
-5.86
      42
0
      10
20
      20
24.7861941887
      42
0.414213562373095
      10
0.100000000000001
      20
44.6861941887
      42
0
      10
-0.0999999999999988
      20
44.6861941887
      42
0.414213562373095
      10
-20
      20
24.7861941887
      42
0
      10
-20
      20
-22
      42
0
      10
39.2834916993
      20
-22
      42
0.337828383508317
      10
40.2478910346
      20
-21.2644502261
      42
0
      10
44.7105935239861
      20
-4.98982880702858
      42
0.067008475308907
      10
44.7461941886999
      20
-4.7253785809
      42
0
    1001
FS_CYPCUT
    1000
Channel
    1070
1
    1000
LeadIn
    1002
{
    1070
3
    1040
10.5058242613528
    1040
1.5707963267949
    1040
0.5
    1040
0.3
    1070
0
    1040
0.5
    1070
0
    1002
}
    1000
LeadOut
    1002
{
    1070
0
    1040
0
    1040
0
    1040
0
    1070
0
    1002
}
    1000
IsFill
    1070
1
    1000
PathStart
    1040
10.5
    1000
ToolCompensation
    1002
{
    1070
0
    1040
0
    1070
0
    1002
}
    1000
MicroConnect
    1002
{
    1070
2
    1040
7
    1041
0.6
    1042
0
    1040
10.4957034
    1041
0.6
    1042
0
    1002
}
       0
ENDBLK
       5
2155
     330
2022
     100
AcDbEntity
       8
0
     100
AcDbBlockEnd
       0
BLOCK
       5
2156
     330
2023
     100
AcDbEntity
       8
0
     100
AcDbBlockBegin
       2
Part1721154676
      70
0
      10
-22.86
      20
-126.372388
      30
0
       3
Part1721154676
       1

       4
CypCutBlock
       0
LINE
       5
2157
     100
AcDbEntity
       8
2
     100
AcDbLine
      10
-11
      20
-99.2792912831
      30
0
      11
11
      21
-99.2792912831
      31
0
    1001
FS_CYPCUT
    1000
Channel
    1070
2
    1000
LeadIn
    1002
{
    1070
3
    1040
0
    1040
1.5707963267949
    1040
0.5
    1040
0.3
    1070
0
    1040
0.5
    1070
0
    1002
}
    1000
LeadOut
    1002
{
    1070
0
    1040
0
    1040
0
    1040
0
    1070
0
    1002
}
    1000
IsFill
    1070
0
    1000
PathStart
    1040
0
    1000
ToolCompensation
    1002
{
    1070
0
    1040
0
    1070
0
    1002
}
       0
CIRCLE
       5
2158
     100
AcDbEntity
       8
1
     100
AcDbCircle
      10
24.75
      20
-43.5
      30
0
      40
2.45
    1001
FS_CYPCUT
    1000
Channel
    1070
1
    1000
LeadIn
    1002
{
    1070
3
    1040
1.66533453693773E-16
    1040
1.5707963267949
    1040
0.5
    1040
0.3
    1070
0
    1040
0.5
    1070
0
    1002
}
    1000
LeadOut
    1002
{
    1070
0
    1040
0
    1040
0
    1040
0
    1070
0
    1002
}
    1000
IsFill
    1070
0
    1000
PathStart
    1040
1.66533453693773E-16
    1000
ToolCompensation
    1002
{
    1070
0
    1040
0
    1070
0
    1002
}
       0
LINE
       5
2159
     100
AcDbEntity
       8
2
     100
AcDbLine
      10
11
      20
-60.0930970944
      30
0
      11
-11
      21
-60.0930970944
      31
0
    1001
FS_CYPCUT
    1000
Channel
    1070
2
    1000
LeadIn
    1002
{
    1070
3
    1040
0
    1040
1.5707963267949
    1040
0.5
    1040
0.3
    1070
0
    1040
0.5
    1070
0
    1002
}
    1000
LeadOut
    1002
{
    1070
0
    1040
0
    1040
0
    1040
0
    1070
0
    1002
}
    1000
IsFill
    1070
0
    1000
PathStart
    1040
0
    1000
ToolCompensation
    1002
{
    1070
0
    1040
0
    1070
0
    1002
}
       0
CIRCLE
       5
215A
     100
AcDbEntity
       8
1
     100
AcDbCircle
      10
0
      20
-50
      30
0
      40
2.50000000000001
    1001
FS_CYPCUT
    1000
Channel
    1070
1
    1000
LeadIn
    1002
{
    1070
3
    1040
8.32667268468867E-17
    1040
1.5707963267949
    1040
0.5
    1040
0.3
    1070
0
    1040
0.5
    1070
0
    1002
}
    1000
LeadOut
    1002
{
    1070
0
    1040
0
    1040
0
    1040
0
    1070
0
    1002
}
    1000
IsFill
    1070
0
    1000
PathStart
    1040
8.32667268468867E-17
    1000
ToolCompensation
    1002
{
    1070
0
    1040
0
    1070
0
    1002
}
       0
CIRCLE
       5
215B
     100
AcDbEntity
       8
1
     100
AcDbCircle
      10
0
      20
-28
      30
0
      40
2.5
    1001
FS_CYPCUT
    1000
Channel
    1070
1
    1000
LeadIn
    1002
{
    1070
3
    1040
2.77555756156289E-17
    1040
1.5707963267949
    1040
0.5
    1040
0.3
    1070
0
    1040
0.5
    1070
0
    1002
}
    1000
LeadOut
    1002
{
    1070
0
    1040
0
    1040
0
    1040
0
    1070
0
    1002
}
    1000
IsFill
    1070
0
    1000
PathStart
    1040
2.77555756156289E-17
    1000
ToolCompensation
    1002
{
    1070
0
    1040
0
    1070
0
    1002
}
       0
CIRCLE
       5
215C
     100
AcDbEntity
       8
1
     100
AcDbCircle
      10
0
      20
0
      30
0
      40
3.95
    1001
FS_CYPCUT
    1000
Channel
    1070
1
    1000
LeadIn
    1002
{
    1070
3
    1040
0
    1040
1.5707963267949
    1040
0.5
    1040
0.3
    1070
0
    1040
0.5
    1070
0
    1002
}
    1000
LeadOut
    1002
{
    1070
0
    1040
0
    1040
0
    1040
0
    1070
0
    1002
}
    1000
IsFill
    1070
0
    1000
PathStart
    1040
0
    1000
ToolCompensation
    1002
{
    1070
0
    1040
0
    1070
0
    1002
}
       0
CIRCLE
       5
215D
     100
AcDbEntity
       8
1
     100
AcDbCircle
      10
0
      20
28
      30
0
      40
2.49999999999999
    1001
FS_CYPCUT
    1000
Channel
    1070
1
    1000
LeadIn
    1002
{
    1070
3
    1040
5.55111512312578E-17
    1040
1.5707963267949
    1040
0.5
    1040
0.3
    1070
0
    1040
0.5
    1070
0
    1002
}
    1000
LeadOut
    1002
{
    1070
0
    1040
0
    1040
0
    1040
0
    1070
0
    1002
}
    1000
IsFill
    1070
0
    1000
PathStart
    1040
5.55111512312578E-17
    1000
ToolCompensation
    1002
{
    1070
0
    1040
0
    1070
0
    1002
}
       0
LWPOLYLINE
       5
215E
     100
AcDbEntity
       8
1
     100
AcDbPolyline
      90
31
      70
1
      10
26.1712377263
      20
-36.6457981263
      42
0
      10
14.1878641564
      20
-34.1610124547
      42
-0.355521463657495
      10
11
      20
-30.2443256697
      42
0
      10
11
      20
-15.4029218007
      42
-0.202358722546329
      10
12.2093023255814
      20
-12.5372619307931
      42
0.449493751242944
      10
11
      20
13.6106575888
      42
0
      10
11
      20
27
      42
0.414213562373095
      10
5
      20
33
      42
0
      10
-6.1791258685
      20
33
      42
0.237604852739192
      10
-10.9999999999601
      20
30.5719984054612
      42
0
      10
-19.9980738266
      20
18.4279332577
      42
0
      10
-14.9430378070501
      20
11.4702730730849
      42
-0.30509114159452
      10
-14.8625003295816
      20
9.23883563839006
      42
0.352279258639294
      10
-12.2093023255813
      20
-12.5372619308426
      42
-0.0288115455691542
      10
-11.8983691224193
      20
-12.8770781992983
      42
-0.631917213318112
      10
-13.4491845612
      20
-16.14
      42
0
      10
-21.86
      20
-16.14
      42
0.414213562373097
      10
-22.86
      20
-17.14
      42
0
      10
-22.86
      20
-23.14
      42
0.414213562373097
      10
-21.86
      20
-24.14
      42
0
      10
-13
      20
-24.14
      42
-0.414213562373095
      10
-11
      20
-26.14
      42
0
      10
-11.0000000000001
      20
-117.0390550442
      42
0.162277660168183
      10
-10.2000000000019
      20
-119.439055044198
      42
0
      10
-6.2
      20
-124.7723883775
      42
0.236067977499988
      10
-3
      20
-126.3723883775
      42
0
      10
9
      20
-126.3723883775
      42
0.414213562373104
      10
11
      20
-124.3723883775
      42
0
      10
11
      20
-56.7556743303
      42
-0.355521463657494
      10
14.1878641564
      20
-52.8389875453
      42
0
      10
26.1712377263
      20
-50.3542018737
      42
0.81391858256993
    1001
FS_CYPCUT
    1000
Channel
    1070
1
    1000
LeadIn
    1002
{
    1070
3
    1040
21.5
    1040
1.5707963267949
    1040
0.5
    1040
0.3
    1070
0
    1040
0.5
    1070
0
    1002
}
    1000
LeadOut
    1002
{
    1070
0
    1040
0
    1040
0
    1040
0
    1070
0
    1002
}
    1000
IsFill
    1070
1
    1000
PathStart
    1040
21.5
    1000
ToolCompensation
    1002
{
    1070
0
    1040
0
    1070
0
    1002
}
    1000
MicroConnect
    1002
{
    1070
2
    1040
12.3956802
    1041
0.6
    1042
0
    1040
27.7024319
    1041
0.6
    1042
0
    1002
}
       0
ENDBLK
       5
215F
     330
2023
     100
AcDbEntity
       8
0
     100
AcDbBlockEnd
       0
BLOCK
       5
2160
     330
2024
     100
AcDbEntity
       8
0
     100
AcDbBlockBegin
       2
Part973258218
      70
0
      10
-79.3723884
      20
-25
      30
0
       3
Part973258218
       1

       4
CypCutBlock
       0
LWPOLYLINE
       5
2161
     100
AcDbEntity
       8
1
     100
AcDbPolyline
      90
4
      70
1
      10
-66.7723883775
      20
-11
      42
0
      10
-66.7723883775
      20
-19
      42
-1
      10
-71.9723883775
      20
-19
      42
0
      10
-71.9723883775
      20
-11
      42
-1
    1001
FS_CYPCUT
    1000
Channel
    1070
1
    1000
LeadIn
    1002
{
    1070
3
    1040
0.5
    1040
1.5707963267949
    1040
0.5
    1040
0.3
    1070
0
    1040
0.5
    1070
0
    1002
}
    1000
LeadOut
    1002
{
    1070
0
    1040
0
    1040
0
    1040
0
    1070
0
    1002
}
    1000
IsFill
    1070
0
    1000
PathStart
    1040
0.5
    1000
ToolCompensation
    1002
{
    1070
0
    1040
0
    1070
0
    1002
}
       0
LINE
       5
2162
     100
AcDbEntity
       8
2
     100
AcDbLine
      10
-57.2792912831
      20
-25
      30
0
      11
-57.2792912831
      21
25
      31
0
    1001
FS_CYPCUT
    1000
Channel
    1070
2
    1000
LeadIn
    1002
{
    1070
3
    1040
0
    1040
1.5707963267949
    1040
0.5
    1040
0.3
    1070
0
    1040
0.5
    1070
0
    1002
}
    1000
LeadOut
    1002
{
    1070
0
    1040
0
    1040
0
    1040
0
    1070
0
    1002
}
    1000
IsFill
    1070
0
    1000
PathStart
    1040
0
    1000
ToolCompensation
    1002
{
    1070
0
    1040
0
    1070
0
    1002
}
       0
LWPOLYLINE
       5
2163
     100
AcDbEntity
       8
1
     100
AcDbPolyline
      90
4
      70
1
      10
-66.7723883775
      20
19
      42
1
      10
-71.9723883775
      20
19
      42
0
      10
-71.9723883775
      20
11
      42
1
      10
-66.7723883775
      20
11
      42
0
    1001
FS_CYPCUT
    1000
Channel
    1070
1
    1000
LeadIn
    1002
{
    1070
3
    1040
1.5
    1040
1.5707963267949
    1040
0.5
    1040
0.3
    1070
0
    1040
0.5
    1070
0
    1002
}
    1000
LeadOut
    1002
{
    1070
0
    1040
0
    1040
0
    1040
0
    1070
0
    1002
}
    1000
IsFill
    1070
0
    1000
PathStart
    1040
1.5
    1000
ToolCompensation
    1002
{
    1070
0
    1040
0
    1070
0
    1002
}
       0
LWPOLYLINE
       5
2164
     100
AcDbEntity
       8
1
     100
AcDbPolyline
      90
4
      70
1
      10
-66.7723883775
      20
49
      42
1
      10
-71.9723883775
      20
49
      42
0
      10
-71.9723883775
      20
41
      42
1
      10
-66.7723883775
      20
41
      42
0
    1001
FS_CYPCUT
    1000
Channel
    1070
1
    1000
LeadIn
    1002
{
    1070
3
    1040
1.5
    1040
1.5707963267949
    1040
0.5
    1040
0.3
    1070
0
    1040
0.5
    1070
0
    1002
}
    1000
LeadOut
    1002
{
    1070
0
    1040
0
    1040
0
    1040
0
    1070
0
    1002
}
    1000
IsFill
    1070
0
    1000
PathStart
    1040
1.5
    1000
ToolCompensation
    1002
{
    1070
0
    1040
0
    1070
0
    1002
}
       0
LWPOLYLINE
       5
2165
     100
AcDbEntity
       8
1
     100
AcDbPolyline
      90
8
      70
1
      10
-22.6861941887
      20
13
      42
0.414213562373095
      10
-24.6861941887
      20
15
      42
0
      10
-32.6861941887
      20
15
      42
0.414213562373097
      10
-34.6861941887
      20
13
      42
0
      10
-34.6861941887
      20
-13
      42
0.414213562373096
      10
-32.6861941887
      20
-15
      42
0
      10
-24.6861941887
      20
-15
      42
0.414213562373093
      10
-22.6861941887
      20
-13
      42
0
    1001
FS_CYPCUT
    1000
Channel
    1070
1
    1000
LeadIn
    1002
{
    1070
3
    1040
3.5
    1040
1.5707963267949
    1040
0.5
    1040
0.3
    1070
0
    1040
0.5
    1070
0
    1002
}
    1000
LeadOut
    1002
{
    1070
0
    1040
0
    1040
0
    1040
0
    1070
0
    1002
}
    1000
IsFill
    1070
0
    1000
PathStart
    1040
3.5
    1000
ToolCompensation
    1002
{
    1070
0
    1040
0
    1070
0
    1002
}
       0
LINE
       5
2166
     100
AcDbEntity
       8
2
     100
AcDbLine
      10
-0.0930970944
      20
25
      30
0
      11
-0.0930970944
      21
-25
      31
0
    1001
FS_CYPCUT
    1000
Channel
    1070
2
    1000
LeadIn
    1002
{
    1070
3
    1040
0
    1040
1.5707963267949
    1040
0.5
    1040
0.3
    1070
0
    1040
0.5
    1070
0
    1002
}
    1000
LeadOut
    1002
{
    1070
0
    1040
0
    1040
0
    1040
0
    1070
0
    1002
}
    1000
IsFill
    1070
0
    1000
PathStart
    1040
0
    1000
ToolCompensation
    1002
{
    1070
0
    1040
0
    1070
0
    1002
}
       0
LWPOLYLINE
       5
2167
     100
AcDbEntity
       8
1
     100
AcDbPolyline
      90
6
      70
1
      10
40.1535282653563
      20
8.72096217976618
      42
0.761897785052807
      10
39.1298857662
      20
12.4391461146
      42
0
      10
19.86
      20
12.4391461146
      42
0.414213562373095
      10
17.86
      20
10.4391461146
      42
0
      10
17.86
      20
-1.0412743598
      42
0.58192755795363
      10
20.8836424991563
      20
-2.75945829463383
      42
0
    1001
FS_CYPCUT
    1000
Channel
    1070
1
    1000
LeadIn
    1002
{
    1070
3
    1040
5.5
    1040
1.5707963267949
    1040
0.5
    1040
0.3
    1070
0
    1040
0.5
    1070
0
    1002
}
    1000
LeadOut
    1002
{
    1070
0
    1040
0
    1040
0
    1040
0
    1070
0
    1002
}
    1000
IsFill
    1070
0
    1000
PathStart
    1040
5.5
    1000
ToolCompensation
    1002
{
    1070
0
    1040
0
    1070
0
    1002
}
       0
LWPOLYLINE
       5
2168
     100
AcDbEntity
       8
1
     100
AcDbPolyline
      90
18
      70
1
      10
80
      20
25
      42
0
      10
80
      20
20.6824969728
      42
-0.264280396371112
      10
75.1182124957815
      20
12.0915772986309
      42
0
      10
15.2251413268815
      20
-23.5909196741691
      42
-0.135139630100652
      10
10.1069288311
      20
-25
      42
0
      10
-75.3723883775
      20
-25
      42
-0.414213562373097
      10
-79.3723883775
      20
-21
      42
0
      10
-79.3723883775
      20
51
      42
-0.414213562373096
      10
-75.3723883775
      20
55
      42
0
      10
-64.2323883775
      20
55
      42
-0.414213562373097
      10
-60.2323883775
      20
51
      42
0
      10
-60.2323883775
      20
25
      42
0
      10
-24.1861941887
      20
25
      42
0
      10
-24.1861941887
      20
27
      42
-0.414213562373093
      10
-23.1861941887
      20
28
      42
0
      10
-15.1861941887
      20
28
      42
-0.414213562373097
      10
-14.1861941887
      20
27
      42
0
      10
-14.1861941887
      20
25
      42
0
    1001
FS_CYPCUT
    1000
Channel
    1070
1
    1000
LeadIn
    1002
{
    1070
3
    1040
17.5
    1040
1.5707963267949
    1040
0.5
    1040
0.3
    1070
0
    1040
0.5
    1070
0
    1002
}
    1000
LeadOut
    1002
{
    1070
0
    1040
0
    1040
0
    1040
0
    1070
0
    1002
}
    1000
IsFill
    1070
1
    1000
PathStart
    1040
17.5
    1000
ToolCompensation
    1002
{
    1070
0
    1040
0
    1070
0
    1002
}
    1000
MicroConnect
    1002
{
    1070
3
    1040
4.27663746
    1041
0.6
    1042
0
    1040
7.33210058
    1041
0.6
    1042
0
    1040
14.5066057
    1041
0.6
    1042
0
    1002
}
       0
ENDBLK
       5
2169
     330
2024
     100
AcDbEntity
       8
0
     100
AcDbBlockEnd
       0
BLOCK
       5
216A
     330
2025
     100
AcDbEntity
       8
0
     100
AcDbBlockBegin
       2
Part725236445
      70
0
      10
-22.86
      20
-126.372388
      30
0
       3
Part725236445
       1

       4
CypCutBlock
       0
LINE
       5
216B
     100
AcDbEntity
       8
2
     100
AcDbLine
      10
-2.11000000000994
      20
-99.2792912831
      30
0
      11
19.8899999999901
      21
-99.2792912831
      31
0
    1001
FS_CYPCUT
    1000
Channel
    1070
2
    1000
LeadIn
    1002
{
    1070
3
    1040
0
    1040
1.5707963267949
    1040
0.5
    1040
0.3
    1070
0
    1040
0.5
    1070
0
    1002
}
    1000
LeadOut
    1002
{
    1070
0
    1040
0
    1040
0
    1040
0
    1070
0
    1002
}
    1000
IsFill
    1070
0
    1000
PathStart
    1040
0
    1000
ToolCompensation
    1002
{
    1070
0
    1040
0
    1070
0
    1002
}
       0
LINE
       5
216C
     100
AcDbEntity
       8
2
     100
AcDbLine
      10
19.8899999999901
      20
-60.0930970944
      30
0
      11
-2.11000000000994
      21
-60.0930970944
      31
0
    1001
FS_CYPCUT
    1000
Channel
    1070
2
    1000
LeadIn
    1002
{
    1070
3
    1040
0
    1040
1.5707963267949
    1040
0.5
    1040
0.3
    1070
0
    1040
0.5
    1070
0
    1002
}
    1000
LeadOut
    1002
{
    1070
0
    1040
0
    1040
0
    1040
0
    1070
0
    1002
}
    1000
IsFill
    1070
0
    1000
PathStart
    1040
0
    1000
ToolCompensation
    1002
{
    1070
0
    1040
0
    1070
0
    1002
}
       0
CIRCLE
       5
216D
     100
AcDbEntity
       8
1
     100
AcDbCircle
      10
8.88999999999006
      20
-50
      30
0
      40
2.50000000000001
    1001
FS_CYPCUT
    1000
Channel
    1070
1
    1000
LeadIn
    1002
{
    1070
3
    1040
8.32667268468867E-17
    1040
1.5707963267949
    1040
0.5
    1040
0.3
    1070
0
    1040
0.5
    1070
0
    1002
}
    1000
LeadOut
    1002
{
    1070
0
    1040
0
    1040
0
    1040
0
    1070
0
    1002
}
    1000
IsFill
    1070
0
    1000
PathStart
    1040
8.32667268468867E-17
    1000
ToolCompensation
    1002
{
    1070
0
    1040
0
    1070
0
    1002
}
       0
CIRCLE
       5
216E
     100
AcDbEntity
       8
1
     100
AcDbCircle
      10
8.88999999999006
      20
-28
      30
0
      40
2.5
    1001
FS_CYPCUT
    1000
Channel
    1070
1
    1000
LeadIn
    1002
{
    1070
3
    1040
2.77555756156289E-17
    1040
1.5707963267949
    1040
0.5
    1040
0.3
    1070
0
    1040
0.5
    1070
0
    1002
}
    1000
LeadOut
    1002
{
    1070
0
    1040
0
    1040
0
    1040
0
    1070
0
    1002
}
    1000
IsFill
    1070
0
    1000
PathStart
    1040
2.77555756156289E-17
    1000
ToolCompensation
    1002
{
    1070
0
    1040
0
    1070
0
    1002
}
       0
CIRCLE
       5
216F
     100
AcDbEntity
       8
1
     100
AcDbCircle
      10
-15.8600000000099
      20
-43.5
      30
0
      40
2.45
    1001
FS_CYPCUT
    1000
Channel
    1070
1
    1000
LeadIn
    1002
{
    1070
3
    1040
1.66533453693773E-16
    1040
1.5707963267949
    1040
0.5
    1040
0.3
    1070
0
    1040
0.5
    1070
0
    1002
}
    1000
LeadOut
    1002
{
    1070
0
    1040
0
    1040
0
    1040
0
    1070
0
    1002
}
    1000
IsFill
    1070
0
    1000
PathStart
    1040
1.66533453693773E-16
    1000
ToolCompensation
    1002
{
    1070
0
    1040
0
    1070
0
    1002
}
       0
CIRCLE
       5
2170
     100
AcDbEntity
       8
1
     100
AcDbCircle
      10
8.88999999999006
      20
0
      30
0
      40
3.95
    1001
FS_CYPCUT
    1000
Channel
    1070
1
    1000
LeadIn
    1002
{
    1070
3
    1040
0
    1040
1.5707963267949
    1040
0.5
    1040
0.3
    1070
0
    1040
0.5
    1070
0
    1002
}
    1000
LeadOut
    1002
{
    1070
0
    1040
0
    1040
0
    1040
0
    1070
0
    1002
}
    1000
IsFill
    1070
0
    1000
PathStart
    1040
0
    1000
ToolCompensation
    1002
{
    1070
0
    1040
0
    1070
0
    1002
}
       0
CIRCLE
       5
2171
     100
AcDbEntity
       8
1
     100
AcDbCircle
      10
8.88999999999006
      20
28
      30
0
      40
2.49999999999999
    1001
FS_CYPCUT
    1000
Channel
    1070
1
    1000
LeadIn
    1002
{
    1070
3
    1040
5.55111512312578E-17
    1040
1.5707963267949
    1040
0.5
    1040
0.3
    1070
0
    1040
0.5
    1070
0
    1002
}
    1000
LeadOut
    1002
{
    1070
0
    1040
0
    1040
0
    1040
0
    1070
0
    1002
}
    1000
IsFill
    1070
0
    1000
PathStart
    1040
5.55111512312578E-17
    1000
ToolCompensation
    1002
{
    1070
0
    1040
0
    1070
0
    1002
}
       0
LWPOLYLINE
       5
2172
     100
AcDbEntity
       8
1
     100
AcDbPolyline
      90
31
      70
1
      10
-17.2812377263099
      20
-36.6457981263
      42
0
      10
-5.29786415640994
      20
-34.1610124547
      42
0.355521463657495
      10
-2.11000000000994
      20
-30.2443256697
      42
0
      10
-2.11000000000994
      20
-15.4029218007
      42
0.202358722546329
      10
-3.31930232559137
      20
-12.5372619307931
      42
-0.449493751242944
      10
-2.11000000000994
      20
13.6106575888
      42
0
      10
-2.11000000000994
      20
27
      42
-0.414213562373095
      10
3.88999999999006
      20
33
      42
0
      10
15.0691258684901
      20
33
      42
-0.237604852739192
      10
19.8899999999502
      20
30.5719984054612
      42
0
      10
28.8880738265901
      20
18.4279332577
      42
0
      10
23.8330378070402
      20
11.4702730730849
      42
0.30509114159452
      10
23.7525003295717
      20
9.23883563839006
      42
-0.352279258639294
      10
21.0993023255713
      20
-12.5372619308426
      42
0.0288115455691542
      10
20.7883691224093
      20
-12.8770781992983
      42
0.631917213318112
      10
22.3391845611901
      20
-16.14
      42
0
      10
30.7499999999901
      20
-16.14
      42
-0.414213562373097
      10
31.7499999999901
      20
-17.14
      42
0
      10
31.7499999999901
      20
-23.14
      42
-0.414213562373097
      10
30.7499999999901
      20
-24.14
      42
0
      10
21.8899999999901
      20
-24.14
      42
0.414213562373095
      10
19.8899999999901
      20
-26.14
      42
0
      10
19.8899999999901
      20
-117.0390550442
      42
-0.162277660168183
      10
19.089999999992
      20
-119.439055044198
      42
0
      10
15.0899999999901
      20
-124.7723883775
      42
-0.236067977499988
      10
11.8899999999901
      20
-126.3723883775
      42
0
      10
-0.110000000009943
      20
-126.3723883775
      42
-0.414213562373104
      10
-2.11000000000997
      20
-124.3723883775
      42
0
      10
-2.11000000000996
      20
-56.7556743303
      42
0.355521463657494
      10
-5.29786415640994
      20
-52.8389875453
      42
0
      10
-17.2812377263099
      20
-50.3542018737
      42
-0.81391858256993
    1001
FS_CYPCUT
    1000
Channel
    1070
1
    1000
LeadIn
    1002
{
    1070
3
    1040
21.5
    1040
1.5707963267949
    1040
0.5
    1040
0.3
    1070
0
    1040
0.5
    1070
0
    1002
}
    1000
LeadOut
    1002
{
    1070
0
    1040
0
    1040
0
    1040
0
    1070
0
    1002
}
    1000
IsFill
    1070
1
    1000
PathStart
    1040
21.5
    1000
ToolCompensation
    1002
{
    1070
0
    1040
0
    1070
0
    1002
}
    1000
MicroConnect
    1002
{
    1070
2
    1040
12.3956802
    1041
0.6
    1042
0
    1040
27.7024319
    1041
0.6
    1042
0
    1002
}
       0
ENDBLK
       5
2173
     330
2025
     100
AcDbEntity
       8
0
     100
AcDbBlockEnd
       0
BLOCK
       5
2174
     330
2026
     100
AcDbEntity
       8
0
     100
AcDbBlockBegin
       2
Part183035980
      70
0
      10
-18.8231814
      20
-51.7961942
      30
0
       3
Part183035980
       1

       4
CypCutBlock
       0
LWPOLYLINE
       5
2175
     100
AcDbEntity
       8
1
     100
AcDbPolyline
      90
8
      70
1
      10
24.376818637
      20
-19.9061941887
      42
0.414213562373096
      10
20.376818637
      20
-15.9061941887
      42
0
      10
14
      20
-15.9061941887
      42
0.414213562373095
      10
10
      20
-19.9061941887
      42
0
      10
10
      20
-37.7961941887
      42
0.414213562373093
      10
14
      20
-41.7961941887
      42
0
      10
20.376818637
      20
-41.7961941887
      42
0.414213562373096
      10
24.376818637
      20
-37.7961941887
      42
0
    1001
FS_CYPCUT
    1000
Channel
    1070
1
    1000
LeadIn
    1002
{
    1070
3
    1040
3.5
    1040
1.5707963267949
    1040
0.5
    1040
0.3
    1070
0
    1040
0.5
    1070
0
    1002
}
    1000
LeadOut
    1002
{
    1070
0
    1040
0
    1040
0
    1040
0
    1070
0
    1002
}
    1000
IsFill
    1070
0
    1000
PathStart
    1040
3.5
    1000
ToolCompensation
    1002
{
    1070
0
    1040
0
    1070
0
    1002
}
       0
LINE
       5
2176
     100
AcDbEntity
       8
2
     100
AcDbLine
      10
0
      20
-2.9530970944
      30
0
      11
34.376818637
      21
-2.9530970944
      31
0
    1001
FS_CYPCUT
    1000
Channel
    1070
2
    1000
LeadIn
    1002
{
    1070
3
    1040
0
    1040
1.5707963267949
    1040
0.5
    1040
0.3
    1070
0
    1040
0.5
    1070
0
    1002
}
    1000
LeadOut
    1002
{
    1070
0
    1040
0
    1040
0
    1040
0
    1070
0
    1002
}
    1000
IsFill
    1070
0
    1000
PathStart
    1040
0
    1000
ToolCompensation
    1002
{
    1070
0
    1040
0
    1070
0
    1002
}
       0
CIRCLE
       5
2177
     100
AcDbEntity
       8
1
     100
AcDbCircle
      10
-10.823181363
      20
42.14
      30
0
      40
2.50000000000001
    1001
FS_CYPCUT
    1000
Channel
    1070
1
    1000
LeadIn
    1002
{
    1070
3
    1040
8.32667268468867E-17
    1040
1.5707963267949
    1040
0.5
    1040
0.3
    1070
0
    1040
0.5
    1070
0
    1002
}
    1000
LeadOut
    1002
{
    1070
0
    1040
0
    1040
0
    1040
0
    1070
0
    1002
}
    1000
IsFill
    1070
0
    1000
PathStart
    1040
8.32667268468867E-17
    1000
ToolCompensation
    1002
{
    1070
0
    1040
0
    1070
0
    1002
}
       0
LWPOLYLINE
       5
2178
     100
AcDbEntity
       8
1
     100
AcDbPolyline
      90
10
      70
1
      10
34.376818637
      20
13.14
      42
0.223092676851076
      10
32.9316051391321
      20
16.2178346168246
      42
0
      10
-5.7136083587
      20
48.2956692336
      42
1.25731317831265
      10
-12.7154700995
      20
34.3670183753
      42
0
      10
-13.0022245184
      20
27.8833604616
      42
0
      10
0
      20
0
      42
0
      10
0
      20
-46.7961941887
      42
0.414213562373097
      10
5
      20
-51.7961941887
      42
0
      10
29.376818637
      20
-51.7961941887
      42
0.414213562373096
      10
34.376818637
      20
-46.7961941887
      42
0
    1001
FS_CYPCUT
    1000
Channel
    1070
1
    1000
LeadIn
    1002
{
    1070
3
    1040
9.50667376562276
    1040
1.5707963267949
    1040
0.5
    1040
0.3
    1070
0
    1040
0.5
    1070
0
    1002
}
    1000
LeadOut
    1002
{
    1070
0
    1040
0
    1040
0
    1040
0
    1070
0
    1002
}
    1000
IsFill
    1070
1
    1000
PathStart
    1040
9.5
    1000
ToolCompensation
    1002
{
    1070
0
    1040
0
    1070
0
    1002
}
    1000
MicroConnect
    1002
{
    1070
2
    1040
4.18303713
    1041
0.6
    1042
0
    1040
9.49666312
    1041
0.6
    1042
0
    1002
}
       0
ENDBLK
       5
2179
     330
2026
     100
AcDbEntity
       8
0
     100
AcDbBlockEnd
       0
BLOCK
       5
217A
     330
2027
     100
AcDbEntity
       8
0
     100
AcDbBlockBegin
       2
Part1338743362
      70
0
      10
0
      20
-29
      30
0
       3
Part1338743362
       1

       4
CypCutBlock
       0
CIRCLE
       5
217B
     100
AcDbEntity
       8
1
     100
AcDbCircle
      10
18.0355339059
      20
-10.9644660941
      30
0
      40
2.5
    1001
FS_CYPCUT
    1000
Channel
    1070
1
    1000
LeadIn
    1002
{
    1070
3
    1040
0
    1040
1.5707963267949
    1040
0.5
    1040
0.3
    1070
0
    1040
0.5
    1070
0
    1002
}
    1000
LeadOut
    1002
{
    1070
0
    1040
0
    1040
0
    1040
0
    1070
0
    1002
}
    1000
IsFill
    1070
0
    1000
PathStart
    1040
1
    1000
ToolCompensation
    1002
{
    1070
0
    1040
0
    1070
0
    1002
}
       0
CIRCLE
       5
217C
     100
AcDbEntity
       8
1
     100
AcDbCircle
      10
15.8944660941
      20
11.0344660941
      30
0
      40
2.5
    1001
FS_CYPCUT
    1000
Channel
    1070
1
    1000
LeadIn
    1002
{
    1070
3
    1040
0
    1040
1.5707963267949
    1040
0.5
    1040
0.3
    1070
0
    1040
0.5
    1070
0
    1002
}
    1000
LeadOut
    1002
{
    1070
0
    1040
0
    1040
0
    1040
0
    1070
0
    1002
}
    1000
IsFill
    1070
0
    1000
PathStart
    1040
0
    1000
ToolCompensation
    1002
{
    1070
0
    1040
0
    1070
0
    1002
}
       0
LWPOLYLINE
       5
217D
     100
AcDbEntity
       8
1
     100
AcDbPolyline
      90
6
      70
1
      10
32.86
      20
1.14
      42
0
      10
32.86
      20
-29
      42
0
      10
29
      20
-29
      42
0
      10
0
      20
0
      42
0
      10
0
      20
28
      42
0
      10
6
      20
28
      42
0
    1001
FS_CYPCUT
    1000
Channel
    1070
1
    1000
LeadIn
    1002
{
    1070
3
    1040
2.5
    1040
1.5707963267949
    1040
0.5
    1040
0.3
    1070
0
    1040
0.5
    1070
0
    1002
}
    1000
LeadOut
    1002
{
    1070
0
    1040
0
    1040
0
    1040
0
    1070
0
    1002
}
    1000
IsFill
    1070
1
    1000
PathStart
    1040
2.5
    1000
ToolCompensation
    1002
{
    1070
0
    1040
0
    1070
0
    1002
}
    1000
MicroConnect
    1002
{
    1070
2
    1040
0.437260265
    1041
0.6
    1042
0
    1040
3.53327526
    1041
0.6
    1042
0
    1002
}
       0
ENDBLK
       5
217E
     330
2027
     100
AcDbEntity
       8
0
     100
AcDbBlockEnd
       0
BLOCK
       5
217F
     330
2028
     100
AcDbEntity
       8
0
     100
AcDbBlockBegin
       2
Part2023805265
      70
0
      10
0
      20
-29
      30
0
       3
Part2023805265
       1

       4
CypCutBlock
       0
CIRCLE
       5
2180
     100
AcDbEntity
       8
1
     100
AcDbCircle
      10
18.0355339059
      20
-10.9644660941
      30
0
      40
2.5
    1001
FS_CYPCUT
    1000
Channel
    1070
1
    1000
LeadIn
    1002
{
    1070
3
    1040
0
    1040
1.5707963267949
    1040
0.5
    1040
0.3
    1070
0
    1040
0.5
    1070
0
    1002
}
    1000
LeadOut
    1002
{
    1070
0
    1040
0
    1040
0
    1040
0
    1070
0
    1002
}
    1000
IsFill
    1070
0
    1000
PathStart
    1040
1
    1000
ToolCompensation
    1002
{
    1070
0
    1040
0
    1070
0
    1002
}
       0
CIRCLE
       5
2181
     100
AcDbEntity
       8
1
     100
AcDbCircle
      10
15.8944660941
      20
11.0344660941
      30
0
      40
2.5
    1001
FS_CYPCUT
    1000
Channel
    1070
1
    1000
LeadIn
    1002
{
    1070
3
    1040
0
    1040
1.5707963267949
    1040
0.5
    1040
0.3
    1070
0
    1040
0.5
    1070
0
    1002
}
    1000
LeadOut
    1002
{
    1070
0
    1040
0
    1040
0
    1040
0
    1070
0
    1002
}
    1000
IsFill
    1070
0
    1000
PathStart
    1040
0
    1000
ToolCompensation
    1002
{
    1070
0
    1040
0
    1070
0
    1002
}
       0
LWPOLYLINE
       5
2182
     100
AcDbEntity
       8
1
     100
AcDbPolyline
      90
6
      70
1
      10
32.86
      20
1.14
      42
0
      10
32.86
      20
-29
      42
0
      10
29
      20
-29
      42
0
      10
0
      20
0
      42
0
      10
0
      20
28
      42
0
      10
6
      20
28
      42
0
    1001
FS_CYPCUT
    1000
Channel
    1070
1
    1000
LeadIn
    1002
{
    1070
3
    1040
2.5
    1040
1.5707963267949
    1040
0.5
    1040
0.3
    1070
0
    1040
0.5
    1070
0
    1002
}
    1000
LeadOut
    1002
{
    1070
0
    1040
0
    1040
0
    1040
0
    1070
0
    1002
}
    1000
IsFill
    1070
1
    1000
PathStart
    1040
2.5
    1000
ToolCompensation
    1002
{
    1070
0
    1040
0
    1070
0
    1002
}
    1000
MicroConnect
    1002
{
    1070
2
    1040
0.437260265
    1041
0.6
    1042
0
    1040
3.53327526
    1041
0.6
    1042
0
    1002
}
       0
ENDBLK
       5
2183
     330
2028
     100
AcDbEntity
       8
0
     100
AcDbBlockEnd
       0
BLOCK
       5
2184
     330
2029
     100
AcDbEntity
       8
0
     100
AcDbBlockBegin
       2
Part896322926
      70
0
      10
-30.1861942
      20
-28
      30
0
       3
Part896322926
       1

       4
CypCutBlock
       0
CIRCLE
       5
2185
     100
AcDbEntity
       8
1
     100
AcDbCircle
      10
-15.1861941887
      20
0
      30
0
      40
2
    1001
FS_CYPCUT
    1000
Channel
    1070
1
    1000
LeadIn
    1002
{
    1070
3
    1040
2.77555756156289E-17
    1040
1.5707963267949
    1040
0.5
    1040
0.3
    1070
0
    1040
0.5
    1070
0
    1002
}
    1000
LeadOut
    1002
{
    1070
0
    1040
0
    1040
0
    1040
0
    1070
0
    1002
}
    1000
IsFill
    1070
0
    1000
PathStart
    1040
2.77555756156289E-17
    1000
ToolCompensation
    1002
{
    1070
0
    1040
0
    1070
0
    1002
}
       0
LINE
       5
2186
     100
AcDbEntity
       8
2
     100
AcDbLine
      10
2.9069029056
      20
-20
      30
0
      11
2.9069029056
      21
28
      31
0
    1001
FS_CYPCUT
    1000
Channel
    1070
2
    1000
LeadIn
    1002
{
    1070
3
    1040
0
    1040
1.5707963267949
    1040
0.5
    1040
0.3
    1070
0
    1040
0.5
    1070
0
    1002
}
    1000
LeadOut
    1002
{
    1070
0
    1040
0
    1040
0
    1040
0
    1070
0
    1002
}
    1000
IsFill
    1070
0
    1000
PathStart
    1040
0
    1000
ToolCompensation
    1002
{
    1070
0
    1040
0
    1070
0
    1002
}
       0
CIRCLE
       5
2187
     100
AcDbEntity
       8
1
     100
AcDbCircle
      10
20.65
      20
17
      30
0
      40
3.25
    1001
FS_CYPCUT
    1000
Channel
    1070
1
    1000
LeadIn
    1002
{
    1070
3
    1040
0
    1040
1.5707963267949
    1040
0.5
    1040
0.3
    1070
0
    1040
0.5
    1070
0
    1002
}
    1000
LeadOut
    1002
{
    1070
0
    1040
0
    1040
0
    1040
0
    1070
0
    1002
}
    1000
IsFill
    1070
0
    1000
PathStart
    1040
0
    1000
ToolCompensation
    1002
{
    1070
0
    1040
0
    1070
0
    1002
}
       0
CIRCLE
       5
2188
     100
AcDbEntity
       8
1
     100
AcDbCircle
      10
20.65
      20
-9
      30
0
      40
3.24999999999999
    1001
FS_CYPCUT
    1000
Channel
    1070
1
    1000
LeadIn
    1002
{
    1070
3
    1040
0
    1040
1.5707963267949
    1040
0.5
    1040
0.3
    1070
0
    1040
0.5
    1070
0
    1002
}
    1000
LeadOut
    1002
{
    1070
0
    1040
0
    1040
0
    1040
0
    1070
0
    1002
}
    1000
IsFill
    1070
0
    1000
PathStart
    1040
1
    1000
ToolCompensation
    1002
{
    1070
0
    1040
0
    1070
0
    1002
}
       0
CIRCLE
       5
2189
     100
AcDbEntity
       8
1
     100
AcDbCircle
      10
46.65
      20
-9
      30
0
      40
3.25
    1001
FS_CYPCUT
    1000
Channel
    1070
1
    1000
LeadIn
    1002
{
    1070
3
    1040
8.32667268468867E-17
    1040
1.5707963267949
    1040
0.5
    1040
0.3
    1070
0
    1040
0.5
    1070
0
    1002
}
    1000
LeadOut
    1002
{
    1070
0
    1040
0
    1040
0
    1040
0
    1070
0
    1002
}
    1000
IsFill
    1070
0
    1000
PathStart
    1040
8.32667268468867E-17
    1000
ToolCompensation
    1002
{
    1070
0
    1040
0
    1070
0
    1002
}
       0
CIRCLE
       5
218A
     100
AcDbEntity
       8
1
     100
AcDbCircle
      10
46.65
      20
17
      30
0
      40
3.24999999999999
    1001
FS_CYPCUT
    1000
Channel
    1070
1
    1000
LeadIn
    1002
{
    1070
3
    1040
0
    1040
1.5707963267949
    1040
0.5
    1040
0.3
    1070
0
    1040
0.5
    1070
0
    1002
}
    1000
LeadOut
    1002
{
    1070
0
    1040
0
    1040
0
    1040
0
    1070
0
    1002
}
    1000
IsFill
    1070
0
    1000
PathStart
    1040
1
    1000
ToolCompensation
    1002
{
    1070
0
    1040
0
    1070
0
    1002
}
       0
LWPOLYLINE
       5
218B
     100
AcDbEntity
       8
1
     100
AcDbPolyline
      90
45
      70
1
      10
51
      20
24
      42
0.414213562373096
      10
47
      20
28
      42
0
      10
-22.7053878681667
      20
27.999999999998
      42
-0.34736674532857
      10
-25.1861941887
      20
26.04
      42
0
      10
-28.6861941887
      20
26.04
      42
0
      10
-30.1861941887
      20
24.54
      42
0
      10
-30.1861941887
      20
23.11
      42
0
      10
-28.6861941887
      20
21.61
      42
0
      10
-25.1861941887
      20
21.61
      42
-1
      10
-25.1861941887
      20
16.51
      42
0
      10
-28.6861941887
      20
16.51
      42
0
      10
-30.1861941887
      20
15.01
      42
0
      10
-30.1861941887
      20
13.58
      42
0
      10
-28.6861941887
      20
12.08
      42
0
      10
-25.1861941887
      20
12.08
      42
-1
      10
-25.1861941887
      20
6.98
      42
0
      10
-28.6861941887
      20
6.98
      42
0
      10
-30.1861941887
      20
5.48
      42
0
      10
-30.1861941887
      20
4.05
      42
0
      10
-28.6861941887
      20
2.55
      42
0
      10
-25.1861941887
      20
2.55
      42
-1
      10
-25.1861941887
      20
-2.55
      42
0
      10
-28.6861941887
      20
-2.55
      42
0
      10
-30.1861941887
      20
-4.05
      42
0
      10
-30.1861941887
      20
-5.48
      42
0
      10
-28.6861941887
      20
-6.98
      42
0
      10
-25.1861941887
      20
-6.98
      42
-1
      10
-25.1861941887
      20
-12.08
      42
0
      10
-28.6861941887
      20
-12.08
      42
0
      10
-30.1861941887
      20
-13.58
      42
0
      10
-30.1861941887
      20
-15.01
      42
0
      10
-28.6861941887
      20
-16.51
      42
0
      10
-25.1861941887
      20
-16.51
      42
-1
      10
-25.1861941887
      20
-21.61
      42
0
      10
-28.6861941887
      20
-21.61
      42
0
      10
-30.1861941887
      20
-23.11
      42
0
      10
-30.1861941887
      20
-24.54
      42
0
      10
-28.6861941887
      20
-26.04
      42
0
      10
-25.1861941887
      20
-26.04
      42
-0.347366745328567
      10
-22.7053878681668
      20
-27.999999999998
      42
0
      10
-4.1861941887
      20
-28
      42
0.414213562373094
      10
-0.186194188700004
      20
-24
      42
0
      10
-0.1861941887
      20
-20
      42
0
      10
47
      20
-20
      42
0.414213562373094
      10
51
      20
-16
      42
0
    1001
FS_CYPCUT
    1000
Channel
    1070
1
    1000
LeadIn
    1002
{
    1070
3
    1040
1.50488345599834
    1040
1.5707963267949
    1040
0.5
    1040
0.3
    1070
0
    1040
0.5
    1070
0
    1002
}
    1000
LeadOut
    1002
{
    1070
0
    1040
0
    1040
0
    1040
0
    1070
0
    1002
}
    1000
IsFill
    1070
1
    1000
PathStart
    1040
1.5
    1000
ToolCompensation
    1002
{
    1070
0
    1040
0
    1070
0
    1002
}
    1000
MicroConnect
    1002
{
    1070
2
    1040
1.4962758
    1041
0.6
    1042
0
    1040
39.5661504
    1041
0.6
    1042
0
    1002
}
       0
ENDBLK
       5
218C
     330
2029
     100
AcDbEntity
       8
0
     100
AcDbBlockEnd
       0
BLOCK
       5
218D
     330
202A
     100
AcDbEntity
       8
0
     100
AcDbBlockBegin
       2
Part1330552724
      70
0
      10
-55
      20
-42.5
      30
0
       3
Part1330552724
       1

       4
CypCutBlock
       0
LWPOLYLINE
       5
218E
     100
AcDbEntity
       8
1
     100
AcDbPolyline
      90
6
      70
1
      10
-16.87
      20
27.1111058252
      42
0
      10
-16.87
      20
47.312115952
      42
0.6681786379193
      10
-20.2842135623731
      20
48.7263295143731
      42
0
      10
-40.4852236891
      20
28.5253193876
      42
0.668178637919298
      10
-39.0710101268
      20
25.1111058252
      42
0
      10
-18.87
      20
25.1111058252
      42
0.414213562373095
    1001
FS_CYPCUT
    1000
Channel
    1070
1
    1000
LeadIn
    1002
{
    1070
3
    1040
2.5
    1040
1.5707963267949
    1040
0.5
    1040
0.3
    1070
0
    1040
0.5
    1070
0
    1002
}
    1000
LeadOut
    1002
{
    1070
0
    1040
0
    1040
0
    1040
0
    1070
0
    1002
}
    1000
IsFill
    1070
0
    1000
PathStart
    1040
2.5
    1000
ToolCompensation
    1002
{
    1070
0
    1040
0
    1070
0
    1002
}
       0
CIRCLE
       5
218F
     100
AcDbEntity
       8
1
     100
AcDbCircle
      10
6.1111058252
      20
54.9811058252
      30
0
      40
3
    1001
FS_CYPCUT
    1000
Channel
    1070
1
    1000
LeadIn
    1002
{
    1070
3
    1040
0
    1040
1.5707963267949
    1040
0.5
    1040
0.3
    1070
0
    1040
0.5
    1070
0
    1002
}
    1000
LeadOut
    1002
{
    1070
0
    1040
0
    1040
0
    1040
0
    1070
0
    1002
}
    1000
IsFill
    1070
0
    1000
PathStart
    1040
1
    1000
ToolCompensation
    1002
{
    1070
0
    1040
0
    1070
0
    1002
}
       0
LINE
       5
2190
     100
AcDbEntity
       8
2
     100
AcDbLine
      10
-2.6944470874
      20
65.9811058252
      30
0
      11
-2.6944470874
      21
11.9811058252
      31
0
    1001
FS_CYPCUT
    1000
Channel
    1070
2
    1000
LeadIn
    1002
{
    1070
3
    1040
0
    1040
1.5707963267949
    1040
0.5
    1040
0.3
    1070
0
    1040
0.5
    1070
0
    1002
}
    1000
LeadOut
    1002
{
    1070
0
    1040
0
    1040
0
    1040
0
    1070
0
    1002
}
    1000
IsFill
    1070
0
    1000
PathStart
    1040
0
    1000
ToolCompensation
    1002
{
    1070
0
    1040
0
    1070
0
    1002
}
       0
CIRCLE
       5
2191
     100
AcDbEntity
       8
1
     100
AcDbCircle
      10
6.1111058252
      20
28.9811058252
      30
0
      40
3
    1001
FS_CYPCUT
    1000
Channel
    1070
1
    1000
LeadIn
    1002
{
    1070
3
    1040
0
    1040
1.5707963267949
    1040
0.5
    1040
0.3
    1070
0
    1040
0.5
    1070
0
    1002
}
    1000
LeadOut
    1002
{
    1070
0
    1040
0
    1040
0
    1040
0
    1070
0
    1002
}
    1000
IsFill
    1070
0
    1000
PathStart
    1040
0
    1000
ToolCompensation
    1002
{
    1070
0
    1040
0
    1070
0
    1002
}
       0
LINE
       5
2192
     100
AcDbEntity
       8
2
     100
AcDbLine
      10
-0.5188941748
      20
9.80555291260002
      30
0
      11
37.6111058252
      21
9.80555291260002
      31
0
    1001
FS_CYPCUT
    1000
Channel
    1070
2
    1000
LeadIn
    1002
{
    1070
3
    1040
0
    1040
1.5707963267949
    1040
0.5
    1040
0.3
    1070
0
    1040
0.5
    1070
0
    1002
}
    1000
LeadOut
    1002
{
    1070
0
    1040
0
    1040
0
    1040
0
    1070
0
    1002
}
    1000
IsFill
    1070
0
    1000
PathStart
    1040
0
    1000
ToolCompensation
    1002
{
    1070
0
    1040
0
    1070
0
    1002
}
       0
CIRCLE
       5
2193
     100
AcDbEntity
       8
1
     100
AcDbCircle
      10
32.1111058252
      20
28.9811058252
      30
0
      40
3.00000000000002
    1001
FS_CYPCUT
    1000
Channel
    1070
1
    1000
LeadIn
    1002
{
    1070
3
    1040
0
    1040
1.5707963267949
    1040
0.5
    1040
0.3
    1070
0
    1040
0.5
    1070
0
    1002
}
    1000
LeadOut
    1002
{
    1070
0
    1040
0
    1040
0
    1040
0
    1070
0
    1002
}
    1000
IsFill
    1070
0
    1000
PathStart
    1040
1
    1000
ToolCompensation
    1002
{
    1070
0
    1040
0
    1070
0
    1002
}
       0
CIRCLE
       5
2194
     100
AcDbEntity
       8
1
     100
AcDbCircle
      10
32.1111058252
      20
54.9811058252
      30
0
      40
3.00000000000002
    1001
FS_CYPCUT
    1000
Channel
    1070
1
    1000
LeadIn
    1002
{
    1070
3
    1040
0
    1040
1.5707963267949
    1040
0.5
    1040
0.3
    1070
0
    1040
0.5
    1070
0
    1002
}
    1000
LeadOut
    1002
{
    1070
0
    1040
0
    1040
0
    1040
0
    1070
0
    1002
}
    1000
IsFill
    1070
0
    1000
PathStart
    1040
1
    1000
ToolCompensation
    1002
{
    1070
0
    1040
0
    1070
0
    1002
}
       0
LWPOLYLINE
       5
2195
     100
AcDbEntity
       8
1
     100
AcDbPolyline
      90
19
      70
1
      10
37.6111058252
      20
-1.49999999999998
      42
-0.414213562373095
      10
31.6111058252
      20
-7.5
      42
0
      10
15.4811058252
      20
-7.49999999999998
      42
0.414213562373094
      10
9.4811058252
      20
-13.5
      42
0
      10
9.48110582520002
      20
-36.5
      42
-0.414213562373096
      10
3.4811058252
      20
-42.5
      42
0
      10
-0.5188941748
      20
-42.5
      42
0
      10
-0.5188941748
      20
11.9811058252
      42
0
      10
-4.87
      20
11.9811058252
      42
0
      10
-4.87
      20
-13.0188941748
      42
-0.414213562373095
      10
-10.87
      20
-19.0188941748
      42
0
      10
-49
      20
-19.0188941748
      42
-0.414213562373096
      10
-55
      20
-13.0188941748
      42
0
      10
-55
      20
28.495824451
      42
-0.198912367379657
      10
-53.2426406871193
      20
32.7384651381193
      42
0
      10
-21.7573593129193
      20
64.2237465123193
      42
-0.198912367379658
      10
-17.5147186258
      20
65.9811058252
      42
0
      10
31.6111058252
      20
65.9811058252
      42
-0.414213562373095
      10
37.6111058252
      20
59.9811058252
      42
0
    1001
FS_CYPCUT
    1000
Channel
    1070
1
    1000
LeadIn
    1002
{
    1070
3
    1040
18.5053787957734
    1040
1.5707963267949
    1040
0.5
    1040
0.3
    1070
0
    1040
0.5
    1070
0
    1002
}
    1000
LeadOut
    1002
{
    1070
0
    1040
0
    1040
0
    1040
0
    1070
0
    1002
}
    1000
IsFill
    1070
1
    1000
PathStart
    1040
18.5
    1000
ToolCompensation
    1002
{
    1070
0
    1040
0
    1070
0
    1002
}
    1000
MicroConnect
    1002
{
    1070
2
    1040
12.5857794
    1041
0.6
    1042
0
    1040
18.4956197
    1041
0.6
    1042
0
    1002
}
       0
ENDBLK
       5
2196
     330
202A
     100
AcDbEntity
       8
0
     100
AcDbBlockEnd
       0
BLOCK
       5
2197
     330
202B
     100
AcDbEntity
       8
0
     100
AcDbBlockBegin
       2
Part802741712
      70
0
      10
-30
      20
-30
      30
0
       3
Part802741712
       1

       4
CypCutBlock
       0
LWPOLYLINE
       5
2198
     100
AcDbEntity
       8
1
     100
AcDbPolyline
      90
8
      70
1
      10
15.5
      20
18.5
      42
0
      10
15.5
      20
-18.5
      42
-0.414213562373093
      10
13.5
      20
-20.5
      42
0
      10
-13.5
      20
-20.5
      42
-0.414213562373095
      10
-15.5
      20
-18.5
      42
0
      10
-15.5
      20
18.5
      42
-0.414213562373094
      10
-13.5
      20
20.5
      42
0
      10
13.5
      20
20.5
      42
-0.414213562373096
    1001
FS_CYPCUT
    1000
Channel
    1070
1
    1000
LeadIn
    1002
{
    1070
3
    1040
0.5
    1040
1.5707963267949
    1040
0.5
    1040
0.3
    1070
0
    1040
0.5
    1070
0
    1002
}
    1000
LeadOut
    1002
{
    1070
0
    1040
0
    1040
0
    1040
0
    1070
0
    1002
}
    1000
IsFill
    1070
0
    1000
PathStart
    1040
0.5
    1000
ToolCompensation
    1002
{
    1070
0
    1040
0
    1070
0
    1002
}
       0
LWPOLYLINE
       5
2199
     100
AcDbEntity
       8
1
     100
AcDbPolyline
      90
4
      70
1
      10
1.05
      20
60.1
      42
0
      10
1.05
      20
44.9
      42
0
      10
-1.05
      20
44.9
      42
0
      10
-1.05
      20
60.1
      42
0
    1001
FS_CYPCUT
    1000
Channel
    1070
1
    1000
LeadIn
    1002
{
    1070
3
    1040
0.5
    1040
1.5707963267949
    1040
0.5
    1040
0.3
    1070
0
    1040
0.5
    1070
0
    1002
}
    1000
LeadOut
    1002
{
    1070
0
    1040
0
    1040
0
    1040
0
    1070
0
    1002
}
    1000
IsFill
    1070
0
    1000
PathStart
    1040
0.5
    1000
ToolCompensation
    1002
{
    1070
0
    1040
0
    1070
0
    1002
}
       0
CIRCLE
       5
219A
     100
AcDbEntity
       8
1
     100
AcDbCircle
      10
22.5
      20
75.5
      30
0
      40
2.54999999999998
    1001
FS_CYPCUT
    1000
Channel
    1070
1
    1000
LeadIn
    1002
{
    1070
3
    1040
3.05311331771918E-16
    1040
1.5707963267949
    1040
0.5
    1040
0.3
    1070
0
    1040
0.5
    1070
0
    1002
}
    1000
LeadOut
    1002
{
    1070
0
    1040
0
    1040
0
    1040
0
    1070
0
    1002
}
    1000
IsFill
    1070
0
    1000
PathStart
    1040
3.05311331771918E-16
    1000
ToolCompensation
    1002
{
    1070
0
    1040
0
    1070
0
    1002
}
       0
CIRCLE
       5
219B
     100
AcDbEntity
       8
1
     100
AcDbCircle
      10
-22.5
      20
75.5
      30
0
      40
2.54999999999997
    1001
FS_CYPCUT
    1000
Channel
    1070
1
    1000
LeadIn
    1002
{
    1070
3
    1040
1.66533453693773E-16
    1040
1.5707963267949
    1040
0.5
    1040
0.3
    1070
0
    1040
0.5
    1070
0
    1002
}
    1000
LeadOut
    1002
{
    1070
0
    1040
0
    1040
0
    1040
0
    1070
0
    1002
}
    1000
IsFill
    1070
0
    1000
PathStart
    1040
1.66533453693773E-16
    1000
ToolCompensation
    1002
{
    1070
0
    1040
0
    1070
0
    1002
}
       0
LWPOLYLINE
       5
219C
     100
AcDbEntity
       8
1
     100
AcDbPolyline
      90
8
      70
1
      10
30
      20
78
      42
0.4142135623731
      10
28
      20
80
      42
0
      10
-28
      20
80
      42
0.414213562373094
      10
-30
      20
78
      42
0
      10
-30
      20
-24
      42
0.414213562373095
      10
-24
      20
-30
      42
0
      10
24
      20
-30
      42
0.414213562373095
      10
30
      20
-24
      42
0
    1001
FS_CYPCUT
    1000
Channel
    1070
1
    1000
LeadIn
    1002
{
    1070
3
    1040
3.50261831294118
    1040
1.5707963267949
    1040
0.5
    1040
0.3
    1070
0
    1040
0.5
    1070
0
    1002
}
    1000
LeadOut
    1002
{
    1070
0
    1040
0
    1040
0
    1040
0
    1070
0
    1002
}
    1000
IsFill
    1070
1
    1000
PathStart
    1040
3.5
    1000
ToolCompensation
    1002
{
    1070
0
    1040
0
    1070
0
    1002
}
    1000
MicroConnect
    1002
{
    1070
2
    1040
3.49673596
    1041
0.6
    1042
0
    1040
7.50932568
    1041
0.6
    1042
0
    1002
}
       0
ENDBLK
       5
219D
     330
202B
     100
AcDbEntity
       8
0
     100
AcDbBlockEnd
       0
BLOCK
       5
219E
     330
202C
     100
AcDbEntity
       8
0
     100
AcDbBlockBegin
       2
Part2033131026
      70
0
      10
-62.5
      20
-100
      30
0
       3
Part2033131026
       1

       4
CypCutBlock
       0
LWPOLYLINE
       5
219F
     100
AcDbEntity
       8
1
     100
AcDbPolyline
      90
4
      70
1
      10
56.75
      20
-59
      42
1
      10
47.75
      20
-59
      42
0
      10
47.75
      20
-84
      42
1
      10
56.75
      20
-84
      42
0
    1001
FS_CYPCUT
    1000
Channel
    1070
1
    1000
LeadIn
    1002
{
    1070
3
    1040
1.5
    1040
1.5707963267949
    1040
0.5
    1040
0.3
    1070
0
    1040
0.5
    1070
0
    1002
}
    1000
LeadOut
    1002
{
    1070
0
    1040
0
    1040
0
    1040
0
    1070
0
    1002
}
    1000
IsFill
    1070
0
    1000
PathStart
    1040
1.5
    1000
ToolCompensation
    1002
{
    1070
0
    1040
0
    1070
0
    1002
}
       0
LWPOLYLINE
       5
21A0
     100
AcDbEntity
       8
1
     100
AcDbPolyline
      90
4
      70
1
      10
56.75
      20
5
      42
0
      10
56.75
      20
-20
      42
-1
      10
47.75
      20
-20
      42
0
      10
47.75
      20
5
      42
-1
    1001
FS_CYPCUT
    1000
Channel
    1070
1
    1000
LeadIn
    1002
{
    1070
3
    1040
0.5
    1040
1.5707963267949
    1040
0.5
    1040
0.3
    1070
0
    1040
0.5
    1070
0
    1002
}
    1000
LeadOut
    1002
{
    1070
0
    1040
0
    1040
0
    1040
0
    1070
0
    1002
}
    1000
IsFill
    1070
0
    1000
PathStart
    1040
0.5
    1000
ToolCompensation
    1002
{
    1070
0
    1040
0
    1070
0
    1002
}
       0
LWPOLYLINE
       5
21A1
     100
AcDbEntity
       8
1
     100
AcDbPolyline
      90
6
      70
1
      10
32.5
      20
-29
      42
0
      10
32.5
      20
-40.2888896999
      42
-0.70279166848483
      10
27.1885632033857
      20
-42.201286085343
      42
0.0325263210810604
      10
16.8072006849844
      20
-31.1960219837878
      42
-0.681226678728874
      10
18.8510909577
      20
-26
      42
0
      10
29.5
      20
-26
      42
-0.414213562373095
    1001
FS_CYPCUT
    1000
Channel
    1070
1
    1000
LeadIn
    1002
{
    1070
3
    1040
2.5
    1040
1.5707963267949
    1040
0.5
    1040
0.3
    1070
0
    1040
0.5
    1070
0
    1002
}
    1000
LeadOut
    1002
{
    1070
0
    1040
0
    1040
0
    1040
0
    1070
0
    1002
}
    1000
IsFill
    1070
0
    1000
PathStart
    1040
2.5
    1000
ToolCompensation
    1002
{
    1070
0
    1040
0
    1070
0
    1002
}
       0
LINE
       5
21A2
     100
AcDbEntity
       8
2
     100
AcDbLine
      10
-29
      20
-2.9069029056
      30
0
      11
-62.5
      21
-2.9069029056
      31
0
    1001
FS_CYPCUT
    1000
Channel
    1070
2
    1000
LeadIn
    1002
{
    1070
3
    1040
0
    1040
1.5707963267949
    1040
0.5
    1040
0.3
    1070
0
    1040
0.5
    1070
0
    1002
}
    1000
LeadOut
    1002
{
    1070
0
    1040
0
    1040
0
    1040
0
    1070
0
    1002
}
    1000
IsFill
    1070
0
    1000
PathStart
    1040
0
    1000
ToolCompensation
    1002
{
    1070
0
    1040
0
    1070
0
    1002
}
       0
CIRCLE
       5
21A3
     100
AcDbEntity
       8
1
     100
AcDbCircle
      10
-45.75
      20
13.1861941887
      30
0
      40
1.75
    1001
FS_CYPCUT
    1000
Channel
    1070
1
    1000
LeadIn
    1002
{
    1070
3
    1040
1.11022302462516E-16
    1040
1.5707963267949
    1040
0.5
    1040
0.3
    1070
0
    1040
0.5
    1070
0
    1002
}
    1000
LeadOut
    1002
{
    1070
0
    1040
0
    1040
0
    1040
0
    1070
0
    1002
}
    1000
IsFill
    1070
0
    1000
PathStart
    1040
1.11022302462516E-16
    1000
ToolCompensation
    1002
{
    1070
0
    1040
0
    1070
0
    1002
}
       0
CIRCLE
       5
21A4
     100
AcDbEntity
       8
1
     100
AcDbCircle
      10
-45.75
      20
41.1861941887
      30
0
      40
1.75000000000001
    1001
FS_CYPCUT
    1000
Channel
    1070
1
    1000
LeadIn
    1002
{
    1070
3
    1040
0
    1040
1.5707963267949
    1040
0.5
    1040
0.3
    1070
0
    1040
0.5
    1070
0
    1002
}
    1000
LeadOut
    1002
{
    1070
0
    1040
0
    1040
0
    1040
0
    1070
0
    1002
}
    1000
IsFill
    1070
0
    1000
PathStart
    1040
0
    1000
ToolCompensation
    1002
{
    1070
0
    1040
0
    1070
0
    1002
}
       0
CIRCLE
       5
21A5
     100
AcDbEntity
       8
1
     100
AcDbCircle
      10
-45.75
      20
69.1861941887
      30
0
      40
1.75
    1001
FS_CYPCUT
    1000
Channel
    1070
1
    1000
LeadIn
    1002
{
    1070
3
    1040
0
    1040
1.5707963267949
    1040
0.5
    1040
0.3
    1070
0
    1040
0.5
    1070
0
    1002
}
    1000
LeadOut
    1002
{
    1070
0
    1040
0
    1040
0
    1040
0
    1070
0
    1002
}
    1000
IsFill
    1070
0
    1000
PathStart
    1040
1
    1000
ToolCompensation
    1002
{
    1070
0
    1040
0
    1070
0
    1002
}
       0
LWPOLYLINE
       5
21A6
     100
AcDbEntity
       8
1
     100
AcDbPolyline
      90
17
      70
1
      10
62.5
      20
13.5
      42
0
      10
62.5
      20
-94
      42
-0.414213562373094
      10
56.5
      20
-100
      42
0
      10
37.4249718539
      20
-100
      42
-0.350986679206211
      10
31.5703503720468
      20
-95.3127860847773
      42
0.334608331520925
      10
-56.8515410436387
      20
-20.1656143491202
      42
-0.397145457389551
      10
-62.5
      20
-14.1759216279
      42
0
      10
-62.5
      20
68.1861941887
      42
-0.414213562373093
      10
-56.5
      20
74.1861941887
      42
0
      10
-35
      20
74.1861941887
      42
-0.414213562373095
      10
-29
      20
68.1861941887
      42
0
      10
-29
      20
-6
      42
0
      10
26.5
      20
-6
      42
0.414213562373096
      10
32.5
      20
0
      42
0
      10
32.5
      20
13.5
      42
-0.414213562373096
      10
38.5
      20
19.5
      42
0
      10
56.5
      20
19.5
      42
-0.414213562373093
    1001
FS_CYPCUT
    1000
Channel
    1070
1
    1000
LeadIn
    1002
{
    1070
3
    1040
4.5
    1040
1.5707963267949
    1040
0.5
    1040
0.3
    1070
0
    1040
0.5
    1070
0
    1002
}
    1000
LeadOut
    1002
{
    1070
0
    1040
0
    1040
0
    1040
0
    1070
0
    1002
}
    1000
IsFill
    1070
1
    1000
PathStart
    1040
4.5
    1000
ToolCompensation
    1002
{
    1070
0
    1040
0
    1070
0
    1002
}
    1000
MicroConnect
    1002
{
    1070
2
    1040
0.526240499
    1041
0.6
    1042
0
    1040
6.21657954
    1041
0.6
    1042
0
    1002
}
       0
ENDBLK
       5
21A7
     330
202C
     100
AcDbEntity
       8
0
     100
AcDbBlockEnd
       0
BLOCK
       5
21A8
     330
202D
     100
AcDbEntity
       8
0
     100
AcDbBlockBegin
       2
Part488794951
      70
0
      10
-30
      20
-565
      30
0
       3
Part488794951
       1

       4
CypCutBlock
       0
LWPOLYLINE
       5
21A9
     100
AcDbEntity
       8
1
     100
AcDbPolyline
      90
4
      70
1
      10
26.1861941887
      20
-551
      42
-1.00000000000001
      10
26.1861941887
      20
-559
      42
0
      10
8.0461941887
      20
-559
      42
-1
      10
8.0461941887
      20
-551
      42
0
    1001
FS_CYPCUT
    1000
Channel
    1070
1
    1000
LeadIn
    1002
{
    1070
3
    1040
1.5
    1040
1.5707963267949
    1040
0.5
    1040
0.3
    1070
0
    1040
0.5
    1070
0
    1002
}
    1000
LeadOut
    1002
{
    1070
0
    1040
0
    1040
0
    1040
0
    1070
0
    1002
}
    1000
IsFill
    1070
0
    1000
PathStart
    1040
1.5
    1000
ToolCompensation
    1002
{
    1070
0
    1040
0
    1070
0
    1002
}
       0
LWPOLYLINE
       5
21AA
     100
AcDbEntity
       8
1
     100
AcDbPolyline
      90
4
      70
1
      10
-14
      20
-507.8
      42
0
      10
-22
      20
-507.8
      42
1.00000000000003
      10
-22
      20
-512.2
      42
0
      10
-14
      20
-512.2
      42
1.00000000000004
    1001
FS_CYPCUT
    1000
Channel
    1070
1
    1000
LeadIn
    1002
{
    1070
3
    1040
0.5
    1040
1.5707963267949
    1040
0.5
    1040
0.3
    1070
0
    1040
0.5
    1070
0
    1002
}
    1000
LeadOut
    1002
{
    1070
0
    1040
0
    1040
0
    1040
0
    1070
0
    1002
}
    1000
IsFill
    1070
0
    1000
PathStart
    1040
0.5
    1000
ToolCompensation
    1002
{
    1070
0
    1040
0
    1070
0
    1002
}
       0
LWPOLYLINE
       5
21AB
     100
AcDbEntity
       8
1
     100
AcDbPolyline
      90
4
      70
1
      10
-14
      20
-447.8
      42
0
      10
-22
      20
-447.8
      42
0.999999999999987
      10
-22
      20
-452.2
      42
0
      10
-14
      20
-452.2
      42
0.999999999999987
    1001
FS_CYPCUT
    1000
Channel
    1070
1
    1000
LeadIn
    1002
{
    1070
3
    1040
0.5
    1040
1.5707963267949
    1040
0.5
    1040
0.3
    1070
0
    1040
0.5
    1070
0
    1002
}
    1000
LeadOut
    1002
{
    1070
0
    1040
0
    1040
0
    1040
0
    1070
0
    1002
}
    1000
IsFill
    1070
0
    1000
PathStart
    1040
0.5
    1000
ToolCompensation
    1002
{
    1070
0
    1040
0
    1070
0
    1002
}
       0
LWPOLYLINE
       5
21AC
     100
AcDbEntity
       8
1
     100
AcDbPolyline
      90
4
      70
1
      10
-14
      20
-327.8
      42
-1.00000000000001
      10
-14
      20
-332.2
      42
0
      10
-22
      20
-332.2
      42
-1.00000000000001
      10
-22
      20
-327.8
      42
0
    1001
FS_CYPCUT
    1000
Channel
    1070
1
    1000
LeadIn
    1002
{
    1070
3
    1040
1.5
    1040
1.5707963267949
    1040
0.5
    1040
0.3
    1070
0
    1040
0.5
    1070
0
    1002
}
    1000
LeadOut
    1002
{
    1070
0
    1040
0
    1040
0
    1040
0
    1070
0
    1002
}
    1000
IsFill
    1070
0
    1000
PathStart
    1040
1.5
    1000
ToolCompensation
    1002
{
    1070
0
    1040
0
    1070
0
    1002
}
       0
LWPOLYLINE
       5
21AD
     100
AcDbEntity
       8
1
     100
AcDbPolyline
      90
4
      70
1
      10
-14
      20
-207.8
      42
-1
      10
-14
      20
-212.2
      42
0
      10
-22
      20
-212.2
      42
-1
      10
-22
      20
-207.8
      42
0
    1001
FS_CYPCUT
    1000
Channel
    1070
1
    1000
LeadIn
    1002
{
    1070
3
    1040
1.5
    1040
1.5707963267949
    1040
0.5
    1040
0.3
    1070
0
    1040
0.5
    1070
0
    1002
}
    1000
LeadOut
    1002
{
    1070
0
    1040
0
    1040
0
    1040
0
    1070
0
    1002
}
    1000
IsFill
    1070
0
    1000
PathStart
    1040
1.5
    1000
ToolCompensation
    1002
{
    1070
0
    1040
0
    1070
0
    1002
}
       0
LWPOLYLINE
       5
21AE
     100
AcDbEntity
       8
1
     100
AcDbPolyline
      90
4
      70
1
      10
-14
      20
-87.8
      42
0
      10
-22
      20
-87.8
      42
1
      10
-22
      20
-92.2
      42
0
      10
-14
      20
-92.2
      42
1
    1001
FS_CYPCUT
    1000
Channel
    1070
1
    1000
LeadIn
    1002
{
    1070
3
    1040
0.5
    1040
1.5707963267949
    1040
0.5
    1040
0.3
    1070
0
    1040
0.5
    1070
0
    1002
}
    1000
LeadOut
    1002
{
    1070
0
    1040
0
    1040
0
    1040
0
    1070
0
    1002
}
    1000
IsFill
    1070
0
    1000
PathStart
    1040
0.5
    1000
ToolCompensation
    1002
{
    1070
0
    1040
0
    1070
0
    1002
}
       0
LINE
       5
21AF
     100
AcDbEntity
       8
2
     100
AcDbLine
      10
-2.9069029056
      20
-532.5
      30
0
      11
-2.9069029056
      21
532.5
      31
0
    1001
FS_CYPCUT
    1000
Channel
    1070
2
    1000
LeadIn
    1002
{
    1070
3
    1040
0
    1040
1.5707963267949
    1040
0.5
    1040
0.3
    1070
0
    1040
0.5
    1070
0
    1002
}
    1000
LeadOut
    1002
{
    1070
0
    1040
0
    1040
0
    1040
0
    1070
0
    1002
}
    1000
IsFill
    1070
0
    1000
PathStart
    1040
0
    1000
ToolCompensation
    1002
{
    1070
0
    1040
0
    1070
0
    1002
}
       0
LWPOLYLINE
       5
21B0
     100
AcDbEntity
       8
1
     100
AcDbPolyline
      90
4
      70
1
      10
-14
      20
32.2
      42
-1
      10
-14
      20
27.8
      42
0
      10
-22
      20
27.8
      42
-1
      10
-22
      20
32.2
      42
0
    1001
FS_CYPCUT
    1000
Channel
    1070
1
    1000
LeadIn
    1002
{
    1070
3
    1040
1.5
    1040
1.5707963267949
    1040
0.5
    1040
0.3
    1070
0
    1040
0.5
    1070
0
    1002
}
    1000
LeadOut
    1002
{
    1070
0
    1040
0
    1040
0
    1040
0
    1070
0
    1002
}
    1000
IsFill
    1070
0
    1000
PathStart
    1040
1.5
    1000
ToolCompensation
    1002
{
    1070
0
    1040
0
    1070
0
    1002
}
       0
LWPOLYLINE
       5
21B1
     100
AcDbEntity
       8
1
     100
AcDbPolyline
      90
4
      70
1
      10
-14
      20
152.2
      42
-1
      10
-14
      20
147.8
      42
0
      10
-22
      20
147.8
      42
-1
      10
-22
      20
152.2
      42
0
    1001
FS_CYPCUT
    1000
Channel
    1070
1
    1000
LeadIn
    1002
{
    1070
3
    1040
1.5
    1040
1.5707963267949
    1040
0.5
    1040
0.3
    1070
0
    1040
0.5
    1070
0
    1002
}
    1000
LeadOut
    1002
{
    1070
0
    1040
0
    1040
0
    1040
0
    1070
0
    1002
}
    1000
IsFill
    1070
0
    1000
PathStart
    1040
1.5
    1000
ToolCompensation
    1002
{
    1070
0
    1040
0
    1070
0
    1002
}
       0
LWPOLYLINE
       5
21B2
     100
AcDbEntity
       8
1
     100
AcDbPolyline
      90
4
      70
1
      10
-14
      20
272.2
      42
-0.999999999999987
      10
-14
      20
267.8
      42
0
      10
-22
      20
267.8
      42
-0.999999999999987
      10
-22
      20
272.2
      42
0
    1001
FS_CYPCUT
    1000
Channel
    1070
1
    1000
LeadIn
    1002
{
    1070
3
    1040
1.5
    1040
1.5707963267949
    1040
0.5
    1040
0.3
    1070
0
    1040
0.5
    1070
0
    1002
}
    1000
LeadOut
    1002
{
    1070
0
    1040
0
    1040
0
    1040
0
    1070
0
    1002
}
    1000
IsFill
    1070
0
    1000
PathStart
    1040
1.5
    1000
ToolCompensation
    1002
{
    1070
0
    1040
0
    1070
0
    1002
}
       0
LWPOLYLINE
       5
21B3
     100
AcDbEntity
       8
1
     100
AcDbPolyline
      90
4
      70
1
      10
-14
      20
392.2
      42
0
      10
-22
      20
392.2
      42
0.999999999999987
      10
-22
      20
387.8
      42
0
      10
-14
      20
387.8
      42
0.999999999999987
    1001
FS_CYPCUT
    1000
Channel
    1070
1
    1000
LeadIn
    1002
{
    1070
3
    1040
0.5
    1040
1.5707963267949
    1040
0.5
    1040
0.3
    1070
0
    1040
0.5
    1070
0
    1002
}
    1000
LeadOut
    1002
{
    1070
0
    1040
0
    1040
0
    1040
0
    1070
0
    1002
}
    1000
IsFill
    1070
0
    1000
PathStart
    1040
0.5
    1000
ToolCompensation
    1002
{
    1070
0
    1040
0
    1070
0
    1002
}
       0
LWPOLYLINE
       5
21B4
     100
AcDbEntity
       8
1
     100
AcDbPolyline
      90
4
      70
1
      10
-14
      20
512.2
      42
-1.00000000000003
      10
-14
      20
507.8
      42
0
      10
-22
      20
507.8
      42
-1.00000000000001
      10
-22
      20
512.2
      42
0
    1001
FS_CYPCUT
    1000
Channel
    1070
1
    1000
LeadIn
    1002
{
    1070
3
    1040
1.5
    1040
1.5707963267949
    1040
0.5
    1040
0.3
    1070
0
    1040
0.5
    1070
0
    1002
}
    1000
LeadOut
    1002
{
    1070
0
    1040
0
    1040
0
    1040
0
    1070
0
    1002
}
    1000
IsFill
    1070
0
    1000
PathStart
    1040
1.5
    1000
ToolCompensation
    1002
{
    1070
0
    1040
0
    1070
0
    1002
}
       0
LWPOLYLINE
       5
21B5
     100
AcDbEntity
       8
1
     100
AcDbPolyline
      90
4
      70
1
      10
26.1861941887
      20
559
      42
0
      10
8.0461941887
      20
559
      42
1.00000000000001
      10
8.0461941887
      20
551
      42
0
      10
26.1861941887
      20
551
      42
1
    1001
FS_CYPCUT
    1000
Channel
    1070
1
    1000
LeadIn
    1002
{
    1070
3
    1040
0.5
    1040
1.5707963267949
    1040
0.5
    1040
0.3
    1070
0
    1040
0.5
    1070
0
    1002
}
    1000
LeadOut
    1002
{
    1070
0
    1040
0
    1040
0
    1040
0
    1070
0
    1002
}
    1000
IsFill
    1070
0
    1000
PathStart
    1040
0.5
    1000
ToolCompensation
    1002
{
    1070
0
    1040
0
    1070
0
    1002
}
       0
LWPOLYLINE
       5
21B6
     100
AcDbEntity
       8
1
     100
AcDbPolyline
      90
14
      70
1
      10
34.1861941887001
      20
560
      42
0.414213562373088
      10
29.1861941887
      20
565
      42
0
      10
5.0461941887
      20
565
      42
0.414213562373092
      10
0.046194188699773
      20
560
      42
0
      10
0.0461941887
      20
532.5
      42
0
      10
-25
      20
532.5
      42
0.414213562373106
      10
-29.9999999999999
      20
527.5
      42
0
      10
-29.9999999999998
      20
-527.5
      42
0.414213562373081
      10
-25
      20
-532.5
      42
0
      10
0.0461941887
      20
-532.5
      42
0
      10
0.046194188699773
      20
-560
      42
0.414213562373092
      10
5.0461941887
      20
-565
      42
0
      10
29.1861941887
      20
-565
      42
0.41421356237312
      10
34.1861941887
      20
-560
      42
0
    1001
FS_CYPCUT
    1000
Channel
    1070
1
    1000
LeadIn
    1002
{
    1070
3
    1040
13.5002965142857
    1040
1.5707963267949
    1040
0.5
    1040
0.3
    1070
0
    1040
0.5
    1070
0
    1002
}
    1000
LeadOut
    1002
{
    1070
0
    1040
0
    1040
0
    1040
0
    1070
0
    1002
}
    1000
IsFill
    1070
1
    1000
PathStart
    1040
13.5
    1000
ToolCompensation
    1002
{
    1070
0
    1040
0
    1070
0
    1002
}
    1000
MicroConnect
    1002
{
    1070
6
    1040
6.08034758
    1041
0.6
    1042
0
    1040
6.49819613
    1041
0.6
    1042
0
    1040
6.87531692
    1041
0.6
    1042
0
    1040
13.144443
    1041
0.6
    1042
0
    1040
13.4997608
    1041
0.6
    1042
0
    1040
13.8940131
    1041
0.6
    1042
0
    1002
}
       0
ENDBLK
       5
21B7
     330
202D
     100
AcDbEntity
       8
0
     100
AcDbBlockEnd
       0
ENDSEC
       0
SECTION
       2
ENTITIES
       0
INSERT
       5
21B8
     100
AcDbEntity
       8
1
     100
AcDbBlockReference
       2
Part815538969
      10
673.36492895608
      20
1297.62815175448
      30
0
      41
1
      42
1
      50
180
    1001
FS_CYPCUT
    1000
Channel
    1070
1
    1000
LeadIn
    1002
{
    1070
0
    1040
0
    1040
0
    1040
0
    1040
0
    1070
0
    1040
0
    1070
0
    1002
}
    1000
LeadOut
    1002
{
    1070
0
    1040
0
    1040
0
    1040
0
    1070
0
    1002
}
       0
INSERT
       5
21B9
     100
AcDbEntity
       8
1
     100
AcDbBlockReference
       2
CommonPart887062490
      10
643.36492895608
      20
1227.48815756448
      30
0
      41
1
      42
1
      50
0
    1001
FS_CYPCUT
    1000
Channel
    1070
1
    1000
LeadIn
    1002
{
    1070
0
    1040
0
    1040
0
    1040
0
    1040
0
    1070
0
    1040
0
    1070
0
    1002
}
    1000
LeadOut
    1002
{
    1070
0
    1040
0
    1040
0
    1040
0
    1070
0
    1002
}
       0
INSERT
       5
21BA
     100
AcDbEntity
       8
1
     100
AcDbBlockReference
       2
Part1774682884
      10
1772.86502895608
      20
1297.62785175448
      30
0
      41
1
      42
1
      50
180
    1001
FS_CYPCUT
    1000
Channel
    1070
1
    1000
LeadIn
    1002
{
    1070
0
    1040
0
    1040
0
    1040
0
    1040
0
    1070
0
    1040
0
    1070
0
    1002
}
    1000
LeadOut
    1002
{
    1070
0
    1040
0
    1040
0
    1040
0
    1070
0
    1002
}
       0
INSERT
       5
21BB
     100
AcDbEntity
       8
1
     100
AcDbBlockReference
       2
Part760365560
      10
1835.36502895608
      20
1492.48815175448
      30
0
      41
1
      42
1
      50
180
    1001
FS_CYPCUT
    1000
Channel
    1070
1
    1000
LeadIn
    1002
{
    1070
0
    1040
0
    1040
0
    1040
0
    1040
0
    1070
0
    1040
0
    1070
0
    1002
}
    1000
LeadOut
    1002
{
    1070
0
    1040
0
    1040
0
    1040
0
    1070
0
    1002
}
       0
INSERT
       5
21BC
     100
AcDbEntity
       8
1
     100
AcDbBlockReference
       2
Part1668282759
      10
1680.57022896377
      20
1422.70575176295
      30
0
      41
1
      42
1
      50
269.999999977959
    1001
FS_CYPCUT
    1000
Channel
    1070
1
    1000
LeadIn
    1002
{
    1070
0
    1040
0
    1040
0
    1040
0
    1040
0
    1070
0
    1040
0
    1070
0
    1002
}
    1000
LeadOut
    1002
{
    1070
0
    1040
0
    1040
0
    1040
0
    1070
0
    1002
}
       0
INSERT
       5
21BD
     100
AcDbEntity
       8
1
     100
AcDbBlockReference
       2
Part1638031001
      10
1680.47192895608
      20
1424.69955175448
      30
0
      41
1
      42
1
      50
0
    1001
FS_CYPCUT
    1000
Channel
    1070
1
    1000
LeadIn
    1002
{
    1070
0
    1040
0
    1040
0
    1040
0
    1040
0
    1070
0
    1040
0
    1070
0
    1002
}
    1000
LeadOut
    1002
{
    1070
0
    1040
0
    1040
0
    1040
0
    1070
0
    1002
}
       0
INSERT
       5
21BE
     100
AcDbEntity
       8
1
     100
AcDbBlockReference
       2
Part1180264445
      10
1441.78612895608
      20
1357.85975775448
      30
0
      41
1
      42
1
      50
0
    1001
FS_CYPCUT
    1000
Channel
    1070
1
    1000
LeadIn
    1002
{
    1070
0
    1040
0
    1040
0
    1040
0
    1040
0
    1070
0
    1040
0
    1070
0
    1002
}
    1000
LeadOut
    1002
{
    1070
0
    1040
0
    1040
0
    1040
0
    1070
0
    1002
}
       0
INSERT
       5
21BF
     100
AcDbEntity
       8
1
     100
AcDbBlockReference
       2
Part1760788390
      10
1376.95912906185
      20
1406.96055181057
      30
0
      41
1
      42
1
      50
90.0000001836389
    1001
FS_CYPCUT
    1000
Channel
    1070
1
    1000
LeadIn
    1002
{
    1070
0
    1040
0
    1040
0
    1040
0
    1040
0
    1070
0
    1040
0
    1070
0
    1002
}
    1000
LeadOut
    1002
{
    1070
0
    1040
0
    1040
0
    1040
0
    1070
0
    1002
}
       0
INSERT
       5
21C0
     100
AcDbEntity
       8
1
     100
AcDbBlockReference
       2
Part1731786341
      10
709.55003495608
      20
1357.86055175448
      30
0
      41
1
      42
1
      50
0
    1001
FS_CYPCUT
    1000
Channel
    1070
1
    1000
LeadIn
    1002
{
    1070
0
    1040
0
    1040
0
    1040
0
    1040
0
    1070
0
    1040
0
    1070
0
    1002
}
    1000
LeadOut
    1002
{
    1070
0
    1040
0
    1040
0
    1040
0
    1070
0
    1002
}
       0
INSERT
       5
21C1
     100
AcDbEntity
       8
1
     100
AcDbBlockReference
       2
Part1571028051
      10
709.55012895608
      20
1406.96055175448
      30
0
      41
1
      42
1
      50
0
    1001
FS_CYPCUT
    1000
Channel
    1070
1
    1000
LeadIn
    1002
{
    1070
0
    1040
0
    1040
0
    1040
0
    1040
0
    1070
0
    1040
0
    1070
0
    1002
}
    1000
LeadOut
    1002
{
    1070
0
    1040
0
    1040
0
    1040
0
    1070
0
    1002
}
       0
INSERT
       5
21C2
     100
AcDbEntity
       8
1
     100
AcDbBlockReference
       2
Part1075642206
      10
759.65022895608
      20
1630.20404615448
      30
0
      41
1
      42
1
      50
180
    1001
FS_CYPCUT
    1000
Channel
    1070
1
    1000
LeadIn
    1002
{
    1070
0
    1040
0
    1040
0
    1040
0
    1040
0
    1070
0
    1040
0
    1070
0
    1002
}
    1000
LeadOut
    1002
{
    1070
0
    1040
0
    1040
0
    1040
0
    1070
0
    1002
}
       0
INSERT
       5
21C3
     100
AcDbEntity
       8
1
     100
AcDbBlockReference
       2
Part1268310090
      10
797.51842895608
      20
1685.58135175448
      30
0
      41
1
      42
1
      50
180
    1001
FS_CYPCUT
    1000
Channel
    1070
1
    1000
LeadIn
    1002
{
    1070
0
    1040
0
    1040
0
    1040
0
    1040
0
    1070
0
    1040
0
    1070
0
    1002
}
    1000
LeadOut
    1002
{
    1070
0
    1040
0
    1040
0
    1040
0
    1070
0
    1002
}
       0
INSERT
       5
21C4
     100
AcDbEntity
       8
1
     100
AcDbBlockReference
       2
Part735326019
      10
799.61852895608
      20
1629.10425175448
      30
0
      41
1
      42
1
      50
0
    1001
FS_CYPCUT
    1000
Channel
    1070
1
    1000
LeadIn
    1002
{
    1070
0
    1040
0
    1040
0
    1040
0
    1040
0
    1070
0
    1040
0
    1070
0
    1002
}
    1000
LeadOut
    1002
{
    1070
0
    1040
0
    1040
0
    1040
0
    1070
0
    1002
}
       0
INSERT
       5
21C5
     100
AcDbEntity
       8
1
     100
AcDbBlockReference
       2
Part997847529
      10
761.897428977238
      20
1627.10425177083
      30
0
      41
1
      42
1
      50
269.999999977959
    1001
FS_CYPCUT
    1000
Channel
    1070
1
    1000
LeadIn
    1002
{
    1070
0
    1040
0
    1040
0
    1040
0
    1040
0
    1070
0
    1040
0
    1070
0
    1002
}
    1000
LeadOut
    1002
{
    1070
0
    1040
0
    1040
0
    1040
0
    1070
0
    1002
}
       0
INSERT
       5
21C6
     100
AcDbEntity
       8
1
     100
AcDbBlockReference
       2
Part610774493
      10
925.161228956082
      20
1537.51785175448
      30
0
      41
1
      42
1
      50
180
    1001
FS_CYPCUT
    1000
Channel
    1070
1
    1000
LeadIn
    1002
{
    1070
0
    1040
0
    1040
0
    1040
0
    1040
0
    1070
0
    1040
0
    1070
0
    1002
}
    1000
LeadOut
    1002
{
    1070
0
    1040
0
    1040
0
    1040
0
    1070
0
    1002
}
       0
INSERT
       5
21C7
     100
AcDbEntity
       8
1
     100
AcDbBlockReference
       2
Part1237992523
      10
951.083528956081
      20
1619.24915175448
      30
0
      41
1
      42
1
      50
180
    1001
FS_CYPCUT
    1000
Channel
    1070
1
    1000
LeadIn
    1002
{
    1070
0
    1040
0
    1040
0
    1040
0
    1040
0
    1070
0
    1040
0
    1070
0
    1002
}
    1000
LeadOut
    1002
{
    1070
0
    1040
0
    1040
0
    1040
0
    1070
0
    1002
}
       0
INSERT
       5
21C8
     100
AcDbEntity
       8
1
     100
AcDbBlockReference
       2
Part2025602432
      10
847.785735163321
      20
1674.55913337441
      30
0
      41
1
      42
1
      50
269.999999977959
    1001
FS_CYPCUT
    1000
Channel
    1070
1
    1000
LeadIn
    1002
{
    1070
0
    1040
0
    1040
0
    1040
0
    1040
0
    1070
0
    1040
0
    1070
0
    1002
}
    1000
LeadOut
    1002
{
    1070
0
    1040
0
    1040
0
    1040
0
    1070
0
    1002
}
       0
INSERT
       5
21C9
     100
AcDbEntity
       8
1
     100
AcDbBlockReference
       2
Part906601569
      10
894.04062895608
      20
1457.74915175448
      30
0
      41
1
      42
1
      50
0
    1001
FS_CYPCUT
    1000
Channel
    1070
1
    1000
LeadIn
    1002
{
    1070
0
    1040
0
    1040
0
    1040
0
    1040
0
    1070
0
    1040
0
    1070
0
    1002
}
    1000
LeadOut
    1002
{
    1070
0
    1040
0
    1040
0
    1040
0
    1070
0
    1002
}
       0
INSERT
       5
21CA
     100
AcDbEntity
       8
1
     100
AcDbBlockReference
       2
Part112309096
      10
1002.44152904342
      20
1615.42555186217
      30
0
      41
1
      42
1
      50
90.0000001836389
    1001
FS_CYPCUT
    1000
Channel
    1070
1
    1000
LeadIn
    1002
{
    1070
0
    1040
0
    1040
0
    1040
0
    1040
0
    1070
0
    1040
0
    1070
0
    1002
}
    1000
LeadOut
    1002
{
    1070
0
    1040
0
    1040
0
    1040
0
    1070
0
    1002
}
       0
INSERT
       5
21CB
     100
AcDbEntity
       8
1
     100
AcDbBlockReference
       2
Part881371609
      10
996.049335163321
      20
1669.81783337441
      30
0
      41
1
      42
1
      50
269.999999977959
    1001
FS_CYPCUT
    1000
Channel
    1070
1
    1000
LeadIn
    1002
{
    1070
0
    1040
0
    1040
0
    1040
0
    1040
0
    1070
0
    1040
0
    1070
0
    1002
}
    1000
LeadOut
    1002
{
    1070
0
    1040
0
    1040
0
    1040
0
    1070
0
    1002
}
       0
INSERT
       5
21CC
     100
AcDbEntity
       8
1
     100
AcDbBlockReference
       2
Part1701453711
      10
1118.32692327627
      20
1539.517852032
      30
0
      41
1
      42
1
      50
90.0000001836389
    1001
FS_CYPCUT
    1000
Channel
    1070
1
    1000
LeadIn
    1002
{
    1070
0
    1040
0
    1040
0
    1040
0
    1040
0
    1070
0
    1040
0
    1070
0
    1002
}
    1000
LeadOut
    1002
{
    1070
0
    1040
0
    1040
0
    1040
0
    1070
0
    1002
}
       0
INSERT
       5
21CD
     100
AcDbEntity
       8
1
     100
AcDbBlockReference
       2
Part110664531
      10
1142.77242895608
      20
1537.51785175448
      30
0
      41
1
      42
1
      50
180
    1001
FS_CYPCUT
    1000
Channel
    1070
1
    1000
LeadIn
    1002
{
    1070
0
    1040
0
    1040
0
    1040
0
    1040
0
    1070
0
    1040
0
    1070
0
    1002
}
    1000
LeadOut
    1002
{
    1070
0
    1040
0
    1040
0
    1040
0
    1070
0
    1002
}
       0
INSERT
       5
21CE
     100
AcDbEntity
       8
1
     100
AcDbBlockReference
       2
Part487569730
      10
1091.34463516332
      20
1669.81783337441
      30
0
      41
1
      42
1
      50
269.999999977959
    1001
FS_CYPCUT
    1000
Channel
    1070
1
    1000
LeadIn
    1002
{
    1070
0
    1040
0
    1040
0
    1040
0
    1040
0
    1070
0
    1040
0
    1070
0
    1002
}
    1000
LeadOut
    1002
{
    1070
0
    1040
0
    1040
0
    1040
0
    1070
0
    1002
}
       0
INSERT
       5
21CF
     100
AcDbEntity
       8
1
     100
AcDbBlockReference
       2
Part1269979299
      10
1309.3649291564
      20
1435.00675207499
      30
0
      41
1
      42
1
      50
90.0000001836389
    1001
FS_CYPCUT
    1000
Channel
    1070
1
    1000
LeadIn
    1002
{
    1070
0
    1040
0
    1040
0
    1040
0
    1040
0
    1070
0
    1040
0
    1070
0
    1002
}
    1000
LeadOut
    1002
{
    1070
0
    1040
0
    1040
0
    1040
0
    1070
0
    1002
}
       0
INSERT
       5
21D0
     100
AcDbEntity
       8
1
     100
AcDbBlockReference
       2
Part874501906
      10
1262.58672895608
      20
1495.42975775448
      30
0
      41
1
      42
1
      50
0
    1001
FS_CYPCUT
    1000
Channel
    1070
1
    1000
LeadIn
    1002
{
    1070
0
    1040
0
    1040
0
    1040
0
    1040
0
    1070
0
    1040
0
    1070
0
    1002
}
    1000
LeadOut
    1002
{
    1070
0
    1040
0
    1040
0
    1040
0
    1070
0
    1002
}
       0
INSERT
       5
21D1
     100
AcDbEntity
       8
1
     100
AcDbBlockReference
       2
Part1653924181
      10
1230.78093495608
      20
1631.75145175448
      30
0
      41
1
      42
1
      50
0
    1001
FS_CYPCUT
    1000
Channel
    1070
1
    1000
LeadIn
    1002
{
    1070
0
    1040
0
    1040
0
    1040
0
    1040
0
    1070
0
    1040
0
    1070
0
    1002
}
    1000
LeadOut
    1002
{
    1070
0
    1040
0
    1040
0
    1040
0
    1070
0
    1002
}
       0
INSERT
       5
21D2
     100
AcDbEntity
       8
1
     100
AcDbBlockReference
       2
Part974782376
      10
1195.28082896377
      20
1688.72215176295
      30
0
      41
1
      42
1
      50
269.999999977959
    1001
FS_CYPCUT
    1000
Channel
    1070
1
    1000
LeadIn
    1002
{
    1070
0
    1040
0
    1040
0
    1040
0
    1040
0
    1070
0
    1040
0
    1070
0
    1002
}
    1000
LeadOut
    1002
{
    1070
0
    1040
0
    1040
0
    1040
0
    1070
0
    1002
}
       0
INSERT
       5
21D3
     100
AcDbEntity
       8
1
     100
AcDbBlockReference
       2
Part1736225200
      10
1120.32704096487
      20
1621.97595180309
      30
0
      41
1
      42
1
      50
269.999999977959
    1001
FS_CYPCUT
    1000
Channel
    1070
1
    1000
LeadIn
    1002
{
    1070
0
    1040
0
    1040
0
    1040
0
    1040
0
    1070
0
    1040
0
    1070
0
    1002
}
    1000
LeadOut
    1002
{
    1070
0
    1040
0
    1040
0
    1040
0
    1070
0
    1002
}
       0
INSERT
       5
21D4
     100
AcDbEntity
       8
1
     100
AcDbBlockReference
       2
Part1049265532
      10
1383.88572895608
      20
1629.72355175448
      30
0
      41
1
      42
1
      50
180
    1001
FS_CYPCUT
    1000
Channel
    1070
1
    1000
LeadIn
    1002
{
    1070
0
    1040
0
    1040
0
    1040
0
    1040
0
    1070
0
    1040
0
    1070
0
    1002
}
    1000
LeadOut
    1002
{
    1070
0
    1040
0
    1040
0
    1040
0
    1070
0
    1002
}
       0
INSERT
       5
21D5
     100
AcDbEntity
       8
1
     100
AcDbBlockReference
       2
Part1808318125
      10
1314.96723495608
      20
1631.72315175448
      30
0
      41
1
      42
1
      50
0
    1001
FS_CYPCUT
    1000
Channel
    1070
1
    1000
LeadIn
    1002
{
    1070
0
    1040
0
    1040
0
    1040
0
    1040
0
    1070
0
    1040
0
    1070
0
    1002
}
    1000
LeadOut
    1002
{
    1070
0
    1040
0
    1040
0
    1040
0
    1070
0
    1002
}
       0
INSERT
       5
21D6
     100
AcDbEntity
       8
1
     100
AcDbBlockReference
       2
Part1498713398
      10
1314.68622895608
      20
1398.91385175448
      30
0
      41
1
      42
1
      50
0
    1001
FS_CYPCUT
    1000
Channel
    1070
1
    1000
LeadIn
    1002
{
    1070
0
    1040
0
    1040
0
    1040
0
    1040
0
    1070
0
    1040
0
    1070
0
    1002
}
    1000
LeadOut
    1002
{
    1070
0
    1040
0
    1040
0
    1040
0
    1070
0
    1002
}
       0
INSERT
       5
21D7
     100
AcDbEntity
       8
1
     100
AcDbBlockReference
       2
Part627940950
      10
1348.24544096487
      20
1608.37355180309
      30
0
      41
1
      42
1
      50
269.999999977959
    1001
FS_CYPCUT
    1000
Channel
    1070
1
    1000
LeadIn
    1002
{
    1070
0
    1040
0
    1040
0
    1040
0
    1040
0
    1070
0
    1040
0
    1070
0
    1002
}
    1000
LeadOut
    1002
{
    1070
0
    1040
0
    1040
0
    1040
0
    1070
0
    1002
}
       0
INSERT
       5
21D8
     100
AcDbEntity
       8
1
     100
AcDbBlockReference
       2
Part142950187
      10
1385.88582895608
      20
1605.12295175448
      30
0
      41
1
      42
1
      50
0
    1001
FS_CYPCUT
    1000
Channel
    1070
1
    1000
LeadIn
    1002
{
    1070
0
    1040
0
    1040
0
    1040
0
    1040
0
    1070
0
    1040
0
    1070
0
    1002
}
    1000
LeadOut
    1002
{
    1070
0
    1040
0
    1040
0
    1040
0
    1070
0
    1002
}
       0
INSERT
       5
21D9
     100
AcDbEntity
       8
1
     100
AcDbBlockReference
       2
Part625124621
      10
1492.88592895608
      20
1620.22295175448
      30
0
      41
1
      42
1
      50
0
    1001
FS_CYPCUT
    1000
Channel
    1070
1
    1000
LeadIn
    1002
{
    1070
0
    1040
0
    1040
0
    1040
0
    1040
0
    1070
0
    1040
0
    1070
0
    1002
}
    1000
LeadOut
    1002
{
    1070
0
    1040
0
    1040
0
    1040
0
    1070
0
    1002
}
       0
INSERT
       5
21DA
     100
AcDbEntity
       8
1
     100
AcDbBlockReference
       2
Part670764407
      10
1608.01452902018
      20
1629.18215182499
      30
0
      41
1
      42
1
      50
90.0000001836389
    1001
FS_CYPCUT
    1000
Channel
    1070
1
    1000
LeadIn
    1002
{
    1070
0
    1040
0
    1040
0
    1040
0
    1040
0
    1070
0
    1040
0
    1070
0
    1002
}
    1000
LeadOut
    1002
{
    1070
0
    1040
0
    1040
0
    1040
0
    1070
0
    1002
}
       0
INSERT
       5
21DB
     100
AcDbEntity
       8
1
     100
AcDbBlockReference
       2
Part1721154676
      10
1441.02994096487
      20
1629.98295180309
      30
0
      41
1
      42
1
      50
269.999999977959
    1001
FS_CYPCUT
    1000
Channel
    1070
1
    1000
LeadIn
    1002
{
    1070
0
    1040
0
    1040
0
    1040
0
    1040
0
    1070
0
    1040
0
    1070
0
    1002
}
    1000
LeadOut
    1002
{
    1070
0
    1040
0
    1040
0
    1040
0
    1070
0
    1002
}
       0
INSERT
       5
21DC
     100
AcDbEntity
       8
1
     100
AcDbBlockReference
       2
Part973258218
      10
1603.27941775608
      20
1562.91855175448
      30
0
      41
1
      42
1
      50
180
    1001
FS_CYPCUT
    1000
Channel
    1070
1
    1000
LeadIn
    1002
{
    1070
0
    1040
0
    1040
0
    1040
0
    1040
0
    1070
0
    1040
0
    1070
0
    1002
}
    1000
LeadOut
    1002
{
    1070
0
    1040
0
    1040
0
    1040
0
    1070
0
    1002
}
       0
INSERT
       5
21DD
     100
AcDbEntity
       8
1
     100
AcDbBlockReference
       2
Part725236445
      10
1601.95412895608
      20
1484.72086375448
      30
0
      41
1
      42
1
      50
0
    1001
FS_CYPCUT
    1000
Channel
    1070
1
    1000
LeadIn
    1002
{
    1070
0
    1040
0
    1040
0
    1040
0
    1040
0
    1070
0
    1040
0
    1070
0
    1002
}
    1000
LeadOut
    1002
{
    1070
0
    1040
0
    1040
0
    1040
0
    1070
0
    1002
}
       0
INSERT
       5
21DE
     100
AcDbEntity
       8
1
     100
AcDbBlockReference
       2
Part183035980
      10
1636.88214795608
      20
1595.07255775448
      30
0
      41
1
      42
1
      50
0
    1001
FS_CYPCUT
    1000
Channel
    1070
1
    1000
LeadIn
    1002
{
    1070
0
    1040
0
    1040
0
    1040
0
    1040
0
    1070
0
    1040
0
    1070
0
    1002
}
    1000
LeadOut
    1002
{
    1070
0
    1040
0
    1040
0
    1040
0
    1070
0
    1002
}
       0
INSERT
       5
21DF
     100
AcDbEntity
       8
1
     100
AcDbBlockReference
       2
Part1338743362
      10
1839.36492895608
      20
1663.09655175448
      30
0
      41
1
      42
1
      50
180
    1001
FS_CYPCUT
    1000
Channel
    1070
1
    1000
LeadIn
    1002
{
    1070
0
    1040
0
    1040
0
    1040
0
    1040
0
    1070
0
    1040
0
    1070
0
    1002
}
    1000
LeadOut
    1002
{
    1070
0
    1040
0
    1040
0
    1040
0
    1070
0
    1002
}
       0
INSERT
       5
21E0
     100
AcDbEntity
       8
1
     100
AcDbBlockReference
       2
Part2023805265
      10
1687.57492895608
      20
1637.99875175448
      30
0
      41
1
      42
1
      50
0
    1001
FS_CYPCUT
    1000
Channel
    1070
1
    1000
LeadIn
    1002
{
    1070
0
    1040
0
    1040
0
    1040
0
    1040
0
    1070
0
    1040
0
    1070
0
    1002
}
    1000
LeadOut
    1002
{
    1070
0
    1040
0
    1040
0
    1040
0
    1070
0
    1002
}
       0
INSERT
       5
21E1
     100
AcDbEntity
       8
1
     100
AcDbBlockReference
       2
Part896322926
      10
1803.62012735608
      20
1662.96215175448
      30
0
      41
1
      42
1
      50
180
    1001
FS_CYPCUT
    1000
Channel
    1070
1
    1000
LeadIn
    1002
{
    1070
0
    1040
0
    1040
0
    1040
0
    1040
0
    1070
0
    1040
0
    1070
0
    1002
}
    1000
LeadOut
    1002
{
    1070
0
    1040
0
    1040
0
    1040
0
    1070
0
    1002
}
       0
INSERT
       5
21E2
     100
AcDbEntity
       8
1
     100
AcDbBlockReference
       2
Part1330552724
      10
1774.91492895608
      20
1628.44325175448
      30
0
      41
1
      42
1
      50
180
    1001
FS_CYPCUT
    1000
Channel
    1070
1
    1000
LeadIn
    1002
{
    1070
0
    1040
0
    1040
0
    1040
0
    1040
0
    1070
0
    1040
0
    1070
0
    1002
}
    1000
LeadOut
    1002
{
    1070
0
    1040
0
    1040
0
    1040
0
    1070
0
    1002
}
       0
INSERT
       5
21E3
     100
AcDbEntity
       8
1
     100
AcDbBlockReference
       2
Part802741712
      10
1836.91502895608
      20
1604.48815175448
      30
0
      41
1
      42
1
      50
180
    1001
FS_CYPCUT
    1000
Channel
    1070
1
    1000
LeadIn
    1002
{
    1070
0
    1040
0
    1040
0
    1040
0
    1040
0
    1070
0
    1040
0
    1070
0
    1002
}
    1000
LeadOut
    1002
{
    1070
0
    1040
0
    1040
0
    1040
0
    1070
0
    1002
}
       0
INSERT
       5
21E4
     100
AcDbEntity
       8
1
     100
AcDbBlockReference
       2
Part2033131026
      10
1646.80402895608
      20
1403.03775175448
      30
0
      41
1
      42
1
      50
0
    1001
FS_CYPCUT
    1000
Channel
    1070
1
    1000
LeadIn
    1002
{
    1070
0
    1040
0
    1040
0
    1040
0
    1040
0
    1070
0
    1040
0
    1070
0
    1002
}
    1000
LeadOut
    1002
{
    1070
0
    1040
0
    1040
0
    1040
0
    1070
0
    1002
}
       0
INSERT
       5
21E5
     100
AcDbEntity
       8
1
     100
AcDbBlockReference
       2
Part488794951
      10
643.36492895608
      20
1357.86065175448
      30
0
      41
1
      42
1
      50
0
    1001
FS_CYPCUT
    1000
Channel
    1070
1
    1000
LeadIn
    1002
{
    1070
0
    1040
0
    1040
0
    1040
0
    1040
0
    1070
0
    1040
0
    1070
0
    1002
}
    1000
LeadOut
    1002
{
    1070
0
    1040
0
    1040
0
    1040
0
    1070
0
    1002
}
       0
ENDSEC
  0
SECTION
  2
OBJECTS
  0
DICTIONARY
  5
111
330
0
100
AcDbDictionary
281
     1
  3
ACAD_COLOR
350
120
  3
ACAD_GROUP
350
112
  3
ACAD_LAYOUT
350
11E
  3
ACAD_MATERIAL
350
11F
  3
ACAD_MLINESTYLE
350
11B
  3
ACAD_PLOTSETTINGS
350
11D
  3
ACAD_PLOTSTYLENAME
350
113
  3
ACAD_TABLESTYLE
350
121
  3
AcDbVariableDictionary
350
135
  0
DICTIONARY
  5
120
102
{ACAD_REACTORS
330
111
102
}
330
111
100
AcDbDictionary
281
     1
  0
DICTIONARY
  5
112
102
{ACAD_REACTORS
330
111
102
}
330
111
100
AcDbDictionary
281
     1
  0
DICTIONARY
  5
11E
102
{ACAD_REACTORS
330
111
102
}
330
111
100
AcDbDictionary
281
     1
  3
Model
350
12A
  3
布局1
350
126
  0
DICTIONARY
  5
11F
102
{ACAD_REACTORS
330
111
102
}
330
111
100
AcDbDictionary
281
     1
  0
DICTIONARY
  5
11B
102
{ACAD_REACTORS
330
111
102
}
330
111
100
AcDbDictionary
281
     1
  3
Standard
350
11C
  0
DICTIONARY
  5
11D
102
{ACAD_REACTORS
330
111
102
}
330
111
100
AcDbDictionary
281
     1
  0
ACDBDICTIONARYWDFLT
  5
113
102
{ACAD_REACTORS
330
111
102
}
330
111
100
AcDbDictionary
281
     1
  3
Normal
350
114
100
AcDbDictionaryWithDefault
340
114
  0
DICTIONARY
  5
121
102
{ACAD_REACTORS
330
111
102
}
330
111
100
AcDbDictionary
281
     1
  3
Standard
350
122
  0
DICTIONARY
  5
135
102
{ACAD_REACTORS
330
111
102
}
330
111
100
AcDbDictionary
281
     1
  3
CTABLESTYLE
350
136
  0
LAYOUT
  5
12A
102
{ACAD_REACTORS
330
11E
102
}
330
11E
100
AcDbPlotSettings
  1

  2
发送至 OneNote 2010
  4

  6

 40
0.0
 41
0.0
 42
0.0
 43
0.0
 44
0.0
 45
0.0
 46
0.0
 47
0.0
 48
0.0
 49
0.0
140
0.0
141
0.0
142
1.0
143
1.0
 70
  1712
 72
     0
 73
     0
 74
     0
  7

 75
     0
147
1.0
 76
     0
 77
     2
 78
   300
148
0.0
149
0.0
100
AcDbLayout
  1
Model
 70
     1
 71
     0
 10
0.0
 20
0.0
 11
12.0
 21
9.0
 12
0.0
 22
0.0
 32
0.0
 14
0.0
 24
0.0
 34
0.0
 15
0.0
 25
0.0
 35
0.0
146
0.0
 13
0.0
 23
0.0
 33
0.0
 16
1.0
 26
0.0
 36
0.0
 17
0.0
 27
1.0
 37
0.0
 76
     0
330
127
  0
LAYOUT
  5
126
102
{ACAD_REACTORS
330
11E
102
}
330
11E
100
AcDbPlotSettings
  1

  2
发送至 OneNote 2010
  4

  6

 40
0.0
 41
0.0
 42
0.0
 43
0.0
 44
0.0
 45
0.0
 46
0.0
 47
0.0
 48
0.0
 49
0.0
140
0.0
141
0.0
142
1.0
143
1.0
 70
   688
 72
     0
 73
     0
 74
     5
  7

 75
    16
147
1.0
 76
     0
 77
     2
 78
   300
148
0.0
149
0.0
100
AcDbLayout
  1
布局1
 70
     1
 71
     1
 10
0.0
 20
0.0
 11
12.0
 21
9.0
 12
0.0
 22
0.0
 32
0.0
 14
0.0
 24
0.0
 34
0.0
 15
0.0
 25
0.0
 35
0.0
146
0.0
 13
0.0
 23
0.0
 33
0.0
 16
1.0
 26
0.0
 36
0.0
 17
0.0
 27
1.0
 37
0.0
 76
     0
330
123
  0
MLINESTYLE
  5
11C
102
{ACAD_REACTORS
330
11B
102
}
330
11B
100
AcDbMlineStyle
  2
STANDARD
 70
     0
  3

 62
   256
 51
90.0
 52
90.0
 71
     2
 49
0.5
 62
   256
  6
BYLAYER
 49
-0.5
 62
   256
  6
BYLAYER
  0
ACDBPLACEHOLDER
  5
114
102
{ACAD_REACTORS
330
113
102
}
330
113
  0
TABLESTYLE
  5
122
102
{ACAD_REACTORS
330
121
102
}
330
121
100
AcDbTableStyle
  3
Standard
 70
     0
 71
     0
 40
0.06
 41
0.06
280
     0
281
     0
  7
STANDARD
140
0.18
170
     2
 62
     0
 63
     7
283
     0
274
    -2
284
     1
 64
     0
275
    -2
285
     1
 65
     0
276
    -2
286
     1
 66
     0
277
    -2
287
     1
 67
     0
278
    -2
288
     1
 68
     0
279
    -2
289
     1
 69
     0
  7
STANDARD
140
0.25
170
     5
 62
     0
 63
     7
283
     0
274
    -2
284
     1
 64
     0
275
    -2
285
     1
 65
     0
276
    -2
286
     1
 66
     0
277
    -2
287
     1
 67
     0
278
    -2
288
     1
 68
     0
279
    -2
289
     1
 69
     0
  7
STANDARD
140
0.18
170
     5
 62
     0
 63
     7
283
     0
274
    -2
284
     1
 64
     0
275
    -2
285
     1
 65
     0
276
    -2
286
     1
 66
     0
277
    -2
287
     1
 67
     0
278
    -2
288
     1
 68
     0
279
    -2
289
     1
 69
     0
  0
DICTIONARYVAR
  5
136
102
{ACAD_REACTORS
330
135
102
}
330
135
100
DictionaryVariables
280
     0
  1
STANDARD
  0
ENDSEC
  0
EOF
