  0
SECTION
  2
HEADER
  9
$ACADVER
  1
AC1018
  9
$ACADMAINTVER
 70
    77
  9
$DWGCODEPAGE
  3
ANSI_936
  9
$INSBASE
 10
0.0
 20
0.0
 30
0.0
  9
$EXTMIN
 10
3458.53080573875
 20
6118.48341272259
 30
0.0
  9
$EXTMAX
 10
4647.52089261912
 20
6516.26449751379
 30
0.0
  9
$LIMMIN
 10
0.0
 20
0.0
  9
$LIMMAX
 10
420.0
 20
297.0
  9
$ORTHOMODE
 70
     0
  9
$REGENMODE
 70
     1
  9
$FILLMODE
 70
     1
  9
$QTEXTMODE
 70
     0
  9
$MIRRTEXT
 70
     0
  9
$LTSCALE
 40
1.0
  9
$ATTMODE
 70
     1
  9
$TEXTSIZE
 40
2.5
  9
$TRACEWID
 40
1.0
  9
$TEXTSTYLE
  7
STANDARD
  9
$CLAYER
  8
0
  9
$CELTYPE
  6
ByLayer
  9
$CECOLOR
 62
   256
  9
$CELTSCALE
 40
1.0
  9
$DISPSILH
 70
     0
  9
$DIMSCALE
 40
1.0
  9
$DIMASZ
 40
2.5
  9
$DIMEXO
 40
0.625
  9
$DIMDLI
 40
3.75
  9
$DIMRND
 40
0.0
  9
$DIMDLE
 40
0.0
  9
$DIMEXE
 40
1.25
  9
$DIMTP
 40
0.0
  9
$DIMTM
 40
0.0
  9
$DIMTXT
 40
2.5
  9
$DIMCEN
 40
2.5
  9
$DIMTSZ
 40
0.0
  9
$DIMTOL
 70
     0
  9
$DIMLIM
 70
     0
  9
$DIMTIH
 70
     0
  9
$DIMTOH
 70
     0
  9
$DIMSE1
 70
     0
  9
$DIMSE2
 70
     0
  9
$DIMTAD
 70
     1
  9
$DIMZIN
 70
     8
  9
$DIMBLK
  1

  9
$DIMASO
 70
     1
  9
$DIMSHO
 70
     1
  9
$DIMPOST
  1

  9
$DIMAPOST
  1

  9
$DIMALT
 70
     0
  9
$DIMALTD
 70
     3
  9
$DIMALTF
 40
0.03937007874016
  9
$DIMLFAC
 40
1.0
  9
$DIMTOFL
 70
     1
  9
$DIMTVP
 40
0.0
  9
$DIMTIX
 70
     0
  9
$DIMSOXD
 70
     0
  9
$DIMSAH
 70
     0
  9
$DIMBLK1
  1

  9
$DIMBLK2
  1

  9
$DIMSTYLE
  2
ISO-25
  9
$DIMCLRD
 70
     0
  9
$DIMCLRE
 70
     0
  9
$DIMCLRT
 70
     0
  9
$DIMTFAC
 40
1.0
  9
$DIMGAP
 40
0.625
  9
$DIMJUST
 70
     0
  9
$DIMSD1
 70
     0
  9
$DIMSD2
 70
     0
  9
$DIMTOLJ
 70
     1
  9
$DIMTZIN
 70
     0
  9
$DIMALTZ
 70
     0
  9
$DIMALTTZ
 70
     0
  9
$DIMUPT
 70
     0
  9
$DIMDEC
 70
     4
  9
$DIMTDEC
 70
     4
  9
$DIMALTU
 70
     2
  9
$DIMALTTD
 70
     2
  9
$DIMTXSTY
  7
STANDARD
  9
$DIMAUNIT
 70
     0
  9
$DIMADEC
 70
     0
  9
$DIMALTRND
 40
0.0
  9
$DIMAZIN
 70
     0
  9
$DIMDSEP
 70
    46
  9
$DIMATFIT
 70
     3
  9
$DIMFRAC
 70
     0
  9
$DIMLDRBLK
  1

  9
$DIMLUNIT
 70
     2
  9
$DIMLWD
 70
    -2
  9
$DIMLWE
 70
    -2
  9
$DIMTMOVE
 70
     0
  9
$LUNITS
 70
     2
  9
$LUPREC
 70
     4
  9
$SKETCHINC
 40
1.0
  9
$FILLETRAD
 40
0.0
  9
$AUNITS
 70
     0
  9
$AUPREC
 70
     0
  9
$MENU
  1
.
  9
$ELEVATION
 40
0.0
  9
$PELEVATION
 40
0.0
  9
$THICKNESS
 40
0.0
  9
$LIMCHECK
 70
     0
  9
$CHAMFERA
 40
0.0
  9
$CHAMFERB
 40
0.0
  9
$CHAMFERC
 40
0.0
  9
$CHAMFERD
 40
0.0
  9
$SKPOLY
 70
     0
  9
$TDCREATE
 40
2456997.676706910
  9
$TDUCREATE
 40
2456997.343373576
  9
$TDUPDATE
 40
2456997.680113438
  9
$TDUUPDATE
 40
2456997.346780104
  9
$TDINDWG
 40
0.0010312963
  9
$TDUSRTIMER
 40
0.0010311806
  9
$USRTIMER
 70
     1
  9
$ANGBASE
 50
0.0
  9
$ANGDIR
 70
     0
  9
$PDMODE
 70
     0
  9
$PDSIZE
 40
0.0
  9
$PLINEWID
 40
0.0
  9
$SPLFRAME
 70
     0
  9
$SPLINETYPE
 70
     6
  9
$SPLINESEGS
 70
     8
  9
$HANDSEED
  5
2507
  9
$SURFTAB1
 70
     6
  9
$SURFTAB2
 70
     6
  9
$SURFTYPE
 70
     6
  9
$SURFU
 70
     6
  9
$SURFV
 70
     6
  9
$UCSBASE
  2

  9
$UCSNAME
  2

  9
$UCSORG
 10
0.0
 20
0.0
 30
0.0
  9
$UCSXDIR
 10
1.0
 20
0.0
 30
0.0
  9
$UCSYDIR
 10
0.0
 20
1.0
 30
0.0
  9
$UCSORTHOREF
  2

  9
$UCSORTHOVIEW
 70
     0
  9
$UCSORGTOP
 10
0.0
 20
0.0
 30
0.0
  9
$UCSORGBOTTOM
 10
0.0
 20
0.0
 30
0.0
  9
$UCSORGLEFT
 10
0.0
 20
0.0
 30
0.0
  9
$UCSORGRIGHT
 10
0.0
 20
0.0
 30
0.0
  9
$UCSORGFRONT
 10
0.0
 20
0.0
 30
0.0
  9
$UCSORGBACK
 10
0.0
 20
0.0
 30
0.0
  9
$PUCSBASE
  2

  9
$PUCSNAME
  2

  9
$PUCSORG
 10
0.0
 20
0.0
 30
0.0
  9
$PUCSXDIR
 10
1.0
 20
0.0
 30
0.0
  9
$PUCSYDIR
 10
0.0
 20
1.0
 30
0.0
  9
$PUCSORTHOREF
  2

  9
$PUCSORTHOVIEW
 70
     0
  9
$PUCSORGTOP
 10
0.0
 20
0.0
 30
0.0
  9
$PUCSORGBOTTOM
 10
0.0
 20
0.0
 30
0.0
  9
$PUCSORGLEFT
 10
0.0
 20
0.0
 30
0.0
  9
$PUCSORGRIGHT
 10
0.0
 20
0.0
 30
0.0
  9
$PUCSORGFRONT
 10
0.0
 20
0.0
 30
0.0
  9
$PUCSORGBACK
 10
0.0
 20
0.0
 30
0.0
  9
$USERI1
 70
     0
  9
$USERI2
 70
     0
  9
$USERI3
 70
     0
  9
$USERI4
 70
     0
  9
$USERI5
 70
     0
  9
$USERR1
 40
0.0
  9
$USERR2
 40
0.0
  9
$USERR3
 40
0.0
  9
$USERR4
 40
0.0
  9
$USERR5
 40
0.0
  9
$WORLDVIEW
 70
     1
  9
$SHADEDGE
 70
     3
  9
$SHADEDIF
 70
    70
  9
$TILEMODE
 70
     1
  9
$MAXACTVP
 70
    64
  9
$PINSBASE
 10
0.0
 20
0.0
 30
0.0
  9
$PLIMCHECK
 70
     0
  9
$PEXTMIN
 10
0.0
 20
0.0
 30
0.0
  9
$PEXTMAX
 10
0.0
 20
0.0
 30
0.0
  9
$PLIMMIN
 10
0.0
 20
0.0
  9
$PLIMMAX
 10
12.0
 20
9.0
  9
$UNITMODE
 70
     0
  9
$VISRETAIN
 70
     1
  9
$PLINEGEN
 70
     0
  9
$PSLTSCALE
 70
     1
  9
$TREEDEPTH
 70
  3020
  9
$CMLSTYLE
  2
Standard
  9
$CMLJUST
 70
     0
  9
$CMLSCALE
 40
1.0
  9
$PROXYGRAPHICS
 70
     1
  9
$MEASUREMENT
 70
     1
  9
$CELWEIGHT
370
    -1
  9
$ENDCAPS
280
     0
  9
$JOINSTYLE
280
     0
  9
$LWDISPLAY
290
     0
  9
$INSUNITS
 70
     0
  9
$HYPERLINKBASE
  1

  9
$STYLESHEET
  1

  9
$XEDIT
290
     1
  9
$CEPSNTYPE
380
     0
  9
$PSTYLEMODE
290
     1
  9
$FINGERPRINTGUID
  2
{1F2D6530-6BF2-4D5E-922F-A9C54F637010}
  9
$VERSIONGUID
  2
{15AD9CB5-51D1-451C-B472-5DB36EFAD6AD}
  9
$EXTNAMES
290
     1
  9
$PSVPSCALE
 40
0.0
  9
$OLESTARTUP
290
     0
  9
$SORTENTS
280
   127
  9
$INDEXCTL
280
     0
  9
$HIDETEXT
280
     0
  9
$XCLIPFRAME
290
     0
  9
$HALOGAP
280
     0
  9
$OBSCOLOR
 70
   257
  9
$OBSLTYPE
280
     0
  9
$INTERSECTIONDISPLAY
280
     0
  9
$INTERSECTIONCOLOR
 70
   257
  9
$DIMASSOC
280
     1
  9
$PROJECTNAME
  1

  0
ENDSEC
  0
SECTION
  2
CLASSES
  0
CLASS
  1
ACDBDICTIONARYWDFLT
  2
AcDbDictionaryWithDefault
  3
ObjectDBX Classes
 90
        0
 91
        1
280
     0
281
     0
  0
CLASS
  1
TABLESTYLE
  2
AcDbTableStyle
  3
ObjectDBX Classes
 90
     2047
 91
        1
280
     0
281
     0
  0
CLASS
  1
DICTIONARYVAR
  2
AcDbDictionaryVar
  3
ObjectDBX Classes
 90
        0
 91
        1
280
     0
281
     0
  0
ENDSEC
  0
SECTION
  2
TABLES
  0
TABLE
  2
VPORT
  5
10D
330
0
100
AcDbSymbolTable
 70
     2
  0
VPORT
  5
137
330
10D
100
AcDbSymbolTableRecord
100
AcDbViewportTableRecord
  2
*Active
 70
     0
 10
0.0
 20
0.0
 11
1.0
 21
1.0
 12
4053.02584917893
 22
6317.37395511819
 13
0.0
 23
0.0
 14
10.0
 24
10.0
 15
10.0
 25
10.0
 16
0.0
 26
0.0
 36
1.0
 17
0.0
 27
0.0
 37
0.0
 40
551.708552688342
 41
2.435135135135135
 42
50.0
 43
0.0
 44
0.0
 50
0.0
 51
0.0
 71
     0
 72
  1000
 73
     1
 74
     3
 75
     0
 76
     0
 77
     0
 78
     0
281
     0
 65
     1
110
0.0
120
0.0
130
0.0
111
1.0
121
0.0
131
0.0
112
0.0
122
1.0
132
0.0
 79
     0
146
0.0
  0
ENDTAB
  0
TABLE
  2
LTYPE
  5
10A
330
0
100
AcDbSymbolTable
 70
     1
  0
LTYPE
  5
118
330
10A
100
AcDbSymbolTableRecord
100
AcDbLinetypeTableRecord
  2
ByBlock
 70
     0
  3

 72
    65
 73
     0
 40
0.0
  0
LTYPE
  5
119
330
10A
100
AcDbSymbolTableRecord
100
AcDbLinetypeTableRecord
  2
ByLayer
 70
     0
  3

 72
    65
 73
     0
 40
0.0
  0
LTYPE
  5
11A
330
10A
100
AcDbSymbolTableRecord
100
AcDbLinetypeTableRecord
  2
CONTINUOUS
 70
     0
  3
Solid line
 72
    65
 73
     0
 40
0.0
  0
ENDTAB
  0
TABLE
  2
LAYER
  5
107
330
0
100
AcDbSymbolTable
 70
     1
  0
LAYER
  5
115
330
107
100
AcDbSymbolTableRecord
100
AcDbLayerTableRecord
  2
0
 70
     0
 62
     7
  6
CONTINUOUS
370
    -3
390
114
  0
ENDTAB
  0
TABLE
  2
STYLE
  5
108
330
0
100
AcDbSymbolTable
 70
     1
  0
STYLE
  5
116
330
108
100
AcDbSymbolTableRecord
100
AcDbTextStyleTableRecord
  2
STANDARD
 70
     0
 40
0.0
 41
1.0
 50
0.0
 71
     0
 42
2.5
  3
txt
  4
gbcbig.shx
  0
ENDTAB
  0
TABLE
  2
VIEW
  5
10B
330
0
100
AcDbSymbolTable
 70
     0
  0
ENDTAB
  0
TABLE
  2
UCS
  5
10C
330
0
100
AcDbSymbolTable
 70
     0
  0
ENDTAB
  0
TABLE
  2
APPID
  5
10E
330
0
100
AcDbSymbolTable
 70
     2
  0
APPID
  5
117
330
10E
100
AcDbSymbolTableRecord
100
AcDbRegAppTableRecord
  2
ACAD
 70
     0
  0
APPID
  5
12C
330
10E
100
AcDbSymbolTableRecord
100
AcDbRegAppTableRecord
  2
ACAD_PSEXT
 70
     0
  0
APPID
  5
112C
330
10E
100
AcDbSymbolTableRecord
100
AcDbRegAppTableRecord
  2
FS_CYPCUT
 70
     0
  0
ENDTAB
  0
TABLE
  2
DIMSTYLE
  5
10F
330
0
100
AcDbSymbolTable
 70
     1
100
AcDbDimStyleTable
 71
     0
  0
DIMSTYLE
105
12D
330
10F
100
AcDbSymbolTableRecord
100
AcDbDimStyleTableRecord
  2
ISO-25
 70
     0
 41
2.5
 42
0.625
 43
3.75
 44
1.25
 73
     0
 74
     0
 77
     1
 78
     8
140
2.5
141
2.5
143
0.03937007874016
147
0.625
171
     3
172
     1
274
     3
279
     2
284
     8
285
     8
286
     8
340
116
  0
ENDTAB
  0
TABLE
  2
BLOCK_RECORD
  5
106
330
0
100
AcDbSymbolTable
 70
     2
  0
BLOCK_RECORD
  5
127
330
106
100
AcDbSymbolTableRecord
100
AcDbBlockTableRecord
  2
*Model_Space
340
12A
  0
BLOCK_RECORD
  5
123
330
106
100
AcDbSymbolTableRecord
100
AcDbBlockTableRecord
  2
*Paper_Space
340
126
  0
BLOCK_RECORD
  5
130
330
106
100
AcDbSymbolTableRecord
100
AcDbBlockTableRecord
  2
$MODEL_SPACE
340
0
  0
BLOCK_RECORD
  5
132
330
106
100
AcDbSymbolTableRecord
100
AcDbBlockTableRecord
  2
$PAPER_SPACE
340
0
       0
BLOCK_RECORD
       5
2000
     330
106
     100
AcDbSymbolTableRecord
     100
AcDbBlockTableRecord
       2
Part698057050
       0
BLOCK_RECORD
       5
2001
     330
106
     100
AcDbSymbolTableRecord
     100
AcDbBlockTableRecord
       2
Part1637118662
       0
BLOCK_RECORD
       5
2002
     330
106
     100
AcDbSymbolTableRecord
     100
AcDbBlockTableRecord
       2
Part1162943461
       0
BLOCK_RECORD
       5
2003
     330
106
     100
AcDbSymbolTableRecord
     100
AcDbBlockTableRecord
       2
Part2097060171
       0
BLOCK_RECORD
       5
2004
     330
106
     100
AcDbSymbolTableRecord
     100
AcDbBlockTableRecord
       2
CommonPart
       0
BLOCK_RECORD
       5
2005
     330
106
     100
AcDbSymbolTableRecord
     100
AcDbBlockTableRecord
       2
Part58992851
       0
BLOCK_RECORD
       5
2006
     330
106
     100
AcDbSymbolTableRecord
     100
AcDbBlockTableRecord
       2
Part1009263486
       0
BLOCK_RECORD
       5
2007
     330
106
     100
AcDbSymbolTableRecord
     100
AcDbBlockTableRecord
       2
Part2144827767
       0
BLOCK_RECORD
       5
2008
     330
106
     100
AcDbSymbolTableRecord
     100
AcDbBlockTableRecord
       2
Part138753427
       0
BLOCK_RECORD
       5
2009
     330
106
     100
AcDbSymbolTableRecord
     100
AcDbBlockTableRecord
       2
Part1443081850
       0
BLOCK_RECORD
       5
200A
     330
106
     100
AcDbSymbolTableRecord
     100
AcDbBlockTableRecord
       2
Part1676023401
       0
BLOCK_RECORD
       5
200B
     330
106
     100
AcDbSymbolTableRecord
     100
AcDbBlockTableRecord
       2
Part563485153
       0
BLOCK_RECORD
       5
200C
     330
106
     100
AcDbSymbolTableRecord
     100
AcDbBlockTableRecord
       2
Part1817643369
       0
BLOCK_RECORD
       5
200D
     330
106
     100
AcDbSymbolTableRecord
     100
AcDbBlockTableRecord
       2
Part501356820
       0
BLOCK_RECORD
       5
200E
     330
106
     100
AcDbSymbolTableRecord
     100
AcDbBlockTableRecord
       2
Part442308626
       0
BLOCK_RECORD
       5
200F
     330
106
     100
AcDbSymbolTableRecord
     100
AcDbBlockTableRecord
       2
Part1718120574
       0
BLOCK_RECORD
       5
2010
     330
106
     100
AcDbSymbolTableRecord
     100
AcDbBlockTableRecord
       2
Part1489961564
       0
BLOCK_RECORD
       5
2011
     330
106
     100
AcDbSymbolTableRecord
     100
AcDbBlockTableRecord
       2
Part1948975056
       0
BLOCK_RECORD
       5
2012
     330
106
     100
AcDbSymbolTableRecord
     100
AcDbBlockTableRecord
       2
Part160180421
       0
BLOCK_RECORD
       5
2013
     330
106
     100
AcDbSymbolTableRecord
     100
AcDbBlockTableRecord
       2
Part770793142
       0
BLOCK_RECORD
       5
2014
     330
106
     100
AcDbSymbolTableRecord
     100
AcDbBlockTableRecord
       2
Part2068514071
       0
BLOCK_RECORD
       5
2015
     330
106
     100
AcDbSymbolTableRecord
     100
AcDbBlockTableRecord
       2
Part1818492252
       0
BLOCK_RECORD
       5
2016
     330
106
     100
AcDbSymbolTableRecord
     100
AcDbBlockTableRecord
       2
Part1862921080
       0
BLOCK_RECORD
       5
2017
     330
106
     100
AcDbSymbolTableRecord
     100
AcDbBlockTableRecord
       2
Part1726915035
       0
BLOCK_RECORD
       5
2018
     330
106
     100
AcDbSymbolTableRecord
     100
AcDbBlockTableRecord
       2
Part490871844
  0
ENDTAB
  0
ENDSEC
  0
SECTION
  2
BLOCKS
  0
BLOCK
  5
128
330
127
100
AcDbEntity
  8
0
100
AcDbBlockBegin
  2
*Model_Space
 70
     0
 10
0.0
 20
0.0
 30
0.0
  3
*Model_Space
  1

  0
ENDBLK
  5
129
330
127
100
AcDbEntity
  8
0
100
AcDbBlockEnd
  0
BLOCK
  5
124
330
123
100
AcDbEntity
 67
     1
  8
0
100
AcDbBlockBegin
  2
*Paper_Space
 70
     0
 10
0.0
 20
0.0
 30
0.0
  3
*Paper_Space
  1

  0
ENDBLK
  5
125
330
123
100
AcDbEntity
 67
     1
  8
0
100
AcDbBlockEnd
  0
BLOCK
  5
131
330
130
100
AcDbEntity
  8
0
100
AcDbBlockBegin
  2
$MODEL_SPACE
 70
     0
 10
0.0
 20
0.0
 30
0.0
  3
$MODEL_SPACE
  1

  0
ENDBLK
  5
21
330
130
100
AcDbEntity
  8
0
100
AcDbBlockEnd
  0
BLOCK
  5
133
330
132
100
AcDbEntity
  8
0
100
AcDbBlockBegin
  2
$PAPER_SPACE
 70
     0
 10
0.0
 20
0.0
 30
0.0
  3
$PAPER_SPACE
  1

  0
ENDBLK
  5
D5
330
132
100
AcDbEntity
  8
0
100
AcDbBlockEnd
       0
BLOCK
       5
2019
     330
2000
     100
AcDbEntity
       8
0
     100
AcDbBlockBegin
       2
Part698057050
      70
0
      10
-105.231362
      20
-78.1484871
      30
0
       3
Part698057050
       1

       4
CypCutBlock
       0
LINE
       5
201A
     100
AcDbEntity
       8
2
     100
AcDbLine
      10
-98.9887527038
      20
-39.637465356
      30
0
      11
-47.6419607576
      21
-72.7178138553
      31
0
    1001
FS_CYPCUT
    1000
Channel
    1070
2
    1000
LeadIn
    1002
{
    1070
3
    1040
0
    1040
1.5707963267949
    1040
1
    1040
1
    1070
0
    1040
0.5
    1070
0
    1002
}
    1000
LeadOut
    1002
{
    1070
0
    1040
0
    1040
0
    1040
0
    1070
0
    1002
}
    1000
IsFill
    1070
0
    1000
PathStart
    1040
0
    1000
ToolCompensation
    1002
{
    1070
0
    1040
0
    1070
0
    1002
}
       0
LINE
       5
201B
     100
AcDbEntity
       8
2
     100
AcDbLine
      10
-44.0604845476
      20
-67.7379445263
      30
0
      11
-91.7594622122
      21
-29.5854868105
      31
0
    1001
FS_CYPCUT
    1000
Channel
    1070
2
    1000
LeadIn
    1002
{
    1070
3
    1040
0
    1040
1.5707963267949
    1040
1
    1040
1
    1070
0
    1040
0.5
    1070
0
    1002
}
    1000
LeadOut
    1002
{
    1070
0
    1040
0
    1040
0
    1040
0
    1070
0
    1002
}
    1000
IsFill
    1070
0
    1000
PathStart
    1040
0
    1000
ToolCompensation
    1002
{
    1070
0
    1040
0
    1070
0
    1002
}
       0
LINE
       5
201C
     100
AcDbEntity
       8
2
     100
AcDbLine
      10
-83.541161703
      20
-20.3245737096
      30
0
      11
-39.989041052
      21
-63.1499783989
      31
0
    1001
FS_CYPCUT
    1000
Channel
    1070
2
    1000
LeadIn
    1002
{
    1070
3
    1040
0
    1040
1.5707963267949
    1040
1
    1040
1
    1070
0
    1040
0.5
    1070
0
    1002
}
    1000
LeadOut
    1002
{
    1070
0
    1040
0
    1040
0
    1040
0
    1070
0
    1002
}
    1000
IsFill
    1070
0
    1000
PathStart
    1040
0
    1000
ToolCompensation
    1002
{
    1070
0
    1040
0
    1070
0
    1002
}
       0
LINE
       5
201D
     100
AcDbEntity
       8
2
     100
AcDbLine
      10
-35.4702263774
      20
-59.0019161979
      30
0
      11
-74.4198323764
      21
-11.9516165971
      31
0
    1001
FS_CYPCUT
    1000
Channel
    1070
2
    1000
LeadIn
    1002
{
    1070
3
    1040
0
    1040
1.5707963267949
    1040
1
    1040
1
    1070
0
    1040
0.5
    1070
0
    1002
}
    1000
LeadOut
    1002
{
    1070
0
    1040
0
    1040
0
    1040
0
    1070
0
    1002
}
    1000
IsFill
    1070
0
    1000
PathStart
    1040
0
    1000
ToolCompensation
    1002
{
    1070
0
    1040
0
    1070
0
    1002
}
       0
LINE
       5
201E
     100
AcDbEntity
       8
2
     100
AcDbLine
      10
-64.4909025844
      20
-4.5542160174
      30
0
      11
-30.5513168629
      21
-55.3371562735
      31
0
    1001
FS_CYPCUT
    1000
Channel
    1070
2
    1000
LeadIn
    1002
{
    1070
3
    1040
0
    1040
1.5707963267949
    1040
1
    1040
1
    1070
0
    1040
0.5
    1070
0
    1002
}
    1000
LeadOut
    1002
{
    1070
0
    1040
0
    1040
0
    1040
0
    1070
0
    1002
}
    1000
IsFill
    1070
0
    1000
PathStart
    1040
0
    1000
ToolCompensation
    1002
{
    1070
0
    1040
0
    1070
0
    1002
}
       0
LINE
       5
201F
     100
AcDbEntity
       8
2
     100
AcDbLine
      10
-25.2837742067
      20
-52.194040581
      30
0
      11
-53.8582489171
      21
1.7902339351
      31
0
    1001
FS_CYPCUT
    1000
Channel
    1070
2
    1000
LeadIn
    1002
{
    1070
3
    1040
0
    1040
1.5707963267949
    1040
1
    1040
1
    1070
0
    1040
0.5
    1070
0
    1002
}
    1000
LeadOut
    1002
{
    1070
0
    1040
0
    1040
0
    1040
0
    1070
0
    1002
}
    1000
IsFill
    1070
0
    1000
PathStart
    1040
0
    1000
ToolCompensation
    1002
{
    1070
0
    1040
0
    1070
0
    1002
}
       0
LINE
       5
2020
     100
AcDbEntity
       8
2
     100
AcDbLine
      10
-42.6331073284
      20
7.0153559319
      30
0
      11
-19.7227055611
      21
-49.6054528831
      31
0
    1001
FS_CYPCUT
    1000
Channel
    1070
2
    1000
LeadIn
    1002
{
    1070
3
    1040
0
    1040
1.5707963267949
    1040
1
    1040
1
    1070
0
    1040
0.5
    1070
0
    1002
}
    1000
LeadOut
    1002
{
    1070
0
    1040
0
    1040
0
    1040
0
    1070
0
    1002
}
    1000
IsFill
    1070
0
    1000
PathStart
    1040
0
    1000
ToolCompensation
    1002
{
    1070
0
    1040
0
    1070
0
    1002
}
       0
LINE
       5
2021
     100
AcDbEntity
       8
2
     100
AcDbLine
      10
-13.9263858984
      20
-47.5985057513
      30
0
      11
-30.9331035705
      21
11.0664246077
      31
0
    1001
FS_CYPCUT
    1000
Channel
    1070
2
    1000
LeadIn
    1002
{
    1070
3
    1040
0
    1040
1.5707963267949
    1040
1
    1040
1
    1070
0
    1040
0.5
    1070
0
    1002
}
    1000
LeadOut
    1002
{
    1070
0
    1040
0
    1040
0
    1040
0
    1070
0
    1002
}
    1000
IsFill
    1070
0
    1000
PathStart
    1040
0
    1000
ToolCompensation
    1002
{
    1070
0
    1040
0
    1070
0
    1002
}
       0
LINE
       5
2022
     100
AcDbEntity
       8
2
     100
AcDbLine
      10
-18.8803031839
      20
13.9011745698
      30
0
      11
-7.9552853942
      21
-46.1941371133
      31
0
    1001
FS_CYPCUT
    1000
Channel
    1070
2
    1000
LeadIn
    1002
{
    1070
3
    1040
0
    1040
1.5707963267949
    1040
1
    1040
1
    1070
0
    1040
0.5
    1070
0
    1002
}
    1000
LeadOut
    1002
{
    1070
0
    1040
0
    1040
0
    1040
0
    1070
0
    1002
}
    1000
IsFill
    1070
0
    1000
PathStart
    1040
0
    1000
ToolCompensation
    1002
{
    1070
0
    1040
0
    1070
0
    1002
}
       0
LINE
       5
2023
     100
AcDbEntity
       8
2
     100
AcDbLine
      10
-1.8719227068
      20
-45.4070705645
      30
0
      11
-6.6009004109
      21
15.4898855982
      31
0
    1001
FS_CYPCUT
    1000
Channel
    1070
2
    1000
LeadIn
    1002
{
    1070
3
    1040
0
    1040
1.5707963267949
    1040
1
    1040
1
    1070
0
    1040
0.5
    1070
0
    1002
}
    1000
LeadOut
    1002
{
    1070
0
    1040
0
    1040
0
    1040
0
    1070
0
    1002
}
    1000
IsFill
    1070
0
    1000
PathStart
    1040
0
    1000
ToolCompensation
    1002
{
    1070
0
    1040
0
    1070
0
    1002
}
       0
LWPOLYLINE
       5
2024
     100
AcDbEntity
       8
1
     100
AcDbPolyline
      90
44
      70
1
      10
5.910962724
      20
15.8318197864
      42
0
      10
-6.3602131561
      20
15.5085764968
      42
0
      10
-6.8415876656
      20
15.4711946995
      42
0
      10
-18.6427821537
      20
13.9443546078
      42
0
      10
-19.1178242141
      20
13.8579945319
      42
0
      10
-30.7012383964
      20
11.1336412035
      42
0
      10
-31.1649687447
      20
10.9992080119
      42
0
      10
-42.4093213986
      20
7.1059062807
      42
0
      10
-42.8568932582
      20
6.9248055831
      42
0
      10
-53.6448820399
      20
1.9031713766
      42
0
      10
-54.0716157943
      20
1.6772964936
      42
0
      10
-64.2901887913
      20
-4.4200736737
      42
0
      10
-64.6916163775
      20
-4.6883583612
      42
0
      10
-74.2338715163
      20
-11.7976727953
      42
0
      10
-74.6057932365
      20
-12.1055603989
      42
0
      10
-83.371899309
      20
-20.1524390597
      42
0
      10
-83.7104240971
      20
-20.4967083595
      42
0
      10
-91.60866913
      20
-29.396962239
      42
0
      10
-91.9102552944
      20
-29.7740113821
      42
0
      10
-98.8580065571
      20
-39.4345232647
      42
0
      10
-99.1194988505
      20
-39.8404074472
      42
0
      10
-105.2313618012
      20
-50.4863441046
      42
0
      10
-50.7739624425
      20
-78.1484870999
      42
0
      10
-47.7727069043
      20
-72.9207559465
      42
0
      10
-47.5112146109
      20
-72.514871764
      42
0
      10
-44.2112776299
      20
-67.9264690978
      42
0
      10
-43.9096914654
      20
-67.5494199548
      42
0
      10
-40.158303446
      20
-63.3221130488
      42
0
      10
-39.8197786579
      20
-62.977843749
      42
0
      10
-35.6561872375
      20
-59.1558599997
      42
0
      10
-35.2842655174
      20
-58.8479723961
      42
0
      10
-30.752030656
      20
-55.4712986172
      42
0
      10
-30.3506030698
      20
-55.2030139298
      42
0
      10
-25.4971410839
      20
-52.3069780225
      42
0
      10
-25.0704073295
      20
-52.0811031395
      42
0
      10
-19.946491491
      20
-49.6960032319
      42
0
      10
-19.4989196313
      20
-49.5149025343
      42
0
      10
-14.1582510725
      20
-47.665722347
      42
0
      10
-13.6945207242
      20
-47.5312891555
      42
0
      10
-8.1928064244
      20
-46.2373171513
      42
0
      10
-7.717764364
      20
-46.1509570754
      42
0
      10
-2.1126099615
      20
-45.4257614631
      42
0
      10
-1.631235452
      20
-45.3883796658
      42
0
      10
4.394573863
      20
-45.2296497735
      42
0
    1001
FS_CYPCUT
    1000
Channel
    1070
1
    1000
LeadIn
    1002
{
    1070
3
    1040
21.5
    1040
1.5707963267949
    1040
1
    1040
1
    1070
0
    1040
0.5
    1070
0
    1002
}
    1000
LeadOut
    1002
{
    1070
0
    1040
0
    1040
0
    1040
0
    1070
0
    1002
}
    1000
IsFill
    1070
1
    1000
PathStart
    1040
21.5
    1000
ToolCompensation
    1002
{
    1070
0
    1040
0
    1070
0
    1002
}
    1000
MicroConnect
    1002
{
    1070
2
    1040
21.1206168
    1041
0.5
    1042
0
    1040
43.1686057
    1041
0.5
    1042
0
    1002
}
       0
ENDBLK
       5
2025
     330
2000
     100
AcDbEntity
       8
0
     100
AcDbBlockEnd
       0
BLOCK
       5
2026
     330
2001
     100
AcDbEntity
       8
0
     100
AcDbBlockBegin
       2
Part1637118662
      70
0
      10
-105.231362
      20
-78.1484871
      30
0
       3
Part1637118662
       1

       4
CypCutBlock
       0
LINE
       5
2027
     100
AcDbEntity
       8
2
     100
AcDbLine
      10
-98.9887527038
      20
-39.637465356
      30
0
      11
-47.6419607576
      21
-72.7178138553
      31
0
    1001
FS_CYPCUT
    1000
Channel
    1070
2
    1000
LeadIn
    1002
{
    1070
3
    1040
0
    1040
1.5707963267949
    1040
1
    1040
1
    1070
0
    1040
0.5
    1070
0
    1002
}
    1000
LeadOut
    1002
{
    1070
0
    1040
0
    1040
0
    1040
0
    1070
0
    1002
}
    1000
IsFill
    1070
0
    1000
PathStart
    1040
0
    1000
ToolCompensation
    1002
{
    1070
0
    1040
0
    1070
0
    1002
}
       0
LINE
       5
2028
     100
AcDbEntity
       8
2
     100
AcDbLine
      10
-44.0604845476
      20
-67.7379445263
      30
0
      11
-91.7594622122
      21
-29.5854868105
      31
0
    1001
FS_CYPCUT
    1000
Channel
    1070
2
    1000
LeadIn
    1002
{
    1070
3
    1040
0
    1040
1.5707963267949
    1040
1
    1040
1
    1070
0
    1040
0.5
    1070
0
    1002
}
    1000
LeadOut
    1002
{
    1070
0
    1040
0
    1040
0
    1040
0
    1070
0
    1002
}
    1000
IsFill
    1070
0
    1000
PathStart
    1040
0
    1000
ToolCompensation
    1002
{
    1070
0
    1040
0
    1070
0
    1002
}
       0
LINE
       5
2029
     100
AcDbEntity
       8
2
     100
AcDbLine
      10
-83.541161703
      20
-20.3245737096
      30
0
      11
-39.989041052
      21
-63.1499783989
      31
0
    1001
FS_CYPCUT
    1000
Channel
    1070
2
    1000
LeadIn
    1002
{
    1070
3
    1040
0
    1040
1.5707963267949
    1040
1
    1040
1
    1070
0
    1040
0.5
    1070
0
    1002
}
    1000
LeadOut
    1002
{
    1070
0
    1040
0
    1040
0
    1040
0
    1070
0
    1002
}
    1000
IsFill
    1070
0
    1000
PathStart
    1040
0
    1000
ToolCompensation
    1002
{
    1070
0
    1040
0
    1070
0
    1002
}
       0
LINE
       5
202A
     100
AcDbEntity
       8
2
     100
AcDbLine
      10
-35.4702263774
      20
-59.0019161979
      30
0
      11
-74.4198323764
      21
-11.9516165971
      31
0
    1001
FS_CYPCUT
    1000
Channel
    1070
2
    1000
LeadIn
    1002
{
    1070
3
    1040
0
    1040
1.5707963267949
    1040
1
    1040
1
    1070
0
    1040
0.5
    1070
0
    1002
}
    1000
LeadOut
    1002
{
    1070
0
    1040
0
    1040
0
    1040
0
    1070
0
    1002
}
    1000
IsFill
    1070
0
    1000
PathStart
    1040
0
    1000
ToolCompensation
    1002
{
    1070
0
    1040
0
    1070
0
    1002
}
       0
LINE
       5
202B
     100
AcDbEntity
       8
2
     100
AcDbLine
      10
-64.4909025844
      20
-4.5542160174
      30
0
      11
-30.5513168629
      21
-55.3371562735
      31
0
    1001
FS_CYPCUT
    1000
Channel
    1070
2
    1000
LeadIn
    1002
{
    1070
3
    1040
0
    1040
1.5707963267949
    1040
1
    1040
1
    1070
0
    1040
0.5
    1070
0
    1002
}
    1000
LeadOut
    1002
{
    1070
0
    1040
0
    1040
0
    1040
0
    1070
0
    1002
}
    1000
IsFill
    1070
0
    1000
PathStart
    1040
0
    1000
ToolCompensation
    1002
{
    1070
0
    1040
0
    1070
0
    1002
}
       0
LINE
       5
202C
     100
AcDbEntity
       8
2
     100
AcDbLine
      10
-25.2837742067
      20
-52.194040581
      30
0
      11
-53.8582489171
      21
1.7902339351
      31
0
    1001
FS_CYPCUT
    1000
Channel
    1070
2
    1000
LeadIn
    1002
{
    1070
3
    1040
0
    1040
1.5707963267949
    1040
1
    1040
1
    1070
0
    1040
0.5
    1070
0
    1002
}
    1000
LeadOut
    1002
{
    1070
0
    1040
0
    1040
0
    1040
0
    1070
0
    1002
}
    1000
IsFill
    1070
0
    1000
PathStart
    1040
0
    1000
ToolCompensation
    1002
{
    1070
0
    1040
0
    1070
0
    1002
}
       0
LINE
       5
202D
     100
AcDbEntity
       8
2
     100
AcDbLine
      10
-42.6331073284
      20
7.0153559319
      30
0
      11
-19.7227055611
      21
-49.6054528831
      31
0
    1001
FS_CYPCUT
    1000
Channel
    1070
2
    1000
LeadIn
    1002
{
    1070
3
    1040
0
    1040
1.5707963267949
    1040
1
    1040
1
    1070
0
    1040
0.5
    1070
0
    1002
}
    1000
LeadOut
    1002
{
    1070
0
    1040
0
    1040
0
    1040
0
    1070
0
    1002
}
    1000
IsFill
    1070
0
    1000
PathStart
    1040
0
    1000
ToolCompensation
    1002
{
    1070
0
    1040
0
    1070
0
    1002
}
       0
LINE
       5
202E
     100
AcDbEntity
       8
2
     100
AcDbLine
      10
-13.9263858984
      20
-47.5985057513
      30
0
      11
-30.9331035705
      21
11.0664246077
      31
0
    1001
FS_CYPCUT
    1000
Channel
    1070
2
    1000
LeadIn
    1002
{
    1070
3
    1040
0
    1040
1.5707963267949
    1040
1
    1040
1
    1070
0
    1040
0.5
    1070
0
    1002
}
    1000
LeadOut
    1002
{
    1070
0
    1040
0
    1040
0
    1040
0
    1070
0
    1002
}
    1000
IsFill
    1070
0
    1000
PathStart
    1040
0
    1000
ToolCompensation
    1002
{
    1070
0
    1040
0
    1070
0
    1002
}
       0
LINE
       5
202F
     100
AcDbEntity
       8
2
     100
AcDbLine
      10
-18.8803031839
      20
13.9011745698
      30
0
      11
-7.9552853942
      21
-46.1941371133
      31
0
    1001
FS_CYPCUT
    1000
Channel
    1070
2
    1000
LeadIn
    1002
{
    1070
3
    1040
0
    1040
1.5707963267949
    1040
1
    1040
1
    1070
0
    1040
0.5
    1070
0
    1002
}
    1000
LeadOut
    1002
{
    1070
0
    1040
0
    1040
0
    1040
0
    1070
0
    1002
}
    1000
IsFill
    1070
0
    1000
PathStart
    1040
0
    1000
ToolCompensation
    1002
{
    1070
0
    1040
0
    1070
0
    1002
}
       0
LINE
       5
2030
     100
AcDbEntity
       8
2
     100
AcDbLine
      10
-1.8719227068
      20
-45.4070705645
      30
0
      11
-6.6009004109
      21
15.4898855982
      31
0
    1001
FS_CYPCUT
    1000
Channel
    1070
2
    1000
LeadIn
    1002
{
    1070
3
    1040
0
    1040
1.5707963267949
    1040
1
    1040
1
    1070
0
    1040
0.5
    1070
0
    1002
}
    1000
LeadOut
    1002
{
    1070
0
    1040
0
    1040
0
    1040
0
    1070
0
    1002
}
    1000
IsFill
    1070
0
    1000
PathStart
    1040
0
    1000
ToolCompensation
    1002
{
    1070
0
    1040
0
    1070
0
    1002
}
       0
LWPOLYLINE
       5
2031
     100
AcDbEntity
       8
1
     100
AcDbPolyline
      90
44
      70
1
      10
5.910962724
      20
15.8318197864
      42
0
      10
-6.3602131561
      20
15.5085764968
      42
0
      10
-6.8415876656
      20
15.4711946995
      42
0
      10
-18.6427821537
      20
13.9443546078
      42
0
      10
-19.1178242141
      20
13.8579945319
      42
0
      10
-30.7012383964
      20
11.1336412035
      42
0
      10
-31.1649687447
      20
10.9992080119
      42
0
      10
-42.4093213986
      20
7.1059062807
      42
0
      10
-42.8568932582
      20
6.9248055831
      42
0
      10
-53.6448820399
      20
1.9031713766
      42
0
      10
-54.0716157943
      20
1.6772964936
      42
0
      10
-64.2901887913
      20
-4.4200736737
      42
0
      10
-64.6916163775
      20
-4.6883583612
      42
0
      10
-74.2338715163
      20
-11.7976727953
      42
0
      10
-74.6057932365
      20
-12.1055603989
      42
0
      10
-83.371899309
      20
-20.1524390597
      42
0
      10
-83.7104240971
      20
-20.4967083595
      42
0
      10
-91.60866913
      20
-29.396962239
      42
0
      10
-91.9102552944
      20
-29.7740113821
      42
0
      10
-98.8580065571
      20
-39.4345232647
      42
0
      10
-99.1194988505
      20
-39.8404074472
      42
0
      10
-105.2313618012
      20
-50.4863441046
      42
0
      10
-50.7739624425
      20
-78.1484870999
      42
0
      10
-47.7727069043
      20
-72.9207559465
      42
0
      10
-47.5112146109
      20
-72.514871764
      42
0
      10
-44.2112776299
      20
-67.9264690978
      42
0
      10
-43.9096914654
      20
-67.5494199548
      42
0
      10
-40.158303446
      20
-63.3221130488
      42
0
      10
-39.8197786579
      20
-62.977843749
      42
0
      10
-35.6561872375
      20
-59.1558599997
      42
0
      10
-35.2842655174
      20
-58.8479723961
      42
0
      10
-30.752030656
      20
-55.4712986172
      42
0
      10
-30.3506030698
      20
-55.2030139298
      42
0
      10
-25.4971410839
      20
-52.3069780225
      42
0
      10
-25.0704073295
      20
-52.0811031395
      42
0
      10
-19.946491491
      20
-49.6960032319
      42
0
      10
-19.4989196313
      20
-49.5149025343
      42
0
      10
-14.1582510725
      20
-47.665722347
      42
0
      10
-13.6945207242
      20
-47.5312891555
      42
0
      10
-8.1928064244
      20
-46.2373171513
      42
0
      10
-7.717764364
      20
-46.1509570754
      42
0
      10
-2.1126099615
      20
-45.4257614631
      42
0
      10
-1.631235452
      20
-45.3883796658
      42
0
      10
4.394573863
      20
-45.2296497735
      42
0
    1001
FS_CYPCUT
    1000
Channel
    1070
1
    1000
LeadIn
    1002
{
    1070
3
    1040
21.5
    1040
1.5707963267949
    1040
1
    1040
1
    1070
0
    1040
0.5
    1070
0
    1002
}
    1000
LeadOut
    1002
{
    1070
0
    1040
0
    1040
0
    1040
0
    1070
0
    1002
}
    1000
IsFill
    1070
1
    1000
PathStart
    1040
21.5
    1000
ToolCompensation
    1002
{
    1070
0
    1040
0
    1070
0
    1002
}
    1000
MicroConnect
    1002
{
    1070
2
    1040
21.1206168
    1041
0.5
    1042
0
    1040
43.1686057
    1041
0.5
    1042
0
    1002
}
       0
ENDBLK
       5
2032
     330
2001
     100
AcDbEntity
       8
0
     100
AcDbBlockEnd
       0
BLOCK
       5
2033
     330
2002
     100
AcDbEntity
       8
0
     100
AcDbBlockBegin
       2
Part1162943461
      70
0
      10
-105.231362
      20
-78.1484871
      30
0
       3
Part1162943461
       1

       4
CypCutBlock
       0
LINE
       5
2034
     100
AcDbEntity
       8
2
     100
AcDbLine
      10
-98.9887527038
      20
-39.637465356
      30
0
      11
-47.6419607576
      21
-72.7178138553
      31
0
    1001
FS_CYPCUT
    1000
Channel
    1070
2
    1000
LeadIn
    1002
{
    1070
3
    1040
0
    1040
1.5707963267949
    1040
1
    1040
1
    1070
0
    1040
0.5
    1070
0
    1002
}
    1000
LeadOut
    1002
{
    1070
0
    1040
0
    1040
0
    1040
0
    1070
0
    1002
}
    1000
IsFill
    1070
0
    1000
PathStart
    1040
0
    1000
ToolCompensation
    1002
{
    1070
0
    1040
0
    1070
0
    1002
}
       0
LINE
       5
2035
     100
AcDbEntity
       8
2
     100
AcDbLine
      10
-44.0604845476
      20
-67.7379445263
      30
0
      11
-91.7594622122
      21
-29.5854868105
      31
0
    1001
FS_CYPCUT
    1000
Channel
    1070
2
    1000
LeadIn
    1002
{
    1070
3
    1040
0
    1040
1.5707963267949
    1040
1
    1040
1
    1070
0
    1040
0.5
    1070
0
    1002
}
    1000
LeadOut
    1002
{
    1070
0
    1040
0
    1040
0
    1040
0
    1070
0
    1002
}
    1000
IsFill
    1070
0
    1000
PathStart
    1040
0
    1000
ToolCompensation
    1002
{
    1070
0
    1040
0
    1070
0
    1002
}
       0
LINE
       5
2036
     100
AcDbEntity
       8
2
     100
AcDbLine
      10
-83.541161703
      20
-20.3245737096
      30
0
      11
-39.989041052
      21
-63.1499783989
      31
0
    1001
FS_CYPCUT
    1000
Channel
    1070
2
    1000
LeadIn
    1002
{
    1070
3
    1040
0
    1040
1.5707963267949
    1040
1
    1040
1
    1070
0
    1040
0.5
    1070
0
    1002
}
    1000
LeadOut
    1002
{
    1070
0
    1040
0
    1040
0
    1040
0
    1070
0
    1002
}
    1000
IsFill
    1070
0
    1000
PathStart
    1040
0
    1000
ToolCompensation
    1002
{
    1070
0
    1040
0
    1070
0
    1002
}
       0
LINE
       5
2037
     100
AcDbEntity
       8
2
     100
AcDbLine
      10
-35.4702263774
      20
-59.0019161979
      30
0
      11
-74.4198323764
      21
-11.9516165971
      31
0
    1001
FS_CYPCUT
    1000
Channel
    1070
2
    1000
LeadIn
    1002
{
    1070
3
    1040
0
    1040
1.5707963267949
    1040
1
    1040
1
    1070
0
    1040
0.5
    1070
0
    1002
}
    1000
LeadOut
    1002
{
    1070
0
    1040
0
    1040
0
    1040
0
    1070
0
    1002
}
    1000
IsFill
    1070
0
    1000
PathStart
    1040
0
    1000
ToolCompensation
    1002
{
    1070
0
    1040
0
    1070
0
    1002
}
       0
LINE
       5
2038
     100
AcDbEntity
       8
2
     100
AcDbLine
      10
-64.4909025844
      20
-4.5542160174
      30
0
      11
-30.5513168629
      21
-55.3371562735
      31
0
    1001
FS_CYPCUT
    1000
Channel
    1070
2
    1000
LeadIn
    1002
{
    1070
3
    1040
0
    1040
1.5707963267949
    1040
1
    1040
1
    1070
0
    1040
0.5
    1070
0
    1002
}
    1000
LeadOut
    1002
{
    1070
0
    1040
0
    1040
0
    1040
0
    1070
0
    1002
}
    1000
IsFill
    1070
0
    1000
PathStart
    1040
0
    1000
ToolCompensation
    1002
{
    1070
0
    1040
0
    1070
0
    1002
}
       0
LINE
       5
2039
     100
AcDbEntity
       8
2
     100
AcDbLine
      10
-25.2837742067
      20
-52.194040581
      30
0
      11
-53.8582489171
      21
1.7902339351
      31
0
    1001
FS_CYPCUT
    1000
Channel
    1070
2
    1000
LeadIn
    1002
{
    1070
3
    1040
0
    1040
1.5707963267949
    1040
1
    1040
1
    1070
0
    1040
0.5
    1070
0
    1002
}
    1000
LeadOut
    1002
{
    1070
0
    1040
0
    1040
0
    1040
0
    1070
0
    1002
}
    1000
IsFill
    1070
0
    1000
PathStart
    1040
0
    1000
ToolCompensation
    1002
{
    1070
0
    1040
0
    1070
0
    1002
}
       0
LINE
       5
203A
     100
AcDbEntity
       8
2
     100
AcDbLine
      10
-42.6331073284
      20
7.0153559319
      30
0
      11
-19.7227055611
      21
-49.6054528831
      31
0
    1001
FS_CYPCUT
    1000
Channel
    1070
2
    1000
LeadIn
    1002
{
    1070
3
    1040
0
    1040
1.5707963267949
    1040
1
    1040
1
    1070
0
    1040
0.5
    1070
0
    1002
}
    1000
LeadOut
    1002
{
    1070
0
    1040
0
    1040
0
    1040
0
    1070
0
    1002
}
    1000
IsFill
    1070
0
    1000
PathStart
    1040
0
    1000
ToolCompensation
    1002
{
    1070
0
    1040
0
    1070
0
    1002
}
       0
LINE
       5
203B
     100
AcDbEntity
       8
2
     100
AcDbLine
      10
-13.9263858984
      20
-47.5985057513
      30
0
      11
-30.9331035705
      21
11.0664246077
      31
0
    1001
FS_CYPCUT
    1000
Channel
    1070
2
    1000
LeadIn
    1002
{
    1070
3
    1040
0
    1040
1.5707963267949
    1040
1
    1040
1
    1070
0
    1040
0.5
    1070
0
    1002
}
    1000
LeadOut
    1002
{
    1070
0
    1040
0
    1040
0
    1040
0
    1070
0
    1002
}
    1000
IsFill
    1070
0
    1000
PathStart
    1040
0
    1000
ToolCompensation
    1002
{
    1070
0
    1040
0
    1070
0
    1002
}
       0
LINE
       5
203C
     100
AcDbEntity
       8
2
     100
AcDbLine
      10
-18.8803031839
      20
13.9011745698
      30
0
      11
-7.9552853942
      21
-46.1941371133
      31
0
    1001
FS_CYPCUT
    1000
Channel
    1070
2
    1000
LeadIn
    1002
{
    1070
3
    1040
0
    1040
1.5707963267949
    1040
1
    1040
1
    1070
0
    1040
0.5
    1070
0
    1002
}
    1000
LeadOut
    1002
{
    1070
0
    1040
0
    1040
0
    1040
0
    1070
0
    1002
}
    1000
IsFill
    1070
0
    1000
PathStart
    1040
0
    1000
ToolCompensation
    1002
{
    1070
0
    1040
0
    1070
0
    1002
}
       0
LINE
       5
203D
     100
AcDbEntity
       8
2
     100
AcDbLine
      10
-1.8719227068
      20
-45.4070705645
      30
0
      11
-6.6009004109
      21
15.4898855982
      31
0
    1001
FS_CYPCUT
    1000
Channel
    1070
2
    1000
LeadIn
    1002
{
    1070
3
    1040
0
    1040
1.5707963267949
    1040
1
    1040
1
    1070
0
    1040
0.5
    1070
0
    1002
}
    1000
LeadOut
    1002
{
    1070
0
    1040
0
    1040
0
    1040
0
    1070
0
    1002
}
    1000
IsFill
    1070
0
    1000
PathStart
    1040
0
    1000
ToolCompensation
    1002
{
    1070
0
    1040
0
    1070
0
    1002
}
       0
LWPOLYLINE
       5
203E
     100
AcDbEntity
       8
1
     100
AcDbPolyline
      90
44
      70
1
      10
5.910962724
      20
15.8318197864
      42
0
      10
-6.3602131561
      20
15.5085764968
      42
0
      10
-6.8415876656
      20
15.4711946995
      42
0
      10
-18.6427821537
      20
13.9443546078
      42
0
      10
-19.1178242141
      20
13.8579945319
      42
0
      10
-30.7012383964
      20
11.1336412035
      42
0
      10
-31.1649687447
      20
10.9992080119
      42
0
      10
-42.4093213986
      20
7.1059062807
      42
0
      10
-42.8568932582
      20
6.9248055831
      42
0
      10
-53.6448820399
      20
1.9031713766
      42
0
      10
-54.0716157943
      20
1.6772964936
      42
0
      10
-64.2901887913
      20
-4.4200736737
      42
0
      10
-64.6916163775
      20
-4.6883583612
      42
0
      10
-74.2338715163
      20
-11.7976727953
      42
0
      10
-74.6057932365
      20
-12.1055603989
      42
0
      10
-83.371899309
      20
-20.1524390597
      42
0
      10
-83.7104240971
      20
-20.4967083595
      42
0
      10
-91.60866913
      20
-29.396962239
      42
0
      10
-91.9102552944
      20
-29.7740113821
      42
0
      10
-98.8580065571
      20
-39.4345232647
      42
0
      10
-99.1194988505
      20
-39.8404074472
      42
0
      10
-105.2313618012
      20
-50.4863441046
      42
0
      10
-50.7739624425
      20
-78.1484870999
      42
0
      10
-47.7727069043
      20
-72.9207559465
      42
0
      10
-47.5112146109
      20
-72.514871764
      42
0
      10
-44.2112776299
      20
-67.9264690978
      42
0
      10
-43.9096914654
      20
-67.5494199548
      42
0
      10
-40.158303446
      20
-63.3221130488
      42
0
      10
-39.8197786579
      20
-62.977843749
      42
0
      10
-35.6561872375
      20
-59.1558599997
      42
0
      10
-35.2842655174
      20
-58.8479723961
      42
0
      10
-30.752030656
      20
-55.4712986172
      42
0
      10
-30.3506030698
      20
-55.2030139298
      42
0
      10
-25.4971410839
      20
-52.3069780225
      42
0
      10
-25.0704073295
      20
-52.0811031395
      42
0
      10
-19.946491491
      20
-49.6960032319
      42
0
      10
-19.4989196313
      20
-49.5149025343
      42
0
      10
-14.1582510725
      20
-47.665722347
      42
0
      10
-13.6945207242
      20
-47.5312891555
      42
0
      10
-8.1928064244
      20
-46.2373171513
      42
0
      10
-7.717764364
      20
-46.1509570754
      42
0
      10
-2.1126099615
      20
-45.4257614631
      42
0
      10
-1.631235452
      20
-45.3883796658
      42
0
      10
4.394573863
      20
-45.2296497735
      42
0
    1001
FS_CYPCUT
    1000
Channel
    1070
1
    1000
LeadIn
    1002
{
    1070
3
    1040
21.5
    1040
1.5707963267949
    1040
1
    1040
1
    1070
0
    1040
0.5
    1070
0
    1002
}
    1000
LeadOut
    1002
{
    1070
0
    1040
0
    1040
0
    1040
0
    1070
0
    1002
}
    1000
IsFill
    1070
1
    1000
PathStart
    1040
21.5
    1000
ToolCompensation
    1002
{
    1070
0
    1040
0
    1070
0
    1002
}
    1000
MicroConnect
    1002
{
    1070
2
    1040
21.1206168
    1041
0.5
    1042
0
    1040
43.1686057
    1041
0.5
    1042
0
    1002
}
       0
ENDBLK
       5
203F
     330
2002
     100
AcDbEntity
       8
0
     100
AcDbBlockEnd
       0
BLOCK
       5
2040
     330
2003
     100
AcDbEntity
       8
0
     100
AcDbBlockBegin
       2
Part2097060171
      70
0
      10
-172.5
      20
-67.5
      30
0
       3
Part2097060171
       1

       4
CypCutBlock
       0
LWPOLYLINE
       5
2041
     100
AcDbEntity
       8
1
     100
AcDbPolyline
      90
4
      70
1
      10
-146.5
      20
-31.5
      42
0
      10
-153.5
      20
-31.5
      42
0
      10
-153.5
      20
-38.5
      42
0
      10
-146.5
      20
-38.5
      42
0
    1001
FS_CYPCUT
    1000
Channel
    1070
1
    1000
LeadIn
    1002
{
    1070
3
    1040
0.5
    1040
1.5707963267949
    1040
1
    1040
1
    1070
0
    1040
0.5
    1070
0
    1002
}
    1000
LeadOut
    1002
{
    1070
0
    1040
0
    1040
0
    1040
0
    1070
0
    1002
}
    1000
IsFill
    1070
0
    1000
PathStart
    1040
0.5
    1000
ToolCompensation
    1002
{
    1070
0
    1040
0
    1070
0
    1002
}
       0
LWPOLYLINE
       5
2042
     100
AcDbEntity
       8
1
     100
AcDbPolyline
      90
4
      70
1
      10
-146.5
      20
38.5
      42
0
      10
-146.5
      20
31.5
      42
0
      10
-153.5
      20
31.5
      42
0
      10
-153.5
      20
38.5
      42
0
    1001
FS_CYPCUT
    1000
Channel
    1070
1
    1000
LeadIn
    1002
{
    1070
3
    1040
0.5
    1040
1.5707963267949
    1040
1
    1040
1
    1070
0
    1040
0.5
    1070
0
    1002
}
    1000
LeadOut
    1002
{
    1070
0
    1040
0
    1040
0
    1040
0
    1070
0
    1002
}
    1000
IsFill
    1070
0
    1000
PathStart
    1040
0.5
    1000
ToolCompensation
    1002
{
    1070
0
    1040
0
    1070
0
    1002
}
       0
LWPOLYLINE
       5
2043
     100
AcDbEntity
       8
1
     100
AcDbPolyline
      90
4
      70
1
      10
153.5
      20
38.5
      42
0
      10
146.5
      20
38.5
      42
0
      10
146.5
      20
31.5
      42
0
      10
153.5
      20
31.5
      42
0
    1001
FS_CYPCUT
    1000
Channel
    1070
1
    1000
LeadIn
    1002
{
    1070
3
    1040
0.5
    1040
1.5707963267949
    1040
1
    1040
1
    1070
0
    1040
0.5
    1070
0
    1002
}
    1000
LeadOut
    1002
{
    1070
0
    1040
0
    1040
0
    1040
0
    1070
0
    1002
}
    1000
IsFill
    1070
0
    1000
PathStart
    1040
0.5
    1000
ToolCompensation
    1002
{
    1070
0
    1040
0
    1070
0
    1002
}
       0
LWPOLYLINE
       5
2044
     100
AcDbEntity
       8
1
     100
AcDbPolyline
      90
4
      70
1
      10
153.5
      20
-31.5
      42
0
      10
153.5
      20
-38.5
      42
0
      10
146.5
      20
-38.5
      42
0
      10
146.5
      20
-31.5
      42
0
    1001
FS_CYPCUT
    1000
Channel
    1070
1
    1000
LeadIn
    1002
{
    1070
3
    1040
0.5
    1040
1.5707963267949
    1040
1
    1040
1
    1070
0
    1040
0.5
    1070
0
    1002
}
    1000
LeadOut
    1002
{
    1070
0
    1040
0
    1040
0
    1040
0
    1070
0
    1002
}
    1000
IsFill
    1070
0
    1000
PathStart
    1040
0.5
    1000
ToolCompensation
    1002
{
    1070
0
    1040
0
    1070
0
    1002
}
       0
LWPOLYLINE
       5
2045
     100
AcDbEntity
       8
1
     100
AcDbPolyline
      90
8
      70
1
      10
172.5
      20
52.5
      42
0.414213562373094
      10
157.5
      20
67.5000000000001
      42
0
      10
-157.5
      20
67.5
      42
0.414213562373095
      10
-172.5
      20
52.5
      42
0
      10
-172.5
      20
-52.5
      42
0.414213562373097
      10
-157.5
      20
-67.5
      42
0
      10
157.5
      20
-67.5000000000001
      42
0.414213562373096
      10
172.5
      20
-52.5
      42
0
    1001
FS_CYPCUT
    1000
Channel
    1070
1
    1000
LeadIn
    1002
{
    1070
3
    1040
1.5
    1040
1.5707963267949
    1040
1
    1040
1
    1070
0
    1040
0.5
    1070
0
    1002
}
    1000
LeadOut
    1002
{
    1070
0
    1040
0
    1040
0
    1040
0
    1070
0
    1002
}
    1000
IsFill
    1070
1
    1000
PathStart
    1040
1.5
    1000
ToolCompensation
    1002
{
    1070
0
    1040
0
    1070
0
    1002
}
    1000
MicroConnect
    1002
{
    1070
2
    1040
1.72291488
    1041
0.5
    1042
0
    1040
5.79734145
    1041
0.5
    1042
0
    1002
}
       0
ENDBLK
       5
2046
     330
2003
     100
AcDbEntity
       8
0
     100
AcDbBlockEnd
       0
BLOCK
       5
2047
     330
2004
     100
AcDbEntity
       8
0
     100
AcDbBlockBegin
       2
CommonPart
      70
0
      10
3.0001
      20
3
      30
0
       3
CommonPart
       1

       4
CypCutBlock
       0
LWPOLYLINE
       5
2048
     100
AcDbEntity
       8
1
     100
AcDbPolyline
      90
4
      70
1
      10
29.0001
      20
39
      42
0
      10
29.0001
      20
32
      42
0
      10
22.0001
      20
32
      42
0
      10
22.0001
      20
39
      42
0
    1001
FS_CYPCUT
    1000
Channel
    1070
1
    1000
LeadIn
    1002
{
    1070
3
    1040
3.5
    1040
1.5707963267949
    1040
1
    1040
1
    1070
0
    1040
0.5
    1070
0
    1002
}
    1000
LeadOut
    1002
{
    1070
0
    1040
0
    1040
0
    1040
0
    1070
0
    1002
}
    1000
IsFill
    1070
0
    1000
PathStart
    1040
3.5
    1000
ToolCompensation
    1002
{
    1070
0
    1040
0
    1070
0
    1002
}
       0
LWPOLYLINE
       5
2049
     100
AcDbEntity
       8
1
     100
AcDbPolyline
      90
4
      70
1
      10
29.0001
      20
109
      42
0
      10
29.0001
      20
102
      42
0
      10
22.0001
      20
102
      42
0
      10
22.0001
      20
109
      42
0
    1001
FS_CYPCUT
    1000
Channel
    1070
1
    1000
LeadIn
    1002
{
    1070
3
    1040
0.5
    1040
1.5707963267949
    1040
1
    1040
1
    1070
0
    1040
0.5
    1070
0
    1002
}
    1000
LeadOut
    1002
{
    1070
0
    1040
0
    1040
0
    1040
0
    1070
0
    1002
}
    1000
IsFill
    1070
0
    1000
PathStart
    1040
0.5
    1000
ToolCompensation
    1002
{
    1070
0
    1040
0
    1070
0
    1002
}
       0
LWPOLYLINE
       5
204A
     100
AcDbEntity
       8
1
     100
AcDbPolyline
      90
4
      70
1
      10
329.0001
      20
109
      42
0
      10
329.0001
      20
102
      42
0
      10
322.0001
      20
102
      42
0
      10
322.0001
      20
109
      42
0
    1001
FS_CYPCUT
    1000
Channel
    1070
1
    1000
LeadIn
    1002
{
    1070
3
    1040
3.5
    1040
1.5707963267949
    1040
1
    1040
1
    1070
0
    1040
0.5
    1070
0
    1002
}
    1000
LeadOut
    1002
{
    1070
0
    1040
0
    1040
0
    1040
0
    1070
0
    1002
}
    1000
IsFill
    1070
0
    1000
PathStart
    1040
3.5
    1000
ToolCompensation
    1002
{
    1070
0
    1040
0
    1070
0
    1002
}
       0
LWPOLYLINE
       5
204B
     100
AcDbEntity
       8
1
     100
AcDbPolyline
      90
4
      70
1
      10
329.0001
      20
39
      42
0
      10
329.0001
      20
32
      42
0
      10
322.0001
      20
32
      42
0
      10
322.0001
      20
39
      42
0
    1001
FS_CYPCUT
    1000
Channel
    1070
1
    1000
LeadIn
    1002
{
    1070
3
    1040
0.5
    1040
1.5707963267949
    1040
1
    1040
1
    1070
0
    1040
0.5
    1070
0
    1002
}
    1000
LeadOut
    1002
{
    1070
0
    1040
0
    1040
0
    1040
0
    1070
0
    1002
}
    1000
IsFill
    1070
0
    1000
PathStart
    1040
0.5
    1000
ToolCompensation
    1002
{
    1070
0
    1040
0
    1070
0
    1002
}
       0
LWPOLYLINE
       5
204C
     100
AcDbEntity
       8
1
     100
AcDbPolyline
      90
8
      70
0
      10
348.0001
      20
18
      42
-0.414213562373096
      10
333.0001
      20
2.99999999999991
      42
0
      10
18.0001
      20
2.99999999999999
      42
-0.414213562373097
      10
3.0001
      20
18
      42
0
      10
3.0001
      20
123
      42
-0.414213562373095
      10
18.0001
      20
138
      42
0
      10
333.0001
      20
138
      42
-0.414213562373094
      10
348.0001
      20
123
      42
0
    1001
FS_CYPCUT
    1000
Channel
    1070
1
    1000
LeadIn
    1002
{
    1070
0
    1040
0.00424413181578387
    1040
1.5707963267949
    1040
1
    1040
1
    1070
0
    1040
0.5
    1070
0
    1002
}
    1000
LeadOut
    1002
{
    1070
0
    1040
0
    1040
0
    1040
0
    1070
0
    1002
}
    1000
IsFill
    1070
1
    1000
PathStart
    1040
0
    1000
ToolCompensation
    1002
{
    1070
0
    1040
0
    1070
0
    1002
}
    1000
MicroConnect
    1002
{
    1070
1
    1040
0
    1041
0.1
    1042
0
    1002
}
       0
LWPOLYLINE
       5
204D
     100
AcDbEntity
       8
1
     100
AcDbPolyline
      90
4
      70
1
      10
374.0002
      20
39
      42
0
      10
374.0002
      20
32
      42
0
      10
367.0002
      20
32
      42
0
      10
367.0002
      20
39
      42
0
    1001
FS_CYPCUT
    1000
Channel
    1070
1
    1000
LeadIn
    1002
{
    1070
3
    1040
3.5
    1040
1.5707963267949
    1040
1
    1040
1
    1070
0
    1040
0.5
    1070
0
    1002
}
    1000
LeadOut
    1002
{
    1070
0
    1040
0
    1040
0
    1040
0
    1070
0
    1002
}
    1000
IsFill
    1070
0
    1000
PathStart
    1040
3.5
    1000
ToolCompensation
    1002
{
    1070
0
    1040
0
    1070
0
    1002
}
       0
LWPOLYLINE
       5
204E
     100
AcDbEntity
       8
1
     100
AcDbPolyline
      90
4
      70
1
      10
374.0002
      20
109
      42
0
      10
374.0002
      20
102
      42
0
      10
367.0002
      20
102
      42
0
      10
367.0002
      20
109
      42
0
    1001
FS_CYPCUT
    1000
Channel
    1070
1
    1000
LeadIn
    1002
{
    1070
3
    1040
0.5
    1040
1.5707963267949
    1040
1
    1040
1
    1070
0
    1040
0.5
    1070
0
    1002
}
    1000
LeadOut
    1002
{
    1070
0
    1040
0
    1040
0
    1040
0
    1070
0
    1002
}
    1000
IsFill
    1070
0
    1000
PathStart
    1040
0.5
    1000
ToolCompensation
    1002
{
    1070
0
    1040
0
    1070
0
    1002
}
       0
LWPOLYLINE
       5
204F
     100
AcDbEntity
       8
1
     100
AcDbPolyline
      90
4
      70
1
      10
674.0002
      20
109
      42
0
      10
674.0002
      20
102
      42
0
      10
667.0002
      20
102
      42
0
      10
667.0002
      20
109
      42
0
    1001
FS_CYPCUT
    1000
Channel
    1070
1
    1000
LeadIn
    1002
{
    1070
3
    1040
3.5
    1040
1.5707963267949
    1040
1
    1040
1
    1070
0
    1040
0.5
    1070
0
    1002
}
    1000
LeadOut
    1002
{
    1070
0
    1040
0
    1040
0
    1040
0
    1070
0
    1002
}
    1000
IsFill
    1070
0
    1000
PathStart
    1040
3.5
    1000
ToolCompensation
    1002
{
    1070
0
    1040
0
    1070
0
    1002
}
       0
LWPOLYLINE
       5
2050
     100
AcDbEntity
       8
1
     100
AcDbPolyline
      90
4
      70
1
      10
674.0002
      20
39
      42
0
      10
674.0002
      20
32
      42
0
      10
667.0002
      20
32
      42
0
      10
667.0002
      20
39
      42
0
    1001
FS_CYPCUT
    1000
Channel
    1070
1
    1000
LeadIn
    1002
{
    1070
3
    1040
0.5
    1040
1.5707963267949
    1040
1
    1040
1
    1070
0
    1040
0.5
    1070
0
    1002
}
    1000
LeadOut
    1002
{
    1070
0
    1040
0
    1040
0
    1040
0
    1070
0
    1002
}
    1000
IsFill
    1070
0
    1000
PathStart
    1040
0.5
    1000
ToolCompensation
    1002
{
    1070
0
    1040
0
    1070
0
    1002
}
       0
LWPOLYLINE
       5
2051
     100
AcDbEntity
       8
1
     100
AcDbPolyline
      90
8
      70
1
      10
348.0002
      20
123
      42
-0.414213562373095
      10
363.0002
      20
138
      42
0
      10
678.0002
      20
138
      42
-0.414213562373094
      10
693.0002
      20
123
      42
0
      10
693.0002
      20
18
      42
-0.414213562373096
      10
678.0002
      20
2.9999999999999
      42
0
      10
363.0002
      20
2.99999999999997
      42
-0.414213562373097
      10
348.0002
      20
18
      42
0
    1001
FS_CYPCUT
    1000
Channel
    1070
1
    1000
LeadIn
    1002
{
    1070
0
    1040
7
    1040
1.5707963267949
    1040
1
    1040
1
    1070
0
    1040
0.5
    1070
0
    1002
}
    1000
LeadOut
    1002
{
    1070
0
    1040
0
    1040
0
    1040
0
    1070
0
    1002
}
    1000
IsFill
    1070
1
    1000
PathStart
    1040
7
    1000
ToolCompensation
    1002
{
    1070
0
    1040
0
    1070
0
    1002
}
       0
ENDBLK
       5
2052
     330
2004
     100
AcDbEntity
       8
0
     100
AcDbBlockEnd
       0
BLOCK
       5
2053
     330
2005
     100
AcDbEntity
       8
0
     100
AcDbBlockBegin
       2
Part58992851
      70
0
      10
-10.3662557
      20
-21.0906849
      30
0
       3
Part58992851
       1

       4
CypCutBlock
       0
LINE
       5
2054
     100
AcDbEntity
       8
2
     100
AcDbLine
      10
-3.3459445685
      20
10.653221036
      30
0
      11
27.2242496211
      21
-19.9429276376
      31
0
    1001
FS_CYPCUT
    1000
Channel
    1070
2
    1000
LeadIn
    1002
{
    1070
3
    1040
0
    1040
1.5707963267949
    1040
1
    1040
1
    1070
0
    1040
0.5
    1070
0
    1002
}
    1000
LeadOut
    1002
{
    1070
0
    1040
0
    1040
0
    1040
0
    1070
0
    1002
}
    1000
IsFill
    1070
0
    1000
PathStart
    1040
0
    1000
ToolCompensation
    1002
{
    1070
0
    1040
0
    1070
0
    1002
}
       0
LINE
       5
2055
     100
AcDbEntity
       8
2
     100
AcDbLine
      10
29.8263847699
      20
-18.1911002234
      30
0
      11
4.2599626
      21
15.8547714176
      31
0
    1001
FS_CYPCUT
    1000
Channel
    1070
2
    1000
LeadIn
    1002
{
    1070
3
    1040
0
    1040
1.5707963267949
    1040
1
    1040
1
    1070
0
    1040
0.5
    1070
0
    1002
}
    1000
LeadOut
    1002
{
    1070
0
    1040
0
    1040
0
    1040
0
    1070
0
    1002
}
    1000
IsFill
    1070
0
    1000
PathStart
    1040
0
    1000
ToolCompensation
    1002
{
    1070
0
    1040
0
    1070
0
    1002
}
       0
LINE
       5
2056
     100
AcDbEntity
       8
2
     100
AcDbLine
      10
12.4033292721
      20
20.1589956075
      30
0
      11
32.6045581595
      21
-16.7422291053
      31
0
    1001
FS_CYPCUT
    1000
Channel
    1070
2
    1000
LeadIn
    1002
{
    1070
3
    1040
0
    1040
1.5707963267949
    1040
1
    1040
1
    1070
0
    1040
0.5
    1070
0
    1002
}
    1000
LeadOut
    1002
{
    1070
0
    1040
0
    1040
0
    1040
0
    1070
0
    1002
}
    1000
IsFill
    1070
0
    1000
PathStart
    1040
0
    1000
ToolCompensation
    1002
{
    1070
0
    1040
0
    1070
0
    1002
}
       0
LINE
       5
2057
     100
AcDbEntity
       8
2
     100
AcDbLine
      10
35.5132918489
      20
-15.5832764815
      30
0
      11
20.9479187537
      21
23.5929200189
      31
0
    1001
FS_CYPCUT
    1000
Channel
    1070
2
    1000
LeadIn
    1002
{
    1070
3
    1040
0
    1040
1.5707963267949
    1040
1
    1040
1
    1070
0
    1040
0.5
    1070
0
    1002
}
    1000
LeadOut
    1002
{
    1070
0
    1040
0
    1040
0
    1040
0
    1070
0
    1002
}
    1000
IsFill
    1070
0
    1000
PathStart
    1040
0
    1000
ToolCompensation
    1002
{
    1070
0
    1040
0
    1070
0
    1002
}
       0
LINE
       5
2058
     100
AcDbEntity
       8
2
     100
AcDbLine
      10
29.789265835
      20
26.165797997
      30
0
      11
38.5190123051
      21
-14.7085961752
      31
0
    1001
FS_CYPCUT
    1000
Channel
    1070
2
    1000
LeadIn
    1002
{
    1070
3
    1040
0
    1040
1.5707963267949
    1040
1
    1040
1
    1070
0
    1040
0.5
    1070
0
    1002
}
    1000
LeadOut
    1002
{
    1070
0
    1040
0
    1040
0
    1040
0
    1070
0
    1002
}
    1000
IsFill
    1070
0
    1000
PathStart
    1040
0
    1000
ToolCompensation
    1002
{
    1070
0
    1040
0
    1070
0
    1002
}
       0
LINE
       5
2059
     100
AcDbEntity
       8
2
     100
AcDbLine
      10
41.5954279609
      20
-14.1258401297
      30
0
      11
38.8422221116
      21
27.8528480485
      31
0
    1001
FS_CYPCUT
    1000
Channel
    1070
2
    1000
LeadIn
    1002
{
    1070
3
    1040
0
    1040
1.5707963267949
    1040
1
    1040
1
    1070
0
    1040
0.5
    1070
0
    1002
}
    1000
LeadOut
    1002
{
    1070
0
    1040
0
    1040
0
    1040
0
    1070
0
    1002
}
    1000
IsFill
    1070
0
    1000
PathStart
    1040
0
    1000
ToolCompensation
    1002
{
    1070
0
    1040
0
    1070
0
    1002
}
       0
LINE
       5
205A
     100
AcDbEntity
       8
2
     100
AcDbLine
      10
48.0236120034
      20
28.5902029807
      30
0
      11
44.7172413015
      21
-13.8577894469
      31
0
    1001
FS_CYPCUT
    1000
Channel
    1070
2
    1000
LeadIn
    1002
{
    1070
3
    1040
0
    1040
1.5707963267949
    1040
1
    1040
1
    1070
0
    1040
0.5
    1070
0
    1002
}
    1000
LeadOut
    1002
{
    1070
0
    1040
0
    1040
0
    1040
0
    1070
0
    1002
}
    1000
IsFill
    1070
0
    1000
PathStart
    1040
0
    1000
ToolCompensation
    1002
{
    1070
0
    1040
0
    1070
0
    1002
}
       0
LINE
       5
205B
     100
AcDbEntity
       8
2
     100
AcDbLine
      10
47.8530989306
      20
-13.9398534865
      30
0
      11
57.2330422969
      21
28.2819387709
      31
0
    1001
FS_CYPCUT
    1000
Channel
    1070
2
    1000
LeadIn
    1002
{
    1070
3
    1040
0
    1040
1.5707963267949
    1040
1
    1040
1
    1070
0
    1040
0.5
    1070
0
    1002
}
    1000
LeadOut
    1002
{
    1070
0
    1040
0
    1040
0
    1040
0
    1070
0
    1002
}
    1000
IsFill
    1070
0
    1000
PathStart
    1040
0
    1000
ToolCompensation
    1002
{
    1070
0
    1040
0
    1070
0
    1002
}
       0
LWPOLYLINE
       5
205C
     100
AcDbEntity
       8
1
     100
AcDbPolyline
      90
38
      70
1
      10
26.97527744
      20
-20.1136136449
      42
0
      10
26.880021375445
      20
-20.1988555416934
      42
-0.358653773044966
      10
22.434923532
      20
-20.3823092594
      42
0
      10
-10.3662557134
      20
4.4230596568
      42
0
      10
-3.5949167496
      20
10.4825350287
      42
0
      10
-3.0969723874
      20
10.8239070433
      42
0
      10
3.9923622326
      20
15.7114679406
      42
0
      10
4.5275629674
      20
15.9980748946
      42
0
      10
12.1238214383
      20
20.0407996982
      42
0
      10
12.6828371058
      20
20.2771915168
      42
0
      10
20.6604326322
      20
23.4974308957
      42
0
      10
21.2354048751
      20
23.6884091422
      42
0
      10
29.495432256
      20
26.0921200317
      42
0
      10
30.083099414
      20
26.2394759622
      42
0
      10
38.5429364515
      20
27.8026122187
      42
0
      10
39.1415077716
      20
27.9030838783
      42
0
      10
47.7209004734
      20
28.5675437491
      42
0
      10
48.3263235335
      20
28.6128622123
      42
0
      10
56.9313629688
      20
28.2923817484
      42
0
      10
57.5347216251
      20
28.2714957933
      42
0
      10
66.4997981558
      20
26.7915216116
      42
0
      10
52.1302485546526
      20
-11.7407924881627
      42
-0.358654358832748
      10
48.2807895954
      20
-13.9710986874
      42
0
      10
48.1547782588
      20
-13.950296464
      42
0
      10
47.5514196025
      20
-13.9294105089
      42
0
      10
45.0199528316
      20
-13.8351302153
      42
0
      10
44.4145297714
      20
-13.8804486785
      42
0
      10
41.8947136209
      20
-14.0756042999
      42
0
      10
41.2961423008
      20
-14.1760759595
      42
0
      10
38.8128458841
      20
-14.6349182099
      42
0
      10
38.2251787261
      20
-14.7822741404
      42
0
      10
35.8007779704
      20
-15.4877873583
      42
0
      10
35.2258057275
      20
-15.6787656047
      42
0
      10
32.8840659933
      20
-16.624033196
      42
0
      10
32.3250503258
      20
-16.8604250146
      42
0
      10
30.0939851373
      20
-18.0477967464
      42
0
      10
29.5587844025
      20
-18.3344037004
      42
0
      10
27.4732218022
      20
-19.7722416303
      42
0
    1001
FS_CYPCUT
    1000
Channel
    1070
1
    1000
LeadIn
    1002
{
    1070
3
    1040
2.5
    1040
1.5707963267949
    1040
1
    1040
1
    1070
0
    1040
0.5
    1070
0
    1002
}
    1000
LeadOut
    1002
{
    1070
0
    1040
0
    1040
0
    1040
0
    1070
0
    1002
}
    1000
IsFill
    1070
1
    1000
PathStart
    1040
2.5
    1000
ToolCompensation
    1002
{
    1070
0
    1040
0
    1070
0
    1002
}
       0
ENDBLK
       5
205D
     330
2005
     100
AcDbEntity
       8
0
     100
AcDbBlockEnd
       0
BLOCK
       5
205E
     330
2006
     100
AcDbEntity
       8
0
     100
AcDbBlockBegin
       2
Part1009263486
      70
0
      10
-10.3662557
      20
-21.0906849
      30
0
       3
Part1009263486
       1

       4
CypCutBlock
       0
LINE
       5
205F
     100
AcDbEntity
       8
2
     100
AcDbLine
      10
-3.3459445685
      20
10.653221036
      30
0
      11
27.2242496211
      21
-19.9429276376
      31
0
    1001
FS_CYPCUT
    1000
Channel
    1070
2
    1000
LeadIn
    1002
{
    1070
3
    1040
0
    1040
1.5707963267949
    1040
1
    1040
1
    1070
0
    1040
0.5
    1070
0
    1002
}
    1000
LeadOut
    1002
{
    1070
0
    1040
0
    1040
0
    1040
0
    1070
0
    1002
}
    1000
IsFill
    1070
0
    1000
PathStart
    1040
0
    1000
ToolCompensation
    1002
{
    1070
0
    1040
0
    1070
0
    1002
}
       0
LINE
       5
2060
     100
AcDbEntity
       8
2
     100
AcDbLine
      10
29.8263847699
      20
-18.1911002234
      30
0
      11
4.2599626
      21
15.8547714176
      31
0
    1001
FS_CYPCUT
    1000
Channel
    1070
2
    1000
LeadIn
    1002
{
    1070
3
    1040
0
    1040
1.5707963267949
    1040
1
    1040
1
    1070
0
    1040
0.5
    1070
0
    1002
}
    1000
LeadOut
    1002
{
    1070
0
    1040
0
    1040
0
    1040
0
    1070
0
    1002
}
    1000
IsFill
    1070
0
    1000
PathStart
    1040
0
    1000
ToolCompensation
    1002
{
    1070
0
    1040
0
    1070
0
    1002
}
       0
LINE
       5
2061
     100
AcDbEntity
       8
2
     100
AcDbLine
      10
12.4033292721
      20
20.1589956075
      30
0
      11
32.6045581595
      21
-16.7422291053
      31
0
    1001
FS_CYPCUT
    1000
Channel
    1070
2
    1000
LeadIn
    1002
{
    1070
3
    1040
0
    1040
1.5707963267949
    1040
1
    1040
1
    1070
0
    1040
0.5
    1070
0
    1002
}
    1000
LeadOut
    1002
{
    1070
0
    1040
0
    1040
0
    1040
0
    1070
0
    1002
}
    1000
IsFill
    1070
0
    1000
PathStart
    1040
0
    1000
ToolCompensation
    1002
{
    1070
0
    1040
0
    1070
0
    1002
}
       0
LINE
       5
2062
     100
AcDbEntity
       8
2
     100
AcDbLine
      10
35.5132918489
      20
-15.5832764815
      30
0
      11
20.9479187537
      21
23.5929200189
      31
0
    1001
FS_CYPCUT
    1000
Channel
    1070
2
    1000
LeadIn
    1002
{
    1070
3
    1040
0
    1040
1.5707963267949
    1040
1
    1040
1
    1070
0
    1040
0.5
    1070
0
    1002
}
    1000
LeadOut
    1002
{
    1070
0
    1040
0
    1040
0
    1040
0
    1070
0
    1002
}
    1000
IsFill
    1070
0
    1000
PathStart
    1040
0
    1000
ToolCompensation
    1002
{
    1070
0
    1040
0
    1070
0
    1002
}
       0
LINE
       5
2063
     100
AcDbEntity
       8
2
     100
AcDbLine
      10
29.789265835
      20
26.165797997
      30
0
      11
38.5190123051
      21
-14.7085961752
      31
0
    1001
FS_CYPCUT
    1000
Channel
    1070
2
    1000
LeadIn
    1002
{
    1070
3
    1040
0
    1040
1.5707963267949
    1040
1
    1040
1
    1070
0
    1040
0.5
    1070
0
    1002
}
    1000
LeadOut
    1002
{
    1070
0
    1040
0
    1040
0
    1040
0
    1070
0
    1002
}
    1000
IsFill
    1070
0
    1000
PathStart
    1040
0
    1000
ToolCompensation
    1002
{
    1070
0
    1040
0
    1070
0
    1002
}
       0
LINE
       5
2064
     100
AcDbEntity
       8
2
     100
AcDbLine
      10
41.5954279609
      20
-14.1258401297
      30
0
      11
38.8422221116
      21
27.8528480485
      31
0
    1001
FS_CYPCUT
    1000
Channel
    1070
2
    1000
LeadIn
    1002
{
    1070
3
    1040
0
    1040
1.5707963267949
    1040
1
    1040
1
    1070
0
    1040
0.5
    1070
0
    1002
}
    1000
LeadOut
    1002
{
    1070
0
    1040
0
    1040
0
    1040
0
    1070
0
    1002
}
    1000
IsFill
    1070
0
    1000
PathStart
    1040
0
    1000
ToolCompensation
    1002
{
    1070
0
    1040
0
    1070
0
    1002
}
       0
LINE
       5
2065
     100
AcDbEntity
       8
2
     100
AcDbLine
      10
48.0236120034
      20
28.5902029807
      30
0
      11
44.7172413015
      21
-13.8577894469
      31
0
    1001
FS_CYPCUT
    1000
Channel
    1070
2
    1000
LeadIn
    1002
{
    1070
3
    1040
0
    1040
1.5707963267949
    1040
1
    1040
1
    1070
0
    1040
0.5
    1070
0
    1002
}
    1000
LeadOut
    1002
{
    1070
0
    1040
0
    1040
0
    1040
0
    1070
0
    1002
}
    1000
IsFill
    1070
0
    1000
PathStart
    1040
0
    1000
ToolCompensation
    1002
{
    1070
0
    1040
0
    1070
0
    1002
}
       0
LINE
       5
2066
     100
AcDbEntity
       8
2
     100
AcDbLine
      10
47.8530989306
      20
-13.9398534865
      30
0
      11
57.2330422969
      21
28.2819387709
      31
0
    1001
FS_CYPCUT
    1000
Channel
    1070
2
    1000
LeadIn
    1002
{
    1070
3
    1040
0
    1040
1.5707963267949
    1040
1
    1040
1
    1070
0
    1040
0.5
    1070
0
    1002
}
    1000
LeadOut
    1002
{
    1070
0
    1040
0
    1040
0
    1040
0
    1070
0
    1002
}
    1000
IsFill
    1070
0
    1000
PathStart
    1040
0
    1000
ToolCompensation
    1002
{
    1070
0
    1040
0
    1070
0
    1002
}
       0
LWPOLYLINE
       5
2067
     100
AcDbEntity
       8
1
     100
AcDbPolyline
      90
38
      70
1
      10
26.97527744
      20
-20.1136136449
      42
0
      10
26.880021375445
      20
-20.1988555416934
      42
-0.358653773044966
      10
22.434923532
      20
-20.3823092594
      42
0
      10
-10.3662557134
      20
4.4230596568
      42
0
      10
-3.5949167496
      20
10.4825350287
      42
0
      10
-3.0969723874
      20
10.8239070433
      42
0
      10
3.9923622326
      20
15.7114679406
      42
0
      10
4.5275629674
      20
15.9980748946
      42
0
      10
12.1238214383
      20
20.0407996982
      42
0
      10
12.6828371058
      20
20.2771915168
      42
0
      10
20.6604326322
      20
23.4974308957
      42
0
      10
21.2354048751
      20
23.6884091422
      42
0
      10
29.495432256
      20
26.0921200317
      42
0
      10
30.083099414
      20
26.2394759622
      42
0
      10
38.5429364515
      20
27.8026122187
      42
0
      10
39.1415077716
      20
27.9030838783
      42
0
      10
47.7209004734
      20
28.5675437491
      42
0
      10
48.3263235335
      20
28.6128622123
      42
0
      10
56.9313629688
      20
28.2923817484
      42
0
      10
57.5347216251
      20
28.2714957933
      42
0
      10
66.4997981558
      20
26.7915216116
      42
0
      10
52.1302485546526
      20
-11.7407924881627
      42
-0.358654358832748
      10
48.2807895954
      20
-13.9710986874
      42
0
      10
48.1547782588
      20
-13.950296464
      42
0
      10
47.5514196025
      20
-13.9294105089
      42
0
      10
45.0199528316
      20
-13.8351302153
      42
0
      10
44.4145297714
      20
-13.8804486785
      42
0
      10
41.8947136209
      20
-14.0756042999
      42
0
      10
41.2961423008
      20
-14.1760759595
      42
0
      10
38.8128458841
      20
-14.6349182099
      42
0
      10
38.2251787261
      20
-14.7822741404
      42
0
      10
35.8007779704
      20
-15.4877873583
      42
0
      10
35.2258057275
      20
-15.6787656047
      42
0
      10
32.8840659933
      20
-16.624033196
      42
0
      10
32.3250503258
      20
-16.8604250146
      42
0
      10
30.0939851373
      20
-18.0477967464
      42
0
      10
29.5587844025
      20
-18.3344037004
      42
0
      10
27.4732218022
      20
-19.7722416303
      42
0
    1001
FS_CYPCUT
    1000
Channel
    1070
1
    1000
LeadIn
    1002
{
    1070
3
    1040
2.5
    1040
1.5707963267949
    1040
1
    1040
1
    1070
0
    1040
0.5
    1070
0
    1002
}
    1000
LeadOut
    1002
{
    1070
0
    1040
0
    1040
0
    1040
0
    1070
0
    1002
}
    1000
IsFill
    1070
1
    1000
PathStart
    1040
2.5
    1000
ToolCompensation
    1002
{
    1070
0
    1040
0
    1070
0
    1002
}
       0
ENDBLK
       5
2068
     330
2006
     100
AcDbEntity
       8
0
     100
AcDbBlockEnd
       0
BLOCK
       5
2069
     330
2007
     100
AcDbEntity
       8
0
     100
AcDbBlockBegin
       2
Part2144827767
      70
0
      10
-105.231362
      20
-78.1484871
      30
0
       3
Part2144827767
       1

       4
CypCutBlock
       0
LINE
       5
206A
     100
AcDbEntity
       8
2
     100
AcDbLine
      10
-98.9887527038
      20
-39.637465356
      30
0
      11
-47.6419607576
      21
-72.7178138553
      31
0
    1001
FS_CYPCUT
    1000
Channel
    1070
2
    1000
LeadIn
    1002
{
    1070
3
    1040
0
    1040
1.5707963267949
    1040
1
    1040
1
    1070
0
    1040
0.5
    1070
0
    1002
}
    1000
LeadOut
    1002
{
    1070
0
    1040
0
    1040
0
    1040
0
    1070
0
    1002
}
    1000
IsFill
    1070
0
    1000
PathStart
    1040
0
    1000
ToolCompensation
    1002
{
    1070
0
    1040
0
    1070
0
    1002
}
       0
LINE
       5
206B
     100
AcDbEntity
       8
2
     100
AcDbLine
      10
-44.0604845476
      20
-67.7379445263
      30
0
      11
-91.7594622122
      21
-29.5854868105
      31
0
    1001
FS_CYPCUT
    1000
Channel
    1070
2
    1000
LeadIn
    1002
{
    1070
3
    1040
0
    1040
1.5707963267949
    1040
1
    1040
1
    1070
0
    1040
0.5
    1070
0
    1002
}
    1000
LeadOut
    1002
{
    1070
0
    1040
0
    1040
0
    1040
0
    1070
0
    1002
}
    1000
IsFill
    1070
0
    1000
PathStart
    1040
0
    1000
ToolCompensation
    1002
{
    1070
0
    1040
0
    1070
0
    1002
}
       0
LINE
       5
206C
     100
AcDbEntity
       8
2
     100
AcDbLine
      10
-83.541161703
      20
-20.3245737096
      30
0
      11
-39.989041052
      21
-63.1499783989
      31
0
    1001
FS_CYPCUT
    1000
Channel
    1070
2
    1000
LeadIn
    1002
{
    1070
3
    1040
0
    1040
1.5707963267949
    1040
1
    1040
1
    1070
0
    1040
0.5
    1070
0
    1002
}
    1000
LeadOut
    1002
{
    1070
0
    1040
0
    1040
0
    1040
0
    1070
0
    1002
}
    1000
IsFill
    1070
0
    1000
PathStart
    1040
0
    1000
ToolCompensation
    1002
{
    1070
0
    1040
0
    1070
0
    1002
}
       0
LINE
       5
206D
     100
AcDbEntity
       8
2
     100
AcDbLine
      10
-35.4702263774
      20
-59.0019161979
      30
0
      11
-74.4198323764
      21
-11.9516165971
      31
0
    1001
FS_CYPCUT
    1000
Channel
    1070
2
    1000
LeadIn
    1002
{
    1070
3
    1040
0
    1040
1.5707963267949
    1040
1
    1040
1
    1070
0
    1040
0.5
    1070
0
    1002
}
    1000
LeadOut
    1002
{
    1070
0
    1040
0
    1040
0
    1040
0
    1070
0
    1002
}
    1000
IsFill
    1070
0
    1000
PathStart
    1040
0
    1000
ToolCompensation
    1002
{
    1070
0
    1040
0
    1070
0
    1002
}
       0
LINE
       5
206E
     100
AcDbEntity
       8
2
     100
AcDbLine
      10
-64.4909025844
      20
-4.5542160174
      30
0
      11
-30.5513168629
      21
-55.3371562735
      31
0
    1001
FS_CYPCUT
    1000
Channel
    1070
2
    1000
LeadIn
    1002
{
    1070
3
    1040
0
    1040
1.5707963267949
    1040
1
    1040
1
    1070
0
    1040
0.5
    1070
0
    1002
}
    1000
LeadOut
    1002
{
    1070
0
    1040
0
    1040
0
    1040
0
    1070
0
    1002
}
    1000
IsFill
    1070
0
    1000
PathStart
    1040
0
    1000
ToolCompensation
    1002
{
    1070
0
    1040
0
    1070
0
    1002
}
       0
LINE
       5
206F
     100
AcDbEntity
       8
2
     100
AcDbLine
      10
-25.2837742067
      20
-52.194040581
      30
0
      11
-53.8582489171
      21
1.7902339351
      31
0
    1001
FS_CYPCUT
    1000
Channel
    1070
2
    1000
LeadIn
    1002
{
    1070
3
    1040
0
    1040
1.5707963267949
    1040
1
    1040
1
    1070
0
    1040
0.5
    1070
0
    1002
}
    1000
LeadOut
    1002
{
    1070
0
    1040
0
    1040
0
    1040
0
    1070
0
    1002
}
    1000
IsFill
    1070
0
    1000
PathStart
    1040
0
    1000
ToolCompensation
    1002
{
    1070
0
    1040
0
    1070
0
    1002
}
       0
LINE
       5
2070
     100
AcDbEntity
       8
2
     100
AcDbLine
      10
-42.6331073284
      20
7.0153559319
      30
0
      11
-19.7227055611
      21
-49.6054528831
      31
0
    1001
FS_CYPCUT
    1000
Channel
    1070
2
    1000
LeadIn
    1002
{
    1070
3
    1040
0
    1040
1.5707963267949
    1040
1
    1040
1
    1070
0
    1040
0.5
    1070
0
    1002
}
    1000
LeadOut
    1002
{
    1070
0
    1040
0
    1040
0
    1040
0
    1070
0
    1002
}
    1000
IsFill
    1070
0
    1000
PathStart
    1040
0
    1000
ToolCompensation
    1002
{
    1070
0
    1040
0
    1070
0
    1002
}
       0
LINE
       5
2071
     100
AcDbEntity
       8
2
     100
AcDbLine
      10
-13.9263858984
      20
-47.5985057513
      30
0
      11
-30.9331035705
      21
11.0664246077
      31
0
    1001
FS_CYPCUT
    1000
Channel
    1070
2
    1000
LeadIn
    1002
{
    1070
3
    1040
0
    1040
1.5707963267949
    1040
1
    1040
1
    1070
0
    1040
0.5
    1070
0
    1002
}
    1000
LeadOut
    1002
{
    1070
0
    1040
0
    1040
0
    1040
0
    1070
0
    1002
}
    1000
IsFill
    1070
0
    1000
PathStart
    1040
0
    1000
ToolCompensation
    1002
{
    1070
0
    1040
0
    1070
0
    1002
}
       0
LINE
       5
2072
     100
AcDbEntity
       8
2
     100
AcDbLine
      10
-18.8803031839
      20
13.9011745698
      30
0
      11
-7.9552853942
      21
-46.1941371133
      31
0
    1001
FS_CYPCUT
    1000
Channel
    1070
2
    1000
LeadIn
    1002
{
    1070
3
    1040
0
    1040
1.5707963267949
    1040
1
    1040
1
    1070
0
    1040
0.5
    1070
0
    1002
}
    1000
LeadOut
    1002
{
    1070
0
    1040
0
    1040
0
    1040
0
    1070
0
    1002
}
    1000
IsFill
    1070
0
    1000
PathStart
    1040
0
    1000
ToolCompensation
    1002
{
    1070
0
    1040
0
    1070
0
    1002
}
       0
LINE
       5
2073
     100
AcDbEntity
       8
2
     100
AcDbLine
      10
-1.8719227068
      20
-45.4070705645
      30
0
      11
-6.6009004109
      21
15.4898855982
      31
0
    1001
FS_CYPCUT
    1000
Channel
    1070
2
    1000
LeadIn
    1002
{
    1070
3
    1040
0
    1040
1.5707963267949
    1040
1
    1040
1
    1070
0
    1040
0.5
    1070
0
    1002
}
    1000
LeadOut
    1002
{
    1070
0
    1040
0
    1040
0
    1040
0
    1070
0
    1002
}
    1000
IsFill
    1070
0
    1000
PathStart
    1040
0
    1000
ToolCompensation
    1002
{
    1070
0
    1040
0
    1070
0
    1002
}
       0
LWPOLYLINE
       5
2074
     100
AcDbEntity
       8
1
     100
AcDbPolyline
      90
44
      70
1
      10
5.910962724
      20
15.8318197864
      42
0
      10
-6.3602131561
      20
15.5085764968
      42
0
      10
-6.8415876656
      20
15.4711946995
      42
0
      10
-18.6427821537
      20
13.9443546078
      42
0
      10
-19.1178242141
      20
13.8579945319
      42
0
      10
-30.7012383964
      20
11.1336412035
      42
0
      10
-31.1649687447
      20
10.9992080119
      42
0
      10
-42.4093213986
      20
7.1059062807
      42
0
      10
-42.8568932582
      20
6.9248055831
      42
0
      10
-53.6448820399
      20
1.9031713766
      42
0
      10
-54.0716157943
      20
1.6772964936
      42
0
      10
-64.2901887913
      20
-4.4200736737
      42
0
      10
-64.6916163775
      20
-4.6883583612
      42
0
      10
-74.2338715163
      20
-11.7976727953
      42
0
      10
-74.6057932365
      20
-12.1055603989
      42
0
      10
-83.371899309
      20
-20.1524390597
      42
0
      10
-83.7104240971
      20
-20.4967083595
      42
0
      10
-91.60866913
      20
-29.396962239
      42
0
      10
-91.9102552944
      20
-29.7740113821
      42
0
      10
-98.8580065571
      20
-39.4345232647
      42
0
      10
-99.1194988505
      20
-39.8404074472
      42
0
      10
-105.2313618012
      20
-50.4863441046
      42
0
      10
-50.7739624425
      20
-78.1484870999
      42
0
      10
-47.7727069043
      20
-72.9207559465
      42
0
      10
-47.5112146109
      20
-72.514871764
      42
0
      10
-44.2112776299
      20
-67.9264690978
      42
0
      10
-43.9096914654
      20
-67.5494199548
      42
0
      10
-40.158303446
      20
-63.3221130488
      42
0
      10
-39.8197786579
      20
-62.977843749
      42
0
      10
-35.6561872375
      20
-59.1558599997
      42
0
      10
-35.2842655174
      20
-58.8479723961
      42
0
      10
-30.752030656
      20
-55.4712986172
      42
0
      10
-30.3506030698
      20
-55.2030139298
      42
0
      10
-25.4971410839
      20
-52.3069780225
      42
0
      10
-25.0704073295
      20
-52.0811031395
      42
0
      10
-19.946491491
      20
-49.6960032319
      42
0
      10
-19.4989196313
      20
-49.5149025343
      42
0
      10
-14.1582510725
      20
-47.665722347
      42
0
      10
-13.6945207242
      20
-47.5312891555
      42
0
      10
-8.1928064244
      20
-46.2373171513
      42
0
      10
-7.717764364
      20
-46.1509570754
      42
0
      10
-2.1126099615
      20
-45.4257614631
      42
0
      10
-1.631235452
      20
-45.3883796658
      42
0
      10
4.394573863
      20
-45.2296497735
      42
0
    1001
FS_CYPCUT
    1000
Channel
    1070
1
    1000
LeadIn
    1002
{
    1070
3
    1040
21.5
    1040
1.5707963267949
    1040
1
    1040
1
    1070
0
    1040
0.5
    1070
0
    1002
}
    1000
LeadOut
    1002
{
    1070
0
    1040
0
    1040
0
    1040
0
    1070
0
    1002
}
    1000
IsFill
    1070
1
    1000
PathStart
    1040
21.5
    1000
ToolCompensation
    1002
{
    1070
0
    1040
0
    1070
0
    1002
}
    1000
MicroConnect
    1002
{
    1070
2
    1040
21.1206168
    1041
0.5
    1042
0
    1040
43.1686057
    1041
0.5
    1042
0
    1002
}
       0
ENDBLK
       5
2075
     330
2007
     100
AcDbEntity
       8
0
     100
AcDbBlockEnd
       0
BLOCK
       5
2076
     330
2008
     100
AcDbEntity
       8
0
     100
AcDbBlockBegin
       2
Part138753427
      70
0
      10
-12.5
      20
-47.2431414
      30
0
       3
Part138753427
       1

       4
CypCutBlock
       0
LWPOLYLINE
       5
2077
     100
AcDbEntity
       8
1
     100
AcDbPolyline
      90
4
      70
1
      10
3.75
      20
-31.7431413515
      42
1
      10
-3.75
      20
-31.7431413515
      42
0
      10
-3.75
      20
-36.7431413515
      42
1
      10
3.75
      20
-36.7431413515
      42
0
    1001
FS_CYPCUT
    1000
Channel
    1070
1
    1000
LeadIn
    1002
{
    1070
3
    1040
0.5
    1040
1.5707963267949
    1040
1
    1040
1
    1070
0
    1040
0.5
    1070
0
    1002
}
    1000
LeadOut
    1002
{
    1070
0
    1040
0
    1040
0
    1040
0
    1070
0
    1002
}
    1000
IsFill
    1070
0
    1000
PathStart
    1040
0.5
    1000
ToolCompensation
    1002
{
    1070
0
    1040
0
    1070
0
    1002
}
       0
LWPOLYLINE
       5
2078
     100
AcDbEntity
       8
1
     100
AcDbPolyline
      90
4
      70
1
      10
3.75
      20
-11.7431413515
      42
0
      10
3.75
      20
-16.7431413515
      42
-1
      10
-3.75
      20
-16.7431413515
      42
0
      10
-3.75
      20
-11.7431413515
      42
-1
    1001
FS_CYPCUT
    1000
Channel
    1070
1
    1000
LeadIn
    1002
{
    1070
3
    1040
1.5
    1040
1.5707963267949
    1040
1
    1040
1
    1070
0
    1040
0.5
    1070
0
    1002
}
    1000
LeadOut
    1002
{
    1070
0
    1040
0
    1040
0
    1040
0
    1070
0
    1002
}
    1000
IsFill
    1070
0
    1000
PathStart
    1040
1.5
    1000
ToolCompensation
    1002
{
    1070
0
    1040
0
    1070
0
    1002
}
       0
LINE
       5
2079
     100
AcDbEntity
       8
2
     100
AcDbLine
      10
12.5
      20
1.3784293243
      30
0
      11
-12.5
      21
1.3784293243
      31
0
    1001
FS_CYPCUT
    1000
Channel
    1070
2
    1000
LeadIn
    1002
{
    1070
3
    1040
0
    1040
1.5707963267949
    1040
1
    1040
1
    1070
0
    1040
0.5
    1070
0
    1002
}
    1000
LeadOut
    1002
{
    1070
0
    1040
0
    1040
0
    1040
0
    1070
0
    1002
}
    1000
IsFill
    1070
0
    1000
PathStart
    1040
0
    1000
ToolCompensation
    1002
{
    1070
0
    1040
0
    1070
0
    1002
}
       0
LWPOLYLINE
       5
207A
     100
AcDbEntity
       8
1
     100
AcDbPolyline
      90
8
      70
1
      10
12.5
      20
20
      42
0
      10
12.5
      20
-42.2431413515
      42
-0.414213562373096
      10
7.5
      20
-47.2431413515
      42
0
      10
-7.5
      20
-47.2431413515
      42
-0.414213562373095
      10
-12.5
      20
-42.2431413515
      42
0
      10
-12.5
      20
20
      42
-0.414213562373095
      10
-7.5
      20
25
      42
0
      10
7.5
      20
25
      42
-0.414213562373096
    1001
FS_CYPCUT
    1000
Channel
    1070
1
    1000
LeadIn
    1002
{
    1070
3
    1040
0.5
    1040
1.5707963267949
    1040
1
    1040
1
    1070
0
    1040
0.5
    1070
0
    1002
}
    1000
LeadOut
    1002
{
    1070
0
    1040
0
    1040
0
    1040
0
    1070
0
    1002
}
    1000
IsFill
    1070
1
    1000
PathStart
    1040
0.5
    1000
ToolCompensation
    1002
{
    1070
0
    1040
0
    1070
0
    1002
}
    1000
MicroConnect
    1002
{
    1070
1
    1040
4.53208776
    1041
0.5
    1042
0
    1002
}
       0
ENDBLK
       5
207B
     330
2008
     100
AcDbEntity
       8
0
     100
AcDbBlockEnd
       0
BLOCK
       5
207C
     330
2009
     100
AcDbEntity
       8
0
     100
AcDbBlockBegin
       2
Part1443081850
      70
0
      10
-105.231362
      20
-78.1484871
      30
0
       3
Part1443081850
       1

       4
CypCutBlock
       0
LINE
       5
207D
     100
AcDbEntity
       8
2
     100
AcDbLine
      10
-98.9887527038
      20
-39.637465356
      30
0
      11
-47.6419607576
      21
-72.7178138553
      31
0
    1001
FS_CYPCUT
    1000
Channel
    1070
2
    1000
LeadIn
    1002
{
    1070
3
    1040
0
    1040
1.5707963267949
    1040
1
    1040
1
    1070
0
    1040
0.5
    1070
0
    1002
}
    1000
LeadOut
    1002
{
    1070
0
    1040
0
    1040
0
    1040
0
    1070
0
    1002
}
    1000
IsFill
    1070
0
    1000
PathStart
    1040
0
    1000
ToolCompensation
    1002
{
    1070
0
    1040
0
    1070
0
    1002
}
       0
LINE
       5
207E
     100
AcDbEntity
       8
2
     100
AcDbLine
      10
-44.0604845476
      20
-67.7379445263
      30
0
      11
-91.7594622122
      21
-29.5854868105
      31
0
    1001
FS_CYPCUT
    1000
Channel
    1070
2
    1000
LeadIn
    1002
{
    1070
3
    1040
0
    1040
1.5707963267949
    1040
1
    1040
1
    1070
0
    1040
0.5
    1070
0
    1002
}
    1000
LeadOut
    1002
{
    1070
0
    1040
0
    1040
0
    1040
0
    1070
0
    1002
}
    1000
IsFill
    1070
0
    1000
PathStart
    1040
0
    1000
ToolCompensation
    1002
{
    1070
0
    1040
0
    1070
0
    1002
}
       0
LINE
       5
207F
     100
AcDbEntity
       8
2
     100
AcDbLine
      10
-83.541161703
      20
-20.3245737096
      30
0
      11
-39.989041052
      21
-63.1499783989
      31
0
    1001
FS_CYPCUT
    1000
Channel
    1070
2
    1000
LeadIn
    1002
{
    1070
3
    1040
0
    1040
1.5707963267949
    1040
1
    1040
1
    1070
0
    1040
0.5
    1070
0
    1002
}
    1000
LeadOut
    1002
{
    1070
0
    1040
0
    1040
0
    1040
0
    1070
0
    1002
}
    1000
IsFill
    1070
0
    1000
PathStart
    1040
0
    1000
ToolCompensation
    1002
{
    1070
0
    1040
0
    1070
0
    1002
}
       0
LINE
       5
2080
     100
AcDbEntity
       8
2
     100
AcDbLine
      10
-35.4702263774
      20
-59.0019161979
      30
0
      11
-74.4198323764
      21
-11.9516165971
      31
0
    1001
FS_CYPCUT
    1000
Channel
    1070
2
    1000
LeadIn
    1002
{
    1070
3
    1040
0
    1040
1.5707963267949
    1040
1
    1040
1
    1070
0
    1040
0.5
    1070
0
    1002
}
    1000
LeadOut
    1002
{
    1070
0
    1040
0
    1040
0
    1040
0
    1070
0
    1002
}
    1000
IsFill
    1070
0
    1000
PathStart
    1040
0
    1000
ToolCompensation
    1002
{
    1070
0
    1040
0
    1070
0
    1002
}
       0
LINE
       5
2081
     100
AcDbEntity
       8
2
     100
AcDbLine
      10
-64.4909025844
      20
-4.5542160174
      30
0
      11
-30.5513168629
      21
-55.3371562735
      31
0
    1001
FS_CYPCUT
    1000
Channel
    1070
2
    1000
LeadIn
    1002
{
    1070
3
    1040
0
    1040
1.5707963267949
    1040
1
    1040
1
    1070
0
    1040
0.5
    1070
0
    1002
}
    1000
LeadOut
    1002
{
    1070
0
    1040
0
    1040
0
    1040
0
    1070
0
    1002
}
    1000
IsFill
    1070
0
    1000
PathStart
    1040
0
    1000
ToolCompensation
    1002
{
    1070
0
    1040
0
    1070
0
    1002
}
       0
LINE
       5
2082
     100
AcDbEntity
       8
2
     100
AcDbLine
      10
-25.2837742067
      20
-52.194040581
      30
0
      11
-53.8582489171
      21
1.7902339351
      31
0
    1001
FS_CYPCUT
    1000
Channel
    1070
2
    1000
LeadIn
    1002
{
    1070
3
    1040
0
    1040
1.5707963267949
    1040
1
    1040
1
    1070
0
    1040
0.5
    1070
0
    1002
}
    1000
LeadOut
    1002
{
    1070
0
    1040
0
    1040
0
    1040
0
    1070
0
    1002
}
    1000
IsFill
    1070
0
    1000
PathStart
    1040
0
    1000
ToolCompensation
    1002
{
    1070
0
    1040
0
    1070
0
    1002
}
       0
LINE
       5
2083
     100
AcDbEntity
       8
2
     100
AcDbLine
      10
-42.6331073284
      20
7.0153559319
      30
0
      11
-19.7227055611
      21
-49.6054528831
      31
0
    1001
FS_CYPCUT
    1000
Channel
    1070
2
    1000
LeadIn
    1002
{
    1070
3
    1040
0
    1040
1.5707963267949
    1040
1
    1040
1
    1070
0
    1040
0.5
    1070
0
    1002
}
    1000
LeadOut
    1002
{
    1070
0
    1040
0
    1040
0
    1040
0
    1070
0
    1002
}
    1000
IsFill
    1070
0
    1000
PathStart
    1040
0
    1000
ToolCompensation
    1002
{
    1070
0
    1040
0
    1070
0
    1002
}
       0
LINE
       5
2084
     100
AcDbEntity
       8
2
     100
AcDbLine
      10
-13.9263858984
      20
-47.5985057513
      30
0
      11
-30.9331035705
      21
11.0664246077
      31
0
    1001
FS_CYPCUT
    1000
Channel
    1070
2
    1000
LeadIn
    1002
{
    1070
3
    1040
0
    1040
1.5707963267949
    1040
1
    1040
1
    1070
0
    1040
0.5
    1070
0
    1002
}
    1000
LeadOut
    1002
{
    1070
0
    1040
0
    1040
0
    1040
0
    1070
0
    1002
}
    1000
IsFill
    1070
0
    1000
PathStart
    1040
0
    1000
ToolCompensation
    1002
{
    1070
0
    1040
0
    1070
0
    1002
}
       0
LINE
       5
2085
     100
AcDbEntity
       8
2
     100
AcDbLine
      10
-18.8803031839
      20
13.9011745698
      30
0
      11
-7.9552853942
      21
-46.1941371133
      31
0
    1001
FS_CYPCUT
    1000
Channel
    1070
2
    1000
LeadIn
    1002
{
    1070
3
    1040
0
    1040
1.5707963267949
    1040
1
    1040
1
    1070
0
    1040
0.5
    1070
0
    1002
}
    1000
LeadOut
    1002
{
    1070
0
    1040
0
    1040
0
    1040
0
    1070
0
    1002
}
    1000
IsFill
    1070
0
    1000
PathStart
    1040
0
    1000
ToolCompensation
    1002
{
    1070
0
    1040
0
    1070
0
    1002
}
       0
LINE
       5
2086
     100
AcDbEntity
       8
2
     100
AcDbLine
      10
-1.8719227068
      20
-45.4070705645
      30
0
      11
-6.6009004109
      21
15.4898855982
      31
0
    1001
FS_CYPCUT
    1000
Channel
    1070
2
    1000
LeadIn
    1002
{
    1070
3
    1040
0
    1040
1.5707963267949
    1040
1
    1040
1
    1070
0
    1040
0.5
    1070
0
    1002
}
    1000
LeadOut
    1002
{
    1070
0
    1040
0
    1040
0
    1040
0
    1070
0
    1002
}
    1000
IsFill
    1070
0
    1000
PathStart
    1040
0
    1000
ToolCompensation
    1002
{
    1070
0
    1040
0
    1070
0
    1002
}
       0
LWPOLYLINE
       5
2087
     100
AcDbEntity
       8
1
     100
AcDbPolyline
      90
44
      70
1
      10
5.910962724
      20
15.8318197864
      42
0
      10
-6.3602131561
      20
15.5085764968
      42
0
      10
-6.8415876656
      20
15.4711946995
      42
0
      10
-18.6427821537
      20
13.9443546078
      42
0
      10
-19.1178242141
      20
13.8579945319
      42
0
      10
-30.7012383964
      20
11.1336412035
      42
0
      10
-31.1649687447
      20
10.9992080119
      42
0
      10
-42.4093213986
      20
7.1059062807
      42
0
      10
-42.8568932582
      20
6.9248055831
      42
0
      10
-53.6448820399
      20
1.9031713766
      42
0
      10
-54.0716157943
      20
1.6772964936
      42
0
      10
-64.2901887913
      20
-4.4200736737
      42
0
      10
-64.6916163775
      20
-4.6883583612
      42
0
      10
-74.2338715163
      20
-11.7976727953
      42
0
      10
-74.6057932365
      20
-12.1055603989
      42
0
      10
-83.371899309
      20
-20.1524390597
      42
0
      10
-83.7104240971
      20
-20.4967083595
      42
0
      10
-91.60866913
      20
-29.396962239
      42
0
      10
-91.9102552944
      20
-29.7740113821
      42
0
      10
-98.8580065571
      20
-39.4345232647
      42
0
      10
-99.1194988505
      20
-39.8404074472
      42
0
      10
-105.2313618012
      20
-50.4863441046
      42
0
      10
-50.7739624425
      20
-78.1484870999
      42
0
      10
-47.7727069043
      20
-72.9207559465
      42
0
      10
-47.5112146109
      20
-72.514871764
      42
0
      10
-44.2112776299
      20
-67.9264690978
      42
0
      10
-43.9096914654
      20
-67.5494199548
      42
0
      10
-40.158303446
      20
-63.3221130488
      42
0
      10
-39.8197786579
      20
-62.977843749
      42
0
      10
-35.6561872375
      20
-59.1558599997
      42
0
      10
-35.2842655174
      20
-58.8479723961
      42
0
      10
-30.752030656
      20
-55.4712986172
      42
0
      10
-30.3506030698
      20
-55.2030139298
      42
0
      10
-25.4971410839
      20
-52.3069780225
      42
0
      10
-25.0704073295
      20
-52.0811031395
      42
0
      10
-19.946491491
      20
-49.6960032319
      42
0
      10
-19.4989196313
      20
-49.5149025343
      42
0
      10
-14.1582510725
      20
-47.665722347
      42
0
      10
-13.6945207242
      20
-47.5312891555
      42
0
      10
-8.1928064244
      20
-46.2373171513
      42
0
      10
-7.717764364
      20
-46.1509570754
      42
0
      10
-2.1126099615
      20
-45.4257614631
      42
0
      10
-1.631235452
      20
-45.3883796658
      42
0
      10
4.394573863
      20
-45.2296497735
      42
0
    1001
FS_CYPCUT
    1000
Channel
    1070
1
    1000
LeadIn
    1002
{
    1070
3
    1040
21.5
    1040
1.5707963267949
    1040
1
    1040
1
    1070
0
    1040
0.5
    1070
0
    1002
}
    1000
LeadOut
    1002
{
    1070
0
    1040
0
    1040
0
    1040
0
    1070
0
    1002
}
    1000
IsFill
    1070
1
    1000
PathStart
    1040
21.5
    1000
ToolCompensation
    1002
{
    1070
0
    1040
0
    1070
0
    1002
}
    1000
MicroConnect
    1002
{
    1070
2
    1040
21.1206168
    1041
0.5
    1042
0
    1040
43.1686057
    1041
0.5
    1042
0
    1002
}
       0
ENDBLK
       5
2088
     330
2009
     100
AcDbEntity
       8
0
     100
AcDbBlockEnd
       0
BLOCK
       5
2089
     330
200A
     100
AcDbEntity
       8
0
     100
AcDbBlockBegin
       2
Part1676023401
      70
0
      10
-105.231362
      20
-78.1484871
      30
0
       3
Part1676023401
       1

       4
CypCutBlock
       0
LINE
       5
208A
     100
AcDbEntity
       8
2
     100
AcDbLine
      10
-98.9887527038
      20
-39.637465356
      30
0
      11
-47.6419607576
      21
-72.7178138553
      31
0
    1001
FS_CYPCUT
    1000
Channel
    1070
2
    1000
LeadIn
    1002
{
    1070
3
    1040
0
    1040
1.5707963267949
    1040
1
    1040
1
    1070
0
    1040
0.5
    1070
0
    1002
}
    1000
LeadOut
    1002
{
    1070
0
    1040
0
    1040
0
    1040
0
    1070
0
    1002
}
    1000
IsFill
    1070
0
    1000
PathStart
    1040
0
    1000
ToolCompensation
    1002
{
    1070
0
    1040
0
    1070
0
    1002
}
       0
LINE
       5
208B
     100
AcDbEntity
       8
2
     100
AcDbLine
      10
-44.0604845476
      20
-67.7379445263
      30
0
      11
-91.7594622122
      21
-29.5854868105
      31
0
    1001
FS_CYPCUT
    1000
Channel
    1070
2
    1000
LeadIn
    1002
{
    1070
3
    1040
0
    1040
1.5707963267949
    1040
1
    1040
1
    1070
0
    1040
0.5
    1070
0
    1002
}
    1000
LeadOut
    1002
{
    1070
0
    1040
0
    1040
0
    1040
0
    1070
0
    1002
}
    1000
IsFill
    1070
0
    1000
PathStart
    1040
0
    1000
ToolCompensation
    1002
{
    1070
0
    1040
0
    1070
0
    1002
}
       0
LINE
       5
208C
     100
AcDbEntity
       8
2
     100
AcDbLine
      10
-83.541161703
      20
-20.3245737096
      30
0
      11
-39.989041052
      21
-63.1499783989
      31
0
    1001
FS_CYPCUT
    1000
Channel
    1070
2
    1000
LeadIn
    1002
{
    1070
3
    1040
0
    1040
1.5707963267949
    1040
1
    1040
1
    1070
0
    1040
0.5
    1070
0
    1002
}
    1000
LeadOut
    1002
{
    1070
0
    1040
0
    1040
0
    1040
0
    1070
0
    1002
}
    1000
IsFill
    1070
0
    1000
PathStart
    1040
0
    1000
ToolCompensation
    1002
{
    1070
0
    1040
0
    1070
0
    1002
}
       0
LINE
       5
208D
     100
AcDbEntity
       8
2
     100
AcDbLine
      10
-35.4702263774
      20
-59.0019161979
      30
0
      11
-74.4198323764
      21
-11.9516165971
      31
0
    1001
FS_CYPCUT
    1000
Channel
    1070
2
    1000
LeadIn
    1002
{
    1070
3
    1040
0
    1040
1.5707963267949
    1040
1
    1040
1
    1070
0
    1040
0.5
    1070
0
    1002
}
    1000
LeadOut
    1002
{
    1070
0
    1040
0
    1040
0
    1040
0
    1070
0
    1002
}
    1000
IsFill
    1070
0
    1000
PathStart
    1040
0
    1000
ToolCompensation
    1002
{
    1070
0
    1040
0
    1070
0
    1002
}
       0
LINE
       5
208E
     100
AcDbEntity
       8
2
     100
AcDbLine
      10
-64.4909025844
      20
-4.5542160174
      30
0
      11
-30.5513168629
      21
-55.3371562735
      31
0
    1001
FS_CYPCUT
    1000
Channel
    1070
2
    1000
LeadIn
    1002
{
    1070
3
    1040
0
    1040
1.5707963267949
    1040
1
    1040
1
    1070
0
    1040
0.5
    1070
0
    1002
}
    1000
LeadOut
    1002
{
    1070
0
    1040
0
    1040
0
    1040
0
    1070
0
    1002
}
    1000
IsFill
    1070
0
    1000
PathStart
    1040
0
    1000
ToolCompensation
    1002
{
    1070
0
    1040
0
    1070
0
    1002
}
       0
LINE
       5
208F
     100
AcDbEntity
       8
2
     100
AcDbLine
      10
-25.2837742067
      20
-52.194040581
      30
0
      11
-53.8582489171
      21
1.7902339351
      31
0
    1001
FS_CYPCUT
    1000
Channel
    1070
2
    1000
LeadIn
    1002
{
    1070
3
    1040
0
    1040
1.5707963267949
    1040
1
    1040
1
    1070
0
    1040
0.5
    1070
0
    1002
}
    1000
LeadOut
    1002
{
    1070
0
    1040
0
    1040
0
    1040
0
    1070
0
    1002
}
    1000
IsFill
    1070
0
    1000
PathStart
    1040
0
    1000
ToolCompensation
    1002
{
    1070
0
    1040
0
    1070
0
    1002
}
       0
LINE
       5
2090
     100
AcDbEntity
       8
2
     100
AcDbLine
      10
-42.6331073284
      20
7.0153559319
      30
0
      11
-19.7227055611
      21
-49.6054528831
      31
0
    1001
FS_CYPCUT
    1000
Channel
    1070
2
    1000
LeadIn
    1002
{
    1070
3
    1040
0
    1040
1.5707963267949
    1040
1
    1040
1
    1070
0
    1040
0.5
    1070
0
    1002
}
    1000
LeadOut
    1002
{
    1070
0
    1040
0
    1040
0
    1040
0
    1070
0
    1002
}
    1000
IsFill
    1070
0
    1000
PathStart
    1040
0
    1000
ToolCompensation
    1002
{
    1070
0
    1040
0
    1070
0
    1002
}
       0
LINE
       5
2091
     100
AcDbEntity
       8
2
     100
AcDbLine
      10
-13.9263858984
      20
-47.5985057513
      30
0
      11
-30.9331035705
      21
11.0664246077
      31
0
    1001
FS_CYPCUT
    1000
Channel
    1070
2
    1000
LeadIn
    1002
{
    1070
3
    1040
0
    1040
1.5707963267949
    1040
1
    1040
1
    1070
0
    1040
0.5
    1070
0
    1002
}
    1000
LeadOut
    1002
{
    1070
0
    1040
0
    1040
0
    1040
0
    1070
0
    1002
}
    1000
IsFill
    1070
0
    1000
PathStart
    1040
0
    1000
ToolCompensation
    1002
{
    1070
0
    1040
0
    1070
0
    1002
}
       0
LINE
       5
2092
     100
AcDbEntity
       8
2
     100
AcDbLine
      10
-18.8803031839
      20
13.9011745698
      30
0
      11
-7.9552853942
      21
-46.1941371133
      31
0
    1001
FS_CYPCUT
    1000
Channel
    1070
2
    1000
LeadIn
    1002
{
    1070
3
    1040
0
    1040
1.5707963267949
    1040
1
    1040
1
    1070
0
    1040
0.5
    1070
0
    1002
}
    1000
LeadOut
    1002
{
    1070
0
    1040
0
    1040
0
    1040
0
    1070
0
    1002
}
    1000
IsFill
    1070
0
    1000
PathStart
    1040
0
    1000
ToolCompensation
    1002
{
    1070
0
    1040
0
    1070
0
    1002
}
       0
LINE
       5
2093
     100
AcDbEntity
       8
2
     100
AcDbLine
      10
-1.8719227068
      20
-45.4070705645
      30
0
      11
-6.6009004109
      21
15.4898855982
      31
0
    1001
FS_CYPCUT
    1000
Channel
    1070
2
    1000
LeadIn
    1002
{
    1070
3
    1040
0
    1040
1.5707963267949
    1040
1
    1040
1
    1070
0
    1040
0.5
    1070
0
    1002
}
    1000
LeadOut
    1002
{
    1070
0
    1040
0
    1040
0
    1040
0
    1070
0
    1002
}
    1000
IsFill
    1070
0
    1000
PathStart
    1040
0
    1000
ToolCompensation
    1002
{
    1070
0
    1040
0
    1070
0
    1002
}
       0
LWPOLYLINE
       5
2094
     100
AcDbEntity
       8
1
     100
AcDbPolyline
      90
44
      70
1
      10
5.910962724
      20
15.8318197864
      42
0
      10
-6.3602131561
      20
15.5085764968
      42
0
      10
-6.8415876656
      20
15.4711946995
      42
0
      10
-18.6427821537
      20
13.9443546078
      42
0
      10
-19.1178242141
      20
13.8579945319
      42
0
      10
-30.7012383964
      20
11.1336412035
      42
0
      10
-31.1649687447
      20
10.9992080119
      42
0
      10
-42.4093213986
      20
7.1059062807
      42
0
      10
-42.8568932582
      20
6.9248055831
      42
0
      10
-53.6448820399
      20
1.9031713766
      42
0
      10
-54.0716157943
      20
1.6772964936
      42
0
      10
-64.2901887913
      20
-4.4200736737
      42
0
      10
-64.6916163775
      20
-4.6883583612
      42
0
      10
-74.2338715163
      20
-11.7976727953
      42
0
      10
-74.6057932365
      20
-12.1055603989
      42
0
      10
-83.371899309
      20
-20.1524390597
      42
0
      10
-83.7104240971
      20
-20.4967083595
      42
0
      10
-91.60866913
      20
-29.396962239
      42
0
      10
-91.9102552944
      20
-29.7740113821
      42
0
      10
-98.8580065571
      20
-39.4345232647
      42
0
      10
-99.1194988505
      20
-39.8404074472
      42
0
      10
-105.2313618012
      20
-50.4863441046
      42
0
      10
-50.7739624425
      20
-78.1484870999
      42
0
      10
-47.7727069043
      20
-72.9207559465
      42
0
      10
-47.5112146109
      20
-72.514871764
      42
0
      10
-44.2112776299
      20
-67.9264690978
      42
0
      10
-43.9096914654
      20
-67.5494199548
      42
0
      10
-40.158303446
      20
-63.3221130488
      42
0
      10
-39.8197786579
      20
-62.977843749
      42
0
      10
-35.6561872375
      20
-59.1558599997
      42
0
      10
-35.2842655174
      20
-58.8479723961
      42
0
      10
-30.752030656
      20
-55.4712986172
      42
0
      10
-30.3506030698
      20
-55.2030139298
      42
0
      10
-25.4971410839
      20
-52.3069780225
      42
0
      10
-25.0704073295
      20
-52.0811031395
      42
0
      10
-19.946491491
      20
-49.6960032319
      42
0
      10
-19.4989196313
      20
-49.5149025343
      42
0
      10
-14.1582510725
      20
-47.665722347
      42
0
      10
-13.6945207242
      20
-47.5312891555
      42
0
      10
-8.1928064244
      20
-46.2373171513
      42
0
      10
-7.717764364
      20
-46.1509570754
      42
0
      10
-2.1126099615
      20
-45.4257614631
      42
0
      10
-1.631235452
      20
-45.3883796658
      42
0
      10
4.394573863
      20
-45.2296497735
      42
0
    1001
FS_CYPCUT
    1000
Channel
    1070
1
    1000
LeadIn
    1002
{
    1070
3
    1040
21.5
    1040
1.5707963267949
    1040
1
    1040
1
    1070
0
    1040
0.5
    1070
0
    1002
}
    1000
LeadOut
    1002
{
    1070
0
    1040
0
    1040
0
    1040
0
    1070
0
    1002
}
    1000
IsFill
    1070
1
    1000
PathStart
    1040
21.5
    1000
ToolCompensation
    1002
{
    1070
0
    1040
0
    1070
0
    1002
}
    1000
MicroConnect
    1002
{
    1070
2
    1040
21.1206168
    1041
0.5
    1042
0
    1040
43.1686057
    1041
0.5
    1042
0
    1002
}
       0
ENDBLK
       5
2095
     330
200A
     100
AcDbEntity
       8
0
     100
AcDbBlockEnd
       0
BLOCK
       5
2096
     330
200B
     100
AcDbEntity
       8
0
     100
AcDbBlockBegin
       2
Part563485153
      70
0
      10
-12.5
      20
-47.2431414
      30
0
       3
Part563485153
       1

       4
CypCutBlock
       0
LWPOLYLINE
       5
2097
     100
AcDbEntity
       8
1
     100
AcDbPolyline
      90
4
      70
1
      10
3.75
      20
-31.7431413515
      42
1
      10
-3.75
      20
-31.7431413515
      42
0
      10
-3.75
      20
-36.7431413515
      42
1
      10
3.75
      20
-36.7431413515
      42
0
    1001
FS_CYPCUT
    1000
Channel
    1070
1
    1000
LeadIn
    1002
{
    1070
3
    1040
0.5
    1040
1.5707963267949
    1040
1
    1040
1
    1070
0
    1040
0.5
    1070
0
    1002
}
    1000
LeadOut
    1002
{
    1070
0
    1040
0
    1040
0
    1040
0
    1070
0
    1002
}
    1000
IsFill
    1070
0
    1000
PathStart
    1040
0.5
    1000
ToolCompensation
    1002
{
    1070
0
    1040
0
    1070
0
    1002
}
       0
LWPOLYLINE
       5
2098
     100
AcDbEntity
       8
1
     100
AcDbPolyline
      90
4
      70
1
      10
3.75
      20
-11.7431413515
      42
0
      10
3.75
      20
-16.7431413515
      42
-1
      10
-3.75
      20
-16.7431413515
      42
0
      10
-3.75
      20
-11.7431413515
      42
-1
    1001
FS_CYPCUT
    1000
Channel
    1070
1
    1000
LeadIn
    1002
{
    1070
3
    1040
1.5
    1040
1.5707963267949
    1040
1
    1040
1
    1070
0
    1040
0.5
    1070
0
    1002
}
    1000
LeadOut
    1002
{
    1070
0
    1040
0
    1040
0
    1040
0
    1070
0
    1002
}
    1000
IsFill
    1070
0
    1000
PathStart
    1040
1.5
    1000
ToolCompensation
    1002
{
    1070
0
    1040
0
    1070
0
    1002
}
       0
LINE
       5
2099
     100
AcDbEntity
       8
2
     100
AcDbLine
      10
12.5
      20
1.3784293243
      30
0
      11
-12.5
      21
1.3784293243
      31
0
    1001
FS_CYPCUT
    1000
Channel
    1070
2
    1000
LeadIn
    1002
{
    1070
3
    1040
0
    1040
1.5707963267949
    1040
1
    1040
1
    1070
0
    1040
0.5
    1070
0
    1002
}
    1000
LeadOut
    1002
{
    1070
0
    1040
0
    1040
0
    1040
0
    1070
0
    1002
}
    1000
IsFill
    1070
0
    1000
PathStart
    1040
0
    1000
ToolCompensation
    1002
{
    1070
0
    1040
0
    1070
0
    1002
}
       0
LWPOLYLINE
       5
209A
     100
AcDbEntity
       8
1
     100
AcDbPolyline
      90
8
      70
1
      10
12.5
      20
20
      42
0
      10
12.5
      20
-42.2431413515
      42
-0.414213562373096
      10
7.5
      20
-47.2431413515
      42
0
      10
-7.5
      20
-47.2431413515
      42
-0.414213562373095
      10
-12.5
      20
-42.2431413515
      42
0
      10
-12.5
      20
20
      42
-0.414213562373095
      10
-7.5
      20
25
      42
0
      10
7.5
      20
25
      42
-0.414213562373096
    1001
FS_CYPCUT
    1000
Channel
    1070
1
    1000
LeadIn
    1002
{
    1070
3
    1040
0.5
    1040
1.5707963267949
    1040
1
    1040
1
    1070
0
    1040
0.5
    1070
0
    1002
}
    1000
LeadOut
    1002
{
    1070
0
    1040
0
    1040
0
    1040
0
    1070
0
    1002
}
    1000
IsFill
    1070
1
    1000
PathStart
    1040
0.5
    1000
ToolCompensation
    1002
{
    1070
0
    1040
0
    1070
0
    1002
}
    1000
MicroConnect
    1002
{
    1070
1
    1040
4.53208776
    1041
0.5
    1042
0
    1002
}
       0
ENDBLK
       5
209B
     330
200B
     100
AcDbEntity
       8
0
     100
AcDbBlockEnd
       0
BLOCK
       5
209C
     330
200C
     100
AcDbEntity
       8
0
     100
AcDbBlockBegin
       2
Part1817643369
      70
0
      10
-12.5
      20
-47.2431414
      30
0
       3
Part1817643369
       1

       4
CypCutBlock
       0
LWPOLYLINE
       5
209D
     100
AcDbEntity
       8
1
     100
AcDbPolyline
      90
4
      70
1
      10
3.75
      20
-31.7431413515
      42
1
      10
-3.75
      20
-31.7431413515
      42
0
      10
-3.75
      20
-36.7431413515
      42
1
      10
3.75
      20
-36.7431413515
      42
0
    1001
FS_CYPCUT
    1000
Channel
    1070
1
    1000
LeadIn
    1002
{
    1070
3
    1040
0.5
    1040
1.5707963267949
    1040
1
    1040
1
    1070
0
    1040
0.5
    1070
0
    1002
}
    1000
LeadOut
    1002
{
    1070
0
    1040
0
    1040
0
    1040
0
    1070
0
    1002
}
    1000
IsFill
    1070
0
    1000
PathStart
    1040
0.5
    1000
ToolCompensation
    1002
{
    1070
0
    1040
0
    1070
0
    1002
}
       0
LWPOLYLINE
       5
209E
     100
AcDbEntity
       8
1
     100
AcDbPolyline
      90
4
      70
1
      10
3.75
      20
-11.7431413515
      42
0
      10
3.75
      20
-16.7431413515
      42
-1
      10
-3.75
      20
-16.7431413515
      42
0
      10
-3.75
      20
-11.7431413515
      42
-1
    1001
FS_CYPCUT
    1000
Channel
    1070
1
    1000
LeadIn
    1002
{
    1070
3
    1040
1.5
    1040
1.5707963267949
    1040
1
    1040
1
    1070
0
    1040
0.5
    1070
0
    1002
}
    1000
LeadOut
    1002
{
    1070
0
    1040
0
    1040
0
    1040
0
    1070
0
    1002
}
    1000
IsFill
    1070
0
    1000
PathStart
    1040
1.5
    1000
ToolCompensation
    1002
{
    1070
0
    1040
0
    1070
0
    1002
}
       0
LINE
       5
209F
     100
AcDbEntity
       8
2
     100
AcDbLine
      10
12.5
      20
1.3784293243
      30
0
      11
-12.5
      21
1.3784293243
      31
0
    1001
FS_CYPCUT
    1000
Channel
    1070
2
    1000
LeadIn
    1002
{
    1070
3
    1040
0
    1040
1.5707963267949
    1040
1
    1040
1
    1070
0
    1040
0.5
    1070
0
    1002
}
    1000
LeadOut
    1002
{
    1070
0
    1040
0
    1040
0
    1040
0
    1070
0
    1002
}
    1000
IsFill
    1070
0
    1000
PathStart
    1040
0
    1000
ToolCompensation
    1002
{
    1070
0
    1040
0
    1070
0
    1002
}
       0
LWPOLYLINE
       5
20A0
     100
AcDbEntity
       8
1
     100
AcDbPolyline
      90
8
      70
1
      10
12.5
      20
20
      42
0
      10
12.5
      20
-42.2431413515
      42
-0.414213562373096
      10
7.5
      20
-47.2431413515
      42
0
      10
-7.5
      20
-47.2431413515
      42
-0.414213562373095
      10
-12.5
      20
-42.2431413515
      42
0
      10
-12.5
      20
20
      42
-0.414213562373095
      10
-7.5
      20
25
      42
0
      10
7.5
      20
25
      42
-0.414213562373096
    1001
FS_CYPCUT
    1000
Channel
    1070
1
    1000
LeadIn
    1002
{
    1070
3
    1040
0.5
    1040
1.5707963267949
    1040
1
    1040
1
    1070
0
    1040
0.5
    1070
0
    1002
}
    1000
LeadOut
    1002
{
    1070
0
    1040
0
    1040
0
    1040
0
    1070
0
    1002
}
    1000
IsFill
    1070
1
    1000
PathStart
    1040
0.5
    1000
ToolCompensation
    1002
{
    1070
0
    1040
0
    1070
0
    1002
}
    1000
MicroConnect
    1002
{
    1070
1
    1040
4.53208776
    1041
0.5
    1042
0
    1002
}
       0
ENDBLK
       5
20A1
     330
200C
     100
AcDbEntity
       8
0
     100
AcDbBlockEnd
       0
BLOCK
       5
20A2
     330
200D
     100
AcDbEntity
       8
0
     100
AcDbBlockBegin
       2
Part501356820
      70
0
      10
-12.5
      20
-47.2431414
      30
0
       3
Part501356820
       1

       4
CypCutBlock
       0
LWPOLYLINE
       5
20A3
     100
AcDbEntity
       8
1
     100
AcDbPolyline
      90
4
      70
1
      10
3.75
      20
-31.7431413515
      42
1
      10
-3.75
      20
-31.7431413515
      42
0
      10
-3.75
      20
-36.7431413515
      42
1
      10
3.75
      20
-36.7431413515
      42
0
    1001
FS_CYPCUT
    1000
Channel
    1070
1
    1000
LeadIn
    1002
{
    1070
3
    1040
0.5
    1040
1.5707963267949
    1040
1
    1040
1
    1070
0
    1040
0.5
    1070
0
    1002
}
    1000
LeadOut
    1002
{
    1070
0
    1040
0
    1040
0
    1040
0
    1070
0
    1002
}
    1000
IsFill
    1070
0
    1000
PathStart
    1040
0.5
    1000
ToolCompensation
    1002
{
    1070
0
    1040
0
    1070
0
    1002
}
       0
LWPOLYLINE
       5
20A4
     100
AcDbEntity
       8
1
     100
AcDbPolyline
      90
4
      70
1
      10
3.75
      20
-11.7431413515
      42
0
      10
3.75
      20
-16.7431413515
      42
-1
      10
-3.75
      20
-16.7431413515
      42
0
      10
-3.75
      20
-11.7431413515
      42
-1
    1001
FS_CYPCUT
    1000
Channel
    1070
1
    1000
LeadIn
    1002
{
    1070
3
    1040
1.5
    1040
1.5707963267949
    1040
1
    1040
1
    1070
0
    1040
0.5
    1070
0
    1002
}
    1000
LeadOut
    1002
{
    1070
0
    1040
0
    1040
0
    1040
0
    1070
0
    1002
}
    1000
IsFill
    1070
0
    1000
PathStart
    1040
1.5
    1000
ToolCompensation
    1002
{
    1070
0
    1040
0
    1070
0
    1002
}
       0
LINE
       5
20A5
     100
AcDbEntity
       8
2
     100
AcDbLine
      10
12.5
      20
1.3784293243
      30
0
      11
-12.5
      21
1.3784293243
      31
0
    1001
FS_CYPCUT
    1000
Channel
    1070
2
    1000
LeadIn
    1002
{
    1070
3
    1040
0
    1040
1.5707963267949
    1040
1
    1040
1
    1070
0
    1040
0.5
    1070
0
    1002
}
    1000
LeadOut
    1002
{
    1070
0
    1040
0
    1040
0
    1040
0
    1070
0
    1002
}
    1000
IsFill
    1070
0
    1000
PathStart
    1040
0
    1000
ToolCompensation
    1002
{
    1070
0
    1040
0
    1070
0
    1002
}
       0
LWPOLYLINE
       5
20A6
     100
AcDbEntity
       8
1
     100
AcDbPolyline
      90
8
      70
1
      10
12.5
      20
20
      42
0
      10
12.5
      20
-42.2431413515
      42
-0.414213562373096
      10
7.5
      20
-47.2431413515
      42
0
      10
-7.5
      20
-47.2431413515
      42
-0.414213562373095
      10
-12.5
      20
-42.2431413515
      42
0
      10
-12.5
      20
20
      42
-0.414213562373095
      10
-7.5
      20
25
      42
0
      10
7.5
      20
25
      42
-0.414213562373096
    1001
FS_CYPCUT
    1000
Channel
    1070
1
    1000
LeadIn
    1002
{
    1070
3
    1040
0.5
    1040
1.5707963267949
    1040
1
    1040
1
    1070
0
    1040
0.5
    1070
0
    1002
}
    1000
LeadOut
    1002
{
    1070
0
    1040
0
    1040
0
    1040
0
    1070
0
    1002
}
    1000
IsFill
    1070
1
    1000
PathStart
    1040
0.5
    1000
ToolCompensation
    1002
{
    1070
0
    1040
0
    1070
0
    1002
}
    1000
MicroConnect
    1002
{
    1070
1
    1040
4.53208776
    1041
0.5
    1042
0
    1002
}
       0
ENDBLK
       5
20A7
     330
200D
     100
AcDbEntity
       8
0
     100
AcDbBlockEnd
       0
BLOCK
       5
20A8
     330
200E
     100
AcDbEntity
       8
0
     100
AcDbBlockBegin
       2
Part442308626
      70
0
      10
-105.231362
      20
-78.1484871
      30
0
       3
Part442308626
       1

       4
CypCutBlock
       0
LINE
       5
20A9
     100
AcDbEntity
       8
2
     100
AcDbLine
      10
-98.9887527038
      20
-39.637465356
      30
0
      11
-47.6419607576
      21
-72.7178138553
      31
0
    1001
FS_CYPCUT
    1000
Channel
    1070
2
    1000
LeadIn
    1002
{
    1070
3
    1040
0
    1040
1.5707963267949
    1040
1
    1040
1
    1070
0
    1040
0.5
    1070
0
    1002
}
    1000
LeadOut
    1002
{
    1070
0
    1040
0
    1040
0
    1040
0
    1070
0
    1002
}
    1000
IsFill
    1070
0
    1000
PathStart
    1040
0
    1000
ToolCompensation
    1002
{
    1070
0
    1040
0
    1070
0
    1002
}
       0
LINE
       5
20AA
     100
AcDbEntity
       8
2
     100
AcDbLine
      10
-44.0604845476
      20
-67.7379445263
      30
0
      11
-91.7594622122
      21
-29.5854868105
      31
0
    1001
FS_CYPCUT
    1000
Channel
    1070
2
    1000
LeadIn
    1002
{
    1070
3
    1040
0
    1040
1.5707963267949
    1040
1
    1040
1
    1070
0
    1040
0.5
    1070
0
    1002
}
    1000
LeadOut
    1002
{
    1070
0
    1040
0
    1040
0
    1040
0
    1070
0
    1002
}
    1000
IsFill
    1070
0
    1000
PathStart
    1040
0
    1000
ToolCompensation
    1002
{
    1070
0
    1040
0
    1070
0
    1002
}
       0
LINE
       5
20AB
     100
AcDbEntity
       8
2
     100
AcDbLine
      10
-83.541161703
      20
-20.3245737096
      30
0
      11
-39.989041052
      21
-63.1499783989
      31
0
    1001
FS_CYPCUT
    1000
Channel
    1070
2
    1000
LeadIn
    1002
{
    1070
3
    1040
0
    1040
1.5707963267949
    1040
1
    1040
1
    1070
0
    1040
0.5
    1070
0
    1002
}
    1000
LeadOut
    1002
{
    1070
0
    1040
0
    1040
0
    1040
0
    1070
0
    1002
}
    1000
IsFill
    1070
0
    1000
PathStart
    1040
0
    1000
ToolCompensation
    1002
{
    1070
0
    1040
0
    1070
0
    1002
}
       0
LINE
       5
20AC
     100
AcDbEntity
       8
2
     100
AcDbLine
      10
-35.4702263774
      20
-59.0019161979
      30
0
      11
-74.4198323764
      21
-11.9516165971
      31
0
    1001
FS_CYPCUT
    1000
Channel
    1070
2
    1000
LeadIn
    1002
{
    1070
3
    1040
0
    1040
1.5707963267949
    1040
1
    1040
1
    1070
0
    1040
0.5
    1070
0
    1002
}
    1000
LeadOut
    1002
{
    1070
0
    1040
0
    1040
0
    1040
0
    1070
0
    1002
}
    1000
IsFill
    1070
0
    1000
PathStart
    1040
0
    1000
ToolCompensation
    1002
{
    1070
0
    1040
0
    1070
0
    1002
}
       0
LINE
       5
20AD
     100
AcDbEntity
       8
2
     100
AcDbLine
      10
-64.4909025844
      20
-4.5542160174
      30
0
      11
-30.5513168629
      21
-55.3371562735
      31
0
    1001
FS_CYPCUT
    1000
Channel
    1070
2
    1000
LeadIn
    1002
{
    1070
3
    1040
0
    1040
1.5707963267949
    1040
1
    1040
1
    1070
0
    1040
0.5
    1070
0
    1002
}
    1000
LeadOut
    1002
{
    1070
0
    1040
0
    1040
0
    1040
0
    1070
0
    1002
}
    1000
IsFill
    1070
0
    1000
PathStart
    1040
0
    1000
ToolCompensation
    1002
{
    1070
0
    1040
0
    1070
0
    1002
}
       0
LINE
       5
20AE
     100
AcDbEntity
       8
2
     100
AcDbLine
      10
-25.2837742067
      20
-52.194040581
      30
0
      11
-53.8582489171
      21
1.7902339351
      31
0
    1001
FS_CYPCUT
    1000
Channel
    1070
2
    1000
LeadIn
    1002
{
    1070
3
    1040
0
    1040
1.5707963267949
    1040
1
    1040
1
    1070
0
    1040
0.5
    1070
0
    1002
}
    1000
LeadOut
    1002
{
    1070
0
    1040
0
    1040
0
    1040
0
    1070
0
    1002
}
    1000
IsFill
    1070
0
    1000
PathStart
    1040
0
    1000
ToolCompensation
    1002
{
    1070
0
    1040
0
    1070
0
    1002
}
       0
LINE
       5
20AF
     100
AcDbEntity
       8
2
     100
AcDbLine
      10
-42.6331073284
      20
7.0153559319
      30
0
      11
-19.7227055611
      21
-49.6054528831
      31
0
    1001
FS_CYPCUT
    1000
Channel
    1070
2
    1000
LeadIn
    1002
{
    1070
3
    1040
0
    1040
1.5707963267949
    1040
1
    1040
1
    1070
0
    1040
0.5
    1070
0
    1002
}
    1000
LeadOut
    1002
{
    1070
0
    1040
0
    1040
0
    1040
0
    1070
0
    1002
}
    1000
IsFill
    1070
0
    1000
PathStart
    1040
0
    1000
ToolCompensation
    1002
{
    1070
0
    1040
0
    1070
0
    1002
}
       0
LINE
       5
20B0
     100
AcDbEntity
       8
2
     100
AcDbLine
      10
-13.9263858984
      20
-47.5985057513
      30
0
      11
-30.9331035705
      21
11.0664246077
      31
0
    1001
FS_CYPCUT
    1000
Channel
    1070
2
    1000
LeadIn
    1002
{
    1070
3
    1040
0
    1040
1.5707963267949
    1040
1
    1040
1
    1070
0
    1040
0.5
    1070
0
    1002
}
    1000
LeadOut
    1002
{
    1070
0
    1040
0
    1040
0
    1040
0
    1070
0
    1002
}
    1000
IsFill
    1070
0
    1000
PathStart
    1040
0
    1000
ToolCompensation
    1002
{
    1070
0
    1040
0
    1070
0
    1002
}
       0
LINE
       5
20B1
     100
AcDbEntity
       8
2
     100
AcDbLine
      10
-18.8803031839
      20
13.9011745698
      30
0
      11
-7.9552853942
      21
-46.1941371133
      31
0
    1001
FS_CYPCUT
    1000
Channel
    1070
2
    1000
LeadIn
    1002
{
    1070
3
    1040
0
    1040
1.5707963267949
    1040
1
    1040
1
    1070
0
    1040
0.5
    1070
0
    1002
}
    1000
LeadOut
    1002
{
    1070
0
    1040
0
    1040
0
    1040
0
    1070
0
    1002
}
    1000
IsFill
    1070
0
    1000
PathStart
    1040
0
    1000
ToolCompensation
    1002
{
    1070
0
    1040
0
    1070
0
    1002
}
       0
LINE
       5
20B2
     100
AcDbEntity
       8
2
     100
AcDbLine
      10
-1.8719227068
      20
-45.4070705645
      30
0
      11
-6.6009004109
      21
15.4898855982
      31
0
    1001
FS_CYPCUT
    1000
Channel
    1070
2
    1000
LeadIn
    1002
{
    1070
3
    1040
0
    1040
1.5707963267949
    1040
1
    1040
1
    1070
0
    1040
0.5
    1070
0
    1002
}
    1000
LeadOut
    1002
{
    1070
0
    1040
0
    1040
0
    1040
0
    1070
0
    1002
}
    1000
IsFill
    1070
0
    1000
PathStart
    1040
0
    1000
ToolCompensation
    1002
{
    1070
0
    1040
0
    1070
0
    1002
}
       0
LWPOLYLINE
       5
20B3
     100
AcDbEntity
       8
1
     100
AcDbPolyline
      90
44
      70
1
      10
5.910962724
      20
15.8318197864
      42
0
      10
-6.3602131561
      20
15.5085764968
      42
0
      10
-6.8415876656
      20
15.4711946995
      42
0
      10
-18.6427821537
      20
13.9443546078
      42
0
      10
-19.1178242141
      20
13.8579945319
      42
0
      10
-30.7012383964
      20
11.1336412035
      42
0
      10
-31.1649687447
      20
10.9992080119
      42
0
      10
-42.4093213986
      20
7.1059062807
      42
0
      10
-42.8568932582
      20
6.9248055831
      42
0
      10
-53.6448820399
      20
1.9031713766
      42
0
      10
-54.0716157943
      20
1.6772964936
      42
0
      10
-64.2901887913
      20
-4.4200736737
      42
0
      10
-64.6916163775
      20
-4.6883583612
      42
0
      10
-74.2338715163
      20
-11.7976727953
      42
0
      10
-74.6057932365
      20
-12.1055603989
      42
0
      10
-83.371899309
      20
-20.1524390597
      42
0
      10
-83.7104240971
      20
-20.4967083595
      42
0
      10
-91.60866913
      20
-29.396962239
      42
0
      10
-91.9102552944
      20
-29.7740113821
      42
0
      10
-98.8580065571
      20
-39.4345232647
      42
0
      10
-99.1194988505
      20
-39.8404074472
      42
0
      10
-105.2313618012
      20
-50.4863441046
      42
0
      10
-50.7739624425
      20
-78.1484870999
      42
0
      10
-47.7727069043
      20
-72.9207559465
      42
0
      10
-47.5112146109
      20
-72.514871764
      42
0
      10
-44.2112776299
      20
-67.9264690978
      42
0
      10
-43.9096914654
      20
-67.5494199548
      42
0
      10
-40.158303446
      20
-63.3221130488
      42
0
      10
-39.8197786579
      20
-62.977843749
      42
0
      10
-35.6561872375
      20
-59.1558599997
      42
0
      10
-35.2842655174
      20
-58.8479723961
      42
0
      10
-30.752030656
      20
-55.4712986172
      42
0
      10
-30.3506030698
      20
-55.2030139298
      42
0
      10
-25.4971410839
      20
-52.3069780225
      42
0
      10
-25.0704073295
      20
-52.0811031395
      42
0
      10
-19.946491491
      20
-49.6960032319
      42
0
      10
-19.4989196313
      20
-49.5149025343
      42
0
      10
-14.1582510725
      20
-47.665722347
      42
0
      10
-13.6945207242
      20
-47.5312891555
      42
0
      10
-8.1928064244
      20
-46.2373171513
      42
0
      10
-7.717764364
      20
-46.1509570754
      42
0
      10
-2.1126099615
      20
-45.4257614631
      42
0
      10
-1.631235452
      20
-45.3883796658
      42
0
      10
4.394573863
      20
-45.2296497735
      42
0
    1001
FS_CYPCUT
    1000
Channel
    1070
1
    1000
LeadIn
    1002
{
    1070
3
    1040
21.5
    1040
1.5707963267949
    1040
1
    1040
1
    1070
0
    1040
0.5
    1070
0
    1002
}
    1000
LeadOut
    1002
{
    1070
0
    1040
0
    1040
0
    1040
0
    1070
0
    1002
}
    1000
IsFill
    1070
1
    1000
PathStart
    1040
21.5
    1000
ToolCompensation
    1002
{
    1070
0
    1040
0
    1070
0
    1002
}
    1000
MicroConnect
    1002
{
    1070
2
    1040
21.1206168
    1041
0.5
    1042
0
    1040
43.1686057
    1041
0.5
    1042
0
    1002
}
       0
ENDBLK
       5
20B4
     330
200E
     100
AcDbEntity
       8
0
     100
AcDbBlockEnd
       0
BLOCK
       5
20B5
     330
200F
     100
AcDbEntity
       8
0
     100
AcDbBlockBegin
       2
Part1718120574
      70
0
      10
0
      20
0
      30
0
       3
Part1718120574
       1

       4
CypCutBlock
       0
LINE
       5
20B6
     100
AcDbEntity
       8
2
     100
AcDbLine
      10
316.4650848471
      20
0
      30
0
      11
316.4650848471
      21
70
      31
0
    1001
FS_CYPCUT
    1000
Channel
    1070
2
    1000
LeadIn
    1002
{
    1070
3
    1040
0
    1040
1.5707963267949
    1040
1
    1040
1
    1070
0
    1040
0.5
    1070
0
    1002
}
    1000
LeadOut
    1002
{
    1070
0
    1040
0
    1040
0
    1040
0
    1070
0
    1002
}
    1000
IsFill
    1070
0
    1000
PathStart
    1040
0
    1000
ToolCompensation
    1002
{
    1070
0
    1040
0
    1070
0
    1002
}
       0
LWPOLYLINE
       5
20B7
     100
AcDbEntity
       8
1
     100
AcDbPolyline
      90
4
      70
1
      10
632.9301696941
      20
70
      42
0
      10
0
      20
70
      42
0
      10
0
      20
0
      42
0
      10
632.9301696941
      20
0
      42
0
    1001
FS_CYPCUT
    1000
Channel
    1070
1
    1000
LeadIn
    1002
{
    1070
3
    1040
0.5
    1040
1.5707963267949
    1040
1
    1040
1
    1070
0
    1040
0.5
    1070
0
    1002
}
    1000
LeadOut
    1002
{
    1070
0
    1040
0
    1040
0
    1040
0
    1070
0
    1002
}
    1000
IsFill
    1070
1
    1000
PathStart
    1040
0.5
    1000
ToolCompensation
    1002
{
    1070
0
    1040
0
    1070
0
    1002
}
    1000
MicroConnect
    1002
{
    1070
3
    1040
0.0366422385
    1041
0.5
    1042
0
    1040
0.851432378
    1041
0.5
    1042
0
    1040
2.5502998
    1041
0.5
    1042
0
    1002
}
       0
ENDBLK
       5
20B8
     330
200F
     100
AcDbEntity
       8
0
     100
AcDbBlockEnd
       0
BLOCK
       5
20B9
     330
2010
     100
AcDbEntity
       8
0
     100
AcDbBlockBegin
       2
Part1489961564
      70
0
      10
-105.231362
      20
-78.1484871
      30
0
       3
Part1489961564
       1

       4
CypCutBlock
       0
LINE
       5
20BA
     100
AcDbEntity
       8
2
     100
AcDbLine
      10
-98.9887527038
      20
-39.637465356
      30
0
      11
-47.6419607576
      21
-72.7178138553
      31
0
    1001
FS_CYPCUT
    1000
Channel
    1070
2
    1000
LeadIn
    1002
{
    1070
3
    1040
0
    1040
1.5707963267949
    1040
1
    1040
1
    1070
0
    1040
0.5
    1070
0
    1002
}
    1000
LeadOut
    1002
{
    1070
0
    1040
0
    1040
0
    1040
0
    1070
0
    1002
}
    1000
IsFill
    1070
0
    1000
PathStart
    1040
0
    1000
ToolCompensation
    1002
{
    1070
0
    1040
0
    1070
0
    1002
}
       0
LINE
       5
20BB
     100
AcDbEntity
       8
2
     100
AcDbLine
      10
-44.0604845476
      20
-67.7379445263
      30
0
      11
-91.7594622122
      21
-29.5854868105
      31
0
    1001
FS_CYPCUT
    1000
Channel
    1070
2
    1000
LeadIn
    1002
{
    1070
3
    1040
0
    1040
1.5707963267949
    1040
1
    1040
1
    1070
0
    1040
0.5
    1070
0
    1002
}
    1000
LeadOut
    1002
{
    1070
0
    1040
0
    1040
0
    1040
0
    1070
0
    1002
}
    1000
IsFill
    1070
0
    1000
PathStart
    1040
0
    1000
ToolCompensation
    1002
{
    1070
0
    1040
0
    1070
0
    1002
}
       0
LINE
       5
20BC
     100
AcDbEntity
       8
2
     100
AcDbLine
      10
-83.541161703
      20
-20.3245737096
      30
0
      11
-39.989041052
      21
-63.1499783989
      31
0
    1001
FS_CYPCUT
    1000
Channel
    1070
2
    1000
LeadIn
    1002
{
    1070
3
    1040
0
    1040
1.5707963267949
    1040
1
    1040
1
    1070
0
    1040
0.5
    1070
0
    1002
}
    1000
LeadOut
    1002
{
    1070
0
    1040
0
    1040
0
    1040
0
    1070
0
    1002
}
    1000
IsFill
    1070
0
    1000
PathStart
    1040
0
    1000
ToolCompensation
    1002
{
    1070
0
    1040
0
    1070
0
    1002
}
       0
LINE
       5
20BD
     100
AcDbEntity
       8
2
     100
AcDbLine
      10
-35.4702263774
      20
-59.0019161979
      30
0
      11
-74.4198323764
      21
-11.9516165971
      31
0
    1001
FS_CYPCUT
    1000
Channel
    1070
2
    1000
LeadIn
    1002
{
    1070
3
    1040
0
    1040
1.5707963267949
    1040
1
    1040
1
    1070
0
    1040
0.5
    1070
0
    1002
}
    1000
LeadOut
    1002
{
    1070
0
    1040
0
    1040
0
    1040
0
    1070
0
    1002
}
    1000
IsFill
    1070
0
    1000
PathStart
    1040
0
    1000
ToolCompensation
    1002
{
    1070
0
    1040
0
    1070
0
    1002
}
       0
LINE
       5
20BE
     100
AcDbEntity
       8
2
     100
AcDbLine
      10
-64.4909025844
      20
-4.5542160174
      30
0
      11
-30.5513168629
      21
-55.3371562735
      31
0
    1001
FS_CYPCUT
    1000
Channel
    1070
2
    1000
LeadIn
    1002
{
    1070
3
    1040
0
    1040
1.5707963267949
    1040
1
    1040
1
    1070
0
    1040
0.5
    1070
0
    1002
}
    1000
LeadOut
    1002
{
    1070
0
    1040
0
    1040
0
    1040
0
    1070
0
    1002
}
    1000
IsFill
    1070
0
    1000
PathStart
    1040
0
    1000
ToolCompensation
    1002
{
    1070
0
    1040
0
    1070
0
    1002
}
       0
LINE
       5
20BF
     100
AcDbEntity
       8
2
     100
AcDbLine
      10
-25.2837742067
      20
-52.194040581
      30
0
      11
-53.8582489171
      21
1.7902339351
      31
0
    1001
FS_CYPCUT
    1000
Channel
    1070
2
    1000
LeadIn
    1002
{
    1070
3
    1040
0
    1040
1.5707963267949
    1040
1
    1040
1
    1070
0
    1040
0.5
    1070
0
    1002
}
    1000
LeadOut
    1002
{
    1070
0
    1040
0
    1040
0
    1040
0
    1070
0
    1002
}
    1000
IsFill
    1070
0
    1000
PathStart
    1040
0
    1000
ToolCompensation
    1002
{
    1070
0
    1040
0
    1070
0
    1002
}
       0
LINE
       5
20C0
     100
AcDbEntity
       8
2
     100
AcDbLine
      10
-42.6331073284
      20
7.0153559319
      30
0
      11
-19.7227055611
      21
-49.6054528831
      31
0
    1001
FS_CYPCUT
    1000
Channel
    1070
2
    1000
LeadIn
    1002
{
    1070
3
    1040
0
    1040
1.5707963267949
    1040
1
    1040
1
    1070
0
    1040
0.5
    1070
0
    1002
}
    1000
LeadOut
    1002
{
    1070
0
    1040
0
    1040
0
    1040
0
    1070
0
    1002
}
    1000
IsFill
    1070
0
    1000
PathStart
    1040
0
    1000
ToolCompensation
    1002
{
    1070
0
    1040
0
    1070
0
    1002
}
       0
LINE
       5
20C1
     100
AcDbEntity
       8
2
     100
AcDbLine
      10
-13.9263858984
      20
-47.5985057513
      30
0
      11
-30.9331035705
      21
11.0664246077
      31
0
    1001
FS_CYPCUT
    1000
Channel
    1070
2
    1000
LeadIn
    1002
{
    1070
3
    1040
0
    1040
1.5707963267949
    1040
1
    1040
1
    1070
0
    1040
0.5
    1070
0
    1002
}
    1000
LeadOut
    1002
{
    1070
0
    1040
0
    1040
0
    1040
0
    1070
0
    1002
}
    1000
IsFill
    1070
0
    1000
PathStart
    1040
0
    1000
ToolCompensation
    1002
{
    1070
0
    1040
0
    1070
0
    1002
}
       0
LINE
       5
20C2
     100
AcDbEntity
       8
2
     100
AcDbLine
      10
-18.8803031839
      20
13.9011745698
      30
0
      11
-7.9552853942
      21
-46.1941371133
      31
0
    1001
FS_CYPCUT
    1000
Channel
    1070
2
    1000
LeadIn
    1002
{
    1070
3
    1040
0
    1040
1.5707963267949
    1040
1
    1040
1
    1070
0
    1040
0.5
    1070
0
    1002
}
    1000
LeadOut
    1002
{
    1070
0
    1040
0
    1040
0
    1040
0
    1070
0
    1002
}
    1000
IsFill
    1070
0
    1000
PathStart
    1040
0
    1000
ToolCompensation
    1002
{
    1070
0
    1040
0
    1070
0
    1002
}
       0
LINE
       5
20C3
     100
AcDbEntity
       8
2
     100
AcDbLine
      10
-1.8719227068
      20
-45.4070705645
      30
0
      11
-6.6009004109
      21
15.4898855982
      31
0
    1001
FS_CYPCUT
    1000
Channel
    1070
2
    1000
LeadIn
    1002
{
    1070
3
    1040
0
    1040
1.5707963267949
    1040
1
    1040
1
    1070
0
    1040
0.5
    1070
0
    1002
}
    1000
LeadOut
    1002
{
    1070
0
    1040
0
    1040
0
    1040
0
    1070
0
    1002
}
    1000
IsFill
    1070
0
    1000
PathStart
    1040
0
    1000
ToolCompensation
    1002
{
    1070
0
    1040
0
    1070
0
    1002
}
       0
LWPOLYLINE
       5
20C4
     100
AcDbEntity
       8
1
     100
AcDbPolyline
      90
44
      70
1
      10
5.910962724
      20
15.8318197864
      42
0
      10
-6.3602131561
      20
15.5085764968
      42
0
      10
-6.8415876656
      20
15.4711946995
      42
0
      10
-18.6427821537
      20
13.9443546078
      42
0
      10
-19.1178242141
      20
13.8579945319
      42
0
      10
-30.7012383964
      20
11.1336412035
      42
0
      10
-31.1649687447
      20
10.9992080119
      42
0
      10
-42.4093213986
      20
7.1059062807
      42
0
      10
-42.8568932582
      20
6.9248055831
      42
0
      10
-53.6448820399
      20
1.9031713766
      42
0
      10
-54.0716157943
      20
1.6772964936
      42
0
      10
-64.2901887913
      20
-4.4200736737
      42
0
      10
-64.6916163775
      20
-4.6883583612
      42
0
      10
-74.2338715163
      20
-11.7976727953
      42
0
      10
-74.6057932365
      20
-12.1055603989
      42
0
      10
-83.371899309
      20
-20.1524390597
      42
0
      10
-83.7104240971
      20
-20.4967083595
      42
0
      10
-91.60866913
      20
-29.396962239
      42
0
      10
-91.9102552944
      20
-29.7740113821
      42
0
      10
-98.8580065571
      20
-39.4345232647
      42
0
      10
-99.1194988505
      20
-39.8404074472
      42
0
      10
-105.2313618012
      20
-50.4863441046
      42
0
      10
-50.7739624425
      20
-78.1484870999
      42
0
      10
-47.7727069043
      20
-72.9207559465
      42
0
      10
-47.5112146109
      20
-72.514871764
      42
0
      10
-44.2112776299
      20
-67.9264690978
      42
0
      10
-43.9096914654
      20
-67.5494199548
      42
0
      10
-40.158303446
      20
-63.3221130488
      42
0
      10
-39.8197786579
      20
-62.977843749
      42
0
      10
-35.6561872375
      20
-59.1558599997
      42
0
      10
-35.2842655174
      20
-58.8479723961
      42
0
      10
-30.752030656
      20
-55.4712986172
      42
0
      10
-30.3506030698
      20
-55.2030139298
      42
0
      10
-25.4971410839
      20
-52.3069780225
      42
0
      10
-25.0704073295
      20
-52.0811031395
      42
0
      10
-19.946491491
      20
-49.6960032319
      42
0
      10
-19.4989196313
      20
-49.5149025343
      42
0
      10
-14.1582510725
      20
-47.665722347
      42
0
      10
-13.6945207242
      20
-47.5312891555
      42
0
      10
-8.1928064244
      20
-46.2373171513
      42
0
      10
-7.717764364
      20
-46.1509570754
      42
0
      10
-2.1126099615
      20
-45.4257614631
      42
0
      10
-1.631235452
      20
-45.3883796658
      42
0
      10
4.394573863
      20
-45.2296497735
      42
0
    1001
FS_CYPCUT
    1000
Channel
    1070
1
    1000
LeadIn
    1002
{
    1070
3
    1040
21.5
    1040
1.5707963267949
    1040
1
    1040
1
    1070
0
    1040
0.5
    1070
0
    1002
}
    1000
LeadOut
    1002
{
    1070
0
    1040
0
    1040
0
    1040
0
    1070
0
    1002
}
    1000
IsFill
    1070
1
    1000
PathStart
    1040
21.5
    1000
ToolCompensation
    1002
{
    1070
0
    1040
0
    1070
0
    1002
}
    1000
MicroConnect
    1002
{
    1070
2
    1040
21.1206168
    1041
0.5
    1042
0
    1040
43.1686057
    1041
0.5
    1042
0
    1002
}
       0
ENDBLK
       5
20C5
     330
2010
     100
AcDbEntity
       8
0
     100
AcDbBlockEnd
       0
BLOCK
       5
20C6
     330
2011
     100
AcDbEntity
       8
0
     100
AcDbBlockBegin
       2
Part1948975056
      70
0
      10
-105.231362
      20
-78.1484871
      30
0
       3
Part1948975056
       1

       4
CypCutBlock
       0
LINE
       5
20C7
     100
AcDbEntity
       8
2
     100
AcDbLine
      10
-98.9887527038
      20
-39.637465356
      30
0
      11
-47.6419607576
      21
-72.7178138553
      31
0
    1001
FS_CYPCUT
    1000
Channel
    1070
2
    1000
LeadIn
    1002
{
    1070
3
    1040
0
    1040
1.5707963267949
    1040
1
    1040
1
    1070
0
    1040
0.5
    1070
0
    1002
}
    1000
LeadOut
    1002
{
    1070
0
    1040
0
    1040
0
    1040
0
    1070
0
    1002
}
    1000
IsFill
    1070
0
    1000
PathStart
    1040
0
    1000
ToolCompensation
    1002
{
    1070
0
    1040
0
    1070
0
    1002
}
       0
LINE
       5
20C8
     100
AcDbEntity
       8
2
     100
AcDbLine
      10
-44.0604845476
      20
-67.7379445263
      30
0
      11
-91.7594622122
      21
-29.5854868105
      31
0
    1001
FS_CYPCUT
    1000
Channel
    1070
2
    1000
LeadIn
    1002
{
    1070
3
    1040
0
    1040
1.5707963267949
    1040
1
    1040
1
    1070
0
    1040
0.5
    1070
0
    1002
}
    1000
LeadOut
    1002
{
    1070
0
    1040
0
    1040
0
    1040
0
    1070
0
    1002
}
    1000
IsFill
    1070
0
    1000
PathStart
    1040
0
    1000
ToolCompensation
    1002
{
    1070
0
    1040
0
    1070
0
    1002
}
       0
LINE
       5
20C9
     100
AcDbEntity
       8
2
     100
AcDbLine
      10
-83.541161703
      20
-20.3245737096
      30
0
      11
-39.989041052
      21
-63.1499783989
      31
0
    1001
FS_CYPCUT
    1000
Channel
    1070
2
    1000
LeadIn
    1002
{
    1070
3
    1040
0
    1040
1.5707963267949
    1040
1
    1040
1
    1070
0
    1040
0.5
    1070
0
    1002
}
    1000
LeadOut
    1002
{
    1070
0
    1040
0
    1040
0
    1040
0
    1070
0
    1002
}
    1000
IsFill
    1070
0
    1000
PathStart
    1040
0
    1000
ToolCompensation
    1002
{
    1070
0
    1040
0
    1070
0
    1002
}
       0
LINE
       5
20CA
     100
AcDbEntity
       8
2
     100
AcDbLine
      10
-35.4702263774
      20
-59.0019161979
      30
0
      11
-74.4198323764
      21
-11.9516165971
      31
0
    1001
FS_CYPCUT
    1000
Channel
    1070
2
    1000
LeadIn
    1002
{
    1070
3
    1040
0
    1040
1.5707963267949
    1040
1
    1040
1
    1070
0
    1040
0.5
    1070
0
    1002
}
    1000
LeadOut
    1002
{
    1070
0
    1040
0
    1040
0
    1040
0
    1070
0
    1002
}
    1000
IsFill
    1070
0
    1000
PathStart
    1040
0
    1000
ToolCompensation
    1002
{
    1070
0
    1040
0
    1070
0
    1002
}
       0
LINE
       5
20CB
     100
AcDbEntity
       8
2
     100
AcDbLine
      10
-64.4909025844
      20
-4.5542160174
      30
0
      11
-30.5513168629
      21
-55.3371562735
      31
0
    1001
FS_CYPCUT
    1000
Channel
    1070
2
    1000
LeadIn
    1002
{
    1070
3
    1040
0
    1040
1.5707963267949
    1040
1
    1040
1
    1070
0
    1040
0.5
    1070
0
    1002
}
    1000
LeadOut
    1002
{
    1070
0
    1040
0
    1040
0
    1040
0
    1070
0
    1002
}
    1000
IsFill
    1070
0
    1000
PathStart
    1040
0
    1000
ToolCompensation
    1002
{
    1070
0
    1040
0
    1070
0
    1002
}
       0
LINE
       5
20CC
     100
AcDbEntity
       8
2
     100
AcDbLine
      10
-25.2837742067
      20
-52.194040581
      30
0
      11
-53.8582489171
      21
1.7902339351
      31
0
    1001
FS_CYPCUT
    1000
Channel
    1070
2
    1000
LeadIn
    1002
{
    1070
3
    1040
0
    1040
1.5707963267949
    1040
1
    1040
1
    1070
0
    1040
0.5
    1070
0
    1002
}
    1000
LeadOut
    1002
{
    1070
0
    1040
0
    1040
0
    1040
0
    1070
0
    1002
}
    1000
IsFill
    1070
0
    1000
PathStart
    1040
0
    1000
ToolCompensation
    1002
{
    1070
0
    1040
0
    1070
0
    1002
}
       0
LINE
       5
20CD
     100
AcDbEntity
       8
2
     100
AcDbLine
      10
-42.6331073284
      20
7.0153559319
      30
0
      11
-19.7227055611
      21
-49.6054528831
      31
0
    1001
FS_CYPCUT
    1000
Channel
    1070
2
    1000
LeadIn
    1002
{
    1070
3
    1040
0
    1040
1.5707963267949
    1040
1
    1040
1
    1070
0
    1040
0.5
    1070
0
    1002
}
    1000
LeadOut
    1002
{
    1070
0
    1040
0
    1040
0
    1040
0
    1070
0
    1002
}
    1000
IsFill
    1070
0
    1000
PathStart
    1040
0
    1000
ToolCompensation
    1002
{
    1070
0
    1040
0
    1070
0
    1002
}
       0
LINE
       5
20CE
     100
AcDbEntity
       8
2
     100
AcDbLine
      10
-13.9263858984
      20
-47.5985057513
      30
0
      11
-30.9331035705
      21
11.0664246077
      31
0
    1001
FS_CYPCUT
    1000
Channel
    1070
2
    1000
LeadIn
    1002
{
    1070
3
    1040
0
    1040
1.5707963267949
    1040
1
    1040
1
    1070
0
    1040
0.5
    1070
0
    1002
}
    1000
LeadOut
    1002
{
    1070
0
    1040
0
    1040
0
    1040
0
    1070
0
    1002
}
    1000
IsFill
    1070
0
    1000
PathStart
    1040
0
    1000
ToolCompensation
    1002
{
    1070
0
    1040
0
    1070
0
    1002
}
       0
LINE
       5
20CF
     100
AcDbEntity
       8
2
     100
AcDbLine
      10
-18.8803031839
      20
13.9011745698
      30
0
      11
-7.9552853942
      21
-46.1941371133
      31
0
    1001
FS_CYPCUT
    1000
Channel
    1070
2
    1000
LeadIn
    1002
{
    1070
3
    1040
0
    1040
1.5707963267949
    1040
1
    1040
1
    1070
0
    1040
0.5
    1070
0
    1002
}
    1000
LeadOut
    1002
{
    1070
0
    1040
0
    1040
0
    1040
0
    1070
0
    1002
}
    1000
IsFill
    1070
0
    1000
PathStart
    1040
0
    1000
ToolCompensation
    1002
{
    1070
0
    1040
0
    1070
0
    1002
}
       0
LINE
       5
20D0
     100
AcDbEntity
       8
2
     100
AcDbLine
      10
-1.8719227068
      20
-45.4070705645
      30
0
      11
-6.6009004109
      21
15.4898855982
      31
0
    1001
FS_CYPCUT
    1000
Channel
    1070
2
    1000
LeadIn
    1002
{
    1070
3
    1040
0
    1040
1.5707963267949
    1040
1
    1040
1
    1070
0
    1040
0.5
    1070
0
    1002
}
    1000
LeadOut
    1002
{
    1070
0
    1040
0
    1040
0
    1040
0
    1070
0
    1002
}
    1000
IsFill
    1070
0
    1000
PathStart
    1040
0
    1000
ToolCompensation
    1002
{
    1070
0
    1040
0
    1070
0
    1002
}
       0
LWPOLYLINE
       5
20D1
     100
AcDbEntity
       8
1
     100
AcDbPolyline
      90
44
      70
1
      10
5.910962724
      20
15.8318197864
      42
0
      10
-6.3602131561
      20
15.5085764968
      42
0
      10
-6.8415876656
      20
15.4711946995
      42
0
      10
-18.6427821537
      20
13.9443546078
      42
0
      10
-19.1178242141
      20
13.8579945319
      42
0
      10
-30.7012383964
      20
11.1336412035
      42
0
      10
-31.1649687447
      20
10.9992080119
      42
0
      10
-42.4093213986
      20
7.1059062807
      42
0
      10
-42.8568932582
      20
6.9248055831
      42
0
      10
-53.6448820399
      20
1.9031713766
      42
0
      10
-54.0716157943
      20
1.6772964936
      42
0
      10
-64.2901887913
      20
-4.4200736737
      42
0
      10
-64.6916163775
      20
-4.6883583612
      42
0
      10
-74.2338715163
      20
-11.7976727953
      42
0
      10
-74.6057932365
      20
-12.1055603989
      42
0
      10
-83.371899309
      20
-20.1524390597
      42
0
      10
-83.7104240971
      20
-20.4967083595
      42
0
      10
-91.60866913
      20
-29.396962239
      42
0
      10
-91.9102552944
      20
-29.7740113821
      42
0
      10
-98.8580065571
      20
-39.4345232647
      42
0
      10
-99.1194988505
      20
-39.8404074472
      42
0
      10
-105.2313618012
      20
-50.4863441046
      42
0
      10
-50.7739624425
      20
-78.1484870999
      42
0
      10
-47.7727069043
      20
-72.9207559465
      42
0
      10
-47.5112146109
      20
-72.514871764
      42
0
      10
-44.2112776299
      20
-67.9264690978
      42
0
      10
-43.9096914654
      20
-67.5494199548
      42
0
      10
-40.158303446
      20
-63.3221130488
      42
0
      10
-39.8197786579
      20
-62.977843749
      42
0
      10
-35.6561872375
      20
-59.1558599997
      42
0
      10
-35.2842655174
      20
-58.8479723961
      42
0
      10
-30.752030656
      20
-55.4712986172
      42
0
      10
-30.3506030698
      20
-55.2030139298
      42
0
      10
-25.4971410839
      20
-52.3069780225
      42
0
      10
-25.0704073295
      20
-52.0811031395
      42
0
      10
-19.946491491
      20
-49.6960032319
      42
0
      10
-19.4989196313
      20
-49.5149025343
      42
0
      10
-14.1582510725
      20
-47.665722347
      42
0
      10
-13.6945207242
      20
-47.5312891555
      42
0
      10
-8.1928064244
      20
-46.2373171513
      42
0
      10
-7.717764364
      20
-46.1509570754
      42
0
      10
-2.1126099615
      20
-45.4257614631
      42
0
      10
-1.631235452
      20
-45.3883796658
      42
0
      10
4.394573863
      20
-45.2296497735
      42
0
    1001
FS_CYPCUT
    1000
Channel
    1070
1
    1000
LeadIn
    1002
{
    1070
3
    1040
21.5
    1040
1.5707963267949
    1040
1
    1040
1
    1070
0
    1040
0.5
    1070
0
    1002
}
    1000
LeadOut
    1002
{
    1070
0
    1040
0
    1040
0
    1040
0
    1070
0
    1002
}
    1000
IsFill
    1070
1
    1000
PathStart
    1040
21.5
    1000
ToolCompensation
    1002
{
    1070
0
    1040
0
    1070
0
    1002
}
    1000
MicroConnect
    1002
{
    1070
2
    1040
21.1206168
    1041
0.5
    1042
0
    1040
43.1686057
    1041
0.5
    1042
0
    1002
}
       0
ENDBLK
       5
20D2
     330
2011
     100
AcDbEntity
       8
0
     100
AcDbBlockEnd
       0
BLOCK
       5
20D3
     330
2012
     100
AcDbEntity
       8
0
     100
AcDbBlockBegin
       2
Part160180421
      70
0
      10
-172.5
      20
-67.5
      30
0
       3
Part160180421
       1

       4
CypCutBlock
       0
LWPOLYLINE
       5
20D4
     100
AcDbEntity
       8
1
     100
AcDbPolyline
      90
4
      70
1
      10
-146.5
      20
-31.5
      42
0
      10
-153.5
      20
-31.5
      42
0
      10
-153.5
      20
-38.5
      42
0
      10
-146.5
      20
-38.5
      42
0
    1001
FS_CYPCUT
    1000
Channel
    1070
1
    1000
LeadIn
    1002
{
    1070
3
    1040
0.5
    1040
1.5707963267949
    1040
1
    1040
1
    1070
0
    1040
0.5
    1070
0
    1002
}
    1000
LeadOut
    1002
{
    1070
0
    1040
0
    1040
0
    1040
0
    1070
0
    1002
}
    1000
IsFill
    1070
0
    1000
PathStart
    1040
0.5
    1000
ToolCompensation
    1002
{
    1070
0
    1040
0
    1070
0
    1002
}
       0
LWPOLYLINE
       5
20D5
     100
AcDbEntity
       8
1
     100
AcDbPolyline
      90
4
      70
1
      10
-146.5
      20
38.5
      42
0
      10
-146.5
      20
31.5
      42
0
      10
-153.5
      20
31.5
      42
0
      10
-153.5
      20
38.5
      42
0
    1001
FS_CYPCUT
    1000
Channel
    1070
1
    1000
LeadIn
    1002
{
    1070
3
    1040
0.5
    1040
1.5707963267949
    1040
1
    1040
1
    1070
0
    1040
0.5
    1070
0
    1002
}
    1000
LeadOut
    1002
{
    1070
0
    1040
0
    1040
0
    1040
0
    1070
0
    1002
}
    1000
IsFill
    1070
0
    1000
PathStart
    1040
0.5
    1000
ToolCompensation
    1002
{
    1070
0
    1040
0
    1070
0
    1002
}
       0
LWPOLYLINE
       5
20D6
     100
AcDbEntity
       8
1
     100
AcDbPolyline
      90
4
      70
1
      10
153.5
      20
38.5
      42
0
      10
146.5
      20
38.5
      42
0
      10
146.5
      20
31.5
      42
0
      10
153.5
      20
31.5
      42
0
    1001
FS_CYPCUT
    1000
Channel
    1070
1
    1000
LeadIn
    1002
{
    1070
3
    1040
0.5
    1040
1.5707963267949
    1040
1
    1040
1
    1070
0
    1040
0.5
    1070
0
    1002
}
    1000
LeadOut
    1002
{
    1070
0
    1040
0
    1040
0
    1040
0
    1070
0
    1002
}
    1000
IsFill
    1070
0
    1000
PathStart
    1040
0.5
    1000
ToolCompensation
    1002
{
    1070
0
    1040
0
    1070
0
    1002
}
       0
LWPOLYLINE
       5
20D7
     100
AcDbEntity
       8
1
     100
AcDbPolyline
      90
4
      70
1
      10
153.5
      20
-31.5
      42
0
      10
153.5
      20
-38.5
      42
0
      10
146.5
      20
-38.5
      42
0
      10
146.5
      20
-31.5
      42
0
    1001
FS_CYPCUT
    1000
Channel
    1070
1
    1000
LeadIn
    1002
{
    1070
3
    1040
0.5
    1040
1.5707963267949
    1040
1
    1040
1
    1070
0
    1040
0.5
    1070
0
    1002
}
    1000
LeadOut
    1002
{
    1070
0
    1040
0
    1040
0
    1040
0
    1070
0
    1002
}
    1000
IsFill
    1070
0
    1000
PathStart
    1040
0.5
    1000
ToolCompensation
    1002
{
    1070
0
    1040
0
    1070
0
    1002
}
       0
LWPOLYLINE
       5
20D8
     100
AcDbEntity
       8
1
     100
AcDbPolyline
      90
8
      70
1
      10
172.5
      20
52.5
      42
0.414213562373094
      10
157.5
      20
67.5000000000001
      42
0
      10
-157.5
      20
67.5
      42
0.414213562373095
      10
-172.5
      20
52.5
      42
0
      10
-172.5
      20
-52.5
      42
0.414213562373097
      10
-157.5
      20
-67.5
      42
0
      10
157.5
      20
-67.5000000000001
      42
0.414213562373096
      10
172.5
      20
-52.5
      42
0
    1001
FS_CYPCUT
    1000
Channel
    1070
1
    1000
LeadIn
    1002
{
    1070
3
    1040
1.5
    1040
1.5707963267949
    1040
1
    1040
1
    1070
0
    1040
0.5
    1070
0
    1002
}
    1000
LeadOut
    1002
{
    1070
0
    1040
0
    1040
0
    1040
0
    1070
0
    1002
}
    1000
IsFill
    1070
1
    1000
PathStart
    1040
1.5
    1000
ToolCompensation
    1002
{
    1070
0
    1040
0
    1070
0
    1002
}
    1000
MicroConnect
    1002
{
    1070
2
    1040
1.72291488
    1041
0.5
    1042
0
    1040
5.79734145
    1041
0.5
    1042
0
    1002
}
       0
ENDBLK
       5
20D9
     330
2012
     100
AcDbEntity
       8
0
     100
AcDbBlockEnd
       0
BLOCK
       5
20DA
     330
2013
     100
AcDbEntity
       8
0
     100
AcDbBlockBegin
       2
Part770793142
      70
0
      10
-12.5
      20
-47.2431414
      30
0
       3
Part770793142
       1

       4
CypCutBlock
       0
LWPOLYLINE
       5
20DB
     100
AcDbEntity
       8
1
     100
AcDbPolyline
      90
4
      70
1
      10
3.75
      20
-31.7431413515
      42
1
      10
-3.75
      20
-31.7431413515
      42
0
      10
-3.75
      20
-36.7431413515
      42
1
      10
3.75
      20
-36.7431413515
      42
0
    1001
FS_CYPCUT
    1000
Channel
    1070
1
    1000
LeadIn
    1002
{
    1070
3
    1040
0.5
    1040
1.5707963267949
    1040
1
    1040
1
    1070
0
    1040
0.5
    1070
0
    1002
}
    1000
LeadOut
    1002
{
    1070
0
    1040
0
    1040
0
    1040
0
    1070
0
    1002
}
    1000
IsFill
    1070
0
    1000
PathStart
    1040
0.5
    1000
ToolCompensation
    1002
{
    1070
0
    1040
0
    1070
0
    1002
}
       0
LWPOLYLINE
       5
20DC
     100
AcDbEntity
       8
1
     100
AcDbPolyline
      90
4
      70
1
      10
3.75
      20
-11.7431413515
      42
0
      10
3.75
      20
-16.7431413515
      42
-1
      10
-3.75
      20
-16.7431413515
      42
0
      10
-3.75
      20
-11.7431413515
      42
-1
    1001
FS_CYPCUT
    1000
Channel
    1070
1
    1000
LeadIn
    1002
{
    1070
3
    1040
1.5
    1040
1.5707963267949
    1040
1
    1040
1
    1070
0
    1040
0.5
    1070
0
    1002
}
    1000
LeadOut
    1002
{
    1070
0
    1040
0
    1040
0
    1040
0
    1070
0
    1002
}
    1000
IsFill
    1070
0
    1000
PathStart
    1040
1.5
    1000
ToolCompensation
    1002
{
    1070
0
    1040
0
    1070
0
    1002
}
       0
LINE
       5
20DD
     100
AcDbEntity
       8
2
     100
AcDbLine
      10
12.5
      20
1.3784293243
      30
0
      11
-12.5
      21
1.3784293243
      31
0
    1001
FS_CYPCUT
    1000
Channel
    1070
2
    1000
LeadIn
    1002
{
    1070
3
    1040
0
    1040
1.5707963267949
    1040
1
    1040
1
    1070
0
    1040
0.5
    1070
0
    1002
}
    1000
LeadOut
    1002
{
    1070
0
    1040
0
    1040
0
    1040
0
    1070
0
    1002
}
    1000
IsFill
    1070
0
    1000
PathStart
    1040
0
    1000
ToolCompensation
    1002
{
    1070
0
    1040
0
    1070
0
    1002
}
       0
LWPOLYLINE
       5
20DE
     100
AcDbEntity
       8
1
     100
AcDbPolyline
      90
8
      70
1
      10
12.5
      20
20
      42
0
      10
12.5
      20
-42.2431413515
      42
-0.414213562373096
      10
7.5
      20
-47.2431413515
      42
0
      10
-7.5
      20
-47.2431413515
      42
-0.414213562373095
      10
-12.5
      20
-42.2431413515
      42
0
      10
-12.5
      20
20
      42
-0.414213562373095
      10
-7.5
      20
25
      42
0
      10
7.5
      20
25
      42
-0.414213562373096
    1001
FS_CYPCUT
    1000
Channel
    1070
1
    1000
LeadIn
    1002
{
    1070
3
    1040
0.5
    1040
1.5707963267949
    1040
1
    1040
1
    1070
0
    1040
0.5
    1070
0
    1002
}
    1000
LeadOut
    1002
{
    1070
0
    1040
0
    1040
0
    1040
0
    1070
0
    1002
}
    1000
IsFill
    1070
1
    1000
PathStart
    1040
0.5
    1000
ToolCompensation
    1002
{
    1070
0
    1040
0
    1070
0
    1002
}
    1000
MicroConnect
    1002
{
    1070
1
    1040
4.53208776
    1041
0.5
    1042
0
    1002
}
       0
ENDBLK
       5
20DF
     330
2013
     100
AcDbEntity
       8
0
     100
AcDbBlockEnd
       0
BLOCK
       5
20E0
     330
2014
     100
AcDbEntity
       8
0
     100
AcDbBlockBegin
       2
Part2068514071
      70
0
      10
-105.231362
      20
-78.1484871
      30
0
       3
Part2068514071
       1

       4
CypCutBlock
       0
LINE
       5
20E1
     100
AcDbEntity
       8
2
     100
AcDbLine
      10
-98.9887527038
      20
-39.637465356
      30
0
      11
-47.6419607576
      21
-72.7178138553
      31
0
    1001
FS_CYPCUT
    1000
Channel
    1070
2
    1000
LeadIn
    1002
{
    1070
3
    1040
0
    1040
1.5707963267949
    1040
1
    1040
1
    1070
0
    1040
0.5
    1070
0
    1002
}
    1000
LeadOut
    1002
{
    1070
0
    1040
0
    1040
0
    1040
0
    1070
0
    1002
}
    1000
IsFill
    1070
0
    1000
PathStart
    1040
0
    1000
ToolCompensation
    1002
{
    1070
0
    1040
0
    1070
0
    1002
}
       0
LINE
       5
20E2
     100
AcDbEntity
       8
2
     100
AcDbLine
      10
-44.0604845476
      20
-67.7379445263
      30
0
      11
-91.7594622122
      21
-29.5854868105
      31
0
    1001
FS_CYPCUT
    1000
Channel
    1070
2
    1000
LeadIn
    1002
{
    1070
3
    1040
0
    1040
1.5707963267949
    1040
1
    1040
1
    1070
0
    1040
0.5
    1070
0
    1002
}
    1000
LeadOut
    1002
{
    1070
0
    1040
0
    1040
0
    1040
0
    1070
0
    1002
}
    1000
IsFill
    1070
0
    1000
PathStart
    1040
0
    1000
ToolCompensation
    1002
{
    1070
0
    1040
0
    1070
0
    1002
}
       0
LINE
       5
20E3
     100
AcDbEntity
       8
2
     100
AcDbLine
      10
-83.541161703
      20
-20.3245737096
      30
0
      11
-39.989041052
      21
-63.1499783989
      31
0
    1001
FS_CYPCUT
    1000
Channel
    1070
2
    1000
LeadIn
    1002
{
    1070
3
    1040
0
    1040
1.5707963267949
    1040
1
    1040
1
    1070
0
    1040
0.5
    1070
0
    1002
}
    1000
LeadOut
    1002
{
    1070
0
    1040
0
    1040
0
    1040
0
    1070
0
    1002
}
    1000
IsFill
    1070
0
    1000
PathStart
    1040
0
    1000
ToolCompensation
    1002
{
    1070
0
    1040
0
    1070
0
    1002
}
       0
LINE
       5
20E4
     100
AcDbEntity
       8
2
     100
AcDbLine
      10
-35.4702263774
      20
-59.0019161979
      30
0
      11
-74.4198323764
      21
-11.9516165971
      31
0
    1001
FS_CYPCUT
    1000
Channel
    1070
2
    1000
LeadIn
    1002
{
    1070
3
    1040
0
    1040
1.5707963267949
    1040
1
    1040
1
    1070
0
    1040
0.5
    1070
0
    1002
}
    1000
LeadOut
    1002
{
    1070
0
    1040
0
    1040
0
    1040
0
    1070
0
    1002
}
    1000
IsFill
    1070
0
    1000
PathStart
    1040
0
    1000
ToolCompensation
    1002
{
    1070
0
    1040
0
    1070
0
    1002
}
       0
LINE
       5
20E5
     100
AcDbEntity
       8
2
     100
AcDbLine
      10
-64.4909025844
      20
-4.5542160174
      30
0
      11
-30.5513168629
      21
-55.3371562735
      31
0
    1001
FS_CYPCUT
    1000
Channel
    1070
2
    1000
LeadIn
    1002
{
    1070
3
    1040
0
    1040
1.5707963267949
    1040
1
    1040
1
    1070
0
    1040
0.5
    1070
0
    1002
}
    1000
LeadOut
    1002
{
    1070
0
    1040
0
    1040
0
    1040
0
    1070
0
    1002
}
    1000
IsFill
    1070
0
    1000
PathStart
    1040
0
    1000
ToolCompensation
    1002
{
    1070
0
    1040
0
    1070
0
    1002
}
       0
LINE
       5
20E6
     100
AcDbEntity
       8
2
     100
AcDbLine
      10
-25.2837742067
      20
-52.194040581
      30
0
      11
-53.8582489171
      21
1.7902339351
      31
0
    1001
FS_CYPCUT
    1000
Channel
    1070
2
    1000
LeadIn
    1002
{
    1070
3
    1040
0
    1040
1.5707963267949
    1040
1
    1040
1
    1070
0
    1040
0.5
    1070
0
    1002
}
    1000
LeadOut
    1002
{
    1070
0
    1040
0
    1040
0
    1040
0
    1070
0
    1002
}
    1000
IsFill
    1070
0
    1000
PathStart
    1040
0
    1000
ToolCompensation
    1002
{
    1070
0
    1040
0
    1070
0
    1002
}
       0
LINE
       5
20E7
     100
AcDbEntity
       8
2
     100
AcDbLine
      10
-42.6331073284
      20
7.0153559319
      30
0
      11
-19.7227055611
      21
-49.6054528831
      31
0
    1001
FS_CYPCUT
    1000
Channel
    1070
2
    1000
LeadIn
    1002
{
    1070
3
    1040
0
    1040
1.5707963267949
    1040
1
    1040
1
    1070
0
    1040
0.5
    1070
0
    1002
}
    1000
LeadOut
    1002
{
    1070
0
    1040
0
    1040
0
    1040
0
    1070
0
    1002
}
    1000
IsFill
    1070
0
    1000
PathStart
    1040
0
    1000
ToolCompensation
    1002
{
    1070
0
    1040
0
    1070
0
    1002
}
       0
LINE
       5
20E8
     100
AcDbEntity
       8
2
     100
AcDbLine
      10
-13.9263858984
      20
-47.5985057513
      30
0
      11
-30.9331035705
      21
11.0664246077
      31
0
    1001
FS_CYPCUT
    1000
Channel
    1070
2
    1000
LeadIn
    1002
{
    1070
3
    1040
0
    1040
1.5707963267949
    1040
1
    1040
1
    1070
0
    1040
0.5
    1070
0
    1002
}
    1000
LeadOut
    1002
{
    1070
0
    1040
0
    1040
0
    1040
0
    1070
0
    1002
}
    1000
IsFill
    1070
0
    1000
PathStart
    1040
0
    1000
ToolCompensation
    1002
{
    1070
0
    1040
0
    1070
0
    1002
}
       0
LINE
       5
20E9
     100
AcDbEntity
       8
2
     100
AcDbLine
      10
-18.8803031839
      20
13.9011745698
      30
0
      11
-7.9552853942
      21
-46.1941371133
      31
0
    1001
FS_CYPCUT
    1000
Channel
    1070
2
    1000
LeadIn
    1002
{
    1070
3
    1040
0
    1040
1.5707963267949
    1040
1
    1040
1
    1070
0
    1040
0.5
    1070
0
    1002
}
    1000
LeadOut
    1002
{
    1070
0
    1040
0
    1040
0
    1040
0
    1070
0
    1002
}
    1000
IsFill
    1070
0
    1000
PathStart
    1040
0
    1000
ToolCompensation
    1002
{
    1070
0
    1040
0
    1070
0
    1002
}
       0
LINE
       5
20EA
     100
AcDbEntity
       8
2
     100
AcDbLine
      10
-1.8719227068
      20
-45.4070705645
      30
0
      11
-6.6009004109
      21
15.4898855982
      31
0
    1001
FS_CYPCUT
    1000
Channel
    1070
2
    1000
LeadIn
    1002
{
    1070
3
    1040
0
    1040
1.5707963267949
    1040
1
    1040
1
    1070
0
    1040
0.5
    1070
0
    1002
}
    1000
LeadOut
    1002
{
    1070
0
    1040
0
    1040
0
    1040
0
    1070
0
    1002
}
    1000
IsFill
    1070
0
    1000
PathStart
    1040
0
    1000
ToolCompensation
    1002
{
    1070
0
    1040
0
    1070
0
    1002
}
       0
LWPOLYLINE
       5
20EB
     100
AcDbEntity
       8
1
     100
AcDbPolyline
      90
44
      70
1
      10
5.910962724
      20
15.8318197864
      42
0
      10
-6.3602131561
      20
15.5085764968
      42
0
      10
-6.8415876656
      20
15.4711946995
      42
0
      10
-18.6427821537
      20
13.9443546078
      42
0
      10
-19.1178242141
      20
13.8579945319
      42
0
      10
-30.7012383964
      20
11.1336412035
      42
0
      10
-31.1649687447
      20
10.9992080119
      42
0
      10
-42.4093213986
      20
7.1059062807
      42
0
      10
-42.8568932582
      20
6.9248055831
      42
0
      10
-53.6448820399
      20
1.9031713766
      42
0
      10
-54.0716157943
      20
1.6772964936
      42
0
      10
-64.2901887913
      20
-4.4200736737
      42
0
      10
-64.6916163775
      20
-4.6883583612
      42
0
      10
-74.2338715163
      20
-11.7976727953
      42
0
      10
-74.6057932365
      20
-12.1055603989
      42
0
      10
-83.371899309
      20
-20.1524390597
      42
0
      10
-83.7104240971
      20
-20.4967083595
      42
0
      10
-91.60866913
      20
-29.396962239
      42
0
      10
-91.9102552944
      20
-29.7740113821
      42
0
      10
-98.8580065571
      20
-39.4345232647
      42
0
      10
-99.1194988505
      20
-39.8404074472
      42
0
      10
-105.2313618012
      20
-50.4863441046
      42
0
      10
-50.7739624425
      20
-78.1484870999
      42
0
      10
-47.7727069043
      20
-72.9207559465
      42
0
      10
-47.5112146109
      20
-72.514871764
      42
0
      10
-44.2112776299
      20
-67.9264690978
      42
0
      10
-43.9096914654
      20
-67.5494199548
      42
0
      10
-40.158303446
      20
-63.3221130488
      42
0
      10
-39.8197786579
      20
-62.977843749
      42
0
      10
-35.6561872375
      20
-59.1558599997
      42
0
      10
-35.2842655174
      20
-58.8479723961
      42
0
      10
-30.752030656
      20
-55.4712986172
      42
0
      10
-30.3506030698
      20
-55.2030139298
      42
0
      10
-25.4971410839
      20
-52.3069780225
      42
0
      10
-25.0704073295
      20
-52.0811031395
      42
0
      10
-19.946491491
      20
-49.6960032319
      42
0
      10
-19.4989196313
      20
-49.5149025343
      42
0
      10
-14.1582510725
      20
-47.665722347
      42
0
      10
-13.6945207242
      20
-47.5312891555
      42
0
      10
-8.1928064244
      20
-46.2373171513
      42
0
      10
-7.717764364
      20
-46.1509570754
      42
0
      10
-2.1126099615
      20
-45.4257614631
      42
0
      10
-1.631235452
      20
-45.3883796658
      42
0
      10
4.394573863
      20
-45.2296497735
      42
0
    1001
FS_CYPCUT
    1000
Channel
    1070
1
    1000
LeadIn
    1002
{
    1070
3
    1040
21.5
    1040
1.5707963267949
    1040
1
    1040
1
    1070
0
    1040
0.5
    1070
0
    1002
}
    1000
LeadOut
    1002
{
    1070
0
    1040
0
    1040
0
    1040
0
    1070
0
    1002
}
    1000
IsFill
    1070
1
    1000
PathStart
    1040
21.5
    1000
ToolCompensation
    1002
{
    1070
0
    1040
0
    1070
0
    1002
}
    1000
MicroConnect
    1002
{
    1070
2
    1040
21.1206168
    1041
0.5
    1042
0
    1040
43.1686057
    1041
0.5
    1042
0
    1002
}
       0
ENDBLK
       5
20EC
     330
2014
     100
AcDbEntity
       8
0
     100
AcDbBlockEnd
       0
BLOCK
       5
20ED
     330
2015
     100
AcDbEntity
       8
0
     100
AcDbBlockBegin
       2
Part1818492252
      70
0
      10
-10.3662557
      20
-21.0906849
      30
0
       3
Part1818492252
       1

       4
CypCutBlock
       0
LINE
       5
20EE
     100
AcDbEntity
       8
2
     100
AcDbLine
      10
-3.3459445685
      20
10.653221036
      30
0
      11
27.2242496211
      21
-19.9429276376
      31
0
    1001
FS_CYPCUT
    1000
Channel
    1070
2
    1000
LeadIn
    1002
{
    1070
3
    1040
0
    1040
1.5707963267949
    1040
1
    1040
1
    1070
0
    1040
0.5
    1070
0
    1002
}
    1000
LeadOut
    1002
{
    1070
0
    1040
0
    1040
0
    1040
0
    1070
0
    1002
}
    1000
IsFill
    1070
0
    1000
PathStart
    1040
0
    1000
ToolCompensation
    1002
{
    1070
0
    1040
0
    1070
0
    1002
}
       0
LINE
       5
20EF
     100
AcDbEntity
       8
2
     100
AcDbLine
      10
29.8263847699
      20
-18.1911002234
      30
0
      11
4.2599626
      21
15.8547714176
      31
0
    1001
FS_CYPCUT
    1000
Channel
    1070
2
    1000
LeadIn
    1002
{
    1070
3
    1040
0
    1040
1.5707963267949
    1040
1
    1040
1
    1070
0
    1040
0.5
    1070
0
    1002
}
    1000
LeadOut
    1002
{
    1070
0
    1040
0
    1040
0
    1040
0
    1070
0
    1002
}
    1000
IsFill
    1070
0
    1000
PathStart
    1040
0
    1000
ToolCompensation
    1002
{
    1070
0
    1040
0
    1070
0
    1002
}
       0
LINE
       5
20F0
     100
AcDbEntity
       8
2
     100
AcDbLine
      10
12.4033292721
      20
20.1589956075
      30
0
      11
32.6045581595
      21
-16.7422291053
      31
0
    1001
FS_CYPCUT
    1000
Channel
    1070
2
    1000
LeadIn
    1002
{
    1070
3
    1040
0
    1040
1.5707963267949
    1040
1
    1040
1
    1070
0
    1040
0.5
    1070
0
    1002
}
    1000
LeadOut
    1002
{
    1070
0
    1040
0
    1040
0
    1040
0
    1070
0
    1002
}
    1000
IsFill
    1070
0
    1000
PathStart
    1040
0
    1000
ToolCompensation
    1002
{
    1070
0
    1040
0
    1070
0
    1002
}
       0
LINE
       5
20F1
     100
AcDbEntity
       8
2
     100
AcDbLine
      10
35.5132918489
      20
-15.5832764815
      30
0
      11
20.9479187537
      21
23.5929200189
      31
0
    1001
FS_CYPCUT
    1000
Channel
    1070
2
    1000
LeadIn
    1002
{
    1070
3
    1040
0
    1040
1.5707963267949
    1040
1
    1040
1
    1070
0
    1040
0.5
    1070
0
    1002
}
    1000
LeadOut
    1002
{
    1070
0
    1040
0
    1040
0
    1040
0
    1070
0
    1002
}
    1000
IsFill
    1070
0
    1000
PathStart
    1040
0
    1000
ToolCompensation
    1002
{
    1070
0
    1040
0
    1070
0
    1002
}
       0
LINE
       5
20F2
     100
AcDbEntity
       8
2
     100
AcDbLine
      10
29.789265835
      20
26.165797997
      30
0
      11
38.5190123051
      21
-14.7085961752
      31
0
    1001
FS_CYPCUT
    1000
Channel
    1070
2
    1000
LeadIn
    1002
{
    1070
3
    1040
0
    1040
1.5707963267949
    1040
1
    1040
1
    1070
0
    1040
0.5
    1070
0
    1002
}
    1000
LeadOut
    1002
{
    1070
0
    1040
0
    1040
0
    1040
0
    1070
0
    1002
}
    1000
IsFill
    1070
0
    1000
PathStart
    1040
0
    1000
ToolCompensation
    1002
{
    1070
0
    1040
0
    1070
0
    1002
}
       0
LINE
       5
20F3
     100
AcDbEntity
       8
2
     100
AcDbLine
      10
41.5954279609
      20
-14.1258401297
      30
0
      11
38.8422221116
      21
27.8528480485
      31
0
    1001
FS_CYPCUT
    1000
Channel
    1070
2
    1000
LeadIn
    1002
{
    1070
3
    1040
0
    1040
1.5707963267949
    1040
1
    1040
1
    1070
0
    1040
0.5
    1070
0
    1002
}
    1000
LeadOut
    1002
{
    1070
0
    1040
0
    1040
0
    1040
0
    1070
0
    1002
}
    1000
IsFill
    1070
0
    1000
PathStart
    1040
0
    1000
ToolCompensation
    1002
{
    1070
0
    1040
0
    1070
0
    1002
}
       0
LINE
       5
20F4
     100
AcDbEntity
       8
2
     100
AcDbLine
      10
48.0236120034
      20
28.5902029807
      30
0
      11
44.7172413015
      21
-13.8577894469
      31
0
    1001
FS_CYPCUT
    1000
Channel
    1070
2
    1000
LeadIn
    1002
{
    1070
3
    1040
0
    1040
1.5707963267949
    1040
1
    1040
1
    1070
0
    1040
0.5
    1070
0
    1002
}
    1000
LeadOut
    1002
{
    1070
0
    1040
0
    1040
0
    1040
0
    1070
0
    1002
}
    1000
IsFill
    1070
0
    1000
PathStart
    1040
0
    1000
ToolCompensation
    1002
{
    1070
0
    1040
0
    1070
0
    1002
}
       0
LINE
       5
20F5
     100
AcDbEntity
       8
2
     100
AcDbLine
      10
47.8530989306
      20
-13.9398534865
      30
0
      11
57.2330422969
      21
28.2819387709
      31
0
    1001
FS_CYPCUT
    1000
Channel
    1070
2
    1000
LeadIn
    1002
{
    1070
3
    1040
0
    1040
1.5707963267949
    1040
1
    1040
1
    1070
0
    1040
0.5
    1070
0
    1002
}
    1000
LeadOut
    1002
{
    1070
0
    1040
0
    1040
0
    1040
0
    1070
0
    1002
}
    1000
IsFill
    1070
0
    1000
PathStart
    1040
0
    1000
ToolCompensation
    1002
{
    1070
0
    1040
0
    1070
0
    1002
}
       0
LWPOLYLINE
       5
20F6
     100
AcDbEntity
       8
1
     100
AcDbPolyline
      90
38
      70
1
      10
26.97527744
      20
-20.1136136449
      42
0
      10
26.880021375445
      20
-20.1988555416934
      42
-0.358653773044966
      10
22.434923532
      20
-20.3823092594
      42
0
      10
-10.3662557134
      20
4.4230596568
      42
0
      10
-3.5949167496
      20
10.4825350287
      42
0
      10
-3.0969723874
      20
10.8239070433
      42
0
      10
3.9923622326
      20
15.7114679406
      42
0
      10
4.5275629674
      20
15.9980748946
      42
0
      10
12.1238214383
      20
20.0407996982
      42
0
      10
12.6828371058
      20
20.2771915168
      42
0
      10
20.6604326322
      20
23.4974308957
      42
0
      10
21.2354048751
      20
23.6884091422
      42
0
      10
29.495432256
      20
26.0921200317
      42
0
      10
30.083099414
      20
26.2394759622
      42
0
      10
38.5429364515
      20
27.8026122187
      42
0
      10
39.1415077716
      20
27.9030838783
      42
0
      10
47.7209004734
      20
28.5675437491
      42
0
      10
48.3263235335
      20
28.6128622123
      42
0
      10
56.9313629688
      20
28.2923817484
      42
0
      10
57.5347216251
      20
28.2714957933
      42
0
      10
66.4997981558
      20
26.7915216116
      42
0
      10
52.1302485546526
      20
-11.7407924881627
      42
-0.358654358832748
      10
48.2807895954
      20
-13.9710986874
      42
0
      10
48.1547782588
      20
-13.950296464
      42
0
      10
47.5514196025
      20
-13.9294105089
      42
0
      10
45.0199528316
      20
-13.8351302153
      42
0
      10
44.4145297714
      20
-13.8804486785
      42
0
      10
41.8947136209
      20
-14.0756042999
      42
0
      10
41.2961423008
      20
-14.1760759595
      42
0
      10
38.8128458841
      20
-14.6349182099
      42
0
      10
38.2251787261
      20
-14.7822741404
      42
0
      10
35.8007779704
      20
-15.4877873583
      42
0
      10
35.2258057275
      20
-15.6787656047
      42
0
      10
32.8840659933
      20
-16.624033196
      42
0
      10
32.3250503258
      20
-16.8604250146
      42
0
      10
30.0939851373
      20
-18.0477967464
      42
0
      10
29.5587844025
      20
-18.3344037004
      42
0
      10
27.4732218022
      20
-19.7722416303
      42
0
    1001
FS_CYPCUT
    1000
Channel
    1070
1
    1000
LeadIn
    1002
{
    1070
3
    1040
2.5
    1040
1.5707963267949
    1040
1
    1040
1
    1070
0
    1040
0.5
    1070
0
    1002
}
    1000
LeadOut
    1002
{
    1070
0
    1040
0
    1040
0
    1040
0
    1070
0
    1002
}
    1000
IsFill
    1070
1
    1000
PathStart
    1040
2.5
    1000
ToolCompensation
    1002
{
    1070
0
    1040
0
    1070
0
    1002
}
       0
ENDBLK
       5
20F7
     330
2015
     100
AcDbEntity
       8
0
     100
AcDbBlockEnd
       0
BLOCK
       5
20F8
     330
2016
     100
AcDbEntity
       8
0
     100
AcDbBlockBegin
       2
Part1862921080
      70
0
      10
-10.3662557
      20
-21.0906849
      30
0
       3
Part1862921080
       1

       4
CypCutBlock
       0
LINE
       5
20F9
     100
AcDbEntity
       8
2
     100
AcDbLine
      10
-3.3459445685
      20
10.653221036
      30
0
      11
27.2242496211
      21
-19.9429276376
      31
0
    1001
FS_CYPCUT
    1000
Channel
    1070
2
    1000
LeadIn
    1002
{
    1070
3
    1040
0
    1040
1.5707963267949
    1040
1
    1040
1
    1070
0
    1040
0.5
    1070
0
    1002
}
    1000
LeadOut
    1002
{
    1070
0
    1040
0
    1040
0
    1040
0
    1070
0
    1002
}
    1000
IsFill
    1070
0
    1000
PathStart
    1040
0
    1000
ToolCompensation
    1002
{
    1070
0
    1040
0
    1070
0
    1002
}
       0
LINE
       5
20FA
     100
AcDbEntity
       8
2
     100
AcDbLine
      10
29.8263847699
      20
-18.1911002234
      30
0
      11
4.2599626
      21
15.8547714176
      31
0
    1001
FS_CYPCUT
    1000
Channel
    1070
2
    1000
LeadIn
    1002
{
    1070
3
    1040
0
    1040
1.5707963267949
    1040
1
    1040
1
    1070
0
    1040
0.5
    1070
0
    1002
}
    1000
LeadOut
    1002
{
    1070
0
    1040
0
    1040
0
    1040
0
    1070
0
    1002
}
    1000
IsFill
    1070
0
    1000
PathStart
    1040
0
    1000
ToolCompensation
    1002
{
    1070
0
    1040
0
    1070
0
    1002
}
       0
LINE
       5
20FB
     100
AcDbEntity
       8
2
     100
AcDbLine
      10
12.4033292721
      20
20.1589956075
      30
0
      11
32.6045581595
      21
-16.7422291053
      31
0
    1001
FS_CYPCUT
    1000
Channel
    1070
2
    1000
LeadIn
    1002
{
    1070
3
    1040
0
    1040
1.5707963267949
    1040
1
    1040
1
    1070
0
    1040
0.5
    1070
0
    1002
}
    1000
LeadOut
    1002
{
    1070
0
    1040
0
    1040
0
    1040
0
    1070
0
    1002
}
    1000
IsFill
    1070
0
    1000
PathStart
    1040
0
    1000
ToolCompensation
    1002
{
    1070
0
    1040
0
    1070
0
    1002
}
       0
LINE
       5
20FC
     100
AcDbEntity
       8
2
     100
AcDbLine
      10
35.5132918489
      20
-15.5832764815
      30
0
      11
20.9479187537
      21
23.5929200189
      31
0
    1001
FS_CYPCUT
    1000
Channel
    1070
2
    1000
LeadIn
    1002
{
    1070
3
    1040
0
    1040
1.5707963267949
    1040
1
    1040
1
    1070
0
    1040
0.5
    1070
0
    1002
}
    1000
LeadOut
    1002
{
    1070
0
    1040
0
    1040
0
    1040
0
    1070
0
    1002
}
    1000
IsFill
    1070
0
    1000
PathStart
    1040
0
    1000
ToolCompensation
    1002
{
    1070
0
    1040
0
    1070
0
    1002
}
       0
LINE
       5
20FD
     100
AcDbEntity
       8
2
     100
AcDbLine
      10
29.789265835
      20
26.165797997
      30
0
      11
38.5190123051
      21
-14.7085961752
      31
0
    1001
FS_CYPCUT
    1000
Channel
    1070
2
    1000
LeadIn
    1002
{
    1070
3
    1040
0
    1040
1.5707963267949
    1040
1
    1040
1
    1070
0
    1040
0.5
    1070
0
    1002
}
    1000
LeadOut
    1002
{
    1070
0
    1040
0
    1040
0
    1040
0
    1070
0
    1002
}
    1000
IsFill
    1070
0
    1000
PathStart
    1040
0
    1000
ToolCompensation
    1002
{
    1070
0
    1040
0
    1070
0
    1002
}
       0
LINE
       5
20FE
     100
AcDbEntity
       8
2
     100
AcDbLine
      10
41.5954279609
      20
-14.1258401297
      30
0
      11
38.8422221116
      21
27.8528480485
      31
0
    1001
FS_CYPCUT
    1000
Channel
    1070
2
    1000
LeadIn
    1002
{
    1070
3
    1040
0
    1040
1.5707963267949
    1040
1
    1040
1
    1070
0
    1040
0.5
    1070
0
    1002
}
    1000
LeadOut
    1002
{
    1070
0
    1040
0
    1040
0
    1040
0
    1070
0
    1002
}
    1000
IsFill
    1070
0
    1000
PathStart
    1040
0
    1000
ToolCompensation
    1002
{
    1070
0
    1040
0
    1070
0
    1002
}
       0
LINE
       5
20FF
     100
AcDbEntity
       8
2
     100
AcDbLine
      10
48.0236120034
      20
28.5902029807
      30
0
      11
44.7172413015
      21
-13.8577894469
      31
0
    1001
FS_CYPCUT
    1000
Channel
    1070
2
    1000
LeadIn
    1002
{
    1070
3
    1040
0
    1040
1.5707963267949
    1040
1
    1040
1
    1070
0
    1040
0.5
    1070
0
    1002
}
    1000
LeadOut
    1002
{
    1070
0
    1040
0
    1040
0
    1040
0
    1070
0
    1002
}
    1000
IsFill
    1070
0
    1000
PathStart
    1040
0
    1000
ToolCompensation
    1002
{
    1070
0
    1040
0
    1070
0
    1002
}
       0
LINE
       5
2100
     100
AcDbEntity
       8
2
     100
AcDbLine
      10
47.8530989306
      20
-13.9398534865
      30
0
      11
57.2330422969
      21
28.2819387709
      31
0
    1001
FS_CYPCUT
    1000
Channel
    1070
2
    1000
LeadIn
    1002
{
    1070
3
    1040
0
    1040
1.5707963267949
    1040
1
    1040
1
    1070
0
    1040
0.5
    1070
0
    1002
}
    1000
LeadOut
    1002
{
    1070
0
    1040
0
    1040
0
    1040
0
    1070
0
    1002
}
    1000
IsFill
    1070
0
    1000
PathStart
    1040
0
    1000
ToolCompensation
    1002
{
    1070
0
    1040
0
    1070
0
    1002
}
       0
LWPOLYLINE
       5
2101
     100
AcDbEntity
       8
1
     100
AcDbPolyline
      90
38
      70
1
      10
26.97527744
      20
-20.1136136449
      42
0
      10
26.880021375445
      20
-20.1988555416934
      42
-0.358653773044966
      10
22.434923532
      20
-20.3823092594
      42
0
      10
-10.3662557134
      20
4.4230596568
      42
0
      10
-3.5949167496
      20
10.4825350287
      42
0
      10
-3.0969723874
      20
10.8239070433
      42
0
      10
3.9923622326
      20
15.7114679406
      42
0
      10
4.5275629674
      20
15.9980748946
      42
0
      10
12.1238214383
      20
20.0407996982
      42
0
      10
12.6828371058
      20
20.2771915168
      42
0
      10
20.6604326322
      20
23.4974308957
      42
0
      10
21.2354048751
      20
23.6884091422
      42
0
      10
29.495432256
      20
26.0921200317
      42
0
      10
30.083099414
      20
26.2394759622
      42
0
      10
38.5429364515
      20
27.8026122187
      42
0
      10
39.1415077716
      20
27.9030838783
      42
0
      10
47.7209004734
      20
28.5675437491
      42
0
      10
48.3263235335
      20
28.6128622123
      42
0
      10
56.9313629688
      20
28.2923817484
      42
0
      10
57.5347216251
      20
28.2714957933
      42
0
      10
66.4997981558
      20
26.7915216116
      42
0
      10
52.1302485546526
      20
-11.7407924881627
      42
-0.358654358832748
      10
48.2807895954
      20
-13.9710986874
      42
0
      10
48.1547782588
      20
-13.950296464
      42
0
      10
47.5514196025
      20
-13.9294105089
      42
0
      10
45.0199528316
      20
-13.8351302153
      42
0
      10
44.4145297714
      20
-13.8804486785
      42
0
      10
41.8947136209
      20
-14.0756042999
      42
0
      10
41.2961423008
      20
-14.1760759595
      42
0
      10
38.8128458841
      20
-14.6349182099
      42
0
      10
38.2251787261
      20
-14.7822741404
      42
0
      10
35.8007779704
      20
-15.4877873583
      42
0
      10
35.2258057275
      20
-15.6787656047
      42
0
      10
32.8840659933
      20
-16.624033196
      42
0
      10
32.3250503258
      20
-16.8604250146
      42
0
      10
30.0939851373
      20
-18.0477967464
      42
0
      10
29.5587844025
      20
-18.3344037004
      42
0
      10
27.4732218022
      20
-19.7722416303
      42
0
    1001
FS_CYPCUT
    1000
Channel
    1070
1
    1000
LeadIn
    1002
{
    1070
3
    1040
2.5
    1040
1.5707963267949
    1040
1
    1040
1
    1070
0
    1040
0.5
    1070
0
    1002
}
    1000
LeadOut
    1002
{
    1070
0
    1040
0
    1040
0
    1040
0
    1070
0
    1002
}
    1000
IsFill
    1070
1
    1000
PathStart
    1040
2.5
    1000
ToolCompensation
    1002
{
    1070
0
    1040
0
    1070
0
    1002
}
       0
ENDBLK
       5
2102
     330
2016
     100
AcDbEntity
       8
0
     100
AcDbBlockEnd
       0
BLOCK
       5
2103
     330
2017
     100
AcDbEntity
       8
0
     100
AcDbBlockBegin
       2
Part1726915035
      70
0
      10
-172.5
      20
-67.5
      30
0
       3
Part1726915035
       1

       4
CypCutBlock
       0
LWPOLYLINE
       5
2104
     100
AcDbEntity
       8
1
     100
AcDbPolyline
      90
4
      70
1
      10
-146.5
      20
-31.5
      42
0
      10
-153.5
      20
-31.5
      42
0
      10
-153.5
      20
-38.5
      42
0
      10
-146.5
      20
-38.5
      42
0
    1001
FS_CYPCUT
    1000
Channel
    1070
1
    1000
LeadIn
    1002
{
    1070
3
    1040
0.5
    1040
1.5707963267949
    1040
1
    1040
1
    1070
0
    1040
0.5
    1070
0
    1002
}
    1000
LeadOut
    1002
{
    1070
0
    1040
0
    1040
0
    1040
0
    1070
0
    1002
}
    1000
IsFill
    1070
0
    1000
PathStart
    1040
0.5
    1000
ToolCompensation
    1002
{
    1070
0
    1040
0
    1070
0
    1002
}
       0
LWPOLYLINE
       5
2105
     100
AcDbEntity
       8
1
     100
AcDbPolyline
      90
4
      70
1
      10
-146.5
      20
38.5
      42
0
      10
-146.5
      20
31.5
      42
0
      10
-153.5
      20
31.5
      42
0
      10
-153.5
      20
38.5
      42
0
    1001
FS_CYPCUT
    1000
Channel
    1070
1
    1000
LeadIn
    1002
{
    1070
3
    1040
0.5
    1040
1.5707963267949
    1040
1
    1040
1
    1070
0
    1040
0.5
    1070
0
    1002
}
    1000
LeadOut
    1002
{
    1070
0
    1040
0
    1040
0
    1040
0
    1070
0
    1002
}
    1000
IsFill
    1070
0
    1000
PathStart
    1040
0.5
    1000
ToolCompensation
    1002
{
    1070
0
    1040
0
    1070
0
    1002
}
       0
LWPOLYLINE
       5
2106
     100
AcDbEntity
       8
1
     100
AcDbPolyline
      90
4
      70
1
      10
153.5
      20
38.5
      42
0
      10
146.5
      20
38.5
      42
0
      10
146.5
      20
31.5
      42
0
      10
153.5
      20
31.5
      42
0
    1001
FS_CYPCUT
    1000
Channel
    1070
1
    1000
LeadIn
    1002
{
    1070
3
    1040
0.5
    1040
1.5707963267949
    1040
1
    1040
1
    1070
0
    1040
0.5
    1070
0
    1002
}
    1000
LeadOut
    1002
{
    1070
0
    1040
0
    1040
0
    1040
0
    1070
0
    1002
}
    1000
IsFill
    1070
0
    1000
PathStart
    1040
0.5
    1000
ToolCompensation
    1002
{
    1070
0
    1040
0
    1070
0
    1002
}
       0
LWPOLYLINE
       5
2107
     100
AcDbEntity
       8
1
     100
AcDbPolyline
      90
4
      70
1
      10
153.5
      20
-31.5
      42
0
      10
153.5
      20
-38.5
      42
0
      10
146.5
      20
-38.5
      42
0
      10
146.5
      20
-31.5
      42
0
    1001
FS_CYPCUT
    1000
Channel
    1070
1
    1000
LeadIn
    1002
{
    1070
3
    1040
0.5
    1040
1.5707963267949
    1040
1
    1040
1
    1070
0
    1040
0.5
    1070
0
    1002
}
    1000
LeadOut
    1002
{
    1070
0
    1040
0
    1040
0
    1040
0
    1070
0
    1002
}
    1000
IsFill
    1070
0
    1000
PathStart
    1040
0.5
    1000
ToolCompensation
    1002
{
    1070
0
    1040
0
    1070
0
    1002
}
       0
LWPOLYLINE
       5
2108
     100
AcDbEntity
       8
1
     100
AcDbPolyline
      90
8
      70
1
      10
172.5
      20
52.5
      42
0.414213562373094
      10
157.5
      20
67.5000000000001
      42
0
      10
-157.5
      20
67.5
      42
0.414213562373095
      10
-172.5
      20
52.5
      42
0
      10
-172.5
      20
-52.5
      42
0.414213562373097
      10
-157.5
      20
-67.5
      42
0
      10
157.5
      20
-67.5000000000001
      42
0.414213562373096
      10
172.5
      20
-52.5
      42
0
    1001
FS_CYPCUT
    1000
Channel
    1070
1
    1000
LeadIn
    1002
{
    1070
3
    1040
1.5
    1040
1.5707963267949
    1040
1
    1040
1
    1070
0
    1040
0.5
    1070
0
    1002
}
    1000
LeadOut
    1002
{
    1070
0
    1040
0
    1040
0
    1040
0
    1070
0
    1002
}
    1000
IsFill
    1070
1
    1000
PathStart
    1040
1.5
    1000
ToolCompensation
    1002
{
    1070
0
    1040
0
    1070
0
    1002
}
    1000
MicroConnect
    1002
{
    1070
2
    1040
1.72291488
    1041
0.5
    1042
0
    1040
5.79734145
    1041
0.5
    1042
0
    1002
}
       0
ENDBLK
       5
2109
     330
2017
     100
AcDbEntity
       8
0
     100
AcDbBlockEnd
       0
BLOCK
       5
210A
     330
2018
     100
AcDbEntity
       8
0
     100
AcDbBlockBegin
       2
Part490871844
      70
0
      10
-10.3662557
      20
-21.0906849
      30
0
       3
Part490871844
       1

       4
CypCutBlock
       0
LINE
       5
210B
     100
AcDbEntity
       8
2
     100
AcDbLine
      10
-3.3459445685
      20
10.653221036
      30
0
      11
27.2242496211
      21
-19.9429276376
      31
0
    1001
FS_CYPCUT
    1000
Channel
    1070
2
    1000
LeadIn
    1002
{
    1070
3
    1040
0
    1040
1.5707963267949
    1040
1
    1040
1
    1070
0
    1040
0.5
    1070
0
    1002
}
    1000
LeadOut
    1002
{
    1070
0
    1040
0
    1040
0
    1040
0
    1070
0
    1002
}
    1000
IsFill
    1070
0
    1000
PathStart
    1040
0
    1000
ToolCompensation
    1002
{
    1070
0
    1040
0
    1070
0
    1002
}
       0
LINE
       5
210C
     100
AcDbEntity
       8
2
     100
AcDbLine
      10
29.8263847699
      20
-18.1911002234
      30
0
      11
4.2599626
      21
15.8547714176
      31
0
    1001
FS_CYPCUT
    1000
Channel
    1070
2
    1000
LeadIn
    1002
{
    1070
3
    1040
0
    1040
1.5707963267949
    1040
1
    1040
1
    1070
0
    1040
0.5
    1070
0
    1002
}
    1000
LeadOut
    1002
{
    1070
0
    1040
0
    1040
0
    1040
0
    1070
0
    1002
}
    1000
IsFill
    1070
0
    1000
PathStart
    1040
0
    1000
ToolCompensation
    1002
{
    1070
0
    1040
0
    1070
0
    1002
}
       0
LINE
       5
210D
     100
AcDbEntity
       8
2
     100
AcDbLine
      10
12.4033292721
      20
20.1589956075
      30
0
      11
32.6045581595
      21
-16.7422291053
      31
0
    1001
FS_CYPCUT
    1000
Channel
    1070
2
    1000
LeadIn
    1002
{
    1070
3
    1040
0
    1040
1.5707963267949
    1040
1
    1040
1
    1070
0
    1040
0.5
    1070
0
    1002
}
    1000
LeadOut
    1002
{
    1070
0
    1040
0
    1040
0
    1040
0
    1070
0
    1002
}
    1000
IsFill
    1070
0
    1000
PathStart
    1040
0
    1000
ToolCompensation
    1002
{
    1070
0
    1040
0
    1070
0
    1002
}
       0
LINE
       5
210E
     100
AcDbEntity
       8
2
     100
AcDbLine
      10
35.5132918489
      20
-15.5832764815
      30
0
      11
20.9479187537
      21
23.5929200189
      31
0
    1001
FS_CYPCUT
    1000
Channel
    1070
2
    1000
LeadIn
    1002
{
    1070
3
    1040
0
    1040
1.5707963267949
    1040
1
    1040
1
    1070
0
    1040
0.5
    1070
0
    1002
}
    1000
LeadOut
    1002
{
    1070
0
    1040
0
    1040
0
    1040
0
    1070
0
    1002
}
    1000
IsFill
    1070
0
    1000
PathStart
    1040
0
    1000
ToolCompensation
    1002
{
    1070
0
    1040
0
    1070
0
    1002
}
       0
LINE
       5
210F
     100
AcDbEntity
       8
2
     100
AcDbLine
      10
29.789265835
      20
26.165797997
      30
0
      11
38.5190123051
      21
-14.7085961752
      31
0
    1001
FS_CYPCUT
    1000
Channel
    1070
2
    1000
LeadIn
    1002
{
    1070
3
    1040
0
    1040
1.5707963267949
    1040
1
    1040
1
    1070
0
    1040
0.5
    1070
0
    1002
}
    1000
LeadOut
    1002
{
    1070
0
    1040
0
    1040
0
    1040
0
    1070
0
    1002
}
    1000
IsFill
    1070
0
    1000
PathStart
    1040
0
    1000
ToolCompensation
    1002
{
    1070
0
    1040
0
    1070
0
    1002
}
       0
LINE
       5
2110
     100
AcDbEntity
       8
2
     100
AcDbLine
      10
41.5954279609
      20
-14.1258401297
      30
0
      11
38.8422221116
      21
27.8528480485
      31
0
    1001
FS_CYPCUT
    1000
Channel
    1070
2
    1000
LeadIn
    1002
{
    1070
3
    1040
0
    1040
1.5707963267949
    1040
1
    1040
1
    1070
0
    1040
0.5
    1070
0
    1002
}
    1000
LeadOut
    1002
{
    1070
0
    1040
0
    1040
0
    1040
0
    1070
0
    1002
}
    1000
IsFill
    1070
0
    1000
PathStart
    1040
0
    1000
ToolCompensation
    1002
{
    1070
0
    1040
0
    1070
0
    1002
}
       0
LINE
       5
2111
     100
AcDbEntity
       8
2
     100
AcDbLine
      10
48.0236120034
      20
28.5902029807
      30
0
      11
44.7172413015
      21
-13.8577894469
      31
0
    1001
FS_CYPCUT
    1000
Channel
    1070
2
    1000
LeadIn
    1002
{
    1070
3
    1040
0
    1040
1.5707963267949
    1040
1
    1040
1
    1070
0
    1040
0.5
    1070
0
    1002
}
    1000
LeadOut
    1002
{
    1070
0
    1040
0
    1040
0
    1040
0
    1070
0
    1002
}
    1000
IsFill
    1070
0
    1000
PathStart
    1040
0
    1000
ToolCompensation
    1002
{
    1070
0
    1040
0
    1070
0
    1002
}
       0
LINE
       5
2112
     100
AcDbEntity
       8
2
     100
AcDbLine
      10
47.8530989306
      20
-13.9398534865
      30
0
      11
57.2330422969
      21
28.2819387709
      31
0
    1001
FS_CYPCUT
    1000
Channel
    1070
2
    1000
LeadIn
    1002
{
    1070
3
    1040
0
    1040
1.5707963267949
    1040
1
    1040
1
    1070
0
    1040
0.5
    1070
0
    1002
}
    1000
LeadOut
    1002
{
    1070
0
    1040
0
    1040
0
    1040
0
    1070
0
    1002
}
    1000
IsFill
    1070
0
    1000
PathStart
    1040
0
    1000
ToolCompensation
    1002
{
    1070
0
    1040
0
    1070
0
    1002
}
       0
LWPOLYLINE
       5
2113
     100
AcDbEntity
       8
1
     100
AcDbPolyline
      90
38
      70
1
      10
26.97527744
      20
-20.1136136449
      42
0
      10
26.880021375445
      20
-20.1988555416934
      42
-0.358653773044966
      10
22.434923532
      20
-20.3823092594
      42
0
      10
-10.3662557134
      20
4.4230596568
      42
0
      10
-3.5949167496
      20
10.4825350287
      42
0
      10
-3.0969723874
      20
10.8239070433
      42
0
      10
3.9923622326
      20
15.7114679406
      42
0
      10
4.5275629674
      20
15.9980748946
      42
0
      10
12.1238214383
      20
20.0407996982
      42
0
      10
12.6828371058
      20
20.2771915168
      42
0
      10
20.6604326322
      20
23.4974308957
      42
0
      10
21.2354048751
      20
23.6884091422
      42
0
      10
29.495432256
      20
26.0921200317
      42
0
      10
30.083099414
      20
26.2394759622
      42
0
      10
38.5429364515
      20
27.8026122187
      42
0
      10
39.1415077716
      20
27.9030838783
      42
0
      10
47.7209004734
      20
28.5675437491
      42
0
      10
48.3263235335
      20
28.6128622123
      42
0
      10
56.9313629688
      20
28.2923817484
      42
0
      10
57.5347216251
      20
28.2714957933
      42
0
      10
66.4997981558
      20
26.7915216116
      42
0
      10
52.1302485546526
      20
-11.7407924881627
      42
-0.358654358832748
      10
48.2807895954
      20
-13.9710986874
      42
0
      10
48.1547782588
      20
-13.950296464
      42
0
      10
47.5514196025
      20
-13.9294105089
      42
0
      10
45.0199528316
      20
-13.8351302153
      42
0
      10
44.4145297714
      20
-13.8804486785
      42
0
      10
41.8947136209
      20
-14.0756042999
      42
0
      10
41.2961423008
      20
-14.1760759595
      42
0
      10
38.8128458841
      20
-14.6349182099
      42
0
      10
38.2251787261
      20
-14.7822741404
      42
0
      10
35.8007779704
      20
-15.4877873583
      42
0
      10
35.2258057275
      20
-15.6787656047
      42
0
      10
32.8840659933
      20
-16.624033196
      42
0
      10
32.3250503258
      20
-16.8604250146
      42
0
      10
30.0939851373
      20
-18.0477967464
      42
0
      10
29.5587844025
      20
-18.3344037004
      42
0
      10
27.4732218022
      20
-19.7722416303
      42
0
    1001
FS_CYPCUT
    1000
Channel
    1070
1
    1000
LeadIn
    1002
{
    1070
3
    1040
2.5
    1040
1.5707963267949
    1040
1
    1040
1
    1070
0
    1040
0.5
    1070
0
    1002
}
    1000
LeadOut
    1002
{
    1070
0
    1040
0
    1040
0
    1040
0
    1070
0
    1002
}
    1000
IsFill
    1070
1
    1000
PathStart
    1040
2.5
    1000
ToolCompensation
    1002
{
    1070
0
    1040
0
    1070
0
    1002
}
       0
ENDBLK
       5
2114
     330
2018
     100
AcDbEntity
       8
0
     100
AcDbBlockEnd
       0
ENDSEC
       0
SECTION
       2
ENTITIES
       0
INSERT
       5
2115
     100
AcDbEntity
       8
2
     100
AcDbBlockReference
       2
Part698057050
      10
3458.5308057596
      20
6505.61817487285
      30
0
      41
1
      42
1
      50
269.999999977959
    1001
FS_CYPCUT
    1000
Channel
    1070
2
    1000
LeadIn
    1002
{
    1070
0
    1040
0
    1040
0
    1040
0
    1040
0
    1070
0
    1040
0
    1070
0
    1002
}
    1000
LeadOut
    1002
{
    1070
0
    1040
0
    1040
0
    1040
0
    1070
0
    1002
}
       0
INSERT
       5
2116
     100
AcDbEntity
       8
2
     100
AcDbBlockReference
       2
Part1637118662
      10
3543.3849057596
      20
6505.61817487285
      30
0
      41
1
      42
1
      50
269.999999977959
    1001
FS_CYPCUT
    1000
Channel
    1070
2
    1000
LeadIn
    1002
{
    1070
0
    1040
0
    1040
0
    1040
0
    1040
0
    1070
0
    1040
0
    1070
0
    1002
}
    1000
LeadOut
    1002
{
    1070
0
    1040
0
    1040
0
    1040
0
    1070
0
    1002
}
       0
INSERT
       5
2117
     100
AcDbEntity
       8
2
     100
AcDbBlockReference
       2
Part1162943461
      10
3628.2390055596
      20
6505.61817487285
      30
0
      41
1
      42
1
      50
269.999999977959
    1001
FS_CYPCUT
    1000
Channel
    1070
2
    1000
LeadIn
    1002
{
    1070
0
    1040
0
    1040
0
    1040
0
    1040
0
    1070
0
    1040
0
    1070
0
    1002
}
    1000
LeadOut
    1002
{
    1070
0
    1040
0
    1040
0
    1040
0
    1070
0
    1002
}
       0
INSERT
       5
2118
     100
AcDbEntity
       8
1
     100
AcDbBlockReference
       2
Part2097060171
      10
3803.53089261912
      20
6391.48281274278
      30
0
      41
1
      42
1
      50
180
    1001
FS_CYPCUT
    1000
Channel
    1070
1
    1000
LeadIn
    1002
{
    1070
0
    1040
0
    1040
0
    1040
0
    1040
0
    1070
0
    1040
0
    1070
0
    1002
}
    1000
LeadOut
    1002
{
    1070
0
    1040
0
    1040
0
    1040
0
    1070
0
    1002
}
       0
INSERT
       5
2119
     100
AcDbEntity
       8
1
     100
AcDbBlockReference
       2
CommonPart
      10
3458.53089261912
      20
6118.48341274278
      30
0
      41
1
      42
1
      50
0
    1001
FS_CYPCUT
    1000
Channel
    1070
1
    1000
LeadIn
    1002
{
    1070
0
    1040
0
    1040
0
    1040
0
    1040
0
    1070
0
    1040
0
    1070
0
    1002
}
    1000
LeadOut
    1002
{
    1070
0
    1040
0
    1040
0
    1040
0
    1070
0
    1002
}
       0
INSERT
       5
211A
     100
AcDbEntity
       8
2
     100
AcDbBlockReference
       2
Part58992851
      10
3736.46903661912
      20
6454.11592774278
      30
0
      41
1
      42
1
      50
0
    1001
FS_CYPCUT
    1000
Channel
    1070
2
    1000
LeadIn
    1002
{
    1070
0
    1040
0
    1040
0
    1040
0
    1040
0
    1070
0
    1040
0
    1070
0
    1002
}
    1000
LeadOut
    1002
{
    1070
0
    1040
0
    1040
0
    1040
0
    1070
0
    1002
}
       0
INSERT
       5
211B
     100
AcDbEntity
       8
2
     100
AcDbBlockReference
       2
Part1009263486
      10
3765.97687725234
      20
6397.95235701038
      30
0
      41
1
      42
1
      50
90.0000001836389
    1001
FS_CYPCUT
    1000
Channel
    1070
2
    1000
LeadIn
    1002
{
    1070
0
    1040
0
    1040
0
    1040
0
    1040
0
    1070
0
    1040
0
    1070
0
    1002
}
    1000
LeadOut
    1002
{
    1070
0
    1040
0
    1040
0
    1040
0
    1070
0
    1002
}
       0
INSERT
       5
211C
     100
AcDbEntity
       8
2
     100
AcDbBlockReference
       2
Part2144827767
      10
3757.40673061912
      20
6384.80892574278
      30
0
      41
1
      42
1
      50
0
    1001
FS_CYPCUT
    1000
Channel
    1070
2
    1000
LeadIn
    1002
{
    1070
0
    1040
0
    1040
0
    1040
0
    1040
0
    1070
0
    1040
0
    1070
0
    1002
}
    1000
LeadOut
    1002
{
    1070
0
    1040
0
    1040
0
    1040
0
    1070
0
    1002
}
       0
INSERT
       5
211D
     100
AcDbEntity
       8
1
     100
AcDbBlockReference
       2
Part138753427
      10
3942.13593405918
      20
6478.7602132942
      30
0
      41
1
      42
1
      50
90.0000001836389
    1001
FS_CYPCUT
    1000
Channel
    1070
1
    1000
LeadIn
    1002
{
    1070
0
    1040
0
    1040
0
    1040
0
    1040
0
    1070
0
    1040
0
    1070
0
    1002
}
    1000
LeadOut
    1002
{
    1070
0
    1040
0
    1040
0
    1040
0
    1070
0
    1002
}
       0
INSERT
       5
211E
     100
AcDbEntity
       8
2
     100
AcDbBlockReference
       2
Part1443081850
      10
3928.70995461912
      20
6423.46309994278
      30
0
      41
1
      42
1
      50
180
    1001
FS_CYPCUT
    1000
Channel
    1070
2
    1000
LeadIn
    1002
{
    1070
0
    1040
0
    1040
0
    1040
0
    1040
0
    1070
0
    1040
0
    1070
0
    1002
}
    1000
LeadOut
    1002
{
    1070
0
    1040
0
    1040
0
    1040
0
    1070
0
    1002
}
       0
INSERT
       5
211F
     100
AcDbEntity
       8
2
     100
AcDbBlockReference
       2
Part1676023401
      10
4039.01755461912
      20
6423.46309994278
      30
0
      41
1
      42
1
      50
180
    1001
FS_CYPCUT
    1000
Channel
    1070
2
    1000
LeadIn
    1002
{
    1070
0
    1040
0
    1040
0
    1040
0
    1040
0
    1070
0
    1040
0
    1070
0
    1002
}
    1000
LeadOut
    1002
{
    1070
0
    1040
0
    1040
0
    1040
0
    1070
0
    1002
}
       0
LWPOLYLINE
       5
2120
     100
AcDbEntity
       8
1
     100
AcDbPolyline
      90
5
      70
1
      10
3870.45459261912
      20
6426.68031274278
      42
0
      10
4125.45459261912
      20
6426.68031274278
      42
0.155162961296847
      10
4094.00622223212
      20
6436.68031274278
      42
0
      10
3872.45459261912
      20
6436.68031274278
      42
0.414213562373103
      10
3870.45459261912
      20
6434.68031274278
      42
0
    1001
FS_CYPCUT
    1000
Channel
    1070
1
    1000
LeadIn
    1002
{
    1070
0
    1040
0
    1040
0
    1040
0
    1040
0
    1070
0
    1040
0
    1070
0
    1002
}
    1000
LeadOut
    1002
{
    1070
0
    1040
0
    1040
0
    1040
0
    1070
0
    1002
}
    1000
IsFill
    1070
1
    1000
PathStart
    1040
0
    1000
ToolCompensation
    1002
{
    1070
0
    1040
0
    1070
0
    1002
}
    1000
MicroConnect
    1002
{
    1070
1
    1040
0.460784314
    1041
0.5
    1042
0
    1002
}
       0
LWPOLYLINE
       5
2121
     100
AcDbEntity
       8
1
     100
AcDbPolyline
      90
5
      70
1
      10
3870.77729261912
      20
6439.67571274278
      42
0
      10
4125.77729261912
      20
6439.67571274278
      42
0.155162961296847
      10
4094.32892223212
      20
6449.67571274278
      42
0
      10
3872.77729261912
      20
6449.67571274278
      42
0.414213562373103
      10
3870.77729261912
      20
6447.67571274278
      42
0
    1001
FS_CYPCUT
    1000
Channel
    1070
1
    1000
LeadIn
    1002
{
    1070
0
    1040
0
    1040
0
    1040
0
    1040
0
    1070
0
    1040
0
    1070
0
    1002
}
    1000
LeadOut
    1002
{
    1070
0
    1040
0
    1040
0
    1040
0
    1070
0
    1002
}
    1000
IsFill
    1070
1
    1000
PathStart
    1040
0
    1000
ToolCompensation
    1002
{
    1070
0
    1040
0
    1070
0
    1002
}
    1000
MicroConnect
    1002
{
    1070
1
    1040
0.460784314
    1041
0.5
    1042
0
    1002
}
       0
LWPOLYLINE
       5
2122
     100
AcDbEntity
       8
1
     100
AcDbPolyline
      90
5
      70
1
      10
3871.09999261912
      20
6452.67111274278
      42
0
      10
4126.09999261912
      20
6452.67111274278
      42
0.155162961296847
      10
4094.65162223212
      20
6462.67111274278
      42
0
      10
3873.09999261912
      20
6462.67111274278
      42
0.414213562373103
      10
3871.09999261912
      20
6460.67111274278
      42
0
    1001
FS_CYPCUT
    1000
Channel
    1070
1
    1000
LeadIn
    1002
{
    1070
0
    1040
0
    1040
0
    1040
0
    1040
0
    1070
0
    1040
0
    1070
0
    1002
}
    1000
LeadOut
    1002
{
    1070
0
    1040
0
    1040
0
    1040
0
    1070
0
    1002
}
    1000
IsFill
    1070
1
    1000
PathStart
    1040
0
    1000
ToolCompensation
    1002
{
    1070
0
    1040
0
    1070
0
    1002
}
    1000
MicroConnect
    1002
{
    1070
1
    1040
0.460784314
    1041
0.5
    1042
0
    1002
}
       0
LWPOLYLINE
       5
2123
     100
AcDbEntity
       8
1
     100
AcDbPolyline
      90
5
      70
1
      10
3871.42279261912
      20
6465.66651274278
      42
0
      10
4126.42279261912
      20
6465.66651274278
      42
0.155162961296847
      10
4094.97442223212
      20
6475.66651274278
      42
0
      10
3873.42279261912
      20
6475.66651274278
      42
0.414213562373103
      10
3871.42279261912
      20
6473.66651274278
      42
0
    1001
FS_CYPCUT
    1000
Channel
    1070
1
    1000
LeadIn
    1002
{
    1070
0
    1040
0
    1040
0
    1040
0
    1040
0
    1070
0
    1040
0
    1070
0
    1002
}
    1000
LeadOut
    1002
{
    1070
0
    1040
0
    1040
0
    1040
0
    1070
0
    1002
}
    1000
IsFill
    1070
1
    1000
PathStart
    1040
0
    1000
ToolCompensation
    1002
{
    1070
0
    1040
0
    1070
0
    1002
}
    1000
MicroConnect
    1002
{
    1070
1
    1040
0.460784314
    1041
0.5
    1042
0
    1002
}
       0
INSERT
       5
2124
     100
AcDbEntity
       8
1
     100
AcDbBlockReference
       2
Part563485153
      10
4017.37903405918
      20
6478.7602132942
      30
0
      41
1
      42
1
      50
90.0000001836389
    1001
FS_CYPCUT
    1000
Channel
    1070
1
    1000
LeadIn
    1002
{
    1070
0
    1040
0
    1040
0
    1040
0
    1040
0
    1070
0
    1040
0
    1070
0
    1002
}
    1000
LeadOut
    1002
{
    1070
0
    1040
0
    1040
0
    1040
0
    1070
0
    1002
}
       0
INSERT
       5
2125
     100
AcDbEntity
       8
1
     100
AcDbBlockReference
       2
Part1817643369
      10
4092.62213405918
      20
6478.7602132942
      30
0
      41
1
      42
1
      50
90.0000001836389
    1001
FS_CYPCUT
    1000
Channel
    1070
1
    1000
LeadIn
    1002
{
    1070
0
    1040
0
    1040
0
    1040
0
    1040
0
    1070
0
    1040
0
    1070
0
    1002
}
    1000
LeadOut
    1002
{
    1070
0
    1040
0
    1040
0
    1040
0
    1070
0
    1002
}
       0
INSERT
       5
2126
     100
AcDbEntity
       8
1
     100
AcDbBlockReference
       2
Part501356820
      10
4167.86523405918
      20
6478.7602132942
      30
0
      41
1
      42
1
      50
90.0000001836389
    1001
FS_CYPCUT
    1000
Channel
    1070
1
    1000
LeadIn
    1002
{
    1070
0
    1040
0
    1040
0
    1040
0
    1040
0
    1070
0
    1040
0
    1070
0
    1002
}
    1000
LeadOut
    1002
{
    1070
0
    1040
0
    1040
0
    1040
0
    1070
0
    1002
}
       0
INSERT
       5
2127
     100
AcDbEntity
       8
2
     100
AcDbBlockReference
       2
Part442308626
      10
4149.32515461912
      20
6423.46309994278
      30
0
      41
1
      42
1
      50
180
    1001
FS_CYPCUT
    1000
Channel
    1070
2
    1000
LeadIn
    1002
{
    1070
0
    1040
0
    1040
0
    1040
0
    1040
0
    1070
0
    1040
0
    1070
0
    1002
}
    1000
LeadOut
    1002
{
    1070
0
    1040
0
    1040
0
    1040
0
    1070
0
    1002
}
       0
INSERT
       5
2128
     100
AcDbEntity
       8
2
     100
AcDbBlockReference
       2
Part1718120574
      10
4451.74039261912
      20
6326.48281274278
      30
0
      41
1
      42
1
      50
180
    1001
FS_CYPCUT
    1000
Channel
    1070
2
    1000
LeadIn
    1002
{
    1070
0
    1040
0
    1040
0
    1040
0
    1040
0
    1070
0
    1040
0
    1070
0
    1002
}
    1000
LeadOut
    1002
{
    1070
0
    1040
0
    1040
0
    1040
0
    1070
0
    1002
}
       0
INSERT
       5
2129
     100
AcDbEntity
       8
2
     100
AcDbBlockReference
       2
Part1489961564
      10
4259.63275461912
      20
6423.46309994278
      30
0
      41
1
      42
1
      50
180
    1001
FS_CYPCUT
    1000
Channel
    1070
2
    1000
LeadIn
    1002
{
    1070
0
    1040
0
    1040
0
    1040
0
    1040
0
    1070
0
    1040
0
    1070
0
    1002
}
    1000
LeadOut
    1002
{
    1070
0
    1040
0
    1040
0
    1040
0
    1070
0
    1002
}
       0
LWPOLYLINE
       5
212A
     100
AcDbEntity
       8
1
     100
AcDbPolyline
      90
5
      70
1
      10
4128.45399261912
      20
6426.68031274278
      42
0
      10
4383.45399261912
      20
6426.68031274278
      42
0.155162961296847
      10
4352.00562223212
      20
6436.68031274278
      42
0
      10
4130.45399261912
      20
6436.68031274278
      42
0.414213562373103
      10
4128.45399261912
      20
6434.68031274278
      42
0
    1001
FS_CYPCUT
    1000
Channel
    1070
1
    1000
LeadIn
    1002
{
    1070
0
    1040
0
    1040
0
    1040
0
    1040
0
    1070
0
    1040
0
    1070
0
    1002
}
    1000
LeadOut
    1002
{
    1070
0
    1040
0
    1040
0
    1040
0
    1070
0
    1002
}
    1000
IsFill
    1070
1
    1000
PathStart
    1040
0
    1000
ToolCompensation
    1002
{
    1070
0
    1040
0
    1070
0
    1002
}
    1000
MicroConnect
    1002
{
    1070
1
    1040
0.460784314
    1041
0.5
    1042
0
    1002
}
       0
LWPOLYLINE
       5
212B
     100
AcDbEntity
       8
1
     100
AcDbPolyline
      90
5
      70
1
      10
4128.77669261912
      20
6439.67571274278
      42
0
      10
4383.77669261912
      20
6439.67571274278
      42
0.155162961296847
      10
4352.32832223212
      20
6449.67571274278
      42
0
      10
4130.77669261912
      20
6449.67571274278
      42
0.414213562373103
      10
4128.77669261912
      20
6447.67571274278
      42
0
    1001
FS_CYPCUT
    1000
Channel
    1070
1
    1000
LeadIn
    1002
{
    1070
0
    1040
0
    1040
0
    1040
0
    1040
0
    1070
0
    1040
0
    1070
0
    1002
}
    1000
LeadOut
    1002
{
    1070
0
    1040
0
    1040
0
    1040
0
    1070
0
    1002
}
    1000
IsFill
    1070
1
    1000
PathStart
    1040
0
    1000
ToolCompensation
    1002
{
    1070
0
    1040
0
    1070
0
    1002
}
    1000
MicroConnect
    1002
{
    1070
1
    1040
0.460784314
    1041
0.5
    1042
0
    1002
}
       0
LWPOLYLINE
       5
212C
     100
AcDbEntity
       8
1
     100
AcDbPolyline
      90
5
      70
1
      10
4129.09939261912
      20
6452.67111274278
      42
0
      10
4384.09939261911
      20
6452.67111274278
      42
0.155162961296847
      10
4352.65102223212
      20
6462.67111274278
      42
0
      10
4131.09939261912
      20
6462.67111274278
      42
0.414213562373103
      10
4129.09939261912
      20
6460.67111274278
      42
0
    1001
FS_CYPCUT
    1000
Channel
    1070
1
    1000
LeadIn
    1002
{
    1070
0
    1040
0
    1040
0
    1040
0
    1040
0
    1070
0
    1040
0
    1070
0
    1002
}
    1000
LeadOut
    1002
{
    1070
0
    1040
0
    1040
0
    1040
0
    1070
0
    1002
}
    1000
IsFill
    1070
1
    1000
PathStart
    1040
0
    1000
ToolCompensation
    1002
{
    1070
0
    1040
0
    1070
0
    1002
}
    1000
MicroConnect
    1002
{
    1070
1
    1040
0.460784314
    1041
0.5
    1042
0
    1002
}
       0
LWPOLYLINE
       5
212D
     100
AcDbEntity
       8
1
     100
AcDbPolyline
      90
5
      70
1
      10
4129.42219261912
      20
6465.66651274278
      42
0
      10
4384.42219261911
      20
6465.66651274278
      42
0.155162961296847
      10
4352.97382223212
      20
6475.66651274278
      42
0
      10
4131.42219261912
      20
6475.66651274278
      42
0.414213562373103
      10
4129.42219261912
      20
6473.66651274278
      42
0
    1001
FS_CYPCUT
    1000
Channel
    1070
1
    1000
LeadIn
    1002
{
    1070
0
    1040
0
    1040
0
    1040
0
    1040
0
    1070
0
    1040
0
    1070
0
    1002
}
    1000
LeadOut
    1002
{
    1070
0
    1040
0
    1040
0
    1040
0
    1070
0
    1002
}
    1000
IsFill
    1070
1
    1000
PathStart
    1040
0
    1000
ToolCompensation
    1002
{
    1070
0
    1040
0
    1070
0
    1002
}
    1000
MicroConnect
    1002
{
    1070
1
    1040
0.460784314
    1041
0.5
    1042
0
    1002
}
       0
INSERT
       5
212E
     100
AcDbEntity
       8
2
     100
AcDbBlockReference
       2
Part1948975056
      10
4369.94035461912
      20
6423.46309994278
      30
0
      41
1
      42
1
      50
180
    1001
FS_CYPCUT
    1000
Channel
    1070
2
    1000
LeadIn
    1002
{
    1070
0
    1040
0
    1040
0
    1040
0
    1040
0
    1070
0
    1040
0
    1070
0
    1002
}
    1000
LeadOut
    1002
{
    1070
0
    1040
0
    1040
0
    1040
0
    1070
0
    1002
}
       0
INSERT
       5
212F
     100
AcDbEntity
       8
1
     100
AcDbBlockReference
       2
Part160180421
      10
4151.53049261911
      20
6118.48341274278
      30
0
      41
1
      42
1
      50
0
    1001
FS_CYPCUT
    1000
Channel
    1070
1
    1000
LeadIn
    1002
{
    1070
0
    1040
0
    1040
0
    1040
0
    1040
0
    1070
0
    1040
0
    1070
0
    1002
}
    1000
LeadOut
    1002
{
    1070
0
    1040
0
    1040
0
    1040
0
    1070
0
    1002
}
       0
INSERT
       5
2130
     100
AcDbEntity
       8
1
     100
AcDbBlockReference
       2
Part770793142
      10
4454.84049261912
      20
6256.45917174278
      30
0
      41
1
      42
1
      50
0
    1001
FS_CYPCUT
    1000
Channel
    1070
1
    1000
LeadIn
    1002
{
    1070
0
    1040
0
    1040
0
    1040
0
    1040
0
    1070
0
    1040
0
    1070
0
    1002
}
    1000
LeadOut
    1002
{
    1070
0
    1040
0
    1040
0
    1040
0
    1070
0
    1002
}
       0
INSERT
       5
2131
     100
AcDbEntity
       8
2
     100
AcDbBlockReference
       2
Part2068514071
      10
4480.24795461912
      20
6423.46309994278
      30
0
      41
1
      42
1
      50
180
    1001
FS_CYPCUT
    1000
Channel
    1070
2
    1000
LeadIn
    1002
{
    1070
0
    1040
0
    1040
0
    1040
0
    1040
0
    1070
0
    1040
0
    1070
0
    1002
}
    1000
LeadOut
    1002
{
    1070
0
    1040
0
    1040
0
    1040
0
    1070
0
    1002
}
       0
INSERT
       5
2132
     100
AcDbEntity
       8
2
     100
AcDbBlockReference
       2
Part1818492252
      10
4436.22457725234
      20
6421.28835701038
      30
0
      41
1
      42
1
      50
90.0000001836389
    1001
FS_CYPCUT
    1000
Channel
    1070
2
    1000
LeadIn
    1002
{
    1070
0
    1040
0
    1040
0
    1040
0
    1040
0
    1070
0
    1040
0
    1070
0
    1002
}
    1000
LeadOut
    1002
{
    1070
0
    1040
0
    1040
0
    1040
0
    1070
0
    1002
}
       0
INSERT
       5
2133
     100
AcDbEntity
       8
2
     100
AcDbBlockReference
       2
Part1862921080
      10
4433.7712074231
      20
6480.5463683509
      30
0
      41
1
      42
1
      50
269.999999977959
    1001
FS_CYPCUT
    1000
Channel
    1070
2
    1000
LeadIn
    1002
{
    1070
0
    1040
0
    1040
0
    1040
0
    1040
0
    1070
0
    1040
0
    1070
0
    1002
}
    1000
LeadOut
    1002
{
    1070
0
    1040
0
    1040
0
    1040
0
    1070
0
    1002
}
       0
LWPOLYLINE
       5
2134
     100
AcDbEntity
       8
1
     100
AcDbPolyline
      90
5
      70
1
      10
4496.54049261912
      20
6255.19041274278
      42
0
      10
4496.54049261912
      20
6510.19041274278
      42
0.155162961296847
      10
4486.54049261912
      20
6478.74204235578
      42
0
      10
4486.54049261912
      20
6257.19041274278
      42
0.414213562373103
      10
4488.54049261912
      20
6255.19041274278
      42
0
    1001
FS_CYPCUT
    1000
Channel
    1070
1
    1000
LeadIn
    1002
{
    1070
0
    1040
0
    1040
0
    1040
0
    1040
0
    1070
0
    1040
0
    1070
0
    1002
}
    1000
LeadOut
    1002
{
    1070
0
    1040
0
    1040
0
    1040
0
    1070
0
    1002
}
    1000
IsFill
    1070
1
    1000
PathStart
    1040
0
    1000
ToolCompensation
    1002
{
    1070
0
    1040
0
    1070
0
    1002
}
    1000
MicroConnect
    1002
{
    1070
1
    1040
0.460784314
    1041
0.5
    1042
0
    1002
}
       0
INSERT
       5
2135
     100
AcDbEntity
       8
1
     100
AcDbBlockReference
       2
Part1726915035
      10
4499.52999268547
      20
6463.48341276875
      30
0
      41
1
      42
1
      50
269.999999977959
    1001
FS_CYPCUT
    1000
Channel
    1070
1
    1000
LeadIn
    1002
{
    1070
0
    1040
0
    1040
0
    1040
0
    1040
0
    1070
0
    1040
0
    1070
0
    1002
}
    1000
LeadOut
    1002
{
    1070
0
    1040
0
    1040
0
    1040
0
    1070
0
    1002
}
       0
INSERT
       5
2136
     100
AcDbEntity
       8
2
     100
AcDbBlockReference
       2
Part490871844
      10
4580.80614401911
      20
6516.26449754278
      30
0
      41
1
      42
1
      50
180
    1001
FS_CYPCUT
    1000
Channel
    1070
2
    1000
LeadIn
    1002
{
    1070
0
    1040
0
    1040
0
    1040
0
    1040
0
    1070
0
    1040
0
    1070
0
    1002
}
    1000
LeadOut
    1002
{
    1070
0
    1040
0
    1040
0
    1040
0
    1070
0
    1002
}
       0
LWPOLYLINE
       5
2137
     100
AcDbEntity
       8
1
     100
AcDbPolyline
      90
5
      70
1
      10
4647.52089261912
      20
6118.48341274278
      42
0
      10
4647.52089261912
      20
6373.48341274278
      42
0.155162961296847
      10
4637.52089261912
      20
6342.03504235578
      42
0
      10
4637.52089261912
      20
6120.48341274278
      42
0.414213562373103
      10
4639.52089261912
      20
6118.48341274278
      42
0
    1001
FS_CYPCUT
    1000
Channel
    1070
1
    1000
LeadIn
    1002
{
    1070
0
    1040
0
    1040
0
    1040
0
    1040
0
    1070
0
    1040
0
    1070
0
    1002
}
    1000
LeadOut
    1002
{
    1070
0
    1040
0
    1040
0
    1040
0
    1070
0
    1002
}
    1000
IsFill
    1070
1
    1000
PathStart
    1040
0
    1000
ToolCompensation
    1002
{
    1070
0
    1040
0
    1070
0
    1002
}
    1000
MicroConnect
    1002
{
    1070
1
    1040
0.460784314
    1041
0.5
    1042
0
    1002
}
       0
ENDSEC
  0
SECTION
  2
OBJECTS
  0
DICTIONARY
  5
111
330
0
100
AcDbDictionary
281
     1
  3
ACAD_COLOR
350
120
  3
ACAD_GROUP
350
112
  3
ACAD_LAYOUT
350
11E
  3
ACAD_MATERIAL
350
11F
  3
ACAD_MLINESTYLE
350
11B
  3
ACAD_PLOTSETTINGS
350
11D
  3
ACAD_PLOTSTYLENAME
350
113
  3
ACAD_TABLESTYLE
350
121
  3
AcDbVariableDictionary
350
135
  0
DICTIONARY
  5
120
102
{ACAD_REACTORS
330
111
102
}
330
111
100
AcDbDictionary
281
     1
  0
DICTIONARY
  5
112
102
{ACAD_REACTORS
330
111
102
}
330
111
100
AcDbDictionary
281
     1
  0
DICTIONARY
  5
11E
102
{ACAD_REACTORS
330
111
102
}
330
111
100
AcDbDictionary
281
     1
  3
Model
350
12A
  3
布局1
350
126
  0
DICTIONARY
  5
11F
102
{ACAD_REACTORS
330
111
102
}
330
111
100
AcDbDictionary
281
     1
  0
DICTIONARY
  5
11B
102
{ACAD_REACTORS
330
111
102
}
330
111
100
AcDbDictionary
281
     1
  3
Standard
350
11C
  0
DICTIONARY
  5
11D
102
{ACAD_REACTORS
330
111
102
}
330
111
100
AcDbDictionary
281
     1
  0
ACDBDICTIONARYWDFLT
  5
113
102
{ACAD_REACTORS
330
111
102
}
330
111
100
AcDbDictionary
281
     1
  3
Normal
350
114
100
AcDbDictionaryWithDefault
340
114
  0
DICTIONARY
  5
121
102
{ACAD_REACTORS
330
111
102
}
330
111
100
AcDbDictionary
281
     1
  3
Standard
350
122
  0
DICTIONARY
  5
135
102
{ACAD_REACTORS
330
111
102
}
330
111
100
AcDbDictionary
281
     1
  3
CTABLESTYLE
350
136
  0
LAYOUT
  5
12A
102
{ACAD_REACTORS
330
11E
102
}
330
11E
100
AcDbPlotSettings
  1

  2
发送至 OneNote 2010
  4

  6

 40
0.0
 41
0.0
 42
0.0
 43
0.0
 44
0.0
 45
0.0
 46
0.0
 47
0.0
 48
0.0
 49
0.0
140
0.0
141
0.0
142
1.0
143
1.0
 70
  1712
 72
     0
 73
     0
 74
     0
  7

 75
     0
147
1.0
 76
     0
 77
     2
 78
   300
148
0.0
149
0.0
100
AcDbLayout
  1
Model
 70
     1
 71
     0
 10
0.0
 20
0.0
 11
12.0
 21
9.0
 12
0.0
 22
0.0
 32
0.0
 14
0.0
 24
0.0
 34
0.0
 15
0.0
 25
0.0
 35
0.0
146
0.0
 13
0.0
 23
0.0
 33
0.0
 16
1.0
 26
0.0
 36
0.0
 17
0.0
 27
1.0
 37
0.0
 76
     0
330
127
  0
LAYOUT
  5
126
102
{ACAD_REACTORS
330
11E
102
}
330
11E
100
AcDbPlotSettings
  1

  2
发送至 OneNote 2010
  4

  6

 40
0.0
 41
0.0
 42
0.0
 43
0.0
 44
0.0
 45
0.0
 46
0.0
 47
0.0
 48
0.0
 49
0.0
140
0.0
141
0.0
142
1.0
143
1.0
 70
   688
 72
     0
 73
     0
 74
     5
  7

 75
    16
147
1.0
 76
     0
 77
     2
 78
   300
148
0.0
149
0.0
100
AcDbLayout
  1
布局1
 70
     1
 71
     1
 10
0.0
 20
0.0
 11
12.0
 21
9.0
 12
0.0
 22
0.0
 32
0.0
 14
0.0
 24
0.0
 34
0.0
 15
0.0
 25
0.0
 35
0.0
146
0.0
 13
0.0
 23
0.0
 33
0.0
 16
1.0
 26
0.0
 36
0.0
 17
0.0
 27
1.0
 37
0.0
 76
     0
330
123
  0
MLINESTYLE
  5
11C
102
{ACAD_REACTORS
330
11B
102
}
330
11B
100
AcDbMlineStyle
  2
STANDARD
 70
     0
  3

 62
   256
 51
90.0
 52
90.0
 71
     2
 49
0.5
 62
   256
  6
BYLAYER
 49
-0.5
 62
   256
  6
BYLAYER
  0
ACDBPLACEHOLDER
  5
114
102
{ACAD_REACTORS
330
113
102
}
330
113
  0
TABLESTYLE
  5
122
102
{ACAD_REACTORS
330
121
102
}
330
121
100
AcDbTableStyle
  3
Standard
 70
     0
 71
     0
 40
0.06
 41
0.06
280
     0
281
     0
  7
STANDARD
140
0.18
170
     2
 62
     0
 63
     7
283
     0
274
    -2
284
     1
 64
     0
275
    -2
285
     1
 65
     0
276
    -2
286
     1
 66
     0
277
    -2
287
     1
 67
     0
278
    -2
288
     1
 68
     0
279
    -2
289
     1
 69
     0
  7
STANDARD
140
0.25
170
     5
 62
     0
 63
     7
283
     0
274
    -2
284
     1
 64
     0
275
    -2
285
     1
 65
     0
276
    -2
286
     1
 66
     0
277
    -2
287
     1
 67
     0
278
    -2
288
     1
 68
     0
279
    -2
289
     1
 69
     0
  7
STANDARD
140
0.18
170
     5
 62
     0
 63
     7
283
     0
274
    -2
284
     1
 64
     0
275
    -2
285
     1
 65
     0
276
    -2
286
     1
 66
     0
277
    -2
287
     1
 67
     0
278
    -2
288
     1
 68
     0
279
    -2
289
     1
 69
     0
  0
DICTIONARYVAR
  5
136
102
{ACAD_REACTORS
330
135
102
}
330
135
100
DictionaryVariables
280
     0
  1
STANDARD
  0
ENDSEC
  0
EOF
