  0
SECTION
  2
HEADER
  9
$ACADVER
  1
AC1018
  9
$ACADMAINTVER
 70
    77
  9
$DWGCODEPAGE
  3
ANSI_936
  9
$INSBASE
 10
0.0
 20
0.0
 30
0.0
  9
$EXTMIN
 10
8293.06830246883
 20
14042.2679024684
 30
0.0
  9
$EXTMAX
 10
9488.87503786691
 20
16992.7300225054
 30
0.0
  9
$LIMMIN
 10
0.0
 20
0.0
  9
$LIMMAX
 10
420.0
 20
297.0
  9
$ORTHOMODE
 70
     0
  9
$REGENMODE
 70
     1
  9
$FILLMODE
 70
     1
  9
$QTEXTMODE
 70
     0
  9
$MIRRTEXT
 70
     0
  9
$LTSCALE
 40
1.0
  9
$ATTMODE
 70
     1
  9
$TEXTSIZE
 40
2.5
  9
$TRACEWID
 40
1.0
  9
$TEXTSTYLE
  7
STANDARD
  9
$CLAYER
  8
0
  9
$CELTYPE
  6
ByLayer
  9
$CECOLOR
 62
   256
  9
$CELTSCALE
 40
1.0
  9
$DISPSILH
 70
     0
  9
$DIMSCALE
 40
1.0
  9
$DIMASZ
 40
2.5
  9
$DIMEXO
 40
0.625
  9
$DIMDLI
 40
3.75
  9
$DIMRND
 40
0.0
  9
$DIMDLE
 40
0.0
  9
$DIMEXE
 40
1.25
  9
$DIMTP
 40
0.0
  9
$DIMTM
 40
0.0
  9
$DIMTXT
 40
2.5
  9
$DIMCEN
 40
2.5
  9
$DIMTSZ
 40
0.0
  9
$DIMTOL
 70
     0
  9
$DIMLIM
 70
     0
  9
$DIMTIH
 70
     0
  9
$DIMTOH
 70
     0
  9
$DIMSE1
 70
     0
  9
$DIMSE2
 70
     0
  9
$DIMTAD
 70
     1
  9
$DIMZIN
 70
     8
  9
$DIMBLK
  1

  9
$DIMASO
 70
     1
  9
$DIMSHO
 70
     1
  9
$DIMPOST
  1

  9
$DIMAPOST
  1

  9
$DIMALT
 70
     0
  9
$DIMALTD
 70
     3
  9
$DIMALTF
 40
0.03937007874016
  9
$DIMLFAC
 40
1.0
  9
$DIMTOFL
 70
     1
  9
$DIMTVP
 40
0.0
  9
$DIMTIX
 70
     0
  9
$DIMSOXD
 70
     0
  9
$DIMSAH
 70
     0
  9
$DIMBLK1
  1

  9
$DIMBLK2
  1

  9
$DIMSTYLE
  2
ISO-25
  9
$DIMCLRD
 70
     0
  9
$DIMCLRE
 70
     0
  9
$DIMCLRT
 70
     0
  9
$DIMTFAC
 40
1.0
  9
$DIMGAP
 40
0.625
  9
$DIMJUST
 70
     0
  9
$DIMSD1
 70
     0
  9
$DIMSD2
 70
     0
  9
$DIMTOLJ
 70
     1
  9
$DIMTZIN
 70
     0
  9
$DIMALTZ
 70
     0
  9
$DIMALTTZ
 70
     0
  9
$DIMUPT
 70
     0
  9
$DIMDEC
 70
     4
  9
$DIMTDEC
 70
     4
  9
$DIMALTU
 70
     2
  9
$DIMALTTD
 70
     2
  9
$DIMTXSTY
  7
STANDARD
  9
$DIMAUNIT
 70
     0
  9
$DIMADEC
 70
     0
  9
$DIMALTRND
 40
0.0
  9
$DIMAZIN
 70
     0
  9
$DIMDSEP
 70
    46
  9
$DIMATFIT
 70
     3
  9
$DIMFRAC
 70
     0
  9
$DIMLDRBLK
  1

  9
$DIMLUNIT
 70
     2
  9
$DIMLWD
 70
    -2
  9
$DIMLWE
 70
    -2
  9
$DIMTMOVE
 70
     0
  9
$LUNITS
 70
     2
  9
$LUPREC
 70
     4
  9
$SKETCHINC
 40
1.0
  9
$FILLETRAD
 40
0.0
  9
$AUNITS
 70
     0
  9
$AUPREC
 70
     0
  9
$MENU
  1
.
  9
$ELEVATION
 40
0.0
  9
$PELEVATION
 40
0.0
  9
$THICKNESS
 40
0.0
  9
$LIMCHECK
 70
     0
  9
$CHAMFERA
 40
0.0
  9
$CHAMFERB
 40
0.0
  9
$CHAMFERC
 40
0.0
  9
$CHAMFERD
 40
0.0
  9
$SKPOLY
 70
     0
  9
$TDCREATE
 40
2456997.676706910
  9
$TDUCREATE
 40
2456997.343373576
  9
$TDUPDATE
 40
2456997.680113438
  9
$TDUUPDATE
 40
2456997.346780104
  9
$TDINDWG
 40
0.0010312963
  9
$TDUSRTIMER
 40
0.0010311806
  9
$USRTIMER
 70
     1
  9
$ANGBASE
 50
0.0
  9
$ANGDIR
 70
     0
  9
$PDMODE
 70
     0
  9
$PDSIZE
 40
0.0
  9
$PLINEWID
 40
0.0
  9
$SPLFRAME
 70
     0
  9
$SPLINETYPE
 70
     6
  9
$SPLINESEGS
 70
     8
  9
$HANDSEED
  5
2533
  9
$SURFTAB1
 70
     6
  9
$SURFTAB2
 70
     6
  9
$SURFTYPE
 70
     6
  9
$SURFU
 70
     6
  9
$SURFV
 70
     6
  9
$UCSBASE
  2

  9
$UCSNAME
  2

  9
$UCSORG
 10
0.0
 20
0.0
 30
0.0
  9
$UCSXDIR
 10
1.0
 20
0.0
 30
0.0
  9
$UCSYDIR
 10
0.0
 20
1.0
 30
0.0
  9
$UCSORTHOREF
  2

  9
$UCSORTHOVIEW
 70
     0
  9
$UCSORGTOP
 10
0.0
 20
0.0
 30
0.0
  9
$UCSORGBOTTOM
 10
0.0
 20
0.0
 30
0.0
  9
$UCSORGLEFT
 10
0.0
 20
0.0
 30
0.0
  9
$UCSORGRIGHT
 10
0.0
 20
0.0
 30
0.0
  9
$UCSORGFRONT
 10
0.0
 20
0.0
 30
0.0
  9
$UCSORGBACK
 10
0.0
 20
0.0
 30
0.0
  9
$PUCSBASE
  2

  9
$PUCSNAME
  2

  9
$PUCSORG
 10
0.0
 20
0.0
 30
0.0
  9
$PUCSXDIR
 10
1.0
 20
0.0
 30
0.0
  9
$PUCSYDIR
 10
0.0
 20
1.0
 30
0.0
  9
$PUCSORTHOREF
  2

  9
$PUCSORTHOVIEW
 70
     0
  9
$PUCSORGTOP
 10
0.0
 20
0.0
 30
0.0
  9
$PUCSORGBOTTOM
 10
0.0
 20
0.0
 30
0.0
  9
$PUCSORGLEFT
 10
0.0
 20
0.0
 30
0.0
  9
$PUCSORGRIGHT
 10
0.0
 20
0.0
 30
0.0
  9
$PUCSORGFRONT
 10
0.0
 20
0.0
 30
0.0
  9
$PUCSORGBACK
 10
0.0
 20
0.0
 30
0.0
  9
$USERI1
 70
     0
  9
$USERI2
 70
     0
  9
$USERI3
 70
     0
  9
$USERI4
 70
     0
  9
$USERI5
 70
     0
  9
$USERR1
 40
0.0
  9
$USERR2
 40
0.0
  9
$USERR3
 40
0.0
  9
$USERR4
 40
0.0
  9
$USERR5
 40
0.0
  9
$WORLDVIEW
 70
     1
  9
$SHADEDGE
 70
     3
  9
$SHADEDIF
 70
    70
  9
$TILEMODE
 70
     1
  9
$MAXACTVP
 70
    64
  9
$PINSBASE
 10
0.0
 20
0.0
 30
0.0
  9
$PLIMCHECK
 70
     0
  9
$PEXTMIN
 10
0.0
 20
0.0
 30
0.0
  9
$PEXTMAX
 10
0.0
 20
0.0
 30
0.0
  9
$PLIMMIN
 10
0.0
 20
0.0
  9
$PLIMMAX
 10
12.0
 20
9.0
  9
$UNITMODE
 70
     0
  9
$VISRETAIN
 70
     1
  9
$PLINEGEN
 70
     0
  9
$PSLTSCALE
 70
     1
  9
$TREEDEPTH
 70
  3020
  9
$CMLSTYLE
  2
Standard
  9
$CMLJUST
 70
     0
  9
$CMLSCALE
 40
1.0
  9
$PROXYGRAPHICS
 70
     1
  9
$MEASUREMENT
 70
     1
  9
$CELWEIGHT
370
    -1
  9
$ENDCAPS
280
     0
  9
$JOINSTYLE
280
     0
  9
$LWDISPLAY
290
     0
  9
$INSUNITS
 70
     0
  9
$HYPERLINKBASE
  1

  9
$STYLESHEET
  1

  9
$XEDIT
290
     1
  9
$CEPSNTYPE
380
     0
  9
$PSTYLEMODE
290
     1
  9
$FINGERPRINTGUID
  2
{1F2D6530-6BF2-4D5E-922F-A9C54F637010}
  9
$VERSIONGUID
  2
{15AD9CB5-51D1-451C-B472-5DB36EFAD6AD}
  9
$EXTNAMES
290
     1
  9
$PSVPSCALE
 40
0.0
  9
$OLESTARTUP
290
     0
  9
$SORTENTS
280
   127
  9
$INDEXCTL
280
     0
  9
$HIDETEXT
280
     0
  9
$XCLIPFRAME
290
     0
  9
$HALOGAP
280
     0
  9
$OBSCOLOR
 70
   257
  9
$OBSLTYPE
280
     0
  9
$INTERSECTIONDISPLAY
280
     0
  9
$INTERSECTIONCOLOR
 70
   257
  9
$DIMASSOC
280
     1
  9
$PROJECTNAME
  1

  0
ENDSEC
  0
SECTION
  2
CLASSES
  0
CLASS
  1
ACDBDICTIONARYWDFLT
  2
AcDbDictionaryWithDefault
  3
ObjectDBX Classes
 90
        0
 91
        1
280
     0
281
     0
  0
CLASS
  1
TABLESTYLE
  2
AcDbTableStyle
  3
ObjectDBX Classes
 90
     2047
 91
        1
280
     0
281
     0
  0
CLASS
  1
DICTIONARYVAR
  2
AcDbDictionaryVar
  3
ObjectDBX Classes
 90
        0
 91
        1
280
     0
281
     0
  0
ENDSEC
  0
SECTION
  2
TABLES
  0
TABLE
  2
VPORT
  5
10D
330
0
100
AcDbSymbolTable
 70
     2
  0
VPORT
  5
137
330
10D
100
AcDbSymbolTableRecord
100
AcDbViewportTableRecord
  2
*Active
 70
     0
 10
0.0
 20
0.0
 11
1.0
 21
1.0
 12
8890.97167016787
 22
15517.4989624869
 13
0.0
 23
0.0
 14
10.0
 24
10.0
 15
10.0
 25
10.0
 16
0.0
 26
0.0
 36
1.0
 17
0.0
 27
0.0
 37
0.0
 40
551.708552688342
 41
2.435135135135135
 42
50.0
 43
0.0
 44
0.0
 50
0.0
 51
0.0
 71
     0
 72
  1000
 73
     1
 74
     3
 75
     0
 76
     0
 77
     0
 78
     0
281
     0
 65
     1
110
0.0
120
0.0
130
0.0
111
1.0
121
0.0
131
0.0
112
0.0
122
1.0
132
0.0
 79
     0
146
0.0
  0
ENDTAB
  0
TABLE
  2
LTYPE
  5
10A
330
0
100
AcDbSymbolTable
 70
     1
  0
LTYPE
  5
118
330
10A
100
AcDbSymbolTableRecord
100
AcDbLinetypeTableRecord
  2
ByBlock
 70
     0
  3

 72
    65
 73
     0
 40
0.0
  0
LTYPE
  5
119
330
10A
100
AcDbSymbolTableRecord
100
AcDbLinetypeTableRecord
  2
ByLayer
 70
     0
  3

 72
    65
 73
     0
 40
0.0
  0
LTYPE
  5
11A
330
10A
100
AcDbSymbolTableRecord
100
AcDbLinetypeTableRecord
  2
CONTINUOUS
 70
     0
  3
Solid line
 72
    65
 73
     0
 40
0.0
  0
ENDTAB
  0
TABLE
  2
LAYER
  5
107
330
0
100
AcDbSymbolTable
 70
     1
  0
LAYER
  5
115
330
107
100
AcDbSymbolTableRecord
100
AcDbLayerTableRecord
  2
0
 70
     0
 62
     7
  6
CONTINUOUS
370
    -3
390
114
  0
ENDTAB
  0
TABLE
  2
STYLE
  5
108
330
0
100
AcDbSymbolTable
 70
     1
  0
STYLE
  5
116
330
108
100
AcDbSymbolTableRecord
100
AcDbTextStyleTableRecord
  2
STANDARD
 70
     0
 40
0.0
 41
1.0
 50
0.0
 71
     0
 42
2.5
  3
txt
  4
gbcbig.shx
  0
ENDTAB
  0
TABLE
  2
VIEW
  5
10B
330
0
100
AcDbSymbolTable
 70
     0
  0
ENDTAB
  0
TABLE
  2
UCS
  5
10C
330
0
100
AcDbSymbolTable
 70
     0
  0
ENDTAB
  0
TABLE
  2
APPID
  5
10E
330
0
100
AcDbSymbolTable
 70
     2
  0
APPID
  5
117
330
10E
100
AcDbSymbolTableRecord
100
AcDbRegAppTableRecord
  2
ACAD
 70
     0
  0
APPID
  5
12C
330
10E
100
AcDbSymbolTableRecord
100
AcDbRegAppTableRecord
  2
ACAD_PSEXT
 70
     0
  0
APPID
  5
112C
330
10E
100
AcDbSymbolTableRecord
100
AcDbRegAppTableRecord
  2
FS_CYPCUT
 70
     0
  0
ENDTAB
  0
TABLE
  2
DIMSTYLE
  5
10F
330
0
100
AcDbSymbolTable
 70
     1
100
AcDbDimStyleTable
 71
     0
  0
DIMSTYLE
105
12D
330
10F
100
AcDbSymbolTableRecord
100
AcDbDimStyleTableRecord
  2
ISO-25
 70
     0
 41
2.5
 42
0.625
 43
3.75
 44
1.25
 73
     0
 74
     0
 77
     1
 78
     8
140
2.5
141
2.5
143
0.03937007874016
147
0.625
171
     3
172
     1
274
     3
279
     2
284
     8
285
     8
286
     8
340
116
  0
ENDTAB
  0
TABLE
  2
BLOCK_RECORD
  5
106
330
0
100
AcDbSymbolTable
 70
     2
  0
BLOCK_RECORD
  5
127
330
106
100
AcDbSymbolTableRecord
100
AcDbBlockTableRecord
  2
*Model_Space
340
12A
  0
BLOCK_RECORD
  5
123
330
106
100
AcDbSymbolTableRecord
100
AcDbBlockTableRecord
  2
*Paper_Space
340
126
  0
BLOCK_RECORD
  5
130
330
106
100
AcDbSymbolTableRecord
100
AcDbBlockTableRecord
  2
$MODEL_SPACE
340
0
  0
BLOCK_RECORD
  5
132
330
106
100
AcDbSymbolTableRecord
100
AcDbBlockTableRecord
  2
$PAPER_SPACE
340
0
       0
BLOCK_RECORD
       5
2000
     330
106
     100
AcDbSymbolTableRecord
     100
AcDbBlockTableRecord
       2
Part2130793501
       0
BLOCK_RECORD
       5
2001
     330
106
     100
AcDbSymbolTableRecord
     100
AcDbBlockTableRecord
       2
Part967037636
       0
BLOCK_RECORD
       5
2002
     330
106
     100
AcDbSymbolTableRecord
     100
AcDbBlockTableRecord
       2
Part1392799702
       0
BLOCK_RECORD
       5
2003
     330
106
     100
AcDbSymbolTableRecord
     100
AcDbBlockTableRecord
       2
Part1988496389
       0
BLOCK_RECORD
       5
2004
     330
106
     100
AcDbSymbolTableRecord
     100
AcDbBlockTableRecord
       2
Part1080933478
       0
BLOCK_RECORD
       5
2005
     330
106
     100
AcDbSymbolTableRecord
     100
AcDbBlockTableRecord
       2
Part1694775087
       0
BLOCK_RECORD
       5
2006
     330
106
     100
AcDbSymbolTableRecord
     100
AcDbBlockTableRecord
       2
Part1492936435
       0
BLOCK_RECORD
       5
2007
     330
106
     100
AcDbSymbolTableRecord
     100
AcDbBlockTableRecord
       2
Part1594479599
       0
BLOCK_RECORD
       5
2008
     330
106
     100
AcDbSymbolTableRecord
     100
AcDbBlockTableRecord
       2
Part268248498
       0
BLOCK_RECORD
       5
2009
     330
106
     100
AcDbSymbolTableRecord
     100
AcDbBlockTableRecord
       2
Part486148223
       0
BLOCK_RECORD
       5
200A
     330
106
     100
AcDbSymbolTableRecord
     100
AcDbBlockTableRecord
       2
Part1027598461
       0
BLOCK_RECORD
       5
200B
     330
106
     100
AcDbSymbolTableRecord
     100
AcDbBlockTableRecord
       2
Part1511031413
       0
BLOCK_RECORD
       5
200C
     330
106
     100
AcDbSymbolTableRecord
     100
AcDbBlockTableRecord
       2
Part223061584
       0
BLOCK_RECORD
       5
200D
     330
106
     100
AcDbSymbolTableRecord
     100
AcDbBlockTableRecord
       2
Part2126775188
       0
BLOCK_RECORD
       5
200E
     330
106
     100
AcDbSymbolTableRecord
     100
AcDbBlockTableRecord
       2
Part307412221
       0
BLOCK_RECORD
       5
200F
     330
106
     100
AcDbSymbolTableRecord
     100
AcDbBlockTableRecord
       2
Part1062887064
       0
BLOCK_RECORD
       5
2010
     330
106
     100
AcDbSymbolTableRecord
     100
AcDbBlockTableRecord
       2
Part528026419
       0
BLOCK_RECORD
       5
2011
     330
106
     100
AcDbSymbolTableRecord
     100
AcDbBlockTableRecord
       2
Part2092942849
       0
BLOCK_RECORD
       5
2012
     330
106
     100
AcDbSymbolTableRecord
     100
AcDbBlockTableRecord
       2
Part1886971956
       0
BLOCK_RECORD
       5
2013
     330
106
     100
AcDbSymbolTableRecord
     100
AcDbBlockTableRecord
       2
Part300410378
       0
BLOCK_RECORD
       5
2014
     330
106
     100
AcDbSymbolTableRecord
     100
AcDbBlockTableRecord
       2
Part1941953800
  0
ENDTAB
  0
ENDSEC
  0
SECTION
  2
BLOCKS
  0
BLOCK
  5
128
330
127
100
AcDbEntity
  8
0
100
AcDbBlockBegin
  2
*Model_Space
 70
     0
 10
0.0
 20
0.0
 30
0.0
  3
*Model_Space
  1

  0
ENDBLK
  5
129
330
127
100
AcDbEntity
  8
0
100
AcDbBlockEnd
  0
BLOCK
  5
124
330
123
100
AcDbEntity
 67
     1
  8
0
100
AcDbBlockBegin
  2
*Paper_Space
 70
     0
 10
0.0
 20
0.0
 30
0.0
  3
*Paper_Space
  1

  0
ENDBLK
  5
125
330
123
100
AcDbEntity
 67
     1
  8
0
100
AcDbBlockEnd
  0
BLOCK
  5
131
330
130
100
AcDbEntity
  8
0
100
AcDbBlockBegin
  2
$MODEL_SPACE
 70
     0
 10
0.0
 20
0.0
 30
0.0
  3
$MODEL_SPACE
  1

  0
ENDBLK
  5
21
330
130
100
AcDbEntity
  8
0
100
AcDbBlockEnd
  0
BLOCK
  5
133
330
132
100
AcDbEntity
  8
0
100
AcDbBlockBegin
  2
$PAPER_SPACE
 70
     0
 10
0.0
 20
0.0
 30
0.0
  3
$PAPER_SPACE
  1

  0
ENDBLK
  5
D5
330
132
100
AcDbEntity
  8
0
100
AcDbBlockEnd
       0
BLOCK
       5
2015
     330
2000
     100
AcDbEntity
       8
0
     100
AcDbBlockBegin
       2
Part2130793501
      70
0
      10
-622
      20
-136.676663
      30
0
       3
Part2130793501
       1

       4
CypCutBlock
       0
LINE
       5
2016
     100
AcDbEntity
       8
2
     100
AcDbLine
      10
-530
      20
-111.4249556048
      30
0
      11
-380
      21
-111.4249556048
      31
0
    1001
FS_CYPCUT
    1000
Channel
    1070
2
    1000
LeadIn
    1002
{
    1070
3
    1040
0
    1040
1.5707963267949
    1040
0.5
    1040
0.3
    1070
0
    1040
0.5
    1070
0
    1002
}
    1000
LeadOut
    1002
{
    1070
0
    1040
0
    1040
0
    1040
0
    1070
0
    1002
}
    1000
IsFill
    1070
0
    1000
PathStart
    1040
0
    1000
ToolCompensation
    1002
{
    1070
0
    1040
0
    1070
0
    1002
}
       0
LINE
       5
2017
     100
AcDbEntity
       8
2
     100
AcDbLine
      10
-380
      20
-88.5866238723
      30
0
      11
-530
      21
-88.5866238723
      31
0
    1001
FS_CYPCUT
    1000
Channel
    1070
2
    1000
LeadIn
    1002
{
    1070
3
    1040
0
    1040
1.5707963267949
    1040
0.5
    1040
0.3
    1070
0
    1040
0.5
    1070
0
    1002
}
    1000
LeadOut
    1002
{
    1070
0
    1040
0
    1040
0
    1040
0
    1070
0
    1002
}
    1000
IsFill
    1070
0
    1000
PathStart
    1040
0
    1000
ToolCompensation
    1002
{
    1070
0
    1040
0
    1070
0
    1002
}
       0
CIRCLE
       5
2018
     100
AcDbEntity
       8
1
     100
AcDbCircle
      10
-455
      20
-126.6766634651
      30
0
      40
3.75000000000003
    1001
FS_CYPCUT
    1000
Channel
    1070
1
    1000
LeadIn
    1002
{
    1070
3
    1040
8.60422844084496E-16
    1040
1.5707963267949
    1040
0.5
    1040
0.3
    1070
0
    1040
0.5
    1070
0
    1002
}
    1000
LeadOut
    1002
{
    1070
0
    1040
0
    1040
0
    1040
0
    1070
0
    1002
}
    1000
IsFill
    1070
0
    1000
PathStart
    1040
8.60422844084496E-16
    1000
ToolCompensation
    1002
{
    1070
0
    1040
0
    1070
0
    1002
}
       0
LWPOLYLINE
       5
2019
     100
AcDbEntity
       8
1
     100
AcDbPolyline
      90
4
      70
1
      10
-464
      20
128.1574330868
      42
1
      10
-472
      20
128.1574330868
      42
0
      10
-472
      20
118.1574330868
      42
1
      10
-464
      20
118.1574330868
      42
0
    1001
FS_CYPCUT
    1000
Channel
    1070
1
    1000
LeadIn
    1002
{
    1070
3
    1040
1.5
    1040
1.5707963267949
    1040
0.5
    1040
0.3
    1070
0
    1040
0.5
    1070
0
    1002
}
    1000
LeadOut
    1002
{
    1070
0
    1040
0
    1040
0
    1040
0
    1070
0
    1002
}
    1000
IsFill
    1070
0
    1000
PathStart
    1040
1.5
    1000
ToolCompensation
    1002
{
    1070
0
    1040
0
    1070
0
    1002
}
       0
LINE
       5
201A
     100
AcDbEntity
       8
2
     100
AcDbLine
      10
-543.5579086348
      20
86.3287165434
      30
0
      11
307
      21
86.3287165434
      31
0
    1001
FS_CYPCUT
    1000
Channel
    1070
2
    1000
LeadIn
    1002
{
    1070
3
    1040
0
    1040
1.5707963267949
    1040
0.5
    1040
0.3
    1070
0
    1040
0.5
    1070
0
    1002
}
    1000
LeadOut
    1002
{
    1070
0
    1040
0
    1040
0
    1040
0
    1070
0
    1002
}
    1000
IsFill
    1070
0
    1000
PathStart
    1040
0
    1000
ToolCompensation
    1002
{
    1070
0
    1040
0
    1070
0
    1002
}
       0
LWPOLYLINE
       5
201B
     100
AcDbEntity
       8
1
     100
AcDbPolyline
      90
4
      70
1
      10
-74
      20
128.1574330868
      42
1
      10
-82
      20
128.1574330868
      42
0
      10
-82
      20
118.1574330868
      42
1
      10
-74
      20
118.1574330868
      42
0
    1001
FS_CYPCUT
    1000
Channel
    1070
1
    1000
LeadIn
    1002
{
    1070
3
    1040
1.5
    1040
1.5707963267949
    1040
0.5
    1040
0.3
    1070
0
    1040
0.5
    1070
0
    1002
}
    1000
LeadOut
    1002
{
    1070
0
    1040
0
    1040
0
    1040
0
    1070
0
    1002
}
    1000
IsFill
    1070
0
    1000
PathStart
    1040
1.5
    1000
ToolCompensation
    1002
{
    1070
0
    1040
0
    1070
0
    1002
}
       0
SPLINE
       5
201C
     100
AcDbEntity
       8
1
     100
AcDbSpline
      70
0
      71
3
      72
244
      73
240
      74
0
      40
0
      40
0
      40
0
      40
0
      40
0.0166666666666667
      40
0.0166666666666667
      40
0.0166666666666667
      40
0.0166666666666667
      40
0.0333333333333333
      40
0.0333333333333333
      40
0.0333333333333333
      40
0.0333333333333333
      40
0.05
      40
0.05
      40
0.05
      40
0.05
      40
0.0666666666666667
      40
0.0666666666666667
      40
0.0666666666666667
      40
0.0666666666666667
      40
0.0833333333333333
      40
0.0833333333333333
      40
0.0833333333333333
      40
0.0833333333333333
      40
0.1
      40
0.1
      40
0.1
      40
0.1
      40
0.116666666666667
      40
0.116666666666667
      40
0.116666666666667
      40
0.116666666666667
      40
0.133333333333333
      40
0.133333333333333
      40
0.133333333333333
      40
0.133333333333333
      40
0.15
      40
0.15
      40
0.15
      40
0.15
      40
0.166666666666667
      40
0.166666666666667
      40
0.166666666666667
      40
0.166666666666667
      40
0.183333333333333
      40
0.183333333333333
      40
0.183333333333333
      40
0.183333333333333
      40
0.2
      40
0.2
      40
0.2
      40
0.2
      40
0.216666666666667
      40
0.216666666666667
      40
0.216666666666667
      40
0.216666666666667
      40
0.233333333333333
      40
0.233333333333333
      40
0.233333333333333
      40
0.233333333333333
      40
0.25
      40
0.25
      40
0.25
      40
0.25
      40
0.266666666666667
      40
0.266666666666667
      40
0.266666666666667
      40
0.266666666666667
      40
0.283333333333333
      40
0.283333333333333
      40
0.283333333333333
      40
0.283333333333333
      40
0.3
      40
0.3
      40
0.3
      40
0.3
      40
0.316666666666667
      40
0.316666666666667
      40
0.316666666666667
      40
0.316666666666667
      40
0.333333333333333
      40
0.333333333333333
      40
0.333333333333333
      40
0.333333333333333
      40
0.35
      40
0.35
      40
0.35
      40
0.35
      40
0.366666666666667
      40
0.366666666666667
      40
0.366666666666667
      40
0.366666666666667
      40
0.383333333333333
      40
0.383333333333333
      40
0.383333333333333
      40
0.383333333333333
      40
0.4
      40
0.4
      40
0.4
      40
0.4
      40
0.416666666666667
      40
0.416666666666667
      40
0.416666666666667
      40
0.416666666666667
      40
0.433333333333333
      40
0.433333333333333
      40
0.433333333333333
      40
0.433333333333333
      40
0.45
      40
0.45
      40
0.45
      40
0.45
      40
0.466666666666667
      40
0.466666666666667
      40
0.466666666666667
      40
0.466666666666667
      40
0.483333333333333
      40
0.483333333333333
      40
0.483333333333333
      40
0.483333333333333
      40
0.5
      40
0.5
      40
0.5
      40
0.5
      40
0.516666666666667
      40
0.516666666666667
      40
0.516666666666667
      40
0.516666666666667
      40
0.533333333333333
      40
0.533333333333333
      40
0.533333333333333
      40
0.533333333333333
      40
0.55
      40
0.55
      40
0.55
      40
0.55
      40
0.566666666666667
      40
0.566666666666667
      40
0.566666666666667
      40
0.566666666666667
      40
0.583333333333333
      40
0.583333333333333
      40
0.583333333333333
      40
0.583333333333333
      40
0.6
      40
0.6
      40
0.6
      40
0.6
      40
0.616666666666667
      40
0.616666666666667
      40
0.616666666666667
      40
0.616666666666667
      40
0.633333333333333
      40
0.633333333333333
      40
0.633333333333333
      40
0.633333333333333
      40
0.65
      40
0.65
      40
0.65
      40
0.65
      40
0.666666666666667
      40
0.666666666666667
      40
0.666666666666667
      40
0.666666666666667
      40
0.683333333333333
      40
0.683333333333333
      40
0.683333333333333
      40
0.683333333333333
      40
0.7
      40
0.7
      40
0.7
      40
0.7
      40
0.716666666666667
      40
0.716666666666667
      40
0.716666666666667
      40
0.716666666666667
      40
0.733333333333333
      40
0.733333333333333
      40
0.733333333333333
      40
0.733333333333333
      40
0.75
      40
0.75
      40
0.75
      40
0.75
      40
0.766666666666667
      40
0.766666666666667
      40
0.766666666666667
      40
0.766666666666667
      40
0.783333333333333
      40
0.783333333333333
      40
0.783333333333333
      40
0.783333333333333
      40
0.8
      40
0.8
      40
0.8
      40
0.8
      40
0.816666666666667
      40
0.816666666666667
      40
0.816666666666667
      40
0.816666666666667
      40
0.833333333333333
      40
0.833333333333333
      40
0.833333333333333
      40
0.833333333333333
      40
0.85
      40
0.85
      40
0.85
      40
0.85
      40
0.866666666666667
      40
0.866666666666667
      40
0.866666666666667
      40
0.866666666666667
      40
0.883333333333333
      40
0.883333333333333
      40
0.883333333333333
      40
0.883333333333333
      40
0.9
      40
0.9
      40
0.9
      40
0.9
      40
0.916666666666667
      40
0.916666666666667
      40
0.916666666666667
      40
0.916666666666667
      40
0.933333333333333
      40
0.933333333333333
      40
0.933333333333333
      40
0.933333333333333
      40
0.95
      40
0.95
      40
0.95
      40
0.95
      40
0.966666666666667
      40
0.966666666666667
      40
0.966666666666667
      40
0.966666666666667
      40
0.983333333333333
      40
0.983333333333333
      40
0.983333333333333
      40
0.983333333333333
      40
1
      40
1
      40
1
      40
1
      10
-85.3049193013
      20
-22.993825906
      30
0
      10
-95.6624717465333
      20
-29.0521895163667
      30
0
      10
-106.020024191767
      20
-35.1105531267333
      30
0
      10
-116.377576637
      20
-41.1689167371
      30
0
      10
-116.377576637
      20
-41.1689167371
      30
0
      10
-116.226203916491
      20
-41.4424039396661
      30
0
      10
-116.06391059815
      20
-41.7006386512442
      30
0
      10
-115.891522812391
      20
-41.9442396638255
      30
0
      10
-115.891522812391
      20
-41.9442396638255
      30
0
      10
-114.850926649076
      20
-43.3974480642615
      30
0
      10
-113.491952642356
      20
-44.3635571256534
      30
0
      10
-111.696421795868
      20
-44.8798515412139
      30
0
      10
-111.696421795868
      20
-44.8798515412139
      30
0
      10
-110.028403387809
      20
-45.3538232428742
      30
0
      10
-107.927807912222
      20
-45.376762866203
      30
0
      10
-105.626357197292
      20
-44.7334468888354
      30
0
      10
-105.626357197292
      20
-44.7334468888354
      30
0
      10
-103.005796437652
      20
-44.0138120541822
      30
0
      10
-100.176370297863
      20
-42.3953300486071
      30
0
      10
-97.7972328766064
      20
-40.0935803063162
      30
0
      10
-97.7972328766064
      20
-40.0935803063162
      30
0
      10
-95.3327907092028
      20
-37.7358772035265
      30
0
      10
-93.3777934054888
      20
-34.6766692295697
      30
0
      10
-92.3333337612463
      20
-31.6116940330448
      30
0
      10
-92.3333337612463
      20
-31.6116940330448
      30
0
      10
-90.0224628638333
      20
-31.611694033
      30
0
      10
-87.7115919664667
      20
-31.611694033
      30
0
      10
-85.4007210691
      20
-31.611694033
      30
0
      10
-85.4007210691
      20
-31.611694033
      30
0
      10
-85.6644977160333
      20
-32.4760249433
      30
0
      10
-85.9282743629667
      20
-33.3403558536
      30
0
      10
-86.1920510099
      20
-34.2046867639
      30
0
      10
-86.1920510099
      20
-34.2046867639
      30
0
      10
-86.5501763528
      20
-35.0521320675333
      30
0
      10
-86.9083016957
      20
-35.8995773711667
      30
0
      10
-87.2664270386
      20
-36.7470226748
      30
0
      10
-87.2664270386
      20
-36.7470226748
      30
0
      10
-87.7133661591333
      20
-37.5644848887333
      30
0
      10
-88.1603052796667
      20
-38.3819471026667
      30
0
      10
-88.6072444002
      20
-39.1994093166
      30
0
      10
-88.6072444002
      20
-39.1994093166
      30
0
      10
-89.1360897403333
      20
-39.9742543540667
      30
0
      10
-89.6649350804667
      20
-40.7490993915333
      30
0
      10
-90.1937804206
      20
-41.523944429
      30
0
      10
-90.1937804206
      20
-41.523944429
      30
0
      10
-90.7963585409333
      20
-42.2441968626333
      30
0
      10
-91.3989366612667
      20
-42.9644492962667
      30
0
      10
-92.0015147816
      20
-43.6847017299
      30
0
      10
-92.0015147816
      20
-43.6847017299
      30
0
      10
-92.6685126837667
      20
-44.3392298748
      30
0
      10
-93.3355105859333
      20
-44.9937580197
      30
0
      10
-94.0025084881
      20
-45.6482861646
      30
0
      10
-94.0025084881
      20
-45.6482861646
      30
0
      10
-94.7236175496
      20
-46.2269741215667
      30
0
      10
-95.4447266111
      20
-46.8056620785333
      30
0
      10
-96.1658356726
      20
-47.3843500355
      30
0
      10
-96.1658356726
      20
-47.3843500355
      30
0
      10
-96.9299109692667
      20
-47.8782540348
      30
0
      10
-97.6939862659333
      20
-48.3721580341
      30
0
      10
-98.4580615626
      20
-48.8660620334
      30
0
      10
-98.4580615626
      20
-48.8660620334
      30
0
      10
-99.2532941160667
      20
-49.2675486629
      30
0
      10
-100.048526669533
      20
-49.6690352924
      30
0
      10
-100.843759223
      20
-50.0705219219
      30
0
      10
-100.843759223
      20
-50.0705219219
      30
0
      10
-101.657858511533
      20
-50.3733861034333
      30
0
      10
-102.471957800067
      20
-50.6762502849667
      30
0
      10
-103.2860570886
      20
-50.9791144665
      30
0
      10
-103.2860570886
      20
-50.9791144665
      30
0
      10
-104.1064410004
      20
-51.178675357
      30
0
      10
-104.9268249122
      20
-51.3782362475
      30
0
      10
-105.747208824
      20
-51.577797138
      30
0
      10
-105.747208824
      20
-51.577797138
      30
0
      10
-106.561198116667
      20
-51.6709704731
      30
0
      10
-107.375187409333
      20
-51.7641438082
      30
0
      10
-108.189176702
      20
-51.8573171433
      30
0
      10
-108.189176702
      20
-51.8573171433
      30
0
      10
-108.9841909637
      20
-51.8426629053667
      30
0
      10
-109.7792052254
      20
-51.8280086674333
      30
0
      10
-110.5742194871
      20
-51.8133544295
      30
0
      10
-110.5742194871
      20
-51.8133544295
      30
0
      10
-111.3379715699
      20
-51.6910991034667
      30
0
      10
-112.1017236527
      20
-51.5688437774333
      30
0
      10
-112.8654757355
      20
-51.4465884514
      30
0
      10
-112.8654757355
      20
-51.4465884514
      30
0
      10
-113.586161656433
      20
-51.2186215245333
      30
0
      10
-114.306847577367
      20
-50.9906545976667
      30
0
      10
-115.0275334983
      20
-50.7626876708
      30
0
      10
-115.0275334983
      20
-50.7626876708
      30
0
      10
-115.694014872833
      20
-50.43253243
      30
0
      10
-116.360496247367
      20
-50.1023771892
      30
0
      10
-117.0269776219
      20
-49.7722219484
      30
0
      10
-117.0269776219
      20
-49.7722219484
      30
0
      10
-117.628953810667
      20
-49.3449810270333
      30
0
      10
-118.230929999433
      20
-48.9177401056667
      30
0
      10
-118.8329061882
      20
-48.4904991843
      30
0
      10
-118.8329061882
      20
-48.4904991843
      30
0
      10
-119.361073495833
      20
-47.9727756996
      30
0
      10
-119.889240803467
      20
-47.4550522149
      30
0
      10
-120.4174081111
      20
-46.9373287302
      30
0
      10
-120.4174081111
      20
-46.9373287302
      30
0
      10
-120.8636035773
      20
-46.3371242305
      30
0
      10
-121.3097990435
      20
-45.7369197308
      30
0
      10
-121.7559945097
      20
-45.1367152311
      30
0
      10
-121.7559945097
      20
-45.1367152311
      30
0
      10
-122.113322069933
      20
-44.4633060298667
      30
0
      10
-122.470649630167
      20
-43.7898968286333
      30
0
      10
-122.8279771904
      20
-43.1164876274
      30
0
      10
-122.8279771904
      20
-43.1164876274
      30
0
      10
-123.090914256167
      20
-42.3802814353667
      30
0
      10
-123.353851321933
      20
-41.6440752433333
      30
0
      10
-123.6167883877
      20
-40.9078690513
      30
0
      10
-123.6167883877
      20
-40.9078690513
      30
0
      10
-123.7812711997
      20
-40.1202441227
      30
0
      10
-123.9457540117
      20
-39.3326191941
      30
0
      10
-124.1102368237
      20
-38.5449942655
      30
0
      10
-124.1102368237
      20
-38.5449942655
      30
0
      10
-124.173723258133
      20
-37.7181235442
      30
0
      10
-124.237209692567
      20
-36.8912528229
      30
0
      10
-124.300696127
      20
-36.0643821016
      30
0
      10
-124.300696127
      20
-36.0643821016
      30
0
      10
-124.262204984867
      20
-35.2110450852667
      30
0
      10
-124.223713842733
      20
-34.3577080689333
      30
0
      10
-124.1852227006
      20
-33.5043710526
      30
0
      10
-124.1852227006
      20
-33.5043710526
      30
0
      10
-124.0453488723
      20
-32.6377562821667
      30
0
      10
-123.905475044
      20
-31.7711415117333
      30
0
      10
-123.7656012157
      20
-30.9045267413
      30
0
      10
-123.7656012157
      20
-30.9045267413
      30
0
      10
-123.5265064869
      20
-30.0380279688
      30
0
      10
-123.2874117581
      20
-29.1715291963
      30
0
      10
-123.0483170293
      20
-28.3050304238
      30
0
      10
-123.0483170293
      20
-28.3050304238
      30
0
      10
-122.713696669933
      20
-27.4520396084667
      30
0
      10
-122.379076310567
      20
-26.5990487931333
      30
0
      10
-122.0444559512
      20
-25.7460579778
      30
0
      10
-122.0444559512
      20
-25.7460579778
      30
0
      10
-121.619481604167
      20
-24.9197583100333
      30
0
      10
-121.194507257133
      20
-24.0934586422667
      30
0
      10
-120.7695329101
      20
-23.2671589745
      30
0
      10
-120.7695329101
      20
-23.2671589745
      30
0
      10
-120.260772662167
      20
-22.4803211260667
      30
0
      10
-119.752012414233
      20
-21.6934832776333
      30
0
      10
-119.2432521663
      20
-20.9066454292
      30
0
      10
-119.2432521663
      20
-20.9066454292
      30
0
      10
-118.6585690367
      20
-20.1714301795
      30
0
      10
-118.0738859071
      20
-19.4362149298
      30
0
      10
-117.4892027775
      20
-18.7009996801
      30
0
      10
-117.4892027775
      20
-18.7009996801
      30
0
      10
-116.8376331929
      20
-18.0287699681333
      30
0
      10
-116.1860636083
      20
-17.3565402561667
      30
0
      10
-115.5344940237
      20
-16.6843105442
      30
0
      10
-115.5344940237
      20
-16.6843105442
      30
0
      10
-114.826108158067
      20
-16.0854558513667
      30
0
      10
-114.117722292433
      20
-15.4866011585333
      30
0
      10
-113.4093364268
      20
-14.8877464657
      30
0
      10
-113.4093364268
      20
-14.8877464657
      30
0
      10
-112.655082564133
      20
-14.3715222438333
      30
0
      10
-111.900828701467
      20
-13.8552980219667
      30
0
      10
-111.1465748388
      20
-13.3390738001
      30
0
      10
-111.1465748388
      20
-13.3390738001
      30
0
      10
-110.358110164633
      20
-12.9134584260667
      30
0
      10
-109.569645490467
      20
-12.4878430520333
      30
0
      10
-108.7811808163
      20
-12.062227678
      30
0
      10
-108.7811808163
      20
-12.062227678
      30
0
      10
-107.970691253
      20
-11.7337991457667
      30
0
      10
-107.1602016897
      20
-11.4053706135333
      30
0
      10
-106.3497121264
      20
-11.0769420813
      30
0
      10
-106.3497121264
      20
-11.0769420813
      30
0
      10
-105.5297239967
      20
-10.8507763375333
      30
0
      10
-104.709735867
      20
-10.6246105937667
      30
0
      10
-103.8897477373
      20
-10.39844485
      30
0
      10
-103.8897477373
      20
-10.39844485
      30
0
      10
-103.889747737294
      20
-12.6892455653866
      30
0
      10
-103.889747737289
      20
-14.9800462807732
      30
0
      10
-103.889747737284
      20
-17.2708469961599
      30
0
      10
-103.889747737284
      20
-17.2708469961599
      30
0
      10
-106.064574732568
      20
-17.9546416272365
      30
0
      10
-108.352158041388
      20
-19.235974193072
      30
0
      10
-110.385833888054
      20
-21.0032972211263
      30
0
      10
-110.385833888054
      20
-21.0032972211263
      30
0
      10
-112.854042012655
      20
-23.1306576160778
      30
0
      10
-114.920256667784
      20
-25.9642632178469
      30
0
      10
-116.16647815367
      20
-28.912151705853
      30
0
      10
-116.16647815367
      20
-28.912151705853
      30
0
      10
-117.375062984059
      20
-31.7305047758581
      30
0
      10
-117.824525636837
      20
-34.6201964130171
      30
0
      10
-117.593784544914
      20
-37.0163295940729
      30
0
      10
-117.593784544914
      20
-37.0163295940729
      30
0
      10
-109.992322885276
      20
-32.5700650013486
      30
0
      10
-102.390861225638
      20
-28.1238004086243
      30
0
      10
-94.789399566
      20
-23.6775358159
      30
0
      10
-94.789399566
      20
-23.6775358159
      30
0
      10
-94.4459865456514
      20
-23.4766658752077
      30
0
      10
-94.1437167468256
      20
-23.2125426552895
      30
0
      10
-93.8986120133871
      20
-22.8991660364649
      30
0
      10
-93.8986120133871
      20
-22.8991660364649
      30
0
      10
-93.6535072799485
      20
-22.5857894176404
      30
0
      10
-93.4699761038804
      20
-22.2287958406769
      30
0
      10
-93.357746575351
      20
-21.8471077893759
      30
0
      10
-93.357746575351
      20
-21.8471077893759
      30
0
      10
-93.2455170468216
      20
-21.4654197380749
      30
0
      10
-93.2066077436441
      20
-21.0659023132879
      30
0
      10
-93.2430810577118
      20
-20.6697319800463
      30
0
      10
-93.2430810577118
      20
-20.6697319800463
      30
0
      10
-93.2795543717795
      20
-20.2735616468046
      30
0
      10
-93.390754288374
      20
-19.8878639865427
      30
0
      10
-93.5707866436889
      20
-19.5330829461535
      30
0
      10
-93.5707866436889
      20
-19.5330829461535
      30
0
      10
-93.7508189990038
      20
-19.1783019057642
      30
0
      10
-93.9964457030031
      20
-18.8608186324023
      30
0
      10
-94.2946472852325
      20
-18.5974613618822
      30
0
      10
-94.2946472852325
      20
-18.5974613618822
      30
0
      10
-95.0111194272083
      20
-17.9655143107028
      30
0
      10
-95.8388225627009
      20
-17.476806105826
      30
0
      10
-96.8036001485
      20
-17.1359472101096
      30
0
      10
-96.8036001485
      20
-17.1359472101096
      30
0
      10
-97.9658811872679
      20
-16.7268236842183
      30
0
      10
-99.3410287227829
      20
-16.5388778495445
      30
0
      10
-100.889747737284
      20
-16.6661578056373
      30
0
      10
-100.889747737284
      20
-16.6661578056373
      30
0
      10
-100.8897477373
      20
-14.5614911555333
      30
0
      10
-100.8897477373
      20
-12.4568245054667
      30
0
      10
-100.8897477373
      20
-10.3521578554
      30
0
      10
-100.8897477373
      20
-10.3521578554
      30
0
      10
-99.0448742732204
      20
-10.2058720785698
      30
0
      10
-97.1889161878811
      20
-10.4127907730042
      30
0
      10
-95.42156038261
      20
-10.961799957392
      30
0
      10
-95.42156038261
      20
-10.961799957392
      30
0
      10
-93.6542045773388
      20
-11.5108091417797
      30
0
      10
-92.0076705450579
      20
-12.3919001933649
      30
0
      10
-90.5703966383924
      20
-13.5577481011927
      30
0
      10
-90.5703966383924
      20
-13.5577481011927
      30
0
      10
-89.133122731727
      20
-14.7235960090204
      30
0
      10
-87.9313109391644
      20
-16.1529469721853
      30
0
      10
-87.029512768913
      20
-17.7690279377
      30
0
      10
-87.029512768913
      20
-17.7690279377
      30
0
      10
-86.1277145986615
      20
-19.3851089032147
      30
0
      10
-85.5423701357775
      20
-21.1584581695505
      30
0
      10
-85.3049193013321
      20
-22.9938259060515
      30
0
    1001
FS_CYPCUT
    1000
Channel
    1070
1
    1000
LeadIn
    1002
{
    1070
3
    1040
0.5
    1040
1.5707963267949
    1040
0.5
    1040
0.3
    1070
0
    1040
0.5
    1070
0
    1002
}
    1000
LeadOut
    1002
{
    1070
0
    1040
0
    1040
0
    1040
0
    1070
0
    1002
}
    1000
IsFill
    1070
0
    1000
PathStart
    1040
0.5
    1000
ToolCompensation
    1002
{
    1070
0
    1040
0
    1070
0
    1002
}
       0
LWPOLYLINE
       5
201D
     100
AcDbEntity
       8
1
     100
AcDbPolyline
      90
12
      70
1
      10
-45.0989073794
      20
-10.5769130584
      42
0
      10
-45.0989073794
      20
-16.8769130582
      42
0
      10
-63.3674982214
      20
-16.8769130582
      42
0.761737062257188
      10
-65.7875047094395
      20
-25.6601384833963
      42
0
      10
-59.1872503606128
      20
-29.5960111043954
      42
-0.865240744479164
      10
-62.4239073859643
      20
-51.8788305989474
      42
0
      10
-83.5922424996
      20
-51.8788305989
      42
0
      10
-83.5922424996
      20
-45.2273530073
      42
0
      10
-66.6417001886989
      20
-45.2273530072515
      42
0.73516930096669
      10
-63.9510907546
      20
-36.6182513252
      42
0
      10
-72.5453311728931
      20
-30.6648169834685
      42
-0.735169300966689
      10
-66.2672424931
      20
-10.5769130584
      42
0
    1001
FS_CYPCUT
    1000
Channel
    1070
1
    1000
LeadIn
    1002
{
    1070
3
    1040
4.5
    1040
1.5707963267949
    1040
0.5
    1040
0.3
    1070
0
    1040
0.5
    1070
0
    1002
}
    1000
LeadOut
    1002
{
    1070
0
    1040
0
    1040
0
    1040
0
    1070
0
    1002
}
    1000
IsFill
    1070
0
    1000
PathStart
    1040
4.5
    1000
ToolCompensation
    1002
{
    1070
0
    1040
0
    1070
0
    1002
}
       0
LINE
       5
201E
     100
AcDbEntity
       8
2
     100
AcDbLine
      10
-44
      20
-88.5866238723
      30
0
      11
106
      21
-88.5866238723
      31
0
    1001
FS_CYPCUT
    1000
Channel
    1070
2
    1000
LeadIn
    1002
{
    1070
3
    1040
0
    1040
1.5707963267949
    1040
0.5
    1040
0.3
    1070
0
    1040
0.5
    1070
0
    1002
}
    1000
LeadOut
    1002
{
    1070
0
    1040
0
    1040
0
    1040
0
    1070
0
    1002
}
    1000
IsFill
    1070
0
    1000
PathStart
    1040
0
    1000
ToolCompensation
    1002
{
    1070
0
    1040
0
    1070
0
    1002
}
       0
LINE
       5
201F
     100
AcDbEntity
       8
2
     100
AcDbLine
      10
106
      20
-111.4249556048
      30
0
      11
-44
      21
-111.4249556048
      31
0
    1001
FS_CYPCUT
    1000
Channel
    1070
2
    1000
LeadIn
    1002
{
    1070
3
    1040
0
    1040
1.5707963267949
    1040
0.5
    1040
0.3
    1070
0
    1040
0.5
    1070
0
    1002
}
    1000
LeadOut
    1002
{
    1070
0
    1040
0
    1040
0
    1040
0
    1070
0
    1002
}
    1000
IsFill
    1070
0
    1000
PathStart
    1040
0
    1000
ToolCompensation
    1002
{
    1070
0
    1040
0
    1070
0
    1002
}
       0
CIRCLE
       5
2020
     100
AcDbEntity
       8
1
     100
AcDbCircle
      10
31
      20
-126.6766634651
      30
0
      40
3.75
    1001
FS_CYPCUT
    1000
Channel
    1070
1
    1000
LeadIn
    1002
{
    1070
3
    1040
0
    1040
1.5707963267949
    1040
0.5
    1040
0.3
    1070
0
    1040
0.5
    1070
0
    1002
}
    1000
LeadOut
    1002
{
    1070
0
    1040
0
    1040
0
    1040
0
    1070
0
    1002
}
    1000
IsFill
    1070
0
    1000
PathStart
    1040
1
    1000
ToolCompensation
    1002
{
    1070
0
    1040
0
    1070
0
    1002
}
       0
LWPOLYLINE
       5
2021
     100
AcDbEntity
       8
1
     100
AcDbPolyline
      90
12
      70
1
      10
-15.9553273573
      20
-20.0269130574
      42
0
      10
-30.917508989
      20
-20.0269130574
      42
0
      10
-29.2512190195
      20
-10.5769130576
      42
0
      10
-35.6484066744
      20
-10.5769130576
      42
0
      10
-41.3651369656558
      20
-42.9981015898522
      42
0.386919480665599
      10
-31.6070026671646
      20
-51.8788305988588
      42
0
      10
-21.8496052059
      20
-51.8788305989
      42
0
      10
-21.8496052059
      20
-45.2273530074
      42
0
      10
-31.6070026653
      20
-45.2273530074
      42
-0.466307658154998
      10
-34.7091470873
      20
-41.5303612478
      42
0
      10
-32.0283689717
      20
-26.3269130584
      42
0
      10
-15.9553273573
      20
-26.3269130584
      42
0
    1001
FS_CYPCUT
    1000
Channel
    1070
1
    1000
LeadIn
    1002
{
    1070
3
    1040
3.5
    1040
1.5707963267949
    1040
0.5
    1040
0.3
    1070
0
    1040
0.5
    1070
0
    1002
}
    1000
LeadOut
    1002
{
    1070
0
    1040
0
    1040
0
    1040
0
    1070
0
    1002
}
    1000
IsFill
    1070
0
    1000
PathStart
    1040
3.5
    1000
ToolCompensation
    1002
{
    1070
0
    1040
0
    1070
0
    1002
}
       0
SPLINE
       5
2022
     100
AcDbEntity
       8
1
     100
AcDbSpline
      70
0
      71
3
      72
132
      73
128
      74
0
      40
0
      40
0
      40
0
      40
0
      40
0.03125
      40
0.03125
      40
0.03125
      40
0.03125
      40
0.0625
      40
0.0625
      40
0.0625
      40
0.0625
      40
0.09375
      40
0.09375
      40
0.09375
      40
0.09375
      40
0.125
      40
0.125
      40
0.125
      40
0.125
      40
0.15625
      40
0.15625
      40
0.15625
      40
0.15625
      40
0.1875
      40
0.1875
      40
0.1875
      40
0.1875
      40
0.21875
      40
0.21875
      40
0.21875
      40
0.21875
      40
0.25
      40
0.25
      40
0.25
      40
0.25
      40
0.28125
      40
0.28125
      40
0.28125
      40
0.28125
      40
0.3125
      40
0.3125
      40
0.3125
      40
0.3125
      40
0.34375
      40
0.34375
      40
0.34375
      40
0.34375
      40
0.375
      40
0.375
      40
0.375
      40
0.375
      40
0.40625
      40
0.40625
      40
0.40625
      40
0.40625
      40
0.4375
      40
0.4375
      40
0.4375
      40
0.4375
      40
0.46875
      40
0.46875
      40
0.46875
      40
0.46875
      40
0.5
      40
0.5
      40
0.5
      40
0.5
      40
0.53125
      40
0.53125
      40
0.53125
      40
0.53125
      40
0.5625
      40
0.5625
      40
0.5625
      40
0.5625
      40
0.59375
      40
0.59375
      40
0.59375
      40
0.59375
      40
0.625
      40
0.625
      40
0.625
      40
0.625
      40
0.65625
      40
0.65625
      40
0.65625
      40
0.65625
      40
0.6875
      40
0.6875
      40
0.6875
      40
0.6875
      40
0.71875
      40
0.71875
      40
0.71875
      40
0.71875
      40
0.75
      40
0.75
      40
0.75
      40
0.75
      40
0.78125
      40
0.78125
      40
0.78125
      40
0.78125
      40
0.8125
      40
0.8125
      40
0.8125
      40
0.8125
      40
0.84375
      40
0.84375
      40
0.84375
      40
0.84375
      40
0.875
      40
0.875
      40
0.875
      40
0.875
      40
0.90625
      40
0.90625
      40
0.90625
      40
0.90625
      40
0.9375
      40
0.9375
      40
0.9375
      40
0.9375
      40
0.96875
      40
0.96875
      40
0.96875
      40
0.96875
      40
1
      40
1
      40
1
      40
1
      10
5.6658561263
      20
-10.849681822
      30
0
      10
4.83591602863333
      20
-11.0836105176667
      30
0
      10
4.00597593096667
      20
-11.3175392133333
      30
0
      10
3.1760358333
      20
-11.551467909
      30
0
      10
3.1760358333
      20
-11.551467909
      30
0
      10
2.35634599043333
      20
-11.891897495
      30
0
      10
1.53665614756667
      20
-12.232327081
      30
0
      10
0.7169663047
      20
-12.572756667
      30
0
      10
0.7169663047
      20
-12.572756667
      30
0
      10
-0.0790200671666667
      20
-13.0140998192667
      30
0
      10
-0.875006439033333
      20
-13.4554429715333
      30
0
      10
-1.6709928109
      20
-13.8967861238
      30
0
      10
-1.6709928109
      20
-13.8967861238
      30
0
      10
-2.4302115304
      20
-14.4317992672667
      30
0
      10
-3.1894302499
      20
-14.9668124107333
      30
0
      10
-3.9486489694
      20
-15.5018255542
      30
0
      10
-3.9486489694
      20
-15.5018255542
      30
0
      10
-4.65863930676667
      20
-16.1217277487
      30
0
      10
-5.36862964413333
      20
-16.7416299432
      30
0
      10
-6.0786199815
      20
-17.3615321377
      30
0
      10
-6.0786199815
      20
-17.3615321377
      30
0
      10
-6.72772917123333
      20
-18.0561491955667
      30
0
      10
-7.37683836096667
      20
-18.7507662534333
      30
0
      10
-8.0259475507
      20
-19.4453833113
      30
0
      10
-8.0259475507
      20
-19.4453833113
      30
0
      10
-8.60352204336667
      20
-20.2033147820667
      30
0
      10
-9.18109653603333
      20
-20.9612462528333
      30
0
      10
-9.7586710287
      20
-21.7191777236
      30
0
      10
-9.7586710287
      20
-21.7191777236
      30
0
      10
-10.2552313429667
      20
-22.5279840045667
      30
0
      10
-10.7517916572333
      20
-23.3367902855333
      30
0
      10
-11.2483519715
      20
-24.1455965665
      30
0
      10
-11.2483519715
      20
-24.1455965665
      30
0
      10
-11.6557482769333
      20
-24.9920030687
      30
0
      10
-12.0631445823667
      20
-25.8384095709
      30
0
      10
-12.4705408878
      20
-26.6848160731
      30
0
      10
-12.4705408878
      20
-26.6848160731
      30
0
      10
-12.7820867642667
      20
-27.5549310912333
      30
0
      10
-13.0936326407333
      20
-28.4250461093667
      30
0
      10
-13.4051785172
      20
-29.2951611275
      30
0
      10
-13.4051785172
      20
-29.2951611275
      30
0
      10
-13.6157606965667
      20
-30.1747038387
      30
0
      10
-13.8263428759333
      20
-31.0542465499
      30
0
      10
-14.0369250553
      20
-31.9337892611
      30
0
      10
-14.0369250553
      20
-31.9337892611
      30
0
      10
-14.1430873429
      20
-32.8083241098
      30
0
      10
-14.2492496305
      20
-33.6828589585
      30
0
      10
-14.3554119181
      20
-34.5573938072
      30
0
      10
-14.3554119181
      20
-34.5573938072
      30
0
      10
-14.3554119181
      20
-35.4125674297
      30
0
      10
-14.3554119181
      20
-36.2677410522
      30
0
      10
-14.3554119181
      20
-37.1229146747
      30
0
      10
-14.3554119181
      20
-37.1229146747
      30
0
      10
-14.2492496305
      20
-37.9446914748
      30
0
      10
-14.1430873429
      20
-38.7664682749
      30
0
      10
-14.0369250553
      20
-39.588245075
      30
0
      10
-14.0369250553
      20
-39.588245075
      30
0
      10
-13.8263428759333
      20
-40.3631375841333
      30
0
      10
-13.6157606965667
      20
-41.1380300932667
      30
0
      10
-13.4051785172
      20
-41.9129226024
      30
0
      10
-13.4051785172
      20
-41.9129226024
      30
0
      10
-13.0936326407333
      20
-42.6282128437
      30
0
      10
-12.7820867642667
      20
-43.343503085
      30
0
      10
-12.4705408878
      20
-44.0587933263
      30
0
      10
-12.4705408878
      20
-44.0587933263
      30
0
      10
-12.0631445823667
      20
-44.7027415492333
      30
0
      10
-11.6557482769333
      20
-45.3466897721667
      30
0
      10
-11.2483519715
      20
-45.9906379951
      30
0
      10
-11.2483519715
      20
-45.9906379951
      30
0
      10
-10.7517916572333
      20
-46.5526753548667
      30
0
      10
-10.2552313429667
      20
-47.1147127146333
      30
0
      10
-9.7586710287
      20
-47.6767500744
      30
0
      10
-9.7586710287
      20
-47.6767500744
      30
0
      10
-9.18109653603333
      20
-48.1476520940333
      30
0
      10
-8.60352204336667
      20
-48.6185541136667
      30
0
      10
-8.0259475507
      20
-49.0894561333
      30
0
      10
-8.0259475507
      20
-49.0894561333
      30
0
      10
-7.37683836096667
      20
-49.4614941008
      30
0
      10
-6.72772917123333
      20
-49.8335320683
      30
0
      10
-6.0786199815
      20
-50.2055700358
      30
0
      10
-6.0786199815
      20
-50.2055700358
      30
0
      10
-5.36862964413333
      20
-50.4726378523333
      30
0
      10
-4.65863930676667
      20
-50.7397056688667
      30
0
      10
-3.9486489694
      20
-51.0067734854
      30
0
      10
-3.9486489694
      20
-51.0067734854
      30
0
      10
-3.1894302499
      20
-51.1644878819667
      30
0
      10
-2.4302115304
      20
-51.3222022785333
      30
0
      10
-1.6709928109
      20
-51.4799166751
      30
0
      10
-1.6709928109
      20
-51.4799166751
      30
0
      10
-0.875006439033333
      20
-51.5256891532
      30
0
      10
-0.0790200671666667
      20
-51.5714616313
      30
0
      10
0.7169663047
      20
-51.6172341094
      30
0
      10
0.7169663047
      20
-51.6172341094
      30
0
      10
1.53665614756667
      20
-51.5503134251
      30
0
      10
2.35634599043333
      20
-51.4833927408
      30
0
      10
3.1760358333
      20
-51.4164720565
      30
0
      10
3.1760358333
      20
-51.4164720565
      30
0
      10
4.00597593096667
      20
-51.2379565502
      30
0
      10
4.83591602863333
      20
-51.0594410439
      30
0
      10
5.6658561263
      20
-50.8809255376
      30
0
      10
5.6658561263
      20
-50.8809255376
      30
0
      10
5.66585612629819
      20
-47.9459636314442
      30
0
      10
5.66585612629638
      20
-45.0110017252884
      30
0
      10
5.66585612629457
      20
-42.0760398191327
      30
0
      10
5.66585612629457
      20
-42.0760398191327
      30
0
      10
2.95250214998807
      20
-43.1927773037101
      30
0
      10
0.215281564364549
      20
-43.402817766249
      30
0
      10
-1.97315983275984
      20
-42.7793125268304
      30
0
      10
-1.97315983275984
      20
-42.7793125268304
      30
0
      10
-4.86993117356817
      20
-41.9641925766874
      30
0
      10
-6.87243375189195
      20
-39.7976523912693
      30
0
      10
-7.52448076402492
      20
-36.6922762289006
      30
0
      10
-7.52448076402492
      20
-36.6922762289006
      30
0
      10
-8.02121993314689
      20
-34.3517516676965
      30
0
      10
-7.66910051617672
      20
-31.4840009582718
      30
0
      10
-6.44597200804329
      20
-28.7112027722746
      30
0
      10
-6.44597200804329
      20
-28.7112027722746
      30
0
      10
-5.14400204804379
      20
-25.7145588338991
      30
0
      10
-2.83597197564818
      20
-22.8747758081384
      30
0
      10
-0.0926431438309149
      20
-20.9111569411647
      30
0
      10
-0.0926431438309149
      20
-20.9111569411647
      30
0
      10
1.73062240022246
      20
-19.5953422898892
      30
0
      10
3.73097827187163
      20
-18.6641644646782
      30
0
      10
5.66585612629478
      20
-18.2059818570659
      30
0
      10
5.66585612629478
      20
-18.2059818570659
      30
0
      10
5.66585612629652
      20
-15.7538818453773
      30
0
      10
5.66585612629826
      20
-13.3017818336886
      30
0
      10
5.6658561263
      20
-10.849681822
      30
0
    1001
FS_CYPCUT
    1000
Channel
    1070
1
    1000
LeadIn
    1002
{
    1070
3
    1040
29.5
    1040
1.5707963267949
    1040
0.5
    1040
0.3
    1070
0
    1040
0.5
    1070
0
    1002
}
    1000
LeadOut
    1002
{
    1070
0
    1040
0
    1040
0
    1040
0
    1070
0
    1002
}
    1000
IsFill
    1070
0
    1000
PathStart
    1040
29.5
    1000
ToolCompensation
    1002
{
    1070
0
    1040
0
    1070
0
    1002
}
       0
SPLINE
       5
2023
     100
AcDbEntity
       8
1
     100
AcDbSpline
      70
0
      71
3
      72
92
      73
88
      74
0
      40
0
      40
0
      40
0
      40
0
      40
0.0454545454545455
      40
0.0454545454545455
      40
0.0454545454545455
      40
0.0454545454545455
      40
0.0909090909090909
      40
0.0909090909090909
      40
0.0909090909090909
      40
0.0909090909090909
      40
0.136363636363636
      40
0.136363636363636
      40
0.136363636363636
      40
0.136363636363636
      40
0.181818181818182
      40
0.181818181818182
      40
0.181818181818182
      40
0.181818181818182
      40
0.227272727272727
      40
0.227272727272727
      40
0.227272727272727
      40
0.227272727272727
      40
0.272727272727273
      40
0.272727272727273
      40
0.272727272727273
      40
0.272727272727273
      40
0.318181818181818
      40
0.318181818181818
      40
0.318181818181818
      40
0.318181818181818
      40
0.363636363636364
      40
0.363636363636364
      40
0.363636363636364
      40
0.363636363636364
      40
0.409090909090909
      40
0.409090909090909
      40
0.409090909090909
      40
0.409090909090909
      40
0.454545454545455
      40
0.454545454545455
      40
0.454545454545455
      40
0.454545454545455
      40
0.5
      40
0.5
      40
0.5
      40
0.5
      40
0.545454545454545
      40
0.545454545454545
      40
0.545454545454545
      40
0.545454545454545
      40
0.590909090909091
      40
0.590909090909091
      40
0.590909090909091
      40
0.590909090909091
      40
0.636363636363636
      40
0.636363636363636
      40
0.636363636363636
      40
0.636363636363636
      40
0.681818181818182
      40
0.681818181818182
      40
0.681818181818182
      40
0.681818181818182
      40
0.727272727272727
      40
0.727272727272727
      40
0.727272727272727
      40
0.727272727272727
      40
0.772727272727273
      40
0.772727272727273
      40
0.772727272727273
      40
0.772727272727273
      40
0.818181818181818
      40
0.818181818181818
      40
0.818181818181818
      40
0.818181818181818
      40
0.863636363636364
      40
0.863636363636364
      40
0.863636363636364
      40
0.863636363636364
      40
0.909090909090909
      40
0.909090909090909
      40
0.909090909090909
      40
0.909090909090909
      40
0.954545454545455
      40
0.954545454545455
      40
0.954545454545455
      40
0.954545454545455
      40
1
      40
1
      40
1
      40
1
      10
24.8195082654
      20
-26.1060368402
      30
0
      10
24.8195082654
      20
-34.6969680931
      30
0
      10
24.8195082654
      20
-43.287899346
      30
0
      10
24.8195082654
      20
-51.8788305989
      30
0
      10
24.8195082654
      20
-51.8788305989
      30
0
      10
22.4400270104667
      20
-51.8788305989
      30
0
      10
20.0605457555333
      20
-51.8788305989
      30
0
      10
17.6810645006
      20
-51.8788305989
      30
0
      10
17.6810645006
      20
-51.8788305989
      30
0
      10
17.6810645005873
      20
-48.9541787803061
      30
0
      10
17.6810645005746
      20
-46.0295269617122
      30
0
      10
17.6810645005619
      20
-43.1048751431182
      30
0
      10
17.6810645005619
      20
-43.1048751431182
      30
0
      10
16.4376624815333
      20
-44.5245299127131
      30
0
      10
15.0464739782657
      20
-45.8076155603355
      30
0
      10
13.5310904721741
      20
-46.9323737900114
      30
0
      10
13.5310904721741
      20
-46.9323737900114
      30
0
      10
12.0157069660825
      20
-48.0571320196874
      30
0
      10
10.3847430030835
      20
-49.0171688846861
      30
0
      10
8.66585612629999
      20
-49.7962042822
      30
0
      10
8.66585612629999
      20
-49.7962042822
      30
0
      10
8.66585612629827
      20
-46.6901259346866
      30
0
      10
8.66585612629653
      20
-43.5840475871732
      30
0
      10
8.6658561262948
      20
-40.4779692396598
      30
0
      10
8.6658561262948
      20
-40.4779692396598
      30
0
      10
11.0600721590938
      20
-38.8955842155085
      30
0
      10
13.1848149995479
      20
-36.6481042570203
      30
0
      10
14.6399259079062
      20
-34.1580744150901
      30
0
      10
14.6399259079062
      20
-34.1580744150901
      30
0
      10
16.1536959815433
      20
-31.590956243423
      30
0
      10
16.9383032375028
      20
-28.7860323553132
      30
0
      10
16.8977683854211
      20
-26.3200195948244
      30
0
      10
16.8977683854211
      20
-26.3200195948244
      30
0
      10
16.8665315858695
      20
-23.8440362129195
      30
0
      10
16.042487741335
      20
-21.7431300028611
      30
0
      10
14.648943149354
      20
-20.2856490349619
      30
0
      10
14.648943149354
      20
-20.2856490349619
      30
0
      10
13.2169022474482
      20
-18.77752531382
      30
0
      10
11.1390320967492
      20
-17.8967010182779
      30
0
      10
8.66585612629445
      20
-17.8605813186922
      30
0
      10
8.66585612629445
      20
-17.8605813186922
      30
0
      10
8.6658561262963
      20
-15.2747615835948
      30
0
      10
8.66585612629815
      20
-12.6889418484974
      30
0
      10
8.6658561263
      20
-10.1031221134
      30
0
      10
8.6658561263
      20
-10.1031221134
      30
0
      10
9.47094968816667
      20
-10.112130109
      30
0
      10
10.2760432500333
      20
-10.1211381046
      30
0
      10
11.0811368119
      20
-10.1301461002
      30
0
      10
11.0811368119
      20
-10.1301461002
      30
0
      10
11.8543150866667
      20
-10.2496831973333
      30
0
      10
12.6274933614333
      20
-10.3692202944667
      30
0
      10
13.4006716362
      20
-10.4887573916
      30
0
      10
13.4006716362
      20
-10.4887573916
      30
0
      10
14.1296609377
      20
-10.7169260190667
      30
0
      10
14.8586502392
      20
-10.9450946465333
      30
0
      10
15.5876395407
      20
-11.173263274
      30
0
      10
15.5876395407
      20
-11.173263274
      30
0
      10
16.2608676529333
      20
-11.506441408
      30
0
      10
16.9340957651667
      20
-11.839619542
      30
0
      10
17.6073238774
      20
-12.172797676
      30
0
      10
17.6073238774
      20
-12.172797676
      30
0
      10
18.2141037559667
      20
-12.6056963372
      30
0
      10
18.8208836345333
      20
-13.0385949984
      30
0
      10
19.4276635131
      20
-13.4714936596
      30
0
      10
19.4276635131
      20
-13.4714936596
      30
0
      10
19.9583629345667
      20
-13.9972408723
      30
0
      10
20.4890623560333
      20
-14.522988085
      30
0
      10
21.0197617775
      20
-15.0487352977
      30
0
      10
21.0197617775
      20
-15.0487352977
      30
0
      10
21.4659562447
      20
-15.6589851777667
      30
0
      10
21.9121507119
      20
-16.2692350578333
      30
0
      10
22.3583451791
      20
-16.8794849379
      30
0
      10
22.3583451791
      20
-16.8794849379
      30
0
      10
22.7129516544
      20
-17.5645501779333
      30
0
      10
23.0675581297
      20
-18.2496154179667
      30
0
      10
23.422164605
      20
-18.934680658
      30
0
      10
23.422164605
      20
-18.934680658
      30
0
      10
23.6795539484667
      20
-19.6836863071667
      30
0
      10
23.9369432919333
      20
-20.4326919563333
      30
0
      10
24.1943326354
      20
-21.1816976055
      30
0
      10
24.1943326354
      20
-21.1816976055
      30
0
      10
24.3504189640333
      20
-21.9827537017
      30
0
      10
24.5065052926667
      20
-22.7838097979
      30
0
      10
24.6625916213
      20
-23.5848658941
      30
0
      10
24.6625916213
      20
-23.5848658941
      30
0
      10
24.7148971693333
      20
-24.4252562094667
      30
0
      10
24.7672027173667
      20
-25.2656465248333
      30
0
      10
24.8195082654
      20
-26.1060368402
      30
0
    1001
FS_CYPCUT
    1000
Channel
    1070
1
    1000
LeadIn
    1002
{
    1070
3
    1040
0.5
    1040
1.5707963267949
    1040
0.5
    1040
0.3
    1070
0
    1040
0.5
    1070
0
    1002
}
    1000
LeadOut
    1002
{
    1070
0
    1040
0
    1040
0
    1040
0
    1070
0
    1002
}
    1000
IsFill
    1070
0
    1000
PathStart
    1040
0.5
    1000
ToolCompensation
    1002
{
    1070
0
    1040
0
    1070
0
    1002
}
       0
LWPOLYLINE
       5
2024
     100
AcDbEntity
       8
1
     100
AcDbPolyline
      90
12
      70
1
      10
53.3942645848
      20
-20.0269130576
      42
0
      10
38.4320829531
      20
-20.0269130576
      42
0
      10
40.0983729226
      20
-10.5769130578
      42
0
      10
33.7011852677
      20
-10.5769130578
      42
0
      10
27.9844549766
      20
-42.9981015894
      42
0.386919480687171
      10
37.7425892750525
      20
-51.8788305988583
      42
0
      10
47.4999867363
      20
-51.8788305989
      42
0
      10
47.4999867363
      20
-45.2273530076
      42
0
      10
37.7425892769
      20
-45.2273530076001
      42
-0.466307658154997
      10
34.6404448549
      20
-41.530361248
      42
0
      10
37.3212229705
      20
-26.3269130586
      42
0
      10
53.3942645848
      20
-26.3269130586
      42
0
    1001
FS_CYPCUT
    1000
Channel
    1070
1
    1000
LeadIn
    1002
{
    1070
3
    1040
3.5
    1040
1.5707963267949
    1040
0.5
    1040
0.3
    1070
0
    1040
0.5
    1070
0
    1002
}
    1000
LeadOut
    1002
{
    1070
0
    1040
0
    1040
0
    1040
0
    1070
0
    1002
}
    1000
IsFill
    1070
0
    1000
PathStart
    1040
3.5
    1000
ToolCompensation
    1002
{
    1070
0
    1040
0
    1070
0
    1002
}
       0
LWPOLYLINE
       5
2025
     100
AcDbEntity
       8
1
     100
AcDbPolyline
      90
4
      70
1
      10
67.5136879914
      20
-20.3783906502
      42
0
      10
61.1165003365
      20
-20.3783906502
      42
0
      10
55.5621228694
      20
-51.8788305989
      42
0
      10
61.9593105242
      20
-51.8788305989
      42
0
    1001
FS_CYPCUT
    1000
Channel
    1070
1
    1000
LeadIn
    1002
{
    1070
3
    1040
1.5
    1040
1.5707963267949
    1040
0.5
    1040
0.3
    1070
0
    1040
0.5
    1070
0
    1002
}
    1000
LeadOut
    1002
{
    1070
0
    1040
0
    1040
0
    1040
0
    1070
0
    1002
}
    1000
IsFill
    1070
0
    1000
PathStart
    1040
1.5
    1000
ToolCompensation
    1002
{
    1070
0
    1040
0
    1070
0
    1002
}
       0
LWPOLYLINE
       5
2026
     100
AcDbEntity
       8
1
     100
AcDbPolyline
      90
4
      70
1
      10
69.1799779591
      20
-10.9283906502
      42
0
      10
62.7827903042
      20
-10.9283906502
      42
0
      10
61.6719303257
      20
-17.2283906502
      42
0
      10
68.0691179806
      20
-17.2283906502
      42
0
    1001
FS_CYPCUT
    1000
Channel
    1070
1
    1000
LeadIn
    1002
{
    1070
3
    1040
0.499999999999999
    1040
1.5707963267949
    1040
0.5
    1040
0.3
    1070
0
    1040
0.5
    1070
0
    1002
}
    1000
LeadOut
    1002
{
    1070
0
    1040
0
    1040
0
    1040
0
    1070
0
    1002
}
    1000
IsFill
    1070
0
    1000
PathStart
    1040
0.499999999999999
    1000
ToolCompensation
    1002
{
    1070
0
    1040
0
    1070
0
    1002
}
       0
SPLINE
       5
2027
     100
AcDbEntity
       8
1
     100
AcDbSpline
      70
0
      71
3
      72
136
      73
132
      74
0
      40
0
      40
0
      40
0
      40
0
      40
0.0303030303030303
      40
0.0303030303030303
      40
0.0303030303030303
      40
0.0303030303030303
      40
0.0606060606060606
      40
0.0606060606060606
      40
0.0606060606060606
      40
0.0606060606060606
      40
0.0909090909090909
      40
0.0909090909090909
      40
0.0909090909090909
      40
0.0909090909090909
      40
0.121212121212121
      40
0.121212121212121
      40
0.121212121212121
      40
0.121212121212121
      40
0.151515151515152
      40
0.151515151515152
      40
0.151515151515152
      40
0.151515151515152
      40
0.181818181818182
      40
0.181818181818182
      40
0.181818181818182
      40
0.181818181818182
      40
0.212121212121212
      40
0.212121212121212
      40
0.212121212121212
      40
0.212121212121212
      40
0.242424242424242
      40
0.242424242424242
      40
0.242424242424242
      40
0.242424242424242
      40
0.272727272727273
      40
0.272727272727273
      40
0.272727272727273
      40
0.272727272727273
      40
0.303030303030303
      40
0.303030303030303
      40
0.303030303030303
      40
0.303030303030303
      40
0.333333333333333
      40
0.333333333333333
      40
0.333333333333333
      40
0.333333333333333
      40
0.363636363636364
      40
0.363636363636364
      40
0.363636363636364
      40
0.363636363636364
      40
0.393939393939394
      40
0.393939393939394
      40
0.393939393939394
      40
0.393939393939394
      40
0.424242424242424
      40
0.424242424242424
      40
0.424242424242424
      40
0.424242424242424
      40
0.454545454545455
      40
0.454545454545455
      40
0.454545454545455
      40
0.454545454545455
      40
0.484848484848485
      40
0.484848484848485
      40
0.484848484848485
      40
0.484848484848485
      40
0.515151515151515
      40
0.515151515151515
      40
0.515151515151515
      40
0.515151515151515
      40
0.545454545454545
      40
0.545454545454545
      40
0.545454545454545
      40
0.545454545454545
      40
0.575757575757576
      40
0.575757575757576
      40
0.575757575757576
      40
0.575757575757576
      40
0.606060606060606
      40
0.606060606060606
      40
0.606060606060606
      40
0.606060606060606
      40
0.636363636363636
      40
0.636363636363636
      40
0.636363636363636
      40
0.636363636363636
      40
0.666666666666667
      40
0.666666666666667
      40
0.666666666666667
      40
0.666666666666667
      40
0.696969696969697
      40
0.696969696969697
      40
0.696969696969697
      40
0.696969696969697
      40
0.727272727272727
      40
0.727272727272727
      40
0.727272727272727
      40
0.727272727272727
      40
0.757575757575758
      40
0.757575757575758
      40
0.757575757575758
      40
0.757575757575758
      40
0.787878787878788
      40
0.787878787878788
      40
0.787878787878788
      40
0.787878787878788
      40
0.818181818181818
      40
0.818181818181818
      40
0.818181818181818
      40
0.818181818181818
      40
0.848484848484849
      40
0.848484848484849
      40
0.848484848484849
      40
0.848484848484849
      40
0.878787878787879
      40
0.878787878787879
      40
0.878787878787879
      40
0.878787878787879
      40
0.909090909090909
      40
0.909090909090909
      40
0.909090909090909
      40
0.909090909090909
      40
0.939393939393939
      40
0.939393939393939
      40
0.939393939393939
      40
0.939393939393939
      40
0.96969696969697
      40
0.96969696969697
      40
0.96969696969697
      40
0.96969696969697
      40
1
      40
1
      40
1
      40
1
      10
108.8024008605
      20
-10.5769130603
      30
0
      10
108.8024008605
      20
-12.6769130592
      30
0
      10
108.8024008605
      20
-14.7769130581
      30
0
      10
108.8024008605
      20
-16.876913057
      30
0
      10
108.8024008605
      20
-16.876913057
      30
0
      10
103.968170746536
      20
-16.876913056999
      30
0
      10
99.1339406325723
      20
-16.876913056998
      30
0
      10
94.2997105186084
      20
-16.8769130569971
      30
0
      10
94.2997105186084
      20
-16.8769130569971
      30
0
      10
91.645100967437
      20
-17.1691716802293
      30
0
      10
88.7598743877928
      20
-18.3060118373796
      30
0
      10
86.1748236433271
      20
-20.1381393588289
      30
0
      10
86.1748236433271
      20
-20.1381393588289
      30
0
      10
82.9830484276492
      20
-22.3769726188436
      30
0
      10
80.2915820707903
      20
-25.6638468375727
      30
0
      10
78.7927000681462
      20
-29.1343636515811
      30
0
      10
78.7927000681462
      20
-29.1343636515811
      30
0
      10
77.4138403573138
      20
-32.2770094217675
      30
0
      10
77.0219582472729
      20
-35.524086460362
      30
0
      10
77.5900097383266
      20
-38.1726828429258
      30
0
      10
77.5900097383266
      20
-38.1726828429258
      30
0
      10
78.3888352044365
      20
-41.9355867942376
      30
0
      10
80.9393995549591
      20
-44.480797624296
      30
0
      10
84.6089369983828
      20
-45.2273530078263
      30
0
      10
84.6089369983828
      20
-45.2273530078263
      30
0
      10
90.4835516005667
      20
-45.2273530078
      30
0
      10
96.3581662027333
      20
-45.2273530078
      30
0
      10
102.2327808049
      20
-45.2273530078
      30
0
      10
102.2327808049
      20
-45.2273530078
      30
0
      10
102.2327808049
      20
-47.4445122048333
      30
0
      10
102.2327808049
      20
-49.6616714018667
      30
0
      10
102.2327808049
      20
-51.8788305989
      30
0
      10
102.2327808049
      20
-51.8788305989
      30
0
      10
95.9160188456
      20
-51.8788305989
      30
0
      10
89.5992568863
      20
-51.8788305989
      30
0
      10
83.282494927
      20
-51.8788305989
      30
0
      10
83.282494927
      20
-51.8788305989
      30
0
      10
82.5277967991333
      20
-51.8067349221
      30
0
      10
81.7730986712667
      20
-51.7346392453
      30
0
      10
81.0184005434
      20
-51.6625435685
      30
0
      10
81.0184005434
      20
-51.6625435685
      30
0
      10
80.3098105393333
      20
-51.4795465674333
      30
0
      10
79.6012205352667
      20
-51.2965495663667
      30
0
      10
78.8926305312
      20
-51.1135525653
      30
0
      10
78.8926305312
      20
-51.1135525653
      30
0
      10
78.2415683990667
      20
-50.8226034484667
      30
0
      10
77.5905062669333
      20
-50.5316543316333
      30
0
      10
76.9394441348
      20
-50.2407052148
      30
0
      10
76.9394441348
      20
-50.2407052148
      30
0
      10
76.3564024945333
      20
-49.8464929639333
      30
0
      10
75.7733608542667
      20
-49.4522807130667
      30
0
      10
75.190319214
      20
-49.0580684622
      30
0
      10
75.190319214
      20
-49.0580684622
      30
0
      10
74.6846944564
      20
-48.5669462641
      30
0
      10
74.1790696988
      20
-48.075824066
      30
0
      10
73.6734449412
      20
-47.5847018679
      30
0
      10
73.6734449412
      20
-47.5847018679
      30
0
      10
73.2533857946
      20
-47.0045847252667
      30
0
      10
72.833326648
      20
-46.4244675826333
      30
0
      10
72.4132675014
      20
-45.84435044
      30
0
      10
72.4132675014
      20
-45.84435044
      30
0
      10
72.0855437051333
      20
-45.1845876120333
      30
0
      10
71.7578199088667
      20
-44.5248247840667
      30
0
      10
71.4300961126
      20
-43.8650619561
      30
0
      10
71.4300961126
      20
-43.8650619561
      30
0
      10
71.1999893149667
      20
-43.1362862844667
      30
0
      10
70.9698825173333
      20
-42.4075106128333
      30
0
      10
70.7397757197
      20
-41.6787349412
      30
0
      10
70.7397757197
      20
-41.6787349412
      30
0
      10
70.6109943581333
      20
-40.8926914894667
      30
0
      10
70.4822129965667
      20
-40.1066480377333
      30
0
      10
70.353431635
      20
-39.320604586
      30
0
      10
70.353431635
      20
-39.320604586
      30
0
      10
70.3280511702
      20
-38.4899613541667
      30
0
      10
70.3026707054
      20
-37.6593181223333
      30
0
      10
70.2772902406
      20
-36.8286748905
      30
0
      10
70.2772902406
      20
-36.8286748905
      30
0
      10
70.3557197081
      20
-35.9668186558
      30
0
      10
70.4341491756
      20
-35.1049624211
      30
0
      10
70.5125786431
      20
-34.2431061864
      30
0
      10
70.5125786431
      20
-34.2431061864
      30
0
      10
70.6935540613
      20
-33.3639267596
      30
0
      10
70.8745294795
      20
-32.4847473328
      30
0
      10
71.0555048977
      20
-31.605567906
      30
0
      10
71.0555048977
      20
-31.605567906
      30
0
      10
71.3361096382
      20
-30.7232342812667
      30
0
      10
71.6167143787
      20
-29.8409006565333
      30
0
      10
71.8973191192
      20
-28.9585670318
      30
0
      10
71.8973191192
      20
-28.9585670318
      30
0
      10
72.2730309118667
      20
-28.0872990368
      30
0
      10
72.6487427045333
      20
-27.2160310418
      30
0
      10
73.0244544972
      20
-26.3447630468
      30
0
      10
73.0244544972
      20
-26.3447630468
      30
0
      10
73.4892183115333
      20
-25.4986021737667
      30
0
      10
73.9539821258667
      20
-24.6524413007333
      30
0
      10
74.4187459402
      20
-23.8062804277
      30
0
      10
74.4187459402
      20
-23.8062804277
      30
0
      10
74.9650715694
      20
-22.9988635385333
      30
0
      10
75.5113971986
      20
-22.1914466493667
      30
0
      10
76.0577228278
      20
-21.3840297602
      30
0
      10
76.0577228278
      20
-21.3840297602
      30
0
      10
76.676805602
      20
-20.6283693127
      30
0
      10
77.2958883762
      20
-19.8727088652
      30
0
      10
77.9149711504
      20
-19.1170484177
      30
0
      10
77.9149711504
      20
-19.1170484177
      30
0
      10
78.5968338340333
      20
-18.4253227546333
      30
0
      10
79.2786965176667
      20
-17.7335970915667
      30
0
      10
79.9605592013
      20
-17.0418714285
      30
0
      10
79.9605592013
      20
-17.0418714285
      30
0
      10
80.6942127880333
      20
-16.4252285096333
      30
0
      10
81.4278663747667
      20
-15.8085855907667
      30
0
      10
82.1615199615
      20
-15.1919426719
      30
0
      10
82.1615199615
      20
-15.1919426719
      30
0
      10
82.9351407745
      20
-14.6603204116
      30
0
      10
83.7087615875
      20
-14.1286981513
      30
0
      10
84.4823824005
      20
-13.597075891
      30
0
      10
84.4823824005
      20
-13.597075891
      30
0
      10
85.2835026449333
      20
-13.1590419973667
      30
0
      10
86.0846228893667
      20
-12.7210081037333
      30
0
      10
86.8857431338
      20
-12.2829742101
      30
0
      10
86.8857431338
      20
-12.2829742101
      30
0
      10
87.7014518296
      20
-11.9455881064
      30
0
      10
88.5171605254
      20
-11.6082020027
      30
0
      10
89.3328692212
      20
-11.270815899
      30
0
      10
89.3328692212
      20
-11.270815899
      30
0
      10
90.1500202785667
      20
-11.0395149527667
      30
0
      10
90.9671713359333
      20
-10.8082140065333
      30
0
      10
91.7843223933
      20
-10.5769130603
      30
0
      10
91.7843223933
      20
-10.5769130603
      30
0
      10
97.4570152157
      20
-10.5769130603
      30
0
      10
103.1297080381
      20
-10.5769130603
      30
0
      10
108.8024008605
      20
-10.5769130603
      30
0
    1001
FS_CYPCUT
    1000
Channel
    1070
1
    1000
LeadIn
    1002
{
    1070
3
    1040
8.5
    1040
1.5707963267949
    1040
0.5
    1040
0.3
    1070
0
    1040
0.5
    1070
0
    1002
}
    1000
LeadOut
    1002
{
    1070
0
    1040
0
    1040
0
    1040
0
    1070
0
    1002
}
    1000
IsFill
    1070
0
    1000
PathStart
    1040
8.5
    1000
ToolCompensation
    1002
{
    1070
0
    1040
0
    1070
0
    1002
}
       0
SPLINE
       5
2028
     100
AcDbEntity
       8
1
     100
AcDbSpline
      70
0
      71
3
      72
132
      73
128
      74
0
      40
0
      40
0
      40
0
      40
0
      40
0.03125
      40
0.03125
      40
0.03125
      40
0.03125
      40
0.0625
      40
0.0625
      40
0.0625
      40
0.0625
      40
0.09375
      40
0.09375
      40
0.09375
      40
0.09375
      40
0.125
      40
0.125
      40
0.125
      40
0.125
      40
0.15625
      40
0.15625
      40
0.15625
      40
0.15625
      40
0.1875
      40
0.1875
      40
0.1875
      40
0.1875
      40
0.21875
      40
0.21875
      40
0.21875
      40
0.21875
      40
0.25
      40
0.25
      40
0.25
      40
0.25
      40
0.28125
      40
0.28125
      40
0.28125
      40
0.28125
      40
0.3125
      40
0.3125
      40
0.3125
      40
0.3125
      40
0.34375
      40
0.34375
      40
0.34375
      40
0.34375
      40
0.375
      40
0.375
      40
0.375
      40
0.375
      40
0.40625
      40
0.40625
      40
0.40625
      40
0.40625
      40
0.4375
      40
0.4375
      40
0.4375
      40
0.4375
      40
0.46875
      40
0.46875
      40
0.46875
      40
0.46875
      40
0.5
      40
0.5
      40
0.5
      40
0.5
      40
0.53125
      40
0.53125
      40
0.53125
      40
0.53125
      40
0.5625
      40
0.5625
      40
0.5625
      40
0.5625
      40
0.59375
      40
0.59375
      40
0.59375
      40
0.59375
      40
0.625
      40
0.625
      40
0.625
      40
0.625
      40
0.65625
      40
0.65625
      40
0.65625
      40
0.65625
      40
0.6875
      40
0.6875
      40
0.6875
      40
0.6875
      40
0.71875
      40
0.71875
      40
0.71875
      40
0.71875
      40
0.75
      40
0.75
      40
0.75
      40
0.75
      40
0.78125
      40
0.78125
      40
0.78125
      40
0.78125
      40
0.8125
      40
0.8125
      40
0.8125
      40
0.8125
      40
0.84375
      40
0.84375
      40
0.84375
      40
0.84375
      40
0.875
      40
0.875
      40
0.875
      40
0.875
      40
0.90625
      40
0.90625
      40
0.90625
      40
0.90625
      40
0.9375
      40
0.9375
      40
0.9375
      40
0.9375
      40
0.96875
      40
0.96875
      40
0.96875
      40
0.96875
      40
1
      40
1
      40
1
      40
1
      10
130.4235843459
      20
-10.8496818224
      30
0
      10
130.4235843459
      20
-13.3017818340667
      30
0
      10
130.4235843459
      20
-15.7538818457333
      30
0
      10
130.4235843459
      20
-18.2059818574
      30
0
      10
130.4235843459
      20
-18.2059818574
      30
0
      10
128.488706491495
      20
-18.6641644650337
      30
0
      10
126.488350619847
      20
-19.5953422902454
      30
0
      10
124.665085075792
      20
-20.9111569415217
      30
0
      10
124.665085075792
      20
-20.9111569415217
      30
0
      10
121.921756243973
      20
-22.8747758084961
      30
0
      10
119.613726171582
      20
-25.7145588342573
      30
0
      10
118.31175621158
      20
-28.7112027726338
      30
0
      10
118.31175621158
      20
-28.7112027726338
      30
0
      10
117.088627703442
      20
-31.4840009586303
      30
0
      10
116.736508286478
      20
-34.3517516680571
      30
0
      10
117.233247455598
      20
-36.692276229261
      30
0
      10
117.233247455598
      20
-36.692276229261
      30
0
      10
117.885294467735
      20
-39.7976523916311
      30
0
      10
119.887797046054
      20
-41.9641925770484
      30
0
      10
122.784568386866
      20
-42.7793125271921
      30
0
      10
122.784568386866
      20
-42.7793125271921
      30
0
      10
124.973009783991
      20
-43.4028177666107
      30
0
      10
127.710230369615
      20
-43.1927773040717
      30
0
      10
130.42358434592
      20
-42.076039819494
      30
0
      10
130.42358434592
      20
-42.076039819494
      30
0
      10
130.4235843459
      20
-45.0110017256333
      30
0
      10
130.4235843459
      20
-47.9459636317667
      30
0
      10
130.4235843459
      20
-50.8809255379
      30
0
      10
130.4235843459
      20
-50.8809255379
      30
0
      10
129.593644248233
      20
-51.0594410442333
      30
0
      10
128.763704150567
      20
-51.2379565505667
      30
0
      10
127.9337640529
      20
-51.4164720569
      30
0
      10
127.9337640529
      20
-51.4164720569
      30
0
      10
127.114074210033
      20
-51.4833927411667
      30
0
      10
126.294384367167
      20
-51.5503134254333
      30
0
      10
125.4746945243
      20
-51.6172341097
      30
0
      10
125.4746945243
      20
-51.6172341097
      30
0
      10
124.678708152433
      20
-51.5714616316
      30
0
      10
123.882721780567
      20
-51.5256891535
      30
0
      10
123.0867354087
      20
-51.4799166754
      30
0
      10
123.0867354087
      20
-51.4799166754
      30
0
      10
122.3275166892
      20
-51.3222022788667
      30
0
      10
121.5682979697
      20
-51.1644878823333
      30
0
      10
120.8090792502
      20
-51.0067734858
      30
0
      10
120.8090792502
      20
-51.0067734858
      30
0
      10
120.099088912833
      20
-50.7397056692667
      30
0
      10
119.389098575467
      20
-50.4726378527333
      30
0
      10
118.6791082381
      20
-50.2055700362
      30
0
      10
118.6791082381
      20
-50.2055700362
      30
0
      10
118.029999048367
      20
-49.8335320687
      30
0
      10
117.380889858633
      20
-49.4614941012
      30
0
      10
116.7317806689
      20
-49.0894561337
      30
0
      10
116.7317806689
      20
-49.0894561337
      30
0
      10
116.154206176233
      20
-48.6185541140667
      30
0
      10
115.576631683567
      20
-48.1476520944333
      30
0
      10
114.9990571909
      20
-47.6767500748
      30
0
      10
114.9990571909
      20
-47.6767500748
      30
0
      10
114.502496876633
      20
-47.114712715
      30
0
      10
114.005936562367
      20
-46.5526753552
      30
0
      10
113.5093762481
      20
-45.9906379954
      30
0
      10
113.5093762481
      20
-45.9906379954
      30
0
      10
113.1019799427
      20
-45.3466897725
      30
0
      10
112.6945836373
      20
-44.7027415496
      30
0
      10
112.2871873319
      20
-44.0587933267
      30
0
      10
112.2871873319
      20
-44.0587933267
      30
0
      10
111.9756414554
      20
-43.3435030854
      30
0
      10
111.6640955789
      20
-42.6282128441
      30
0
      10
111.3525497024
      20
-41.9129226028
      30
0
      10
111.3525497024
      20
-41.9129226028
      30
0
      10
111.141967523033
      20
-41.1380300936333
      30
0
      10
110.931385343667
      20
-40.3631375844667
      30
0
      10
110.7208031643
      20
-39.5882450753
      30
0
      10
110.7208031643
      20
-39.5882450753
      30
0
      10
110.6146408767
      20
-38.7664682752
      30
0
      10
110.5084785891
      20
-37.9446914751
      30
0
      10
110.4023163015
      20
-37.122914675
      30
0
      10
110.4023163015
      20
-37.122914675
      30
0
      10
110.4023163015
      20
-36.2677410525
      30
0
      10
110.4023163015
      20
-35.41256743
      30
0
      10
110.4023163015
      20
-34.5573938075
      30
0
      10
110.4023163015
      20
-34.5573938075
      30
0
      10
110.5084785891
      20
-33.6828589588333
      30
0
      10
110.6146408767
      20
-32.8083241101667
      30
0
      10
110.7208031643
      20
-31.9337892615
      30
0
      10
110.7208031643
      20
-31.9337892615
      30
0
      10
110.931385343667
      20
-31.0542465503
      30
0
      10
111.141967523033
      20
-30.1747038391
      30
0
      10
111.3525497024
      20
-29.2951611279
      30
0
      10
111.3525497024
      20
-29.2951611279
      30
0
      10
111.6640955789
      20
-28.4250461097333
      30
0
      10
111.9756414554
      20
-27.5549310915667
      30
0
      10
112.2871873319
      20
-26.6848160734
      30
0
      10
112.2871873319
      20
-26.6848160734
      30
0
      10
112.6945836373
      20
-25.8384095712333
      30
0
      10
113.1019799427
      20
-24.9920030690667
      30
0
      10
113.5093762481
      20
-24.1455965669
      30
0
      10
113.5093762481
      20
-24.1455965669
      30
0
      10
114.005936562367
      20
-23.3367902859
      30
0
      10
114.502496876633
      20
-22.5279840049
      30
0
      10
114.9990571909
      20
-21.7191777239
      30
0
      10
114.9990571909
      20
-21.7191777239
      30
0
      10
115.576631683567
      20
-20.9612462531667
      30
0
      10
116.154206176233
      20
-20.2033147824333
      30
0
      10
116.7317806689
      20
-19.4453833117
      30
0
      10
116.7317806689
      20
-19.4453833117
      30
0
      10
117.380889858633
      20
-18.7507662538
      30
0
      10
118.029999048367
      20
-18.0561491959
      30
0
      10
118.6791082381
      20
-17.361532138
      30
0
      10
118.6791082381
      20
-17.361532138
      30
0
      10
119.389098575467
      20
-16.7416299435333
      30
0
      10
120.099088912833
      20
-16.1217277490667
      30
0
      10
120.8090792502
      20
-15.5018255546
      30
0
      10
120.8090792502
      20
-15.5018255546
      30
0
      10
121.5682979697
      20
-14.9668124111
      30
0
      10
122.3275166892
      20
-14.4317992676
      30
0
      10
123.0867354087
      20
-13.8967861241
      30
0
      10
123.0867354087
      20
-13.8967861241
      30
0
      10
123.882721780567
      20
-13.4554429718667
      30
0
      10
124.678708152433
      20
-13.0140998196333
      30
0
      10
125.4746945243
      20
-12.5727566674
      30
0
      10
125.4746945243
      20
-12.5727566674
      30
0
      10
126.294384367167
      20
-12.2323270814
      30
0
      10
127.114074210033
      20
-11.8918974954
      30
0
      10
127.9337640529
      20
-11.5514679094
      30
0
      10
127.9337640529
      20
-11.5514679094
      30
0
      10
128.763704150567
      20
-11.3175392137333
      30
0
      10
129.593644248233
      20
-11.0836105180667
      30
0
      10
130.4235843459
      20
-10.8496818224
      30
0
    1001
FS_CYPCUT
    1000
Channel
    1070
1
    1000
LeadIn
    1002
{
    1070
3
    1040
2.5
    1040
1.5707963267949
    1040
0.5
    1040
0.3
    1070
0
    1040
0.5
    1070
0
    1002
}
    1000
LeadOut
    1002
{
    1070
0
    1040
0
    1040
0
    1040
0
    1070
0
    1002
}
    1000
IsFill
    1070
0
    1000
PathStart
    1040
2.5
    1000
ToolCompensation
    1002
{
    1070
0
    1040
0
    1070
0
    1002
}
       0
SPLINE
       5
2029
     100
AcDbEntity
       8
1
     100
AcDbSpline
      70
0
      71
3
      72
92
      73
88
      74
0
      40
0
      40
0
      40
0
      40
0
      40
0.0454545454545455
      40
0.0454545454545455
      40
0.0454545454545455
      40
0.0454545454545455
      40
0.0909090909090909
      40
0.0909090909090909
      40
0.0909090909090909
      40
0.0909090909090909
      40
0.136363636363636
      40
0.136363636363636
      40
0.136363636363636
      40
0.136363636363636
      40
0.181818181818182
      40
0.181818181818182
      40
0.181818181818182
      40
0.181818181818182
      40
0.227272727272727
      40
0.227272727272727
      40
0.227272727272727
      40
0.227272727272727
      40
0.272727272727273
      40
0.272727272727273
      40
0.272727272727273
      40
0.272727272727273
      40
0.318181818181818
      40
0.318181818181818
      40
0.318181818181818
      40
0.318181818181818
      40
0.363636363636364
      40
0.363636363636364
      40
0.363636363636364
      40
0.363636363636364
      40
0.409090909090909
      40
0.409090909090909
      40
0.409090909090909
      40
0.409090909090909
      40
0.454545454545455
      40
0.454545454545455
      40
0.454545454545455
      40
0.454545454545455
      40
0.5
      40
0.5
      40
0.5
      40
0.5
      40
0.545454545454545
      40
0.545454545454545
      40
0.545454545454545
      40
0.545454545454545
      40
0.590909090909091
      40
0.590909090909091
      40
0.590909090909091
      40
0.590909090909091
      40
0.636363636363636
      40
0.636363636363636
      40
0.636363636363636
      40
0.636363636363636
      40
0.681818181818182
      40
0.681818181818182
      40
0.681818181818182
      40
0.681818181818182
      40
0.727272727272727
      40
0.727272727272727
      40
0.727272727272727
      40
0.727272727272727
      40
0.772727272727273
      40
0.772727272727273
      40
0.772727272727273
      40
0.772727272727273
      40
0.818181818181818
      40
0.818181818181818
      40
0.818181818181818
      40
0.818181818181818
      40
0.863636363636364
      40
0.863636363636364
      40
0.863636363636364
      40
0.863636363636364
      40
0.909090909090909
      40
0.909090909090909
      40
0.909090909090909
      40
0.909090909090909
      40
0.954545454545455
      40
0.954545454545455
      40
0.954545454545455
      40
0.954545454545455
      40
1
      40
1
      40
1
      40
1
      10
149.2523668953
      20
-26.1867598825
      30
0
      10
149.2523668953
      20
-34.7507834546333
      30
0
      10
149.2523668953
      20
-43.3148070267667
      30
0
      10
149.2523668953
      20
-51.8788305989
      30
0
      10
149.2523668953
      20
-51.8788305989
      30
0
      10
146.9811755036
      20
-51.8788305989
      30
0
      10
144.7099841119
      20
-51.8788305989
      30
0
      10
142.4387927202
      20
-51.8788305989
      30
0
      10
142.4387927202
      20
-51.8788305989
      30
0
      10
142.438792720187
      20
-48.9541787804389
      30
0
      10
142.438792720174
      20
-46.0295269619779
      30
0
      10
142.43879272016
      20
-43.1048751435168
      30
0
      10
142.43879272016
      20
-43.1048751435168
      30
0
      10
141.195390701132
      20
-44.5245299131119
      30
0
      10
139.804202197865
      20
-45.8076155607345
      30
0
      10
138.288818691773
      20
-46.9323737904106
      30
0
      10
138.288818691773
      20
-46.9323737904106
      30
0
      10
136.773435185682
      20
-48.0571320200868
      30
0
      10
135.142471222683
      20
-49.0171688850858
      30
0
      10
133.4235843459
      20
-49.7962042826
      30
0
      10
133.4235843459
      20
-49.7962042826
      30
0
      10
133.423584345907
      20
-46.6901259350741
      30
0
      10
133.423584345913
      20
-43.5840475875482
      30
0
      10
133.42358434592
      20
-40.4779692400222
      30
0
      10
133.42358434592
      20
-40.4779692400222
      30
0
      10
135.817800378721
      20
-38.895584215871
      30
0
      10
137.942543219172
      20
-36.648104257381
      30
0
      10
139.397654127532
      20
-34.158074415451
      30
0
      10
139.397654127532
      20
-34.158074415451
      30
0
      10
140.911424201166
      20
-31.5909562437812
      30
0
      10
141.696031457133
      20
-28.7860323556725
      30
0
      10
141.655496605049
      20
-26.3200195951829
      30
0
      10
141.655496605049
      20
-26.3200195951829
      30
0
      10
141.624259805497
      20
-23.8440362132764
      30
0
      10
140.800215960961
      20
-21.7431300032159
      30
0
      10
139.406671368982
      20
-20.2856490353176
      30
0
      10
139.406671368982
      20
-20.2856490353176
      30
0
      10
137.974630467074
      20
-18.7775253141752
      30
0
      10
135.896760316375
      20
-17.8967010186327
      30
0
      10
133.42358434592
      20
-17.8605813190481
      30
0
      10
133.42358434592
      20
-17.8605813190481
      30
0
      10
133.423584345913
      20
-15.3882319803987
      30
0
      10
133.423584345907
      20
-12.9158826417494
      30
0
      10
133.4235843459
      20
-10.4435333031
      30
0
      10
133.4235843459
      20
-10.4435333031
      30
0
      10
134.213080385867
      20
-10.4549353264333
      30
0
      10
135.002576425833
      20
-10.4663373497667
      30
0
      10
135.7920724658
      20
-10.4777393731
      30
0
      10
135.7920724658
      20
-10.4777393731
      30
0
      10
136.5500424717
      20
-10.5973450472667
      30
0
      10
137.3080124776
      20
-10.7169507214333
      30
0
      10
138.0659824835
      20
-10.8365563956
      30
0
      10
138.0659824835
      20
-10.8365563956
      30
0
      10
138.780448011733
      20
-11.0624755536667
      30
0
      10
139.494913539967
      20
-11.2883947117333
      30
0
      10
140.2093790682
      20
-11.5143138698
      30
0
      10
140.2093790682
      20
-11.5143138698
      30
0
      10
140.869049190333
      20
-11.8429762387333
      30
0
      10
141.528719312467
      20
-12.1716386076667
      30
0
      10
142.1883894346
      20
-12.5003009766
      30
0
      10
142.1883894346
      20
-12.5003009766
      30
0
      10
142.782839171733
      20
-12.9265125993667
      30
0
      10
143.377288908867
      20
-13.3527242221333
      30
0
      10
143.971738646
      20
-13.7789358449
      30
0
      10
143.971738646
      20
-13.7789358449
      30
0
      10
144.491573717833
      20
-14.2959611622
      30
0
      10
145.011408789667
      20
-14.8129864795
      30
0
      10
145.5312438615
      20
-15.3300117968
      30
0
      10
145.5312438615
      20
-15.3300117968
      30
0
      10
145.968249147367
      20
-15.9296800913667
      30
0
      10
146.405254433233
      20
-16.5293483859333
      30
0
      10
146.8422597191
      20
-17.1290166805
      30
0
      10
146.8422597191
      20
-17.1290166805
      30
0
      10
147.189529083967
      20
-17.8018512015667
      30
0
      10
147.536798448833
      20
-18.4746857226333
      30
0
      10
147.8840678137
      20
-19.1475202437
      30
0
      10
147.8840678137
      20
-19.1475202437
      30
0
      10
148.1361132482
      20
-19.8828879711
      30
0
      10
148.3881586827
      20
-20.6182556985
      30
0
      10
148.6402041172
      20
-21.3536234259
      30
0
      10
148.6402041172
      20
-21.3536234259
      30
0
      10
148.793042466367
      20
-22.1399031070333
      30
0
      10
148.945880815533
      20
-22.9261827881667
      30
0
      10
149.0987191647
      20
-23.7124624693
      30
0
      10
149.0987191647
      20
-23.7124624693
      30
0
      10
149.1499350749
      20
-24.5372282737
      30
0
      10
149.2011509851
      20
-25.3619940781
      30
0
      10
149.2523668953
      20
-26.1867598825
      30
0
    1001
FS_CYPCUT
    1000
Channel
    1070
1
    1000
LeadIn
    1002
{
    1070
3
    1040
0.5
    1040
1.5707963267949
    1040
0.5
    1040
0.3
    1070
0
    1040
0.5
    1070
0
    1002
}
    1000
LeadOut
    1002
{
    1070
0
    1040
0
    1040
0
    1040
0
    1070
0
    1002
}
    1000
IsFill
    1070
0
    1000
PathStart
    1040
0.5
    1000
ToolCompensation
    1002
{
    1070
0
    1040
0
    1070
0
    1002
}
       0
LWPOLYLINE
       5
202A
     100
AcDbEntity
       8
1
     100
AcDbPolyline
      90
106
      70
1
      10
66.0433591142
      20
-0.9283906502
      42
0
      10
68.2534310809
      20
2.8354787249
      42
0
      10
70.1470283989
      20
6.5690277329
      42
0
      10
71.7183109019
      20
10.2607414932
      42
0
      10
72.9624324957
      20
13.8992341522
      42
0
      10
73.8755561042
      20
17.4732839988
      42
0
      10
74.4548655038
      20
20.9718680744
      42
0
      10
74.6985740088
      20
24.3841961689
      42
0
      10
74.605929982
      20
27.6997441002
      42
0
      10
74.1772191528
      20
30.908286172
      42
0
      10
73.4137637362
      20
33.9999267117
      42
0
      10
72.3179183543
      20
36.9651305903
      42
0
      10
70.8930627751
      20
39.7947526305
      42
0
      10
69.1435914879
      20
42.4800658114
      42
0
      10
67.0749001505
      20
45.0127881847
      42
0
      10
64.693368948
      20
47.3851084172
      42
0
      10
62.006342915
      20
49.5897098821
      42
0
      10
59.0221092828
      20
51.6197932254
      42
0
      10
55.7498719196
      20
53.4690973353
      42
0
      10
52.1997229449
      20
55.1319186532
      42
0
      10
48.3826116031
      20
56.6031287642
      42
0
      10
44.3103104947
      20
57.8781902137
      42
0
      10
39.9953792676
      20
58.9531705021
      42
0
      10
35.4511258808
      20
59.824754213
      42
0
      10
30.6915655606
      20
60.4902532386
      42
0
      10
25.7313775756
      20
60.9476150703
      42
0
      10
20.585859963
      20
61.1954291287
      42
0
      10
15.2708823471
      20
61.2329311145
      42
0
      10
9.8028369949
      20
61.0600053654
      42
0
      10
4.1985882594
      20
60.6771852128
      42
0
      10
-1.5245794326
      20
60.0856513372
      42
0
      10
-7.3490148886
      20
59.2872281266
      42
0
      10
-13.2567545899
      20
58.2843780498
      42
0
      10
-19.2295780935
      20
57.0801940616
      42
0
      10
-25.2490642273
      20
55.678390064
      42
0
      10
-31.296647904
      20
54.0832894515
      42
0
      10
-37.3536773788
      20
52.2998117773
      42
0
      10
-43.4014717747
      20
50.3334575805
      42
0
      10
-49.4213786968
      20
48.1902914215
      42
0
      10
-55.39483176
      20
45.8769231779
      42
0
      10
-61.3034078508
      20
43.4004876587
      42
0
      10
-67.1288839465
      20
40.7686225992
      42
0
      10
-72.8532933188
      20
37.989445105
      42
0
      10
-78.4589809458
      20
35.0715266175
      42
0
      10
-83.9286579628
      20
32.0238664783
      42
0
      10
-89.2454549846
      20
28.8558641735
      42
0
      10
-94.3929741328
      20
25.5772903443
      42
0
      10
-99.3553396101
      20
22.1982566527
      42
0
      10
-104.1172466633
      20
18.7291845957
      42
0
      10
-108.6640087864
      20
15.1807733631
      42
0
      10
-112.9816030156
      20
11.5639668401
      42
0
      10
-117.0567131786
      20
7.8899198539
      42
0
      10
-120.8767709643
      20
4.1699637711
      42
0
      10
-124.4299946846
      20
0.4155715494
      42
0
      10
-127.7054256121
      20
-3.361677647
      42
0
      10
-130.692961778
      20
-7.1501341589
      42
0
      10
-133.3833891282
      20
-10.9381137621
      42
0
      10
-130.0395331488
      20
-7.9471788233
      42
0
      10
-126.4125011916
      20
-4.9775900035
      42
0
      10
-122.5137504111
      20
-2.0387277105
      42
0
      10
-118.355596274
      20
0.8601247078
      42
0
      10
-113.9511736561
      20
3.7098102875
      42
0
      10
-109.3143953524
      20
6.5013273743
      42
0
      10
-104.459908128
      20
9.2258580575
      42
0
      10
-99.4030464526
      20
11.8747960251
      42
0
      10
-94.1597840608
      20
14.4397737489
      42
0
      10
-88.7466834943
      20
16.9126889164
      42
0
      10
-83.1808437838
      20
19.2857300244
      42
0
      10
-77.4798464358
      20
21.5514010544
      42
0
      10
-71.661699896
      20
23.7025451509
      42
0
      10
-65.744782664
      20
25.7323672288
      42
0
      10
-59.7477852383
      20
27.6344554381
      42
0
      10
-53.6896510767
      20
29.4028014173
      42
0
      10
-47.5895167573
      20
31.0318192731
      42
0
      10
-41.4666515292
      20
32.5163632253
      42
0
      10
-35.3403964444
      20
33.8517438613
      42
0
      10
-29.2301032628
      20
35.0337429489
      42
0
      10
-23.1550733238
      20
36.0586267613
      42
0
      10
-17.1344965759
      20
36.9231578713
      42
0
      10
-11.1873909601
      20
37.6246053775
      42
0
      10
-5.3325423347
      20
38.1607535308
      42
0
      10
0.4115548655
      20
38.5299087337
      42
0
      10
6.0267560499
      20
38.73090489
      42
0
      10
11.4953237876
      20
38.7631070883
      42
0
      10
16.799983837
      20
38.6264136075
      42
0
      10
21.9239797122
      20
38.3212562381
      42
0
      10
26.8511256132
      20
37.8485989186
      42
0
      10
31.5658575546
      20
37.2099346902
      42
0
      10
36.0532825293
      20
36.4072809804
      42
0
      10
40.2992255526
      20
35.443173231
      42
0
      10
44.2902744391
      20
34.3206568884
      42
0
      10
48.0138221686
      20
33.0432777838
      42
0
      10
51.4581067103
      20
31.6150709328
      42
0
      10
54.6122481764
      20
30.0405477889
      42
0
      10
57.4662831899
      20
28.3246819933
      42
0
      10
60.0111963572
      20
26.4728936635
      42
0
      10
62.2389487463
      20
24.4910322727
      42
0
      10
64.14250328
      20
22.3853581714
      42
0
      10
65.7158469651
      20
20.1625228131
      42
0
      10
66.9540098861
      20
17.8295477429
      42
0
      10
67.8530809047
      20
15.3938024178
      42
0
      10
68.410220014
      20
12.862980928
      42
0
      10
68.6236673097
      20
10.2450776924
      42
0
      10
68.4927485494
      20
7.548362206
      42
0
      10
68.0178772825
      20
4.7813529177
      42
0
      10
67.2005535435
      20
1.9527903221
      42
0
    1001
FS_CYPCUT
    1000
Channel
    1070
1
    1000
LeadIn
    1002
{
    1070
3
    1040
39.5
    1040
1.5707963267949
    1040
0.5
    1040
0.3
    1070
0
    1040
0.5
    1070
0
    1002
}
    1000
LeadOut
    1002
{
    1070
0
    1040
0
    1040
0
    1040
0
    1070
0
    1002
}
    1000
IsFill
    1070
0
    1000
PathStart
    1040
39.5
    1000
ToolCompensation
    1002
{
    1070
0
    1040
0
    1070
0
    1002
}
    1000
MicroConnect
    1002
{
    1070
1
    1040
83
    1041
0.6
    1042
0
    1002
}
       0
LWPOLYLINE
       5
202B
     100
AcDbEntity
       8
1
     100
AcDbPolyline
      90
4
      70
1
      10
186
      20
128.1574330868
      42
0
      10
186
      20
118.1574330868
      42
-1
      10
178
      20
118.1574330868
      42
0
      10
178
      20
128.1574330868
      42
-1.00000000000001
    1001
FS_CYPCUT
    1000
Channel
    1070
1
    1000
LeadIn
    1002
{
    1070
3
    1040
0.499999999999999
    1040
1.5707963267949
    1040
0.5
    1040
0.3
    1070
0
    1040
0.5
    1070
0
    1002
}
    1000
LeadOut
    1002
{
    1070
0
    1040
0
    1040
0
    1040
0
    1070
0
    1002
}
    1000
IsFill
    1070
0
    1000
PathStart
    1040
0.499999999999999
    1000
ToolCompensation
    1002
{
    1070
0
    1040
0
    1070
0
    1002
}
       0
CIRCLE
       5
202C
     100
AcDbEntity
       8
1
     100
AcDbCircle
      10
297
      20
114.1574330868
      30
0
      40
2.5
    1001
FS_CYPCUT
    1000
Channel
    1070
1
    1000
LeadIn
    1002
{
    1070
3
    1040
0
    1040
1.5707963267949
    1040
0.5
    1040
0.3
    1070
0
    1040
0.5
    1070
0
    1002
}
    1000
LeadOut
    1002
{
    1070
0
    1040
0
    1040
0
    1040
0
    1070
0
    1002
}
    1000
IsFill
    1070
0
    1000
PathStart
    1040
0.999999999999999
    1000
ToolCompensation
    1002
{
    1070
0
    1040
0
    1070
0
    1002
}
       0
CIRCLE
       5
202D
     100
AcDbEntity
       8
1
     100
AcDbCircle
      10
297
      20
21
      30
0
      40
2.5
    1001
FS_CYPCUT
    1000
Channel
    1070
1
    1000
LeadIn
    1002
{
    1070
3
    1040
0
    1040
1.5707963267949
    1040
0.5
    1040
0.3
    1070
0
    1040
0.5
    1070
0
    1002
}
    1000
LeadOut
    1002
{
    1070
0
    1040
0
    1040
0
    1040
0
    1070
0
    1002
}
    1000
IsFill
    1070
0
    1000
PathStart
    1040
0.999999999999999
    1000
ToolCompensation
    1002
{
    1070
0
    1040
0
    1070
0
    1002
}
       0
LWPOLYLINE
       5
202E
     100
AcDbEntity
       8
1
     100
AcDbPolyline
      90
8
      70
1
      10
537
      20
113.6574330868
      42
0.41421356237309
      10
527
      20
123.6574330868
      42
0
      10
317
      20
123.6574330868
      42
0.414213562373096
      10
307
      20
113.6574330868
      42
0
      10
307
      20
-26
      42
0.4142135623731
      10
317
      20
-36.0000000000001
      42
0
      10
527
      20
-36
      42
0.414213562373089
      10
537
      20
-26
      42
0
    1001
FS_CYPCUT
    1000
Channel
    1070
1
    1000
LeadIn
    1002
{
    1070
3
    1040
1.50181785285714
    1040
1.5707963267949
    1040
0.5
    1040
0.3
    1070
0
    1040
0.5
    1070
0
    1002
}
    1000
LeadOut
    1002
{
    1070
0
    1040
0
    1040
0
    1040
0
    1070
0
    1002
}
    1000
IsFill
    1070
0
    1000
PathStart
    1040
1.5
    1000
ToolCompensation
    1002
{
    1070
0
    1040
0
    1070
0
    1002
}
    1000
MicroConnect
    1002
{
    1070
3
    1040
1.49896071
    1041
0.6
    1042
0
    1040
5.13685585
    1041
0.6
    1042
0
    1040
5.85250151
    1041
0.6
    1042
0
    1002
}
       0
CIRCLE
       5
202F
     100
AcDbEntity
       8
1
     100
AcDbCircle
      10
547
      20
114.1574330868
      30
0
      40
2.49999999999989
    1001
FS_CYPCUT
    1000
Channel
    1070
1
    1000
LeadIn
    1002
{
    1070
3
    1040
0
    1040
1.5707963267949
    1040
0.5
    1040
0.3
    1070
0
    1040
0.5
    1070
0
    1002
}
    1000
LeadOut
    1002
{
    1070
0
    1040
0
    1040
0
    1040
0
    1070
0
    1002
}
    1000
IsFill
    1070
0
    1000
PathStart
    1040
0.999999999999998
    1000
ToolCompensation
    1002
{
    1070
0
    1040
0
    1070
0
    1002
}
       0
CIRCLE
       5
2030
     100
AcDbEntity
       8
1
     100
AcDbCircle
      10
547
      20
21
      30
0
      40
2.5
    1001
FS_CYPCUT
    1000
Channel
    1070
1
    1000
LeadIn
    1002
{
    1070
3
    1040
1.9151347174784E-15
    1040
1.5707963267949
    1040
0.5
    1040
0.3
    1070
0
    1040
0.5
    1070
0
    1002
}
    1000
LeadOut
    1002
{
    1070
0
    1040
0
    1040
0
    1040
0
    1070
0
    1002
}
    1000
IsFill
    1070
0
    1000
PathStart
    1040
1.9151347174784E-15
    1000
ToolCompensation
    1002
{
    1070
0
    1040
0
    1070
0
    1002
}
       0
LINE
       5
2031
     100
AcDbEntity
       8
2
     100
AcDbLine
      10
592
      20
-88.5866238723
      30
0
      11
442
      21
-88.5866238723
      31
0
    1001
FS_CYPCUT
    1000
Channel
    1070
2
    1000
LeadIn
    1002
{
    1070
3
    1040
0
    1040
1.5707963267949
    1040
0.5
    1040
0.3
    1070
0
    1040
0.5
    1070
0
    1002
}
    1000
LeadOut
    1002
{
    1070
0
    1040
0
    1040
0
    1040
0
    1070
0
    1002
}
    1000
IsFill
    1070
0
    1000
PathStart
    1040
0
    1000
ToolCompensation
    1002
{
    1070
0
    1040
0
    1070
0
    1002
}
       0
LINE
       5
2032
     100
AcDbEntity
       8
2
     100
AcDbLine
      10
442
      20
-111.4249556048
      30
0
      11
592
      21
-111.4249556048
      31
0
    1001
FS_CYPCUT
    1000
Channel
    1070
2
    1000
LeadIn
    1002
{
    1070
3
    1040
0
    1040
1.5707963267949
    1040
0.5
    1040
0.3
    1070
0
    1040
0.5
    1070
0
    1002
}
    1000
LeadOut
    1002
{
    1070
0
    1040
0
    1040
0
    1040
0
    1070
0
    1002
}
    1000
IsFill
    1070
0
    1000
PathStart
    1040
0
    1000
ToolCompensation
    1002
{
    1070
0
    1040
0
    1070
0
    1002
}
       0
CIRCLE
       5
2033
     100
AcDbEntity
       8
1
     100
AcDbCircle
      10
517
      20
-126.6766634651
      30
0
      40
3.74999999999993
    1001
FS_CYPCUT
    1000
Channel
    1070
1
    1000
LeadIn
    1002
{
    1070
3
    1040
0
    1040
1.5707963267949
    1040
0.5
    1040
0.3
    1070
0
    1040
0.5
    1070
0
    1002
}
    1000
LeadOut
    1002
{
    1070
0
    1040
0
    1040
0
    1040
0
    1070
0
    1002
}
    1000
IsFill
    1070
0
    1000
PathStart
    1040
0.999999999999999
    1000
ToolCompensation
    1002
{
    1070
0
    1040
0
    1070
0
    1002
}
       0
LINE
       5
2034
     100
AcDbEntity
       8
2
     100
AcDbLine
      10
537
      20
86.3287165434
      30
0
      11
622
      21
86.3287165434
      31
0
    1001
FS_CYPCUT
    1000
Channel
    1070
2
    1000
LeadIn
    1002
{
    1070
3
    1040
0
    1040
1.5707963267949
    1040
0.5
    1040
0.3
    1070
0
    1040
0.5
    1070
0
    1002
}
    1000
LeadOut
    1002
{
    1070
0
    1040
0
    1040
0
    1040
0
    1070
0
    1002
}
    1000
IsFill
    1070
0
    1000
PathStart
    1040
0
    1000
ToolCompensation
    1002
{
    1070
0
    1040
0
    1070
0
    1002
}
       0
LWPOLYLINE
       5
2035
     100
AcDbEntity
       8
1
     100
AcDbPolyline
      90
45
      70
1
      10
622
      20
193.6574330868
      42
0.414213562373107
      10
617
      20
198.6574330868
      42
0
      10
-560.5
      20
198.6574330868
      42
0.414213562373095
      10
-563.5
      20
195.6574330868
      42
0
      10
-563.5
      20
157.1574330868
      42
0.414213562373092
      10
-560.5
      20
154.1574330868
      42
0
      10
-484.5
      20
154.1574330868
      42
-0.414213562373087
      10
-481.5
      20
151.1574330868
      42
0
      10
-481.5
      20
147.1574330868
      42
-0.414213562373081
      10
-484.5
      20
144.1574330868
      42
0
      10
-619
      20
144.1574330868
      42
0.414213562373101
      10
-622
      20
141.1574330868
      42
0
      10
-622
      20
94.6574330868
      42
0.414213562373082
      10
-617
      20
89.6574330868
      42
0
      10
-542
      20
89.6574330868
      42
0
      10
-542
      20
89.5174330868
      42
0
      10
-545.1158172695
      20
83.14
      42
0
      10
-577.3574655928
      20
22.5022787121
      42
0.565772778187753
      10
-572.9427276285
      20
15.1549208981999
      42
0
      10
-535
      20
15.1549208982
      42
-0.41421356237312
      10
-530
      20
10.1549208982
      42
0
      10
-530
      20
-131.6766634651
      42
0.41421356237309
      10
-525
      20
-136.6766634651
      42
0
      10
-385
      20
-136.6766634651
      42
0.414213562373095
      10
-380
      20
-131.6766634651
      42
0
      10
-380
      20
-84.8450791018
      42
-0.414213562373089
      10
-375
      20
-79.8450791018
      42
0
      10
-49
      20
-79.8450791018
      42
-0.414213562373097
      10
-43.9999999999998
      20
-84.8450791018
      42
0
      10
-44
      20
-131.6766634651
      42
0.414213562373098
      10
-39
      20
-136.6766634651
      42
0
      10
101
      20
-136.6766634651
      42
0.414213562373096
      10
106
      20
-131.6766634651
      42
0
      10
106
      20
-84.8450791018
      42
-0.414213562373093
      10
111
      20
-79.8450791018001
      42
0
      10
437
      20
-79.8450791017998
      42
-0.414213562373088
      10
442
      20
-84.8450791018
      42
0
      10
442
      20
-131.6766634651
      42
0.414213562373086
      10
447
      20
-136.6766634651
      42
0
      10
587
      20
-136.6766634651
      42
0.414213562373113
      10
592
      20
-131.6766634651
      42
0
      10
592
      20
-61.8450791018
      42
-0.414213562373095
      10
597
      20
-56.8450791017999
      42
0
      10
617
      20
-56.8450791018003
      42
0.414213562373106
      10
622
      20
-51.8450791018
      42
0
    1001
FS_CYPCUT
    1000
Channel
    1070
1
    1000
LeadIn
    1002
{
    1070
3
    1040
1.50027474414013
    1040
1.5707963267949
    1040
0.5
    1040
0.3
    1070
0
    1040
0.5
    1070
0
    1002
}
    1000
LeadOut
    1002
{
    1070
0
    1040
0
    1040
0
    1040
0
    1070
0
    1002
}
    1000
IsFill
    1070
1
    1000
PathStart
    1040
1.5
    1000
ToolCompensation
    1002
{
    1070
0
    1040
0
    1070
0
    1002
}
    1000
MicroConnect
    1002
{
    1070
6
    1040
1.14356092
    1041
0.6
    1042
0
    1040
1.49976519
    1041
0.6
    1042
0
    1040
1.85867594
    1041
0.6
    1042
0
    1040
22.6238386
    1041
0.6
    1042
0
    1040
30.366002
    1041
0.6
    1042
0
    1040
38.3976781
    1041
0.6
    1042
0
    1002
}
       0
ENDBLK
       5
2036
     330
2000
     100
AcDbEntity
       8
0
     100
AcDbBlockEnd
       0
BLOCK
       5
2037
     330
2001
     100
AcDbEntity
       8
0
     100
AcDbBlockBegin
       2
Part967037636
      70
0
      10
-670.5
      20
-25
      30
0
       3
Part967037636
       1

       4
CypCutBlock
       0
CIRCLE
       5
2038
     100
AcDbEntity
       8
1
     100
AcDbCircle
      10
-130
      20
9.5
      30
0
      40
2.49999999999997
    1001
FS_CYPCUT
    1000
Channel
    1070
1
    1000
LeadIn
    1002
{
    1070
3
    1040
0
    1040
1.5707963267949
    1040
0.5
    1040
0.3
    1070
0
    1040
0.5
    1070
0
    1002
}
    1000
LeadOut
    1002
{
    1070
0
    1040
0
    1040
0
    1040
0
    1070
0
    1002
}
    1000
IsFill
    1070
0
    1000
PathStart
    1040
1
    1000
ToolCompensation
    1002
{
    1070
0
    1040
0
    1070
0
    1002
}
       0
LINE
       5
2039
     100
AcDbEntity
       8
2
     100
AcDbLine
      10
-670.5
      20
25.3287165434
      30
0
      11
670.5
      21
25.3287165434
      31
0
    1001
FS_CYPCUT
    1000
Channel
    1070
2
    1000
LeadIn
    1002
{
    1070
3
    1040
0
    1040
1.5707963267949
    1040
0.5
    1040
0.3
    1070
0
    1040
0.5
    1070
0
    1002
}
    1000
LeadOut
    1002
{
    1070
0
    1040
0
    1040
0
    1040
0
    1070
0
    1002
}
    1000
IsFill
    1070
0
    1000
PathStart
    1040
0
    1000
ToolCompensation
    1002
{
    1070
0
    1040
0
    1070
0
    1002
}
       0
CIRCLE
       5
203A
     100
AcDbEntity
       8
1
     100
AcDbCircle
      10
130
      20
9.5
      30
0
      40
2.50000000000003
    1001
FS_CYPCUT
    1000
Channel
    1070
1
    1000
LeadIn
    1002
{
    1070
3
    1040
2.4980018054066E-16
    1040
1.5707963267949
    1040
0.5
    1040
0.3
    1070
0
    1040
0.5
    1070
0
    1002
}
    1000
LeadOut
    1002
{
    1070
0
    1040
0
    1040
0
    1040
0
    1070
0
    1002
}
    1000
IsFill
    1070
0
    1000
PathStart
    1040
2.4980018054066E-16
    1000
ToolCompensation
    1002
{
    1070
0
    1040
0
    1070
0
    1002
}
       0
LWPOLYLINE
       5
203B
     100
AcDbEntity
       8
1
     100
AcDbPolyline
      90
16
      70
1
      10
670.5
      20
52.6574330868
      42
0.414213562373121
      10
665.5
      20
57.6574330868
      42
0
      10
-665.5
      20
57.6574330868
      42
0.414213562373097
      10
-670.5
      20
52.6574330868
      42
0
      10
-670.5
      20
13.57
      42
0
      10
-663.5
      20
13.57
      42
0
      10
-663.5
      20
-6.43
      42
0
      10
-670.5
      20
-6.43
      42
0
      10
-670.5
      20
-15
      42
0.414213562373103
      10
-660.5
      20
-25
      42
0
      10
660.5
      20
-25
      42
0.414213562373089
      10
670.5
      20
-15
      42
0
      10
670.5
      20
-6.43
      42
0
      10
663.5
      20
-6.43
      42
0
      10
663.5
      20
13.57
      42
0
      10
670.5
      20
13.57
      42
0
    1001
FS_CYPCUT
    1000
Channel
    1070
1
    1000
LeadIn
    1002
{
    1070
3
    1040
1.5
    1040
1.5707963267949
    1040
0.5
    1040
0.3
    1070
0
    1040
0.5
    1070
0
    1002
}
    1000
LeadOut
    1002
{
    1070
0
    1040
0
    1040
0
    1040
0
    1070
0
    1002
}
    1000
IsFill
    1070
1
    1000
PathStart
    1040
1.5
    1000
ToolCompensation
    1002
{
    1070
0
    1040
0
    1070
0
    1002
}
    1000
MicroConnect
    1002
{
    1070
4
    1040
1.23452935
    1041
0.6
    1042
0
    1040
1.7594296
    1041
0.6
    1042
0
    1040
9.23590127
    1041
0.6
    1042
0
    1040
9.76680396
    1041
0.6
    1042
0
    1002
}
       0
ENDBLK
       5
203C
     330
2001
     100
AcDbEntity
       8
0
     100
AcDbBlockEnd
       0
BLOCK
       5
203D
     330
2002
     100
AcDbEntity
       8
0
     100
AcDbBlockBegin
       2
Part1392799702
      70
0
      10
-670.5
      20
-25
      30
0
       3
Part1392799702
       1

       4
CypCutBlock
       0
CIRCLE
       5
203E
     100
AcDbEntity
       8
1
     100
AcDbCircle
      10
-130
      20
9.5
      30
0
      40
2.49999999999997
    1001
FS_CYPCUT
    1000
Channel
    1070
1
    1000
LeadIn
    1002
{
    1070
3
    1040
0
    1040
1.5707963267949
    1040
0.5
    1040
0.3
    1070
0
    1040
0.5
    1070
0
    1002
}
    1000
LeadOut
    1002
{
    1070
0
    1040
0
    1040
0
    1040
0
    1070
0
    1002
}
    1000
IsFill
    1070
0
    1000
PathStart
    1040
1
    1000
ToolCompensation
    1002
{
    1070
0
    1040
0
    1070
0
    1002
}
       0
LINE
       5
203F
     100
AcDbEntity
       8
2
     100
AcDbLine
      10
-670.5
      20
25.3287165434
      30
0
      11
670.5
      21
25.3287165434
      31
0
    1001
FS_CYPCUT
    1000
Channel
    1070
2
    1000
LeadIn
    1002
{
    1070
3
    1040
0
    1040
1.5707963267949
    1040
0.5
    1040
0.3
    1070
0
    1040
0.5
    1070
0
    1002
}
    1000
LeadOut
    1002
{
    1070
0
    1040
0
    1040
0
    1040
0
    1070
0
    1002
}
    1000
IsFill
    1070
0
    1000
PathStart
    1040
0
    1000
ToolCompensation
    1002
{
    1070
0
    1040
0
    1070
0
    1002
}
       0
CIRCLE
       5
2040
     100
AcDbEntity
       8
1
     100
AcDbCircle
      10
130
      20
9.5
      30
0
      40
2.50000000000003
    1001
FS_CYPCUT
    1000
Channel
    1070
1
    1000
LeadIn
    1002
{
    1070
3
    1040
2.4980018054066E-16
    1040
1.5707963267949
    1040
0.5
    1040
0.3
    1070
0
    1040
0.5
    1070
0
    1002
}
    1000
LeadOut
    1002
{
    1070
0
    1040
0
    1040
0
    1040
0
    1070
0
    1002
}
    1000
IsFill
    1070
0
    1000
PathStart
    1040
2.4980018054066E-16
    1000
ToolCompensation
    1002
{
    1070
0
    1040
0
    1070
0
    1002
}
       0
LWPOLYLINE
       5
2041
     100
AcDbEntity
       8
1
     100
AcDbPolyline
      90
16
      70
1
      10
670.5
      20
52.6574330868
      42
0.414213562373121
      10
665.5
      20
57.6574330868
      42
0
      10
-665.5
      20
57.6574330868
      42
0.414213562373097
      10
-670.5
      20
52.6574330868
      42
0
      10
-670.5
      20
13.57
      42
0
      10
-663.5
      20
13.57
      42
0
      10
-663.5
      20
-6.43
      42
0
      10
-670.5
      20
-6.43
      42
0
      10
-670.5
      20
-15
      42
0.414213562373103
      10
-660.5
      20
-25
      42
0
      10
660.5
      20
-25
      42
0.414213562373089
      10
670.5
      20
-15
      42
0
      10
670.5
      20
-6.43
      42
0
      10
663.5
      20
-6.43
      42
0
      10
663.5
      20
13.57
      42
0
      10
670.5
      20
13.57
      42
0
    1001
FS_CYPCUT
    1000
Channel
    1070
1
    1000
LeadIn
    1002
{
    1070
3
    1040
1.5
    1040
1.5707963267949
    1040
0.5
    1040
0.3
    1070
0
    1040
0.5
    1070
0
    1002
}
    1000
LeadOut
    1002
{
    1070
0
    1040
0
    1040
0
    1040
0
    1070
0
    1002
}
    1000
IsFill
    1070
1
    1000
PathStart
    1040
1.5
    1000
ToolCompensation
    1002
{
    1070
0
    1040
0
    1070
0
    1002
}
    1000
MicroConnect
    1002
{
    1070
4
    1040
1.23452935
    1041
0.6
    1042
0
    1040
1.7594296
    1041
0.6
    1042
0
    1040
9.23590127
    1041
0.6
    1042
0
    1040
9.76680396
    1041
0.6
    1042
0
    1002
}
       0
ENDBLK
       5
2042
     330
2002
     100
AcDbEntity
       8
0
     100
AcDbBlockEnd
       0
BLOCK
       5
2043
     330
2003
     100
AcDbEntity
       8
0
     100
AcDbBlockBegin
       2
Part1988496389
      70
0
      10
-644.7
      20
-136.470937
      30
0
       3
Part1988496389
       1

       4
CypCutBlock
       0
LINE
       5
2044
     100
AcDbEntity
       8
2
     100
AcDbLine
      10
-644.7
      20
87.8522784883
      30
0
      11
-558.2
      21
87.8522784883
      31
0
    1001
FS_CYPCUT
    1000
Channel
    1070
2
    1000
LeadIn
    1002
{
    1070
3
    1040
0
    1040
1.5707963267949
    1040
0.5
    1040
0.3
    1070
0
    1040
0.5
    1070
0
    1002
}
    1000
LeadOut
    1002
{
    1070
0
    1040
0
    1040
0
    1040
0
    1070
0
    1002
}
    1000
IsFill
    1070
0
    1000
PathStart
    1040
0
    1000
ToolCompensation
    1002
{
    1070
0
    1040
0
    1070
0
    1002
}
       0
CIRCLE
       5
2045
     100
AcDbEntity
       8
1
     100
AcDbCircle
      10
-568.2
      20
115.7045569766
      30
0
      40
2.5
    1001
FS_CYPCUT
    1000
Channel
    1070
1
    1000
LeadIn
    1002
{
    1070
3
    1040
1.9151347174784E-15
    1040
1.5707963267949
    1040
0.5
    1040
0.3
    1070
0
    1040
0.5
    1070
0
    1002
}
    1000
LeadOut
    1002
{
    1070
0
    1040
0
    1040
0
    1040
0
    1070
0
    1002
}
    1000
IsFill
    1070
0
    1000
PathStart
    1040
1.9151347174784E-15
    1000
ToolCompensation
    1002
{
    1070
0
    1040
0
    1070
0
    1002
}
       0
CIRCLE
       5
2046
     100
AcDbEntity
       8
1
     100
AcDbCircle
      10
-568.2
      20
22.5
      30
0
      40
2.5
    1001
FS_CYPCUT
    1000
Channel
    1070
1
    1000
LeadIn
    1002
{
    1070
3
    1040
1.9151347174784E-15
    1040
1.5707963267949
    1040
0.5
    1040
0.3
    1070
0
    1040
0.5
    1070
0
    1002
}
    1000
LeadOut
    1002
{
    1070
0
    1040
0
    1040
0
    1040
0
    1070
0
    1002
}
    1000
IsFill
    1070
0
    1000
PathStart
    1040
1.9151347174784E-15
    1000
ToolCompensation
    1002
{
    1070
0
    1040
0
    1070
0
    1002
}
       0
LINE
       5
2047
     100
AcDbEntity
       8
2
     100
AcDbLine
      10
-494.7
      20
-88.3922995801
      30
0
      11
-644.7
      21
-88.3922995801
      31
0
    1001
FS_CYPCUT
    1000
Channel
    1070
2
    1000
LeadIn
    1002
{
    1070
3
    1040
0
    1040
1.5707963267949
    1040
0.5
    1040
0.3
    1070
0
    1040
0.5
    1070
0
    1002
}
    1000
LeadOut
    1002
{
    1070
0
    1040
0
    1040
0
    1040
0
    1070
0
    1002
}
    1000
IsFill
    1070
0
    1000
PathStart
    1040
0
    1000
ToolCompensation
    1002
{
    1070
0
    1040
0
    1070
0
    1002
}
       0
LINE
       5
2048
     100
AcDbEntity
       8
2
     100
AcDbLine
      10
-644.7
      20
-111.8777680172
      30
0
      11
-494.7
      21
-111.8777680172
      31
0
    1001
FS_CYPCUT
    1000
Channel
    1070
2
    1000
LeadIn
    1002
{
    1070
3
    1040
0
    1040
1.5707963267949
    1040
0.5
    1040
0.3
    1070
0
    1040
0.5
    1070
0
    1002
}
    1000
LeadOut
    1002
{
    1070
0
    1040
0
    1040
0
    1040
0
    1070
0
    1002
}
    1000
IsFill
    1070
0
    1000
PathStart
    1040
0
    1000
ToolCompensation
    1002
{
    1070
0
    1040
0
    1070
0
    1002
}
       0
CIRCLE
       5
2049
     100
AcDbEntity
       8
1
     100
AcDbCircle
      10
-569.7
      20
-126.4709368742
      30
0
      40
3.74999999999984
    1001
FS_CYPCUT
    1000
Channel
    1070
1
    1000
LeadIn
    1002
{
    1070
3
    1040
4.16333634234434E-16
    1040
1.5707963267949
    1040
0.5
    1040
0.3
    1070
0
    1040
0.5
    1070
0
    1002
}
    1000
LeadOut
    1002
{
    1070
0
    1040
0
    1040
0
    1040
0
    1070
0
    1002
}
    1000
IsFill
    1070
0
    1000
PathStart
    1040
4.16333634234434E-16
    1000
ToolCompensation
    1002
{
    1070
0
    1040
0
    1070
0
    1002
}
       0
LWPOLYLINE
       5
204A
     100
AcDbEntity
       8
1
     100
AcDbPolyline
      90
8
      70
1
      10
-328.2
      20
115.2045569766
      42
0
      10
-328.2
      20
-24.5
      42
-0.414213562373098
      10
-338.2
      20
-34.5000000000001
      42
0
      10
-548.2
      20
-34.5
      42
-0.414213562373094
      10
-558.2
      20
-24.5
      42
0
      10
-558.2
      20
115.2045569766
      42
-0.41421356237309
      10
-548.2
      20
125.2045569766
      42
0
      10
-338.2
      20
125.2045569766
      42
-0.414213562373095
    1001
FS_CYPCUT
    1000
Channel
    1070
1
    1000
LeadIn
    1002
{
    1070
3
    1040
2.50155709285714
    1040
1.5707963267949
    1040
0.5
    1040
0.3
    1070
0
    1040
0.5
    1070
0
    1002
}
    1000
LeadOut
    1002
{
    1070
0
    1040
0
    1040
0
    1040
0
    1070
0
    1002
}
    1000
IsFill
    1070
0
    1000
PathStart
    1040
2.5
    1000
ToolCompensation
    1002
{
    1070
0
    1040
0
    1070
0
    1002
}
    1000
MicroConnect
    1002
{
    1070
3
    1040
2.49869995
    1041
0.6
    1042
0
    1040
6.12420753
    1041
0.6
    1042
0
    1040
6.85477812
    1041
0.6
    1042
0
    1002
}
       0
CIRCLE
       5
204B
     100
AcDbEntity
       8
1
     100
AcDbCircle
      10
-318.2
      20
22.5
      30
0
      40
2.50000000000006
    1001
FS_CYPCUT
    1000
Channel
    1070
1
    1000
LeadIn
    1002
{
    1070
3
    1040
1.13797860024079E-15
    1040
1.5707963267949
    1040
0.5
    1040
0.3
    1070
0
    1040
0.5
    1070
0
    1002
}
    1000
LeadOut
    1002
{
    1070
0
    1040
0
    1040
0
    1040
0
    1070
0
    1002
}
    1000
IsFill
    1070
0
    1000
PathStart
    1040
1.13797860024079E-15
    1000
ToolCompensation
    1002
{
    1070
0
    1040
0
    1070
0
    1002
}
       0
CIRCLE
       5
204C
     100
AcDbEntity
       8
1
     100
AcDbCircle
      10
-318.2
      20
115.7045569766
      30
0
      40
2.50000000000006
    1001
FS_CYPCUT
    1000
Channel
    1070
1
    1000
LeadIn
    1002
{
    1070
3
    1040
1.27675647831893E-15
    1040
1.5707963267949
    1040
0.5
    1040
0.3
    1070
0
    1040
0.5
    1070
0
    1002
}
    1000
LeadOut
    1002
{
    1070
0
    1040
0
    1040
0
    1040
0
    1070
0
    1002
}
    1000
IsFill
    1070
0
    1000
PathStart
    1040
1.27675647831893E-15
    1000
ToolCompensation
    1002
{
    1070
0
    1040
0
    1070
0
    1002
}
       0
LWPOLYLINE
       5
204D
     100
AcDbEntity
       8
1
     100
AcDbPolyline
      90
4
      70
1
      10
-210.5
      20
130.7045569766
      42
0
      10
-210.5
      20
120.7045569766
      42
-1
      10
-218.5
      20
120.7045569766
      42
0
      10
-218.5
      20
130.7045569766
      42
-1
    1001
FS_CYPCUT
    1000
Channel
    1070
1
    1000
LeadIn
    1002
{
    1070
3
    1040
0.5
    1040
1.5707963267949
    1040
0.5
    1040
0.3
    1070
0
    1040
0.5
    1070
0
    1002
}
    1000
LeadOut
    1002
{
    1070
0
    1040
0
    1040
0
    1040
0
    1070
0
    1002
}
    1000
IsFill
    1070
0
    1000
PathStart
    1040
0.5
    1000
ToolCompensation
    1002
{
    1070
0
    1040
0
    1070
0
    1002
}
       0
LINE
       5
204E
     100
AcDbEntity
       8
2
     100
AcDbLine
      10
-76.85
      20
-88.3922995801
      30
0
      11
73.15
      21
-88.3922995801
      31
0
    1001
FS_CYPCUT
    1000
Channel
    1070
2
    1000
LeadIn
    1002
{
    1070
3
    1040
0
    1040
1.5707963267949
    1040
0.5
    1040
0.3
    1070
0
    1040
0.5
    1070
0
    1002
}
    1000
LeadOut
    1002
{
    1070
0
    1040
0
    1040
0
    1040
0
    1070
0
    1002
}
    1000
IsFill
    1070
0
    1000
PathStart
    1040
0
    1000
ToolCompensation
    1002
{
    1070
0
    1040
0
    1070
0
    1002
}
       0
LINE
       5
204F
     100
AcDbEntity
       8
2
     100
AcDbLine
      10
73.15
      20
-111.8777680172
      30
0
      11
-76.85
      21
-111.8777680172
      31
0
    1001
FS_CYPCUT
    1000
Channel
    1070
2
    1000
LeadIn
    1002
{
    1070
3
    1040
0
    1040
1.5707963267949
    1040
0.5
    1040
0.3
    1070
0
    1040
0.5
    1070
0
    1002
}
    1000
LeadOut
    1002
{
    1070
0
    1040
0
    1040
0
    1040
0
    1070
0
    1002
}
    1000
IsFill
    1070
0
    1000
PathStart
    1040
0
    1000
ToolCompensation
    1002
{
    1070
0
    1040
0
    1070
0
    1002
}
       0
CIRCLE
       5
2050
     100
AcDbEntity
       8
1
     100
AcDbCircle
      10
-1.85
      20
-126.4709368742
      30
0
      40
3.75000000000001
    1001
FS_CYPCUT
    1000
Channel
    1070
1
    1000
LeadIn
    1002
{
    1070
3
    1040
0
    1040
1.5707963267949
    1040
0.5
    1040
0.3
    1070
0
    1040
0.5
    1070
0
    1002
}
    1000
LeadOut
    1002
{
    1070
0
    1040
0
    1040
0
    1040
0
    1070
0
    1002
}
    1000
IsFill
    1070
0
    1000
PathStart
    1040
1
    1000
ToolCompensation
    1002
{
    1070
0
    1040
0
    1070
0
    1002
}
       0
SPLINE
       5
2051
     100
AcDbEntity
       8
1
     100
AcDbSpline
      70
0
      71
3
      72
244
      73
240
      74
0
      40
0
      40
0
      40
0
      40
0
      40
0.0166666666666667
      40
0.0166666666666667
      40
0.0166666666666667
      40
0.0166666666666667
      40
0.0333333333333333
      40
0.0333333333333333
      40
0.0333333333333333
      40
0.0333333333333333
      40
0.05
      40
0.05
      40
0.05
      40
0.05
      40
0.0666666666666667
      40
0.0666666666666667
      40
0.0666666666666667
      40
0.0666666666666667
      40
0.0833333333333333
      40
0.0833333333333333
      40
0.0833333333333333
      40
0.0833333333333333
      40
0.1
      40
0.1
      40
0.1
      40
0.1
      40
0.116666666666667
      40
0.116666666666667
      40
0.116666666666667
      40
0.116666666666667
      40
0.133333333333333
      40
0.133333333333333
      40
0.133333333333333
      40
0.133333333333333
      40
0.15
      40
0.15
      40
0.15
      40
0.15
      40
0.166666666666667
      40
0.166666666666667
      40
0.166666666666667
      40
0.166666666666667
      40
0.183333333333333
      40
0.183333333333333
      40
0.183333333333333
      40
0.183333333333333
      40
0.2
      40
0.2
      40
0.2
      40
0.2
      40
0.216666666666667
      40
0.216666666666667
      40
0.216666666666667
      40
0.216666666666667
      40
0.233333333333333
      40
0.233333333333333
      40
0.233333333333333
      40
0.233333333333333
      40
0.25
      40
0.25
      40
0.25
      40
0.25
      40
0.266666666666667
      40
0.266666666666667
      40
0.266666666666667
      40
0.266666666666667
      40
0.283333333333333
      40
0.283333333333333
      40
0.283333333333333
      40
0.283333333333333
      40
0.3
      40
0.3
      40
0.3
      40
0.3
      40
0.316666666666667
      40
0.316666666666667
      40
0.316666666666667
      40
0.316666666666667
      40
0.333333333333333
      40
0.333333333333333
      40
0.333333333333333
      40
0.333333333333333
      40
0.35
      40
0.35
      40
0.35
      40
0.35
      40
0.366666666666667
      40
0.366666666666667
      40
0.366666666666667
      40
0.366666666666667
      40
0.383333333333333
      40
0.383333333333333
      40
0.383333333333333
      40
0.383333333333333
      40
0.4
      40
0.4
      40
0.4
      40
0.4
      40
0.416666666666667
      40
0.416666666666667
      40
0.416666666666667
      40
0.416666666666667
      40
0.433333333333333
      40
0.433333333333333
      40
0.433333333333333
      40
0.433333333333333
      40
0.45
      40
0.45
      40
0.45
      40
0.45
      40
0.466666666666667
      40
0.466666666666667
      40
0.466666666666667
      40
0.466666666666667
      40
0.483333333333333
      40
0.483333333333333
      40
0.483333333333333
      40
0.483333333333333
      40
0.5
      40
0.5
      40
0.5
      40
0.5
      40
0.516666666666667
      40
0.516666666666667
      40
0.516666666666667
      40
0.516666666666667
      40
0.533333333333333
      40
0.533333333333333
      40
0.533333333333333
      40
0.533333333333333
      40
0.55
      40
0.55
      40
0.55
      40
0.55
      40
0.566666666666667
      40
0.566666666666667
      40
0.566666666666667
      40
0.566666666666667
      40
0.583333333333333
      40
0.583333333333333
      40
0.583333333333333
      40
0.583333333333333
      40
0.6
      40
0.6
      40
0.6
      40
0.6
      40
0.616666666666667
      40
0.616666666666667
      40
0.616666666666667
      40
0.616666666666667
      40
0.633333333333333
      40
0.633333333333333
      40
0.633333333333333
      40
0.633333333333333
      40
0.65
      40
0.65
      40
0.65
      40
0.65
      40
0.666666666666667
      40
0.666666666666667
      40
0.666666666666667
      40
0.666666666666667
      40
0.683333333333333
      40
0.683333333333333
      40
0.683333333333333
      40
0.683333333333333
      40
0.7
      40
0.7
      40
0.7
      40
0.7
      40
0.716666666666667
      40
0.716666666666667
      40
0.716666666666667
      40
0.716666666666667
      40
0.733333333333333
      40
0.733333333333333
      40
0.733333333333333
      40
0.733333333333333
      40
0.75
      40
0.75
      40
0.75
      40
0.75
      40
0.766666666666667
      40
0.766666666666667
      40
0.766666666666667
      40
0.766666666666667
      40
0.783333333333333
      40
0.783333333333333
      40
0.783333333333333
      40
0.783333333333333
      40
0.8
      40
0.8
      40
0.8
      40
0.8
      40
0.816666666666667
      40
0.816666666666667
      40
0.816666666666667
      40
0.816666666666667
      40
0.833333333333333
      40
0.833333333333333
      40
0.833333333333333
      40
0.833333333333333
      40
0.85
      40
0.85
      40
0.85
      40
0.85
      40
0.866666666666667
      40
0.866666666666667
      40
0.866666666666667
      40
0.866666666666667
      40
0.883333333333333
      40
0.883333333333333
      40
0.883333333333333
      40
0.883333333333333
      40
0.9
      40
0.9
      40
0.9
      40
0.9
      40
0.916666666666667
      40
0.916666666666667
      40
0.916666666666667
      40
0.916666666666667
      40
0.933333333333333
      40
0.933333333333333
      40
0.933333333333333
      40
0.933333333333333
      40
0.95
      40
0.95
      40
0.95
      40
0.95
      40
0.966666666666667
      40
0.966666666666667
      40
0.966666666666667
      40
0.966666666666667
      40
0.983333333333333
      40
0.983333333333333
      40
0.983333333333333
      40
0.983333333333333
      40
1
      40
1
      40
1
      40
1
      10
59.8176640698697
      20
-17.2415716739513
      30
0
      10
59.5802132354245
      20
-15.40620393745
      30
0
      10
58.9948687725406
      20
-13.632854671114
      30
0
      10
58.093070602289
      20
-12.0167737055991
      30
0
      10
58.093070602289
      20
-12.0167737055991
      30
0
      10
57.1912724320375
      20
-10.4006927400842
      30
0
      10
55.9894606394748
      20
-8.97134177691922
      30
0
      10
54.5521867328091
      20
-7.80549386909142
      30
0
      10
54.5521867328091
      20
-7.80549386909142
      30
0
      10
53.1149128261434
      20
-6.63964596126362
      30
0
      10
51.4683787938622
      20
-5.75855490967856
      30
0
      10
49.7010229885907
      20
-5.209545725291
      30
0
      10
49.7010229885907
      20
-5.209545725291
      30
0
      10
47.9336671833193
      20
-4.66053654090344
      30
0
      10
46.0777090979797
      20
-4.45361784646935
      30
0
      10
44.2328356339
      20
-4.5999036233
      30
0
      10
44.2328356339
      20
-4.5999036233
      30
0
      10
44.2328356339
      20
-6.7045702734
      30
0
      10
44.2328356339
      20
-8.8092369235
      30
0
      10
44.2328356339
      20
-10.9139035736
      30
0
      10
44.2328356339
      20
-10.9139035736
      30
0
      10
45.7815546483638
      20
-10.7866236174693
      30
0
      10
47.1567021838788
      20
-10.9745694521431
      30
0
      10
48.3189832226466
      20
-11.3836929780344
      30
0
      10
48.3189832226466
      20
-11.3836929780344
      30
0
      10
49.2837608084457
      20
-11.7245518737507
      30
0
      10
50.1114639439385
      20
-12.2132600786276
      30
0
      10
50.8279360858991
      20
-12.8452071298319
      30
0
      10
50.8279360858991
      20
-12.8452071298319
      30
0
      10
51.1261376680945
      20
-13.1085644004018
      30
0
      10
51.371764372092
      20
-13.4260476737621
      30
0
      10
51.5517967274064
      20
-13.7808287141491
      30
0
      10
51.5517967274064
      20
-13.7808287141491
      30
0
      10
51.7318290827208
      20
-14.1356097545362
      30
0
      10
51.843028999316
      20
-14.5213074147955
      30
0
      10
51.8795023133857
      20
-14.9174777480348
      30
0
      10
51.8795023133857
      20
-14.9174777480348
      30
0
      10
51.9159756274554
      20
-15.3136480812741
      30
0
      10
51.8770663242812
      20
-15.713165506059
      30
0
      10
51.7648367957563
      20
-16.0948535573591
      30
0
      10
51.7648367957563
      20
-16.0948535573591
      30
0
      10
51.6526072672313
      20
-16.4765416086591
      30
0
      10
51.4690760911686
      20
-16.8335351856228
      30
0
      10
51.2239713577358
      20
-17.1469118044491
      30
0
      10
51.2239713577358
      20
-17.1469118044491
      30
0
      10
50.9788666243031
      20
-17.4602884232754
      30
0
      10
50.6765968254834
      20
-17.7244116431971
      30
0
      10
50.3331838052
      20
-17.9252815839
      30
0
      10
50.3331838052
      20
-17.9252815839
      30
0
      10
42.7317221455333
      20
-22.3715461766
      30
0
      10
35.1302604858666
      20
-26.8178107693
      30
0
      10
27.5287988262
      20
-31.264075362
      30
0
      10
27.5287988262
      20
-31.264075362
      30
0
      10
27.2980577343097
      20
-28.8679421809418
      30
0
      10
27.747520387088
      20
-25.9782505437829
      30
0
      10
28.9561052174767
      20
-23.1598974737778
      30
0
      10
28.9561052174767
      20
-23.1598974737778
      30
0
      10
30.2023267033624
      20
-20.2120089857717
      30
0
      10
32.2685413584918
      20
-17.3784033840026
      30
0
      10
34.7367494830926
      20
-15.2510429890511
      30
0
      10
34.7367494830926
      20
-15.2510429890511
      30
0
      10
36.7704253297587
      20
-13.4837199609968
      30
0
      10
39.0580086385783
      20
-12.2023873951613
      30
0
      10
41.2328356338631
      20
-11.5185927640846
      30
0
      10
41.2328356338631
      20
-11.5185927640846
      30
0
      10
41.2328356338754
      20
-9.22779204868977
      30
0
      10
41.2328356338877
      20
-6.93699133329488
      30
0
      10
41.2328356339
      20
-4.6461906179
      30
0
      10
41.2328356339
      20
-4.6461906179
      30
0
      10
40.4128475041667
      20
-4.87235636166667
      30
0
      10
39.5928593744333
      20
-5.09852210543333
      30
0
      10
38.7728712447
      20
-5.3246878492
      30
0
      10
38.7728712447
      20
-5.3246878492
      30
0
      10
37.9623816814333
      20
-5.65311638143333
      30
0
      10
37.1518921181667
      20
-5.98154491366667
      30
0
      10
36.3414025549
      20
-6.3099734459
      30
0
      10
36.3414025549
      20
-6.3099734459
      30
0
      10
35.5529378807333
      20
-6.73558881993333
      30
0
      10
34.7644732065667
      20
-7.16120419396667
      30
0
      10
33.9760085324
      20
-7.586819568
      30
0
      10
33.9760085324
      20
-7.586819568
      30
0
      10
33.2217546697
      20
-8.10304378986667
      30
0
      10
32.467500807
      20
-8.61926801173333
      30
0
      10
31.7132469443
      20
-9.1354922336
      30
0
      10
31.7132469443
      20
-9.1354922336
      30
0
      10
31.0048610786667
      20
-9.73434692643333
      30
0
      10
30.2964752130333
      20
-10.3332016192667
      30
0
      10
29.5880893474
      20
-10.9320563121
      30
0
      10
29.5880893474
      20
-10.9320563121
      30
0
      10
28.9365197628333
      20
-11.6042860241
      30
0
      10
28.2849501782667
      20
-12.2765157361
      30
0
      10
27.6333805937
      20
-12.9487454481
      30
0
      10
27.6333805937
      20
-12.9487454481
      30
0
      10
27.0486974641
      20
-13.6839606977667
      30
0
      10
26.4640143345
      20
-14.4191759474333
      30
0
      10
25.8793312049
      20
-15.1543911971
      30
0
      10
25.8793312049
      20
-15.1543911971
      30
0
      10
25.3705709569333
      20
-15.9412290455333
      30
0
      10
24.8618107089667
      20
-16.7280668939667
      30
0
      10
24.353050461
      20
-17.5149047424
      30
0
      10
24.353050461
      20
-17.5149047424
      30
0
      10
23.9280761139667
      20
-18.3412044102
      30
0
      10
23.5031017669333
      20
-19.167504078
      30
0
      10
23.0781274199
      20
-19.9938037458
      30
0
      10
23.0781274199
      20
-19.9938037458
      30
0
      10
22.7435070605333
      20
-20.8467945611
      30
0
      10
22.4088867011667
      20
-21.6997853764
      30
0
      10
22.0742663418
      20
-22.5527761917
      30
0
      10
22.0742663418
      20
-22.5527761917
      30
0
      10
21.835171613
      20
-23.4192749642
      30
0
      10
21.5960768842
      20
-24.2857737367
      30
0
      10
21.3569821554
      20
-25.1522725092
      30
0
      10
21.3569821554
      20
-25.1522725092
      30
0
      10
21.2171083271333
      20
-26.0188872796333
      30
0
      10
21.0772344988667
      20
-26.8855020500667
      30
0
      10
20.9373606706
      20
-27.7521168205
      30
0
      10
20.9373606706
      20
-27.7521168205
      30
0
      10
20.8988695284667
      20
-28.6054538368333
      30
0
      10
20.8603783863333
      20
-29.4587908531667
      30
0
      10
20.8218872442
      20
-30.3121278695
      30
0
      10
20.8218872442
      20
-30.3121278695
      30
0
      10
20.8853736786333
      20
-31.1389985908
      30
0
      10
20.9488601130667
      20
-31.9658693121
      30
0
      10
21.0123465475
      20
-32.7927400334
      30
0
      10
21.0123465475
      20
-32.7927400334
      30
0
      10
21.1768293594667
      20
-33.580364962
      30
0
      10
21.3413121714333
      20
-34.3679898906
      30
0
      10
21.5057949834
      20
-35.1556148192
      30
0
      10
21.5057949834
      20
-35.1556148192
      30
0
      10
21.7687320491667
      20
-35.8918210112667
      30
0
      10
22.0316691149333
      20
-36.6280272033333
      30
0
      10
22.2946061807
      20
-37.3642333954
      30
0
      10
22.2946061807
      20
-37.3642333954
      30
0
      10
22.6519337409333
      20
-38.0376425966333
      30
0
      10
23.0092613011667
      20
-38.7110517978667
      30
0
      10
23.3665888614
      20
-39.3844609991
      30
0
      10
23.3665888614
      20
-39.3844609991
      30
0
      10
23.8127843276333
      20
-39.9846654987667
      30
0
      10
24.2589797938667
      20
-40.5848699984333
      30
0
      10
24.7051752601
      20
-41.1850744981
      30
0
      10
24.7051752601
      20
-41.1850744981
      30
0
      10
25.2333425677333
      20
-41.7027979828
      30
0
      10
25.7615098753667
      20
-42.2205214675
      30
0
      10
26.289677183
      20
-42.7382449522
      30
0
      10
26.289677183
      20
-42.7382449522
      30
0
      10
26.8916533717333
      20
-43.1654858736
      30
0
      10
27.4936295604667
      20
-43.592726795
      30
0
      10
28.0956057492
      20
-44.0199677164
      30
0
      10
28.0956057492
      20
-44.0199677164
      30
0
      10
28.7620871237667
      20
-44.3501229572
      30
0
      10
29.4285684983333
      20
-44.680278198
      30
0
      10
30.0950498729
      20
-45.0104334388
      30
0
      10
30.0950498729
      20
-45.0104334388
      30
0
      10
30.8157357938
      20
-45.2384003656667
      30
0
      10
31.5364217147
      20
-45.4663672925333
      30
0
      10
32.2571076356
      20
-45.6943342194
      30
0
      10
32.2571076356
      20
-45.6943342194
      30
0
      10
33.0208597184333
      20
-45.8165895454
      30
0
      10
33.7846118012667
      20
-45.9388448714
      30
0
      10
34.5483638841
      20
-46.0611001974
      30
0
      10
34.5483638841
      20
-46.0611001974
      30
0
      10
35.3433781458
      20
-46.0757544353333
      30
0
      10
36.1383924075
      20
-46.0904086732667
      30
0
      10
36.9334066692
      20
-46.1050629112
      30
0
      10
36.9334066692
      20
-46.1050629112
      30
0
      10
37.7473959618667
      20
-46.0118895761
      30
0
      10
38.5613852545333
      20
-45.918716241
      30
0
      10
39.3753745472
      20
-45.8255429059
      30
0
      10
39.3753745472
      20
-45.8255429059
      30
0
      10
40.1957584589667
      20
-45.6259820154
      30
0
      10
41.0161423707333
      20
-45.4264211249
      30
0
      10
41.8365262825
      20
-45.2268602344
      30
0
      10
41.8365262825
      20
-45.2268602344
      30
0
      10
42.6506255710667
      20
-44.9239960528667
      30
0
      10
43.4647248596333
      20
-44.6211318713333
      30
0
      10
44.2788241482
      20
-44.3182676898
      30
0
      10
44.2788241482
      20
-44.3182676898
      30
0
      10
45.0740567016333
      20
-43.9167810603
      30
0
      10
45.8692892550667
      20
-43.5152944308
      30
0
      10
46.6645218085
      20
-43.1138078013
      30
0
      10
46.6645218085
      20
-43.1138078013
      30
0
      10
47.4285971051667
      20
-42.6199038020333
      30
0
      10
48.1926724018333
      20
-42.1259998027667
      30
0
      10
48.9567476985
      20
-41.6320958035
      30
0
      10
48.9567476985
      20
-41.6320958035
      30
0
      10
49.6778567600333
      20
-41.0534078465
      30
0
      10
50.3989658215667
      20
-40.4747198895
      30
0
      10
51.1200748831
      20
-39.8960319325
      30
0
      10
51.1200748831
      20
-39.8960319325
      30
0
      10
51.7870727852667
      20
-39.2415037876
      30
0
      10
52.4540706874333
      20
-38.5869756427
      30
0
      10
53.1210685896
      20
-37.9324474978
      30
0
      10
53.1210685896
      20
-37.9324474978
      30
0
      10
53.7236467099333
      20
-37.2121950642
      30
0
      10
54.3262248302667
      20
-36.4919426306
      30
0
      10
54.9288029506
      20
-35.771690197
      30
0
      10
54.9288029506
      20
-35.771690197
      30
0
      10
55.4576482907333
      20
-34.9968451595
      30
0
      10
55.9864936308667
      20
-34.222000122
      30
0
      10
56.515338971
      20
-33.4471550845
      30
0
      10
56.515338971
      20
-33.4471550845
      30
0
      10
56.9622780915
      20
-32.6296928705667
      30
0
      10
57.409217212
      20
-31.8122306566333
      30
0
      10
57.8561563325
      20
-30.9947684427
      30
0
      10
57.8561563325
      20
-30.9947684427
      30
0
      10
58.2142816754333
      20
-30.1473231390667
      30
0
      10
58.5724070183667
      20
-29.2998778354333
      30
0
      10
58.9305323613
      20
-28.4524325318
      30
0
      10
58.9305323613
      20
-28.4524325318
      30
0
      10
59.1943090082333
      20
-27.5881016215333
      30
0
      10
59.4580856551667
      20
-26.7237707112667
      30
0
      10
59.7218623021
      20
-25.859439801
      30
0
      10
59.7218623021
      20
-25.859439801
      30
0
      10
57.4109914047001
      20
-25.8594398009899
      30
0
      10
55.1001205073003
      20
-25.8594398009797
      30
0
      10
52.7892496099004
      20
-25.8594398009696
      30
0
      10
52.7892496099004
      20
-25.8594398009696
      30
0
      10
51.7447899656582
      20
-28.9244149974945
      30
0
      10
49.7897926619437
      20
-31.9836229714514
      30
0
      10
47.3253504945402
      20
-34.3413260742409
      30
0
      10
47.3253504945402
      20
-34.3413260742409
      30
0
      10
44.9462130732842
      20
-36.6430758165318
      30
0
      10
42.1167869334945
      20
-38.261557822107
      30
0
      10
39.4962261738543
      20
-38.9811926567602
      30
0
      10
39.4962261738543
      20
-38.9811926567602
      30
0
      10
37.194775458925
      20
-39.6245086341279
      30
0
      10
35.0941799833375
      20
-39.601569010799
      30
0
      10
33.426161575279
      20
-39.1275973091387
      30
0
      10
33.426161575279
      20
-39.1275973091387
      30
0
      10
31.6306307287901
      20
-38.6113028935783
      30
0
      10
30.2716567220713
      20
-37.6451938321864
      30
0
      10
29.2310605587558
      20
-36.1919854317504
      30
0
      10
29.2310605587558
      20
-36.1919854317504
      30
0
      10
29.0586727729966
      20
-35.948384419169
      30
0
      10
28.8963794546557
      20
-35.6901497075909
      30
0
      10
28.74500673412
      20
-35.4166625050708
      30
0
      10
28.74500673412
      20
-35.4166625050708
      30
0
      10
39.1025591793333
      20
-29.3582988947333
      30
0
      10
49.4601116245667
      20
-23.2999352843667
      30
0
      10
59.8176640698
      20
-17.241571674
      30
0
    1001
FS_CYPCUT
    1000
Channel
    1070
1
    1000
LeadIn
    1002
{
    1070
3
    1040
59.5
    1040
1.5707963267949
    1040
0.5
    1040
0.3
    1070
0
    1040
0.5
    1070
0
    1002
}
    1000
LeadOut
    1002
{
    1070
0
    1040
0
    1040
0
    1040
0
    1070
0
    1002
}
    1000
IsFill
    1070
0
    1000
PathStart
    1040
59.5
    1000
ToolCompensation
    1002
{
    1070
0
    1040
0
    1070
0
    1002
}
       0
LWPOLYLINE
       5
2052
     100
AcDbEntity
       8
1
     100
AcDbPolyline
      90
12
      70
1
      10
100.0236759918
      20
-4.8246588263
      42
0
      10
100.0236759918
      20
-11.1246588261
      42
0
      10
81.7550851497
      20
-11.1246588261
      42
0.761737062257187
      10
79.3350786616605
      20
-19.9078842512963
      42
0
      10
85.9353330104872
      20
-23.8437568722954
      42
-0.865240744479163
      10
82.6986759852
      20
-46.1265763668
      42
0
      10
61.5303408715
      20
-46.1265763668
      42
0
      10
61.5303408715
      20
-39.4750987752
      42
0
      10
78.4808831824
      20
-39.4750987752
      42
0.735169300966689
      10
81.1714926165694
      20
-30.8659970931676
      42
0
      10
72.5772521983
      20
-24.9125627514
      42
-0.735169300966689
      10
78.8553408781
      20
-4.8246588263
      42
0
    1001
FS_CYPCUT
    1000
Channel
    1070
1
    1000
LeadIn
    1002
{
    1070
3
    1040
4.5
    1040
1.5707963267949
    1040
0.5
    1040
0.3
    1070
0
    1040
0.5
    1070
0
    1002
}
    1000
LeadOut
    1002
{
    1070
0
    1040
0
    1040
0
    1040
0
    1070
0
    1002
}
    1000
IsFill
    1070
0
    1000
PathStart
    1040
4.5
    1000
ToolCompensation
    1002
{
    1070
0
    1040
0
    1070
0
    1002
}
       0
LWPOLYLINE
       5
2053
     100
AcDbEntity
       8
1
     100
AcDbPolyline
      90
106
      70
1
      10
211.1659424853
      20
4.8238635818
      42
0
      10
213.3760144521
      20
8.587732957
      42
0
      10
215.26961177
      20
12.3212819649
      42
0
      10
216.840894273
      20
16.0129957253
      42
0
      10
218.0850158668
      20
19.6514883843
      42
0
      10
218.9981394754
      20
23.2255382309
      42
0
      10
219.577448875
      20
26.7241223065
      42
0
      10
219.82115738
      20
30.136450401
      42
0
      10
219.7285133532
      20
33.4519983323
      42
0
      10
219.299802524
      20
36.660540404
      42
0
      10
218.5363471073
      20
39.7521809437
      42
0
      10
217.4405017255
      20
42.7173848224
      42
0
      10
216.0156461462
      20
45.5470068626
      42
0
      10
214.266174859
      20
48.2323200435
      42
0
      10
212.1974835216
      20
50.7650424168
      42
0
      10
209.8159523191
      20
53.1373626492
      42
0
      10
207.1289262861
      20
55.3419641142
      42
0
      10
204.1446926539
      20
57.3720474575
      42
0
      10
200.8724552907
      20
59.2213515674
      42
0
      10
197.322306316
      20
60.8841728853
      42
0
      10
193.5051949742
      20
62.3553829963
      42
0
      10
189.4328938659
      20
63.6304444458
      42
0
      10
185.1179626388
      20
64.7054247342
      42
0
      10
180.5737092519
      20
65.5770084451
      42
0
      10
175.8141489318
      20
66.2425074707
      42
0
      10
170.8539609468
      20
66.6998693024
      42
0
      10
165.7084433341
      20
66.9476833608
      42
0
      10
160.3934657182
      20
66.9851853466
      42
0
      10
154.925420366
      20
66.8122595974
      42
0
      10
149.3211716306
      20
66.4294394449
      42
0
      10
143.5980039386
      20
65.8379055693
      42
0
      10
137.7735684825
      20
65.0394823587
      42
0
      10
131.8658287812
      20
64.0366322819
      42
0
      10
125.8930052777
      20
62.8324482937
      42
0
      10
119.8735191439
      20
61.4306442961
      42
0
      10
113.8259354671
      20
59.8355436836
      42
0
      10
107.7689059923
      20
58.0520660094
      42
0
      10
101.7211115965
      20
56.0857118126
      42
0
      10
95.7012046744
      20
53.9425456535
      42
0
      10
89.7277516111
      20
51.62917741
      42
0
      10
83.8191755204
      20
49.1527418908
      42
0
      10
77.9936994246
      20
46.5208768313
      42
0
      10
72.2692900523
      20
43.7416993371
      42
0
      10
66.6636024254
      20
40.8237808496
      42
0
      10
61.1939254083
      20
37.7761207104
      42
0
      10
55.8771283865
      20
34.6081184055
      42
0
      10
50.7296092383
      20
31.3295445763
      42
0
      10
45.7672437611
      20
27.9505108848
      42
0
      10
41.0053367078
      20
24.4814388278
      42
0
      10
36.4585745848
      20
20.9330275952
      42
0
      10
32.1409803556
      20
17.3162210721
      42
0
      10
28.0658701925
      20
13.642174086
      42
0
      10
24.2458124069
      20
9.9222180032
      42
0
      10
20.6925886865
      20
6.1678257815
      42
0
      10
17.417157759
      20
2.3905765851
      42
0
      10
14.4296215932
      20
-1.3978799268
      42
0
      10
11.7391942429
      20
-5.18585953
      42
0
      10
15.0830502223
      20
-2.1949245912
      42
0
      10
18.7100821796
      20
0.7746642286
      42
0
      10
22.6088329601
      20
3.7135265216
      42
0
      10
26.7669870972
      20
6.6123789399
      42
0
      10
31.171409715
      20
9.4620645196
      42
0
      10
35.8081880188
      20
12.2535816063
      42
0
      10
40.6626752431
      20
14.9781122896
      42
0
      10
45.7195369186
      20
17.6270502572
      42
0
      10
50.9627993104
      20
20.192027981
      42
0
      10
56.3758998768
      20
22.6649431485
      42
0
      10
61.9417395874
      20
25.0379842565
      42
0
      10
67.6427369354
      20
27.3036552865
      42
0
      10
73.4608834751
      20
29.4547993829
      42
0
      10
79.3778007071
      20
31.4846214609
      42
0
      10
85.3747981328
      20
33.3867096702
      42
0
      10
91.4329322944
      20
35.1550556494
      42
0
      10
97.5330666138
      20
36.7840735052
      42
0
      10
103.6559318419
      20
38.2686174574
      42
0
      10
109.7821869268
      20
39.6039980934
      42
0
      10
115.8924801083
      20
40.7859971809
      42
0
      10
121.9675100474
      20
41.8108809934
      42
0
      10
127.9880867952
      20
42.6754121034
      42
0
      10
133.935192411
      20
43.3768596096
      42
0
      10
139.7900410365
      20
43.9130077629
      42
0
      10
145.5341382367
      20
44.2821629658
      42
0
      10
151.149339421
      20
44.4831591221
      42
0
      10
156.6179071587
      20
44.5153613204
      42
0
      10
161.9225672082
      20
44.3786678395
      42
0
      10
167.0465630833
      20
44.0735104702
      42
0
      10
171.9737089843
      20
43.6008531507
      42
0
      10
176.6884409258
      20
42.9621889222
      42
0
      10
181.1758659004
      20
42.1595352125
      42
0
      10
185.4218089238
      20
41.1954274631
      42
0
      10
189.4128578102
      20
40.0729111205
      42
0
      10
193.1364055398
      20
38.7955320159
      42
0
      10
196.5806900815
      20
37.3673251648
      42
0
      10
199.7348315475
      20
35.7928020209
      42
0
      10
202.588866561
      20
34.0769362253
      42
0
      10
205.1337797284
      20
32.2251478956
      42
0
      10
207.3615321175
      20
30.2432865047
      42
0
      10
209.2650866512
      20
28.1376124035
      42
0
      10
210.8384303362
      20
25.9147770452
      42
0
      10
212.0765932573
      20
23.581801975
      42
0
      10
212.9756642759
      20
21.1460566499
      42
0
      10
213.5328033852
      20
18.6152351601
      42
0
      10
213.7462506809
      20
15.9973319245
      42
0
      10
213.6153319206
      20
13.3006164381
      42
0
      10
213.1404606537
      20
10.5336071498
      42
0
      10
212.3231369147
      20
7.7050445541
      42
0
    1001
FS_CYPCUT
    1000
Channel
    1070
1
    1000
LeadIn
    1002
{
    1070
3
    1040
39.5
    1040
1.5707963267949
    1040
0.5
    1040
0.3
    1070
0
    1040
0.5
    1070
0
    1002
}
    1000
LeadOut
    1002
{
    1070
0
    1040
0
    1040
0
    1040
0
    1070
0
    1002
}
    1000
IsFill
    1070
0
    1000
PathStart
    1040
39.5
    1000
ToolCompensation
    1002
{
    1070
0
    1040
0
    1070
0
    1002
}
    1000
MicroConnect
    1002
{
    1070
2
    1040
28
    1041
0.6
    1042
0
    1040
83
    1041
0.6
    1042
0
    1002
}
       0
LWPOLYLINE
       5
2054
     100
AcDbEntity
       8
1
     100
AcDbPolyline
      90
12
      70
1
      10
129.1672560138
      20
-14.2746588253
      42
0
      10
114.2050743821
      20
-14.2746588253
      42
0
      10
115.8713643516
      20
-4.8246588255
      42
0
      10
109.4741766967
      20
-4.8246588255
      42
0
      10
103.7574464055
      20
-37.2458473578
      42
0.386919480665599
      10
113.515580704035
      20
-46.1265763668588
      42
0
      10
123.2729781653
      20
-46.1265763668
      42
0
      10
123.2729781653
      20
-39.4750987754
      42
0
      10
113.5155807059
      20
-39.4750987754
      42
-0.466307658155
      10
110.413436283911
      20
-35.7781070157491
      42
0
      10
113.0942143995
      20
-20.5746588263
      42
0
      10
129.1672560138
      20
-20.5746588263
      42
0
    1001
FS_CYPCUT
    1000
Channel
    1070
1
    1000
LeadIn
    1002
{
    1070
3
    1040
3.5
    1040
1.5707963267949
    1040
0.5
    1040
0.3
    1070
0
    1040
0.5
    1070
0
    1002
}
    1000
LeadOut
    1002
{
    1070
0
    1040
0
    1040
0
    1040
0
    1070
0
    1002
}
    1000
IsFill
    1070
0
    1000
PathStart
    1040
3.5
    1000
ToolCompensation
    1002
{
    1070
0
    1040
0
    1070
0
    1002
}
       0
SPLINE
       5
2055
     100
AcDbEntity
       8
1
     100
AcDbSpline
      70
0
      71
3
      72
132
      73
128
      74
0
      40
0
      40
0
      40
0
      40
0
      40
0.03125
      40
0.03125
      40
0.03125
      40
0.03125
      40
0.0625
      40
0.0625
      40
0.0625
      40
0.0625
      40
0.09375
      40
0.09375
      40
0.09375
      40
0.09375
      40
0.125
      40
0.125
      40
0.125
      40
0.125
      40
0.15625
      40
0.15625
      40
0.15625
      40
0.15625
      40
0.1875
      40
0.1875
      40
0.1875
      40
0.1875
      40
0.21875
      40
0.21875
      40
0.21875
      40
0.21875
      40
0.25
      40
0.25
      40
0.25
      40
0.25
      40
0.28125
      40
0.28125
      40
0.28125
      40
0.28125
      40
0.3125
      40
0.3125
      40
0.3125
      40
0.3125
      40
0.34375
      40
0.34375
      40
0.34375
      40
0.34375
      40
0.375
      40
0.375
      40
0.375
      40
0.375
      40
0.40625
      40
0.40625
      40
0.40625
      40
0.40625
      40
0.4375
      40
0.4375
      40
0.4375
      40
0.4375
      40
0.46875
      40
0.46875
      40
0.46875
      40
0.46875
      40
0.5
      40
0.5
      40
0.5
      40
0.5
      40
0.53125
      40
0.53125
      40
0.53125
      40
0.53125
      40
0.5625
      40
0.5625
      40
0.5625
      40
0.5625
      40
0.59375
      40
0.59375
      40
0.59375
      40
0.59375
      40
0.625
      40
0.625
      40
0.625
      40
0.625
      40
0.65625
      40
0.65625
      40
0.65625
      40
0.65625
      40
0.6875
      40
0.6875
      40
0.6875
      40
0.6875
      40
0.71875
      40
0.71875
      40
0.71875
      40
0.71875
      40
0.75
      40
0.75
      40
0.75
      40
0.75
      40
0.78125
      40
0.78125
      40
0.78125
      40
0.78125
      40
0.8125
      40
0.8125
      40
0.8125
      40
0.8125
      40
0.84375
      40
0.84375
      40
0.84375
      40
0.84375
      40
0.875
      40
0.875
      40
0.875
      40
0.875
      40
0.90625
      40
0.90625
      40
0.90625
      40
0.90625
      40
0.9375
      40
0.9375
      40
0.9375
      40
0.9375
      40
0.96875
      40
0.96875
      40
0.96875
      40
0.96875
      40
1
      40
1
      40
1
      40
1
      10
150.7884394974
      20
-5.0974275899
      30
0
      10
149.958499399733
      20
-5.33135628556667
      30
0
      10
149.128559302067
      20
-5.56528498123333
      30
0
      10
148.2986192044
      20
-5.7992136769
      30
0
      10
148.2986192044
      20
-5.7992136769
      30
0
      10
147.478929361533
      20
-6.13964326293333
      30
0
      10
146.659239518667
      20
-6.48007284896667
      30
0
      10
145.8395496758
      20
-6.820502435
      30
0
      10
145.8395496758
      20
-6.820502435
      30
0
      10
145.043563303933
      20
-7.26184558723333
      30
0
      10
144.247576932067
      20
-7.70318873946667
      30
0
      10
143.4515905602
      20
-8.1445318917
      30
0
      10
143.4515905602
      20
-8.1445318917
      30
0
      10
142.692371840733
      20
-8.67954503516667
      30
0
      10
141.933153121267
      20
-9.21455817863333
      30
0
      10
141.1739344018
      20
-9.7495713221
      30
0
      10
141.1739344018
      20
-9.7495713221
      30
0
      10
140.463944064433
      20
-10.3694735166
      30
0
      10
139.753953727067
      20
-10.9893757111
      30
0
      10
139.0439633897
      20
-11.6092779056
      30
0
      10
139.0439633897
      20
-11.6092779056
      30
0
      10
138.394854199933
      20
-12.3038949634667
      30
0
      10
137.745745010167
      20
-12.9985120213333
      30
0
      10
137.0966358204
      20
-13.6931290792
      30
0
      10
137.0966358204
      20
-13.6931290792
      30
0
      10
136.519061327733
      20
-14.4510605499667
      30
0
      10
135.941486835067
      20
-15.2089920207333
      30
0
      10
135.3639123424
      20
-15.9669234915
      30
0
      10
135.3639123424
      20
-15.9669234915
      30
0
      10
134.867352028133
      20
-16.7757297725
      30
0
      10
134.370791713867
      20
-17.5845360535
      30
0
      10
133.8742313996
      20
-18.3933423345
      30
0
      10
133.8742313996
      20
-18.3933423345
      30
0
      10
133.4668350942
      20
-19.2397488366667
      30
0
      10
133.0594387888
      20
-20.0861553388333
      30
0
      10
132.6520424834
      20
-20.932561841
      30
0
      10
132.6520424834
      20
-20.932561841
      30
0
      10
132.3404966069
      20
-21.8026768591333
      30
0
      10
132.0289507304
      20
-22.6727918772667
      30
0
      10
131.7174048539
      20
-23.5429068954
      30
0
      10
131.7174048539
      20
-23.5429068954
      30
0
      10
131.506822674567
      20
-24.4224496066
      30
0
      10
131.296240495233
      20
-25.3019923178
      30
0
      10
131.0856583159
      20
-26.181535029
      30
0
      10
131.0856583159
      20
-26.181535029
      30
0
      10
130.979496028267
      20
-27.0560698777
      30
0
      10
130.873333740633
      20
-27.9306047264
      30
0
      10
130.767171453
      20
-28.8051395751
      30
0
      10
130.767171453
      20
-28.8051395751
      30
0
      10
130.767171453
      20
-29.6603131976
      30
0
      10
130.767171453
      20
-30.5154868201
      30
0
      10
130.767171453
      20
-31.3706604426
      30
0
      10
130.767171453
      20
-31.3706604426
      30
0
      10
130.873333740633
      20
-32.1924372427
      30
0
      10
130.979496028267
      20
-33.0142140428
      30
0
      10
131.0856583159
      20
-33.8359908429
      30
0
      10
131.0856583159
      20
-33.8359908429
      30
0
      10
131.296240495233
      20
-34.6108833520333
      30
0
      10
131.506822674567
      20
-35.3857758611667
      30
0
      10
131.7174048539
      20
-36.1606683703
      30
0
      10
131.7174048539
      20
-36.1606683703
      30
0
      10
132.0289507304
      20
-36.8759586116
      30
0
      10
132.3404966069
      20
-37.5912488529
      30
0
      10
132.6520424834
      20
-38.3065390942
      30
0
      10
132.6520424834
      20
-38.3065390942
      30
0
      10
133.0594387888
      20
-38.9504873171333
      30
0
      10
133.4668350942
      20
-39.5944355400667
      30
0
      10
133.8742313996
      20
-40.238383763
      30
0
      10
133.8742313996
      20
-40.238383763
      30
0
      10
134.370791713867
      20
-40.8004211227667
      30
0
      10
134.867352028133
      20
-41.3624584825333
      30
0
      10
135.3639123424
      20
-41.9244958423
      30
0
      10
135.3639123424
      20
-41.9244958423
      30
0
      10
135.941486835067
      20
-42.3953978619333
      30
0
      10
136.519061327733
      20
-42.8662998815667
      30
0
      10
137.0966358204
      20
-43.3372019012
      30
0
      10
137.0966358204
      20
-43.3372019012
      30
0
      10
137.745745010167
      20
-43.7092398687333
      30
0
      10
138.394854199933
      20
-44.0812778362667
      30
0
      10
139.0439633897
      20
-44.4533158038
      30
0
      10
139.0439633897
      20
-44.4533158038
      30
0
      10
139.753953727067
      20
-44.7203836203333
      30
0
      10
140.463944064433
      20
-44.9874514368667
      30
0
      10
141.1739344018
      20
-45.2545192534
      30
0
      10
141.1739344018
      20
-45.2545192534
      30
0
      10
141.933153121267
      20
-45.4122336499333
      30
0
      10
142.692371840733
      20
-45.5699480464667
      30
0
      10
143.4515905602
      20
-45.727662443
      30
0
      10
143.4515905602
      20
-45.727662443
      30
0
      10
144.247576932067
      20
-45.7734349211
      30
0
      10
145.043563303933
      20
-45.8192073992
      30
0
      10
145.8395496758
      20
-45.8649798773
      30
0
      10
145.8395496758
      20
-45.8649798773
      30
0
      10
146.659239518667
      20
-45.7980591930333
      30
0
      10
147.478929361533
      20
-45.7311385087667
      30
0
      10
148.2986192044
      20
-45.6642178245
      30
0
      10
148.2986192044
      20
-45.6642178245
      30
0
      10
149.128559302067
      20
-45.4857023181667
      30
0
      10
149.958499399733
      20
-45.3071868118333
      30
0
      10
150.7884394974
      20
-45.1286713055
      30
0
      10
150.7884394974
      20
-45.1286713055
      30
0
      10
150.7884394974
      20
-42.1937093993667
      30
0
      10
150.7884394974
      20
-39.2587474932333
      30
0
      10
150.7884394974
      20
-36.3237855871
      30
0
      10
150.7884394974
      20
-36.3237855871
      30
0
      10
148.075085521135
      20
-37.4405230716349
      30
0
      10
145.337864935512
      20
-37.6505635341738
      30
0
      10
143.149423538387
      20
-37.0270582947552
      30
0
      10
143.149423538387
      20
-37.0270582947552
      30
0
      10
140.252652197578
      20
-36.2119383446122
      30
0
      10
138.250149619255
      20
-34.0453981591942
      30
0
      10
137.598102607122
      20
-30.9400219968255
      30
0
      10
137.598102607122
      20
-30.9400219968255
      30
0
      10
137.101363438
      20
-28.5994974356214
      30
0
      10
137.45348285497
      20
-25.7317467261967
      30
0
      10
138.676611363103
      20
-22.9589485401995
      30
0
      10
138.676611363103
      20
-22.9589485401995
      30
0
      10
139.978581323103
      20
-19.962304601824
      30
0
      10
142.286611395498
      20
-17.1225215760632
      30
0
      10
145.029940227316
      20
-15.1589027090894
      30
0
      10
145.029940227316
      20
-15.1589027090894
      30
0
      10
146.853205771369
      20
-13.8430880578139
      30
0
      10
148.853561643018
      20
-12.911910232603
      30
0
      10
150.788439497442
      20
-12.4537276249906
      30
0
      10
150.788439497442
      20
-12.4537276249906
      30
0
      10
150.788439497428
      20
-10.0016276132938
      30
0
      10
150.788439497414
      20
-7.54952760159688
      30
0
      10
150.7884394974
      20
-5.0974275899
      30
0
    1001
FS_CYPCUT
    1000
Channel
    1070
1
    1000
LeadIn
    1002
{
    1070
3
    1040
29.5
    1040
1.5707963267949
    1040
0.5
    1040
0.3
    1070
0
    1040
0.5
    1070
0
    1002
}
    1000
LeadOut
    1002
{
    1070
0
    1040
0
    1040
0
    1040
0
    1070
0
    1002
}
    1000
IsFill
    1070
0
    1000
PathStart
    1040
29.5
    1000
ToolCompensation
    1002
{
    1070
0
    1040
0
    1070
0
    1002
}
       0
SPLINE
       5
2056
     100
AcDbEntity
       8
1
     100
AcDbSpline
      70
0
      71
3
      72
92
      73
88
      74
0
      40
0
      40
0
      40
0
      40
0
      40
0.0454545454545455
      40
0.0454545454545455
      40
0.0454545454545455
      40
0.0454545454545455
      40
0.0909090909090909
      40
0.0909090909090909
      40
0.0909090909090909
      40
0.0909090909090909
      40
0.136363636363636
      40
0.136363636363636
      40
0.136363636363636
      40
0.136363636363636
      40
0.181818181818182
      40
0.181818181818182
      40
0.181818181818182
      40
0.181818181818182
      40
0.227272727272727
      40
0.227272727272727
      40
0.227272727272727
      40
0.227272727272727
      40
0.272727272727273
      40
0.272727272727273
      40
0.272727272727273
      40
0.272727272727273
      40
0.318181818181818
      40
0.318181818181818
      40
0.318181818181818
      40
0.318181818181818
      40
0.363636363636364
      40
0.363636363636364
      40
0.363636363636364
      40
0.363636363636364
      40
0.409090909090909
      40
0.409090909090909
      40
0.409090909090909
      40
0.409090909090909
      40
0.454545454545455
      40
0.454545454545455
      40
0.454545454545455
      40
0.454545454545455
      40
0.5
      40
0.5
      40
0.5
      40
0.5
      40
0.545454545454545
      40
0.545454545454545
      40
0.545454545454545
      40
0.545454545454545
      40
0.590909090909091
      40
0.590909090909091
      40
0.590909090909091
      40
0.590909090909091
      40
0.636363636363636
      40
0.636363636363636
      40
0.636363636363636
      40
0.636363636363636
      40
0.681818181818182
      40
0.681818181818182
      40
0.681818181818182
      40
0.681818181818182
      40
0.727272727272727
      40
0.727272727272727
      40
0.727272727272727
      40
0.727272727272727
      40
0.772727272727273
      40
0.772727272727273
      40
0.772727272727273
      40
0.772727272727273
      40
0.818181818181818
      40
0.818181818181818
      40
0.818181818181818
      40
0.818181818181818
      40
0.863636363636364
      40
0.863636363636364
      40
0.863636363636364
      40
0.863636363636364
      40
0.909090909090909
      40
0.909090909090909
      40
0.909090909090909
      40
0.909090909090909
      40
0.954545454545455
      40
0.954545454545455
      40
0.954545454545455
      40
0.954545454545455
      40
1
      40
1
      40
1
      40
1
      10
169.9420916365
      20
-20.3537826081
      30
0
      10
169.889786088467
      20
-19.5133922927667
      30
0
      10
169.837480540433
      20
-18.6730019774333
      30
0
      10
169.7851749924
      20
-17.8326116621
      30
0
      10
169.7851749924
      20
-17.8326116621
      30
0
      10
169.6290886638
      20
-17.0315555658667
      30
0
      10
169.4730023352
      20
-16.2304994696333
      30
0
      10
169.3169160066
      20
-15.4294433734
      30
0
      10
169.3169160066
      20
-15.4294433734
      30
0
      10
169.0595266631
      20
-14.6804377242667
      30
0
      10
168.8021373196
      20
-13.9314320751333
      30
0
      10
168.5447479761
      20
-13.182426426
      30
0
      10
168.5447479761
      20
-13.182426426
      30
0
      10
168.190141500833
      20
-12.4973611859333
      30
0
      10
167.835535025567
      20
-11.8122959458667
      30
0
      10
167.4809285503
      20
-11.1272307058
      30
0
      10
167.4809285503
      20
-11.1272307058
      30
0
      10
167.034734083067
      20
-10.5169808257667
      30
0
      10
166.588539615833
      20
-9.90673094573333
      30
0
      10
166.1423451486
      20
-9.2964810657
      30
0
      10
166.1423451486
      20
-9.2964810657
      30
0
      10
165.611645727133
      20
-8.77073385296667
      30
0
      10
165.080946305667
      20
-8.24498664023333
      30
0
      10
164.5502468842
      20
-7.7192394275
      30
0
      10
164.5502468842
      20
-7.7192394275
      30
0
      10
163.943467005667
      20
-7.2863407663
      30
0
      10
163.336687127133
      20
-6.8534421051
      30
0
      10
162.7299072486
      20
-6.4205434439
      30
0
      10
162.7299072486
      20
-6.4205434439
      30
0
      10
162.056679136333
      20
-6.0873653099
      30
0
      10
161.383451024067
      20
-5.7541871759
      30
0
      10
160.7102229118
      20
-5.4210090419
      30
0
      10
160.7102229118
      20
-5.4210090419
      30
0
      10
159.981233610333
      20
-5.19284041443333
      30
0
      10
159.252244308867
      20
-4.96467178696667
      30
0
      10
158.5232550074
      20
-4.7365031595
      30
0
      10
158.5232550074
      20
-4.7365031595
      30
0
      10
157.7500767326
      20
-4.61696606236667
      30
0
      10
156.9768984578
      20
-4.49742896523333
      30
0
      10
156.203720183
      20
-4.3778918681
      30
0
      10
156.203720183
      20
-4.3778918681
      30
0
      10
155.398626621133
      20
-4.36888387253333
      30
0
      10
154.593533059267
      20
-4.35987587696667
      30
0
      10
153.7884394974
      20
-4.3508678814
      30
0
      10
153.7884394974
      20
-4.3508678814
      30
0
      10
153.7884394974
      20
-6.93668761646667
      30
0
      10
153.7884394974
      20
-9.52250735153333
      30
0
      10
153.7884394974
      20
-12.1083270866
      30
0
      10
153.7884394974
      20
-12.1083270866
      30
0
      10
156.261615467896
      20
-12.1444467862027
      30
0
      10
158.339485618595
      20
-13.0252710817448
      30
0
      10
159.771526520501
      20
-14.5333948028868
      30
0
      10
159.771526520501
      20
-14.5333948028868
      30
0
      10
161.165071112482
      20
-15.990875770786
      30
0
      10
161.989114957016
      20
-18.0917819808444
      30
0
      10
162.020351756568
      20
-20.5677653627494
      30
0
      10
162.020351756568
      20
-20.5677653627494
      30
0
      10
162.060886608649
      20
-23.033778123238
      30
0
      10
161.27627935269
      20
-25.838702011348
      30
0
      10
159.762509279053
      20
-28.405820183015
      30
0
      10
159.762509279053
      20
-28.405820183015
      30
0
      10
158.307398370694
      20
-30.8958500249453
      30
0
      10
156.18265553024
      20
-33.1433299834333
      30
0
      10
153.788439497441
      20
-34.7257150075846
      30
0
      10
153.788439497441
      20
-34.7257150075846
      30
0
      10
153.788439497449
      20
-37.8317933551132
      30
0
      10
153.788439497456
      20
-40.9378717026418
      30
0
      10
153.788439497463
      20
-44.0439500501703
      30
0
      10
153.788439497463
      20
-44.0439500501703
      30
0
      10
155.507326374252
      20
-43.2649146526626
      30
0
      10
157.138290337256
      20
-42.3048777876694
      30
0
      10
158.653673843354
      20
-41.1801195579984
      30
0
      10
158.653673843354
      20
-41.1801195579984
      30
0
      10
160.169057349452
      20
-40.0553613283275
      30
0
      10
161.560245852726
      20
-38.7722756807094
      30
0
      10
162.803647871762
      20
-37.352620911118
      30
0
      10
162.803647871762
      20
-37.352620911118
      30
0
      10
162.8036478717
      20
-40.2772727296667
      30
0
      10
162.8036478717
      20
-43.2019245482333
      30
0
      10
162.8036478717
      20
-46.1265763668
      30
0
      10
162.8036478717
      20
-46.1265763668
      30
0
      10
165.183129126633
      20
-46.1265763668
      30
0
      10
167.562610381567
      20
-46.1265763668
      30
0
      10
169.9420916365
      20
-46.1265763668
      30
0
      10
169.9420916365
      20
-46.1265763668
      30
0
      10
169.9420916365
      20
-37.5356451139
      30
0
      10
169.9420916365
      20
-28.944713861
      30
0
      10
169.9420916365
      20
-20.3537826081
      30
0
    1001
FS_CYPCUT
    1000
Channel
    1070
1
    1000
LeadIn
    1002
{
    1070
3
    1040
21.5
    1040
1.5707963267949
    1040
0.5
    1040
0.3
    1070
0
    1040
0.5
    1070
0
    1002
}
    1000
LeadOut
    1002
{
    1070
0
    1040
0
    1040
0
    1040
0
    1070
0
    1002
}
    1000
IsFill
    1070
0
    1000
PathStart
    1040
21.5
    1000
ToolCompensation
    1002
{
    1070
0
    1040
0
    1070
0
    1002
}
       0
LWPOLYLINE
       5
2057
     100
AcDbEntity
       8
1
     100
AcDbPolyline
      90
12
      70
1
      10
198.516847956
      20
-14.2746588255
      42
0
      10
198.516847956
      20
-20.5746588265
      42
0
      10
182.4438063416
      20
-20.5746588265
      42
0
      10
179.763028226011
      20
-35.7781070159491
      42
0.466307658155001
      10
182.865172648
      20
-39.4750987756001
      42
0
      10
192.6225701074
      20
-39.4750987756
      42
0
      10
192.6225701074
      20
-46.1265763668
      42
0
      10
182.865172646152
      20
-46.1265763668581
      42
-0.386919480687169
      10
173.1070383478
      20
-37.2458473573
      42
0
      10
178.8237686389
      20
-4.8246588257
      42
0
      10
185.2209562937
      20
-4.8246588257
      42
0
      10
183.5546663242
      20
-14.2746588255
      42
0
    1001
FS_CYPCUT
    1000
Channel
    1070
1
    1000
LeadIn
    1002
{
    1070
3
    1040
8.5
    1040
1.5707963267949
    1040
0.5
    1040
0.3
    1070
0
    1040
0.5
    1070
0
    1002
}
    1000
LeadOut
    1002
{
    1070
0
    1040
0
    1040
0
    1040
0
    1070
0
    1002
}
    1000
IsFill
    1070
0
    1000
PathStart
    1040
8.5
    1000
ToolCompensation
    1002
{
    1070
0
    1040
0
    1070
0
    1002
}
       0
LWPOLYLINE
       5
2058
     100
AcDbEntity
       8
1
     100
AcDbPolyline
      90
4
      70
1
      10
212.6362713625
      20
-14.6261364182
      42
0
      10
206.2390837076
      20
-14.6261364182
      42
0
      10
200.6847062405
      20
-46.1265763668
      42
0
      10
207.0818938953
      20
-46.1265763668
      42
0
    1001
FS_CYPCUT
    1000
Channel
    1070
1
    1000
LeadIn
    1002
{
    1070
3
    1040
1.5
    1040
1.5707963267949
    1040
0.5
    1040
0.3
    1070
0
    1040
0.5
    1070
0
    1002
}
    1000
LeadOut
    1002
{
    1070
0
    1040
0
    1040
0
    1040
0
    1070
0
    1002
}
    1000
IsFill
    1070
0
    1000
PathStart
    1040
1.5
    1000
ToolCompensation
    1002
{
    1070
0
    1040
0
    1070
0
    1002
}
       0
LWPOLYLINE
       5
2059
     100
AcDbEntity
       8
1
     100
AcDbPolyline
      90
4
      70
1
      10
214.3025613302
      20
-5.1761364182
      42
0
      10
213.1917013518
      20
-11.4761364182
      42
0
      10
206.7945136969
      20
-11.4761364182
      42
0
      10
207.9053736753
      20
-5.1761364182
      42
0
    1001
FS_CYPCUT
    1000
Channel
    1070
1
    1000
LeadIn
    1002
{
    1070
3
    1040
0.5
    1040
1.5707963267949
    1040
0.5
    1040
0.3
    1070
0
    1040
0.5
    1070
0
    1002
}
    1000
LeadOut
    1002
{
    1070
0
    1040
0
    1040
0
    1040
0
    1070
0
    1002
}
    1000
IsFill
    1070
0
    1000
PathStart
    1040
0.5
    1000
ToolCompensation
    1002
{
    1070
0
    1040
0
    1070
0
    1002
}
       0
SPLINE
       5
205A
     100
AcDbEntity
       8
1
     100
AcDbSpline
      70
0
      71
3
      72
136
      73
132
      74
0
      40
0
      40
0
      40
0
      40
0
      40
0.0303030303030303
      40
0.0303030303030303
      40
0.0303030303030303
      40
0.0303030303030303
      40
0.0606060606060606
      40
0.0606060606060606
      40
0.0606060606060606
      40
0.0606060606060606
      40
0.0909090909090909
      40
0.0909090909090909
      40
0.0909090909090909
      40
0.0909090909090909
      40
0.121212121212121
      40
0.121212121212121
      40
0.121212121212121
      40
0.121212121212121
      40
0.151515151515152
      40
0.151515151515152
      40
0.151515151515152
      40
0.151515151515152
      40
0.181818181818182
      40
0.181818181818182
      40
0.181818181818182
      40
0.181818181818182
      40
0.212121212121212
      40
0.212121212121212
      40
0.212121212121212
      40
0.212121212121212
      40
0.242424242424242
      40
0.242424242424242
      40
0.242424242424242
      40
0.242424242424242
      40
0.272727272727273
      40
0.272727272727273
      40
0.272727272727273
      40
0.272727272727273
      40
0.303030303030303
      40
0.303030303030303
      40
0.303030303030303
      40
0.303030303030303
      40
0.333333333333333
      40
0.333333333333333
      40
0.333333333333333
      40
0.333333333333333
      40
0.363636363636364
      40
0.363636363636364
      40
0.363636363636364
      40
0.363636363636364
      40
0.393939393939394
      40
0.393939393939394
      40
0.393939393939394
      40
0.393939393939394
      40
0.424242424242424
      40
0.424242424242424
      40
0.424242424242424
      40
0.424242424242424
      40
0.454545454545455
      40
0.454545454545455
      40
0.454545454545455
      40
0.454545454545455
      40
0.484848484848485
      40
0.484848484848485
      40
0.484848484848485
      40
0.484848484848485
      40
0.515151515151515
      40
0.515151515151515
      40
0.515151515151515
      40
0.515151515151515
      40
0.545454545454545
      40
0.545454545454545
      40
0.545454545454545
      40
0.545454545454545
      40
0.575757575757576
      40
0.575757575757576
      40
0.575757575757576
      40
0.575757575757576
      40
0.606060606060606
      40
0.606060606060606
      40
0.606060606060606
      40
0.606060606060606
      40
0.636363636363636
      40
0.636363636363636
      40
0.636363636363636
      40
0.636363636363636
      40
0.666666666666667
      40
0.666666666666667
      40
0.666666666666667
      40
0.666666666666667
      40
0.696969696969697
      40
0.696969696969697
      40
0.696969696969697
      40
0.696969696969697
      40
0.727272727272727
      40
0.727272727272727
      40
0.727272727272727
      40
0.727272727272727
      40
0.757575757575758
      40
0.757575757575758
      40
0.757575757575758
      40
0.757575757575758
      40
0.787878787878788
      40
0.787878787878788
      40
0.787878787878788
      40
0.787878787878788
      40
0.818181818181818
      40
0.818181818181818
      40
0.818181818181818
      40
0.818181818181818
      40
0.848484848484849
      40
0.848484848484849
      40
0.848484848484849
      40
0.848484848484849
      40
0.878787878787879
      40
0.878787878787879
      40
0.878787878787879
      40
0.878787878787879
      40
0.909090909090909
      40
0.909090909090909
      40
0.909090909090909
      40
0.909090909090909
      40
0.939393939393939
      40
0.939393939393939
      40
0.939393939393939
      40
0.939393939393939
      40
0.96969696969697
      40
0.96969696969697
      40
0.96969696969697
      40
0.96969696969697
      40
1
      40
1
      40
1
      40
1
      10
253.9249842316
      20
-4.8246588282
      30
0
      10
253.9249842316
      20
-6.9246588271
      30
0
      10
253.9249842316
      20
-9.024658826
      30
0
      10
253.9249842316
      20
-11.1246588249
      30
0
      10
253.9249842316
      20
-11.1246588249
      30
0
      10
249.090754117652
      20
-11.1246588249073
      30
0
      10
244.256524003703
      20
-11.1246588249145
      30
0
      10
239.422293889755
      20
-11.1246588249218
      30
0
      10
239.422293889755
      20
-11.1246588249218
      30
0
      10
236.767684338583
      20
-11.4169174481541
      30
0
      10
233.88245775894
      20
-12.5537576053043
      30
0
      10
231.297407014474
      20
-14.3858851267537
      30
0
      10
231.297407014474
      20
-14.3858851267537
      30
0
      10
228.105631798796
      20
-16.6247183867685
      30
0
      10
225.414165441937
      20
-19.9115926054974
      30
0
      10
223.915283439293
      20
-23.3821094195059
      30
0
      10
223.915283439293
      20
-23.3821094195059
      30
0
      10
222.536423728461
      20
-26.5247551896924
      30
0
      10
222.144541618419
      20
-29.7718322282868
      30
0
      10
222.712593109473
      20
-32.4204286108505
      30
0
      10
222.712593109473
      20
-32.4204286108505
      30
0
      10
223.511418575584
      20
-36.1833325621623
      30
0
      10
226.061982926105
      20
-38.7285433922208
      30
0
      10
229.73152036953
      20
-39.475098775751
      30
0
      10
229.73152036953
      20
-39.475098775751
      30
0
      10
235.606134971667
      20
-39.4750987758
      30
0
      10
241.480749573833
      20
-39.4750987758
      30
0
      10
247.355364176
      20
-39.4750987758
      30
0
      10
247.355364176
      20
-39.4750987758
      30
0
      10
247.355364176
      20
-41.6922579728
      30
0
      10
247.355364176
      20
-43.9094171698
      30
0
      10
247.355364176
      20
-46.1265763668
      30
0
      10
247.355364176
      20
-46.1265763668
      30
0
      10
241.038602216733
      20
-46.1265763668
      30
0
      10
234.721840257467
      20
-46.1265763668
      30
0
      10
228.4050782982
      20
-46.1265763668
      30
0
      10
228.4050782982
      20
-46.1265763668
      30
0
      10
227.6503801703
      20
-46.05448069
      30
0
      10
226.8956820424
      20
-45.9823850132
      30
0
      10
226.1409839145
      20
-45.9102893364
      30
0
      10
226.1409839145
      20
-45.9102893364
      30
0
      10
225.432393910433
      20
-45.7272923353333
      30
0
      10
224.723803906367
      20
-45.5442953342667
      30
0
      10
224.0152139023
      20
-45.3612983332
      30
0
      10
224.0152139023
      20
-45.3612983332
      30
0
      10
223.3641517702
      20
-45.0703492163667
      30
0
      10
222.7130896381
      20
-44.7794000995333
      30
0
      10
222.062027506
      20
-44.4884509827
      30
0
      10
222.062027506
      20
-44.4884509827
      30
0
      10
221.4789858657
      20
-44.0942387318667
      30
0
      10
220.8959442254
      20
-43.7000264810333
      30
0
      10
220.3129025851
      20
-43.3058142302
      30
0
      10
220.3129025851
      20
-43.3058142302
      30
0
      10
219.807277827533
      20
-42.8146920321
      30
0
      10
219.301653069967
      20
-42.323569834
      30
0
      10
218.7960283124
      20
-41.8324476359
      30
0
      10
218.7960283124
      20
-41.8324476359
      30
0
      10
218.3759691658
      20
-41.2523304932333
      30
0
      10
217.9559100192
      20
-40.6722133505667
      30
0
      10
217.5358508726
      20
-40.0920962079
      30
0
      10
217.5358508726
      20
-40.0920962079
      30
0
      10
217.2081270763
      20
-39.4323333799333
      30
0
      10
216.88040328
      20
-38.7725705519667
      30
0
      10
216.5526794837
      20
-38.112807724
      30
0
      10
216.5526794837
      20
-38.112807724
      30
0
      10
216.3225726861
      20
-37.3840320524
      30
0
      10
216.0924658885
      20
-36.6552563808
      30
0
      10
215.8623590909
      20
-35.9264807092
      30
0
      10
215.8623590909
      20
-35.9264807092
      30
0
      10
215.733577729333
      20
-35.1404372574333
      30
0
      10
215.604796367767
      20
-34.3543938056667
      30
0
      10
215.4760150062
      20
-33.5683503539
      30
0
      10
215.4760150062
      20
-33.5683503539
      30
0
      10
215.450634541367
      20
-32.7377071220667
      30
0
      10
215.425254076533
      20
-31.9070638902333
      30
0
      10
215.3998736117
      20
-31.0764206584
      30
0
      10
215.3998736117
      20
-31.0764206584
      30
0
      10
215.478303079233
      20
-30.2145644237
      30
0
      10
215.556732546767
      20
-29.352708189
      30
0
      10
215.6351620143
      20
-28.4908519543
      30
0
      10
215.6351620143
      20
-28.4908519543
      30
0
      10
215.816137432467
      20
-27.6116725275
      30
0
      10
215.997112850633
      20
-26.7324931007
      30
0
      10
216.1780882688
      20
-25.8533136739
      30
0
      10
216.1780882688
      20
-25.8533136739
      30
0
      10
216.458693009333
      20
-24.9709800491667
      30
0
      10
216.739297749867
      20
-24.0886464244333
      30
0
      10
217.0199024904
      20
-23.2063127997
      30
0
      10
217.0199024904
      20
-23.2063127997
      30
0
      10
217.395614283033
      20
-22.3350448047
      30
0
      10
217.771326075667
      20
-21.4637768097
      30
0
      10
218.1470378683
      20
-20.5925088147
      30
0
      10
218.1470378683
      20
-20.5925088147
      30
0
      10
218.611801682633
      20
-19.7463479416667
      30
0
      10
219.076565496967
      20
-18.9001870686333
      30
0
      10
219.5413293113
      20
-18.0540261956
      30
0
      10
219.5413293113
      20
-18.0540261956
      30
0
      10
220.087654940533
      20
-17.2466093064667
      30
0
      10
220.633980569767
      20
-16.4391924173333
      30
0
      10
221.180306199
      20
-15.6317755282
      30
0
      10
221.180306199
      20
-15.6317755282
      30
0
      10
221.799388973167
      20
-14.8761150806667
      30
0
      10
222.418471747333
      20
-14.1204546331333
      30
0
      10
223.0375545215
      20
-13.3647941856
      30
0
      10
223.0375545215
      20
-13.3647941856
      30
0
      10
223.719417205167
      20
-12.6730685225333
      30
0
      10
224.401279888833
      20
-11.9813428594667
      30
0
      10
225.0831425725
      20
-11.2896171964
      30
0
      10
225.0831425725
      20
-11.2896171964
      30
0
      10
225.8167961592
      20
-10.6729742775333
      30
0
      10
226.5504497459
      20
-10.0563313586667
      30
0
      10
227.2841033326
      20
-9.4396884398
      30
0
      10
227.2841033326
      20
-9.4396884398
      30
0
      10
228.057724145633
      20
-8.9080661795
      30
0
      10
228.831344958667
      20
-8.3764439192
      30
0
      10
229.6049657717
      20
-7.8448216589
      30
0
      10
229.6049657717
      20
-7.8448216589
      30
0
      10
230.4060860161
      20
-7.4067877653
      30
0
      10
231.2072062605
      20
-6.9687538717
      30
0
      10
232.0083265049
      20
-6.5307199781
      30
0
      10
232.0083265049
      20
-6.5307199781
      30
0
      10
232.824035200733
      20
-6.19333387436667
      30
0
      10
233.639743896567
      20
-5.85594777063333
      30
0
      10
234.4554525924
      20
-5.5185616669
      30
0
      10
234.4554525924
      20
-5.5185616669
      30
0
      10
235.272603649733
      20
-5.28726072066667
      30
0
      10
236.089754707067
      20
-5.05595977443333
      30
0
      10
236.9069057644
      20
-4.8246588282
      30
0
      10
236.9069057644
      20
-4.8246588282
      30
0
      10
242.5795985868
      20
-4.8246588282
      30
0
      10
248.2522914092
      20
-4.8246588282
      30
0
      10
253.9249842316
      20
-4.8246588282
      30
0
    1001
FS_CYPCUT
    1000
Channel
    1070
1
    1000
LeadIn
    1002
{
    1070
3
    1040
8.5
    1040
1.5707963267949
    1040
0.5
    1040
0.3
    1070
0
    1040
0.5
    1070
0
    1002
}
    1000
LeadOut
    1002
{
    1070
0
    1040
0
    1040
0
    1040
0
    1070
0
    1002
}
    1000
IsFill
    1070
0
    1000
PathStart
    1040
8.5
    1000
ToolCompensation
    1002
{
    1070
0
    1040
0
    1070
0
    1002
}
       0
SPLINE
       5
205B
     100
AcDbEntity
       8
1
     100
AcDbSpline
      70
0
      71
3
      72
132
      73
128
      74
0
      40
0
      40
0
      40
0
      40
0
      40
0.03125
      40
0.03125
      40
0.03125
      40
0.03125
      40
0.0625
      40
0.0625
      40
0.0625
      40
0.0625
      40
0.09375
      40
0.09375
      40
0.09375
      40
0.09375
      40
0.125
      40
0.125
      40
0.125
      40
0.125
      40
0.15625
      40
0.15625
      40
0.15625
      40
0.15625
      40
0.1875
      40
0.1875
      40
0.1875
      40
0.1875
      40
0.21875
      40
0.21875
      40
0.21875
      40
0.21875
      40
0.25
      40
0.25
      40
0.25
      40
0.25
      40
0.28125
      40
0.28125
      40
0.28125
      40
0.28125
      40
0.3125
      40
0.3125
      40
0.3125
      40
0.3125
      40
0.34375
      40
0.34375
      40
0.34375
      40
0.34375
      40
0.375
      40
0.375
      40
0.375
      40
0.375
      40
0.40625
      40
0.40625
      40
0.40625
      40
0.40625
      40
0.4375
      40
0.4375
      40
0.4375
      40
0.4375
      40
0.46875
      40
0.46875
      40
0.46875
      40
0.46875
      40
0.5
      40
0.5
      40
0.5
      40
0.5
      40
0.53125
      40
0.53125
      40
0.53125
      40
0.53125
      40
0.5625
      40
0.5625
      40
0.5625
      40
0.5625
      40
0.59375
      40
0.59375
      40
0.59375
      40
0.59375
      40
0.625
      40
0.625
      40
0.625
      40
0.625
      40
0.65625
      40
0.65625
      40
0.65625
      40
0.65625
      40
0.6875
      40
0.6875
      40
0.6875
      40
0.6875
      40
0.71875
      40
0.71875
      40
0.71875
      40
0.71875
      40
0.75
      40
0.75
      40
0.75
      40
0.75
      40
0.78125
      40
0.78125
      40
0.78125
      40
0.78125
      40
0.8125
      40
0.8125
      40
0.8125
      40
0.8125
      40
0.84375
      40
0.84375
      40
0.84375
      40
0.84375
      40
0.875
      40
0.875
      40
0.875
      40
0.875
      40
0.90625
      40
0.90625
      40
0.90625
      40
0.90625
      40
0.9375
      40
0.9375
      40
0.9375
      40
0.9375
      40
0.96875
      40
0.96875
      40
0.96875
      40
0.96875
      40
1
      40
1
      40
1
      40
1
      10
275.5461677171
      20
-5.0974275903
      30
0
      10
274.716227619433
      20
-5.33135628596667
      30
0
      10
273.886287521767
      20
-5.56528498163333
      30
0
      10
273.0563474241
      20
-5.7992136773
      30
0
      10
273.0563474241
      20
-5.7992136773
      30
0
      10
272.2366575812
      20
-6.1396432633
      30
0
      10
271.4169677383
      20
-6.4800728493
      30
0
      10
270.5972778954
      20
-6.8205024353
      30
0
      10
270.5972778954
      20
-6.8205024353
      30
0
      10
269.801291523533
      20
-7.26184558756667
      30
0
      10
269.005305151667
      20
-7.70318873983333
      30
0
      10
268.2093187798
      20
-8.1445318921
      30
0
      10
268.2093187798
      20
-8.1445318921
      30
0
      10
267.450100060333
      20
-8.67954503556667
      30
0
      10
266.690881340867
      20
-9.21455817903333
      30
0
      10
265.9316626214
      20
-9.7495713225
      30
0
      10
265.9316626214
      20
-9.7495713225
      30
0
      10
265.221672284033
      20
-10.369473517
      30
0
      10
264.511681946667
      20
-10.9893757115
      30
0
      10
263.8016916093
      20
-11.609277906
      30
0
      10
263.8016916093
      20
-11.609277906
      30
0
      10
263.152582419567
      20
-12.3038949638667
      30
0
      10
262.503473229833
      20
-12.9985120217333
      30
0
      10
261.8543640401
      20
-13.6931290796
      30
0
      10
261.8543640401
      20
-13.6931290796
      30
0
      10
261.276789547433
      20
-14.4510605503667
      30
0
      10
260.699215054767
      20
-15.2089920211333
      30
0
      10
260.1216405621
      20
-15.9669234919
      30
0
      10
260.1216405621
      20
-15.9669234919
      30
0
      10
259.6250802478
      20
-16.7757297728667
      30
0
      10
259.1285199335
      20
-17.5845360538333
      30
0
      10
258.6319596192
      20
-18.3933423348
      30
0
      10
258.6319596192
      20
-18.3933423348
      30
0
      10
258.2245633138
      20
-19.239748837
      30
0
      10
257.8171670084
      20
-20.0861553392
      30
0
      10
257.409770703
      20
-20.9325618414
      30
0
      10
257.409770703
      20
-20.9325618414
      30
0
      10
257.0982248265
      20
-21.8026768595333
      30
0
      10
256.78667895
      20
-22.6727918776667
      30
0
      10
256.4751330735
      20
-23.5429068958
      30
0
      10
256.4751330735
      20
-23.5429068958
      30
0
      10
256.264550894167
      20
-24.422449607
      30
0
      10
256.053968714833
      20
-25.3019923182
      30
0
      10
255.8433865355
      20
-26.1815350294
      30
0
      10
255.8433865355
      20
-26.1815350294
      30
0
      10
255.737224247867
      20
-27.0560698780667
      30
0
      10
255.631061960233
      20
-27.9306047267333
      30
0
      10
255.5248996726
      20
-28.8051395754
      30
0
      10
255.5248996726
      20
-28.8051395754
      30
0
      10
255.5248996726
      20
-29.6603131979
      30
0
      10
255.5248996726
      20
-30.5154868204
      30
0
      10
255.5248996726
      20
-31.3706604429
      30
0
      10
255.5248996726
      20
-31.3706604429
      30
0
      10
255.631061960233
      20
-32.1924372430333
      30
0
      10
255.737224247867
      20
-33.0142140431667
      30
0
      10
255.8433865355
      20
-33.8359908433
      30
0
      10
255.8433865355
      20
-33.8359908433
      30
0
      10
256.053968714833
      20
-34.6108833524333
      30
0
      10
256.264550894167
      20
-35.3857758615667
      30
0
      10
256.4751330735
      20
-36.1606683707
      30
0
      10
256.4751330735
      20
-36.1606683707
      30
0
      10
256.78667895
      20
-36.875958612
      30
0
      10
257.0982248265
      20
-37.5912488533
      30
0
      10
257.409770703
      20
-38.3065390946
      30
0
      10
257.409770703
      20
-38.3065390946
      30
0
      10
257.8171670084
      20
-38.9504873175
      30
0
      10
258.2245633138
      20
-39.5944355404
      30
0
      10
258.6319596192
      20
-40.2383837633
      30
0
      10
258.6319596192
      20
-40.2383837633
      30
0
      10
259.1285199335
      20
-40.8004211231
      30
0
      10
259.6250802478
      20
-41.3624584829
      30
0
      10
260.1216405621
      20
-41.9244958427
      30
0
      10
260.1216405621
      20
-41.9244958427
      30
0
      10
260.699215054767
      20
-42.3953978623333
      30
0
      10
261.276789547433
      20
-42.8662998819667
      30
0
      10
261.8543640401
      20
-43.3372019016
      30
0
      10
261.8543640401
      20
-43.3372019016
      30
0
      10
262.503473229833
      20
-43.7092398691
      30
0
      10
263.152582419567
      20
-44.0812778366
      30
0
      10
263.8016916093
      20
-44.4533158041
      30
0
      10
263.8016916093
      20
-44.4533158041
      30
0
      10
264.511681946667
      20
-44.7203836206333
      30
0
      10
265.221672284033
      20
-44.9874514371667
      30
0
      10
265.9316626214
      20
-45.2545192537
      30
0
      10
265.9316626214
      20
-45.2545192537
      30
0
      10
266.690881340867
      20
-45.4122336502333
      30
0
      10
267.450100060333
      20
-45.5699480467667
      30
0
      10
268.2093187798
      20
-45.7276624433
      30
0
      10
268.2093187798
      20
-45.7276624433
      30
0
      10
269.005305151667
      20
-45.7734349214333
      30
0
      10
269.801291523533
      20
-45.8192073995667
      30
0
      10
270.5972778954
      20
-45.8649798777
      30
0
      10
270.5972778954
      20
-45.8649798777
      30
0
      10
271.4169677383
      20
-45.7980591934
      30
0
      10
272.2366575812
      20
-45.7311385091
      30
0
      10
273.0563474241
      20
-45.6642178248
      30
0
      10
273.0563474241
      20
-45.6642178248
      30
0
      10
273.886287521767
      20
-45.4857023185
      30
0
      10
274.716227619433
      20
-45.3071868122
      30
0
      10
275.5461677171
      20
-45.1286713059
      30
0
      10
275.5461677171
      20
-45.1286713059
      30
0
      10
275.546167717089
      20
-42.1937093997395
      30
0
      10
275.546167717078
      20
-39.258747493579
      30
0
      10
275.546167717067
      20
-36.3237855874186
      30
0
      10
275.546167717067
      20
-36.3237855874186
      30
0
      10
272.832813740762
      20
-37.4405230719962
      30
0
      10
270.095593155138
      20
-37.6505635345357
      30
0
      10
267.907151758013
      20
-37.027058295117
      30
0
      10
267.907151758013
      20
-37.027058295117
      30
0
      10
265.010380417202
      20
-36.2119383449733
      30
0
      10
263.007877838882
      20
-34.0453981595563
      30
0
      10
262.355830826745
      20
-30.940021997186
      30
0
      10
262.355830826745
      20
-30.940021997186
      30
0
      10
261.859091657624
      20
-28.5994974359822
      30
0
      10
262.211211074589
      20
-25.7317467265553
      30
0
      10
263.434339582727
      20
-22.9589485405588
      30
0
      10
263.434339582727
      20
-22.9589485405588
      30
0
      10
264.736309542729
      20
-19.9623046021821
      30
0
      10
267.04433961512
      20
-17.1225215764211
      30
0
      10
269.787668446939
      20
-15.1589027094465
      30
0
      10
269.787668446939
      20
-15.1589027094465
      30
0
      10
271.610933990994
      20
-13.8430880581702
      30
0
      10
273.611289862641
      20
-12.9119102329585
      30
0
      10
275.546167717067
      20
-12.4537276253469
      30
0
      10
275.546167717067
      20
-12.4537276253469
      30
0
      10
275.546167717078
      20
-10.0016276136646
      30
0
      10
275.546167717089
      20
-7.54952760198231
      30
0
      10
275.5461677171
      20
-5.0974275903
      30
0
    1001
FS_CYPCUT
    1000
Channel
    1070
1
    1000
LeadIn
    1002
{
    1070
3
    1040
29.5
    1040
1.5707963267949
    1040
0.5
    1040
0.3
    1070
0
    1040
0.5
    1070
0
    1002
}
    1000
LeadOut
    1002
{
    1070
0
    1040
0
    1040
0
    1040
0
    1070
0
    1002
}
    1000
IsFill
    1070
0
    1000
PathStart
    1040
29.5
    1000
ToolCompensation
    1002
{
    1070
0
    1040
0
    1070
0
    1002
}
       0
SPLINE
       5
205C
     100
AcDbEntity
       8
1
     100
AcDbSpline
      70
0
      71
3
      72
92
      73
88
      74
0
      40
0
      40
0
      40
0
      40
0
      40
0.0454545454545455
      40
0.0454545454545455
      40
0.0454545454545455
      40
0.0454545454545455
      40
0.0909090909090909
      40
0.0909090909090909
      40
0.0909090909090909
      40
0.0909090909090909
      40
0.136363636363636
      40
0.136363636363636
      40
0.136363636363636
      40
0.136363636363636
      40
0.181818181818182
      40
0.181818181818182
      40
0.181818181818182
      40
0.181818181818182
      40
0.227272727272727
      40
0.227272727272727
      40
0.227272727272727
      40
0.227272727272727
      40
0.272727272727273
      40
0.272727272727273
      40
0.272727272727273
      40
0.272727272727273
      40
0.318181818181818
      40
0.318181818181818
      40
0.318181818181818
      40
0.318181818181818
      40
0.363636363636364
      40
0.363636363636364
      40
0.363636363636364
      40
0.363636363636364
      40
0.409090909090909
      40
0.409090909090909
      40
0.409090909090909
      40
0.409090909090909
      40
0.454545454545455
      40
0.454545454545455
      40
0.454545454545455
      40
0.454545454545455
      40
0.5
      40
0.5
      40
0.5
      40
0.5
      40
0.545454545454545
      40
0.545454545454545
      40
0.545454545454545
      40
0.545454545454545
      40
0.590909090909091
      40
0.590909090909091
      40
0.590909090909091
      40
0.590909090909091
      40
0.636363636363636
      40
0.636363636363636
      40
0.636363636363636
      40
0.636363636363636
      40
0.681818181818182
      40
0.681818181818182
      40
0.681818181818182
      40
0.681818181818182
      40
0.727272727272727
      40
0.727272727272727
      40
0.727272727272727
      40
0.727272727272727
      40
0.772727272727273
      40
0.772727272727273
      40
0.772727272727273
      40
0.772727272727273
      40
0.818181818181818
      40
0.818181818181818
      40
0.818181818181818
      40
0.818181818181818
      40
0.863636363636364
      40
0.863636363636364
      40
0.863636363636364
      40
0.863636363636364
      40
0.909090909090909
      40
0.909090909090909
      40
0.909090909090909
      40
0.909090909090909
      40
0.954545454545455
      40
0.954545454545455
      40
0.954545454545455
      40
0.954545454545455
      40
1
      40
1
      40
1
      40
1
      10
294.3749502664
      20
-20.4345056504
      30
0
      10
294.3237343562
      20
-19.609739846
      30
0
      10
294.272518446
      20
-18.7849740416
      30
0
      10
294.2213025358
      20
-17.9602082372
      30
0
      10
294.2213025358
      20
-17.9602082372
      30
0
      10
294.068464186667
      20
-17.1739285560667
      30
0
      10
293.915625837533
      20
-16.3876488749333
      30
0
      10
293.7627874884
      20
-15.6013691938
      30
0
      10
293.7627874884
      20
-15.6013691938
      30
0
      10
293.5107420539
      20
-14.8660014664333
      30
0
      10
293.2586966194
      20
-14.1306337390667
      30
0
      10
293.0066511849
      20
-13.3952660117
      30
0
      10
293.0066511849
      20
-13.3952660117
      30
0
      10
292.65938182
      20
-12.7224314906
      30
0
      10
292.3121124551
      20
-12.0495969695
      30
0
      10
291.9648430902
      20
-11.3767624484
      30
0
      10
291.9648430902
      20
-11.3767624484
      30
0
      10
291.527837804367
      20
-10.7770941538333
      30
0
      10
291.090832518533
      20
-10.1774258592667
      30
0
      10
290.6538272327
      20
-9.5777575647
      30
0
      10
290.6538272327
      20
-9.5777575647
      30
0
      10
290.133992160833
      20
-9.0607322474
      30
0
      10
289.614157088967
      20
-8.5437069301
      30
0
      10
289.0943220171
      20
-8.0266816128
      30
0
      10
289.0943220171
      20
-8.0266816128
      30
0
      10
288.49987228
      20
-7.60046999006667
      30
0
      10
287.9054225429
      20
-7.17425836733333
      30
0
      10
287.3109728058
      20
-6.7480467446
      30
0
      10
287.3109728058
      20
-6.7480467446
      30
0
      10
286.651302683633
      20
-6.41938437563333
      30
0
      10
285.991632561467
      20
-6.09072200666667
      30
0
      10
285.3319624393
      20
-5.7620596377
      30
0
      10
285.3319624393
      20
-5.7620596377
      30
0
      10
284.6174969111
      20
-5.53614047963333
      30
0
      10
283.9030313829
      20
-5.31022132156667
      30
0
      10
283.1885658547
      20
-5.0843021635
      30
0
      10
283.1885658547
      20
-5.0843021635
      30
0
      10
282.4305958488
      20
-4.96469648933333
      30
0
      10
281.6726258429
      20
-4.84509081516667
      30
0
      10
280.914655837
      20
-4.725485141
      30
0
      10
280.914655837
      20
-4.725485141
      30
0
      10
280.125159797033
      20
-4.71408311766667
      30
0
      10
279.335663757067
      20
-4.70268109433333
      30
0
      10
278.5461677171
      20
-4.691279071
      30
0
      10
278.5461677171
      20
-4.691279071
      30
0
      10
278.546167717089
      20
-7.16362840965761
      30
0
      10
278.546167717078
      20
-9.63597774831521
      30
0
      10
278.546167717067
      20
-12.1083270869728
      30
0
      10
278.546167717067
      20
-12.1083270869728
      30
0
      10
281.019343687522
      20
-12.1444467865575
      30
0
      10
283.097213838221
      20
-13.0252710820999
      30
0
      10
284.529254740128
      20
-14.5333948032423
      30
0
      10
284.529254740128
      20
-14.5333948032423
      30
0
      10
285.922799332108
      20
-15.9908757711406
      30
0
      10
286.746843176643
      20
-18.0917819812011
      30
0
      10
286.778079976196
      20
-20.5677653631076
      30
0
      10
286.778079976196
      20
-20.5677653631076
      30
0
      10
286.81861482828
      20
-23.0337781235972
      30
0
      10
286.034007572313
      20
-25.8387020117059
      30
0
      10
284.520237498679
      20
-28.4058201833757
      30
0
      10
284.520237498679
      20
-28.4058201833757
      30
0
      10
283.065126590319
      20
-30.8958500253059
      30
0
      10
280.940383749867
      20
-33.1433299837956
      30
0
      10
278.546167717067
      20
-34.725715007947
      30
0
      10
278.546167717067
      20
-34.725715007947
      30
0
      10
278.5461677171
      20
-37.8317933554333
      30
0
      10
278.5461677171
      20
-40.9378717029667
      30
0
      10
278.5461677171
      20
-44.0439500505
      30
0
      10
278.5461677171
      20
-44.0439500505
      30
0
      10
280.265054593883
      20
-43.2649146529856
      30
0
      10
281.896018556882
      20
-42.3048777879864
      30
0
      10
283.411402062973
      20
-41.18011955831
      30
0
      10
283.411402062973
      20
-41.18011955831
      30
0
      10
284.926785569064
      20
-40.0553613286336
      30
0
      10
286.317974072331
      20
-38.7722756810109
      30
0
      10
287.561376091359
      20
-37.3526209114157
      30
0
      10
287.561376091359
      20
-37.3526209114157
      30
0
      10
287.561376091339
      20
-40.2772727298771
      30
0
      10
287.56137609132
      20
-43.2019245483386
      30
0
      10
287.5613760913
      20
-46.1265763668
      30
0
      10
287.5613760913
      20
-46.1265763668
      30
0
      10
289.832567483
      20
-46.1265763668
      30
0
      10
292.1037588747
      20
-46.1265763668
      30
0
      10
294.3749502664
      20
-46.1265763668
      30
0
      10
294.3749502664
      20
-46.1265763668
      30
0
      10
294.3749502664
      20
-37.5625527946667
      30
0
      10
294.3749502664
      20
-28.9985292225333
      30
0
      10
294.3749502664
      20
-20.4345056504
      30
0
    1001
FS_CYPCUT
    1000
Channel
    1070
1
    1000
LeadIn
    1002
{
    1070
3
    1040
21.5
    1040
1.5707963267949
    1040
0.5
    1040
0.3
    1070
0
    1040
0.5
    1070
0
    1002
}
    1000
LeadOut
    1002
{
    1070
0
    1040
0
    1040
0
    1040
0
    1070
0
    1002
}
    1000
IsFill
    1070
0
    1000
PathStart
    1040
21.5
    1000
ToolCompensation
    1002
{
    1070
0
    1040
0
    1070
0
    1002
}
       0
LWPOLYLINE
       5
205D
     100
AcDbEntity
       8
1
     100
AcDbPolyline
      90
4
      70
1
      10
134.5
      20
130.7045569766
      42
0
      10
134.5
      20
120.7045569766
      42
-1
      10
126.5
      20
120.7045569766
      42
0
      10
126.5
      20
130.7045569766
      42
-1
    1001
FS_CYPCUT
    1000
Channel
    1070
1
    1000
LeadIn
    1002
{
    1070
3
    1040
0.5
    1040
1.5707963267949
    1040
0.5
    1040
0.3
    1070
0
    1040
0.5
    1070
0
    1002
}
    1000
LeadOut
    1002
{
    1070
0
    1040
0
    1040
0
    1040
0
    1070
0
    1002
}
    1000
IsFill
    1070
0
    1000
PathStart
    1040
0.5
    1000
ToolCompensation
    1002
{
    1070
0
    1040
0
    1070
0
    1002
}
       0
LINE
       5
205E
     100
AcDbEntity
       8
2
     100
AcDbLine
      10
-328.2
      20
87.8522784883
      30
0
      11
641
      21
87.8522784883
      31
0
    1001
FS_CYPCUT
    1000
Channel
    1070
2
    1000
LeadIn
    1002
{
    1070
3
    1040
0
    1040
1.5707963267949
    1040
0.5
    1040
0.3
    1070
0
    1040
0.5
    1070
0
    1002
}
    1000
LeadOut
    1002
{
    1070
0
    1040
0
    1040
0
    1040
0
    1070
0
    1002
}
    1000
IsFill
    1070
0
    1000
PathStart
    1040
0
    1000
ToolCompensation
    1002
{
    1070
0
    1040
0
    1070
0
    1002
}
       0
LWPOLYLINE
       5
205F
     100
AcDbEntity
       8
1
     100
AcDbPolyline
      90
4
      70
1
      10
364.5
      20
130.7045569766
      42
1
      10
356.5
      20
130.7045569766
      42
0
      10
356.5
      20
120.7045569766
      42
1
      10
364.5
      20
120.7045569766
      42
0
    1001
FS_CYPCUT
    1000
Channel
    1070
1
    1000
LeadIn
    1002
{
    1070
3
    1040
1.5
    1040
1.5707963267949
    1040
0.5
    1040
0.3
    1070
0
    1040
0.5
    1070
0
    1002
}
    1000
LeadOut
    1002
{
    1070
0
    1040
0
    1040
0
    1040
0
    1070
0
    1002
}
    1000
IsFill
    1070
0
    1000
PathStart
    1040
1.5
    1000
ToolCompensation
    1002
{
    1070
0
    1040
0
    1070
0
    1002
}
       0
LINE
       5
2060
     100
AcDbEntity
       8
2
     100
AcDbLine
      10
491
      20
-88.3922995801
      30
0
      11
641
      21
-88.3922995801
      31
0
    1001
FS_CYPCUT
    1000
Channel
    1070
2
    1000
LeadIn
    1002
{
    1070
3
    1040
0
    1040
1.5707963267949
    1040
0.5
    1040
0.3
    1070
0
    1040
0.5
    1070
0
    1002
}
    1000
LeadOut
    1002
{
    1070
0
    1040
0
    1040
0
    1040
0
    1070
0
    1002
}
    1000
IsFill
    1070
0
    1000
PathStart
    1040
0
    1000
ToolCompensation
    1002
{
    1070
0
    1040
0
    1070
0
    1002
}
       0
LINE
       5
2061
     100
AcDbEntity
       8
2
     100
AcDbLine
      10
641
      20
-111.8777680172
      30
0
      11
491
      21
-111.8777680172
      31
0
    1001
FS_CYPCUT
    1000
Channel
    1070
2
    1000
LeadIn
    1002
{
    1070
3
    1040
0
    1040
1.5707963267949
    1040
0.5
    1040
0.3
    1070
0
    1040
0.5
    1070
0
    1002
}
    1000
LeadOut
    1002
{
    1070
0
    1040
0
    1040
0
    1040
0
    1070
0
    1002
}
    1000
IsFill
    1070
0
    1000
PathStart
    1040
0
    1000
ToolCompensation
    1002
{
    1070
0
    1040
0
    1070
0
    1002
}
       0
CIRCLE
       5
2062
     100
AcDbEntity
       8
1
     100
AcDbCircle
      10
566
      20
-126.4709368742
      30
0
      40
3.75000000000004
    1001
FS_CYPCUT
    1000
Channel
    1070
1
    1000
LeadIn
    1002
{
    1070
3
    1040
1.27675647831893E-15
    1040
1.5707963267949
    1040
0.5
    1040
0.3
    1070
0
    1040
0.5
    1070
0
    1002
}
    1000
LeadOut
    1002
{
    1070
0
    1040
0
    1040
0
    1040
0
    1070
0
    1002
}
    1000
IsFill
    1070
0
    1000
PathStart
    1040
1.27675647831893E-15
    1000
ToolCompensation
    1002
{
    1070
0
    1040
0
    1070
0
    1002
}
       0
LWPOLYLINE
       5
2063
     100
AcDbEntity
       8
1
     100
AcDbPolyline
      90
32
      70
1
      10
641
      20
185.7045569766
      42
0
      10
641
      20
-131.4709368742
      42
-0.414213562373072
      10
636
      20
-136.4709368742
      42
0
      10
496
      20
-136.4709368742
      42
-0.414213562373086
      10
491
      20
-131.4709368742
      42
0
      10
491
      20
-84.5537673304
      42
0.414213562373088
      10
486
      20
-79.5537673304
      42
0
      10
78.15
      20
-79.5537673304001
      42
0.414213562373097
      10
73.1500000000001
      20
-84.5537673304
      42
0
      10
73.15
      20
-131.4709368742
      42
-0.414213562373095
      10
68.15
      20
-136.4709368742
      42
0
      10
-71.85
      20
-136.4709368742
      42
-0.414213562373106
      10
-76.85
      20
-131.4709368742
      42
0
      10
-76.8499999999998
      20
-84.5537673304
      42
0.414213562373097
      10
-81.85
      20
-79.5537673303998
      42
0
      10
-489.7
      20
-79.5537673303999
      42
0.414213562373087
      10
-494.7
      20
-84.5537673304
      42
0
      10
-494.7
      20
-131.4709368742
      42
-0.414213562373098
      10
-499.7
      20
-136.4709368742
      42
0
      10
-639.7
      20
-136.4709368742
      42
-0.41421356237312
      10
-644.7
      20
-131.4709368742
      42
0
      10
-644.7
      20
185.7045569766
      42
-0.41421356237309
      10
-629.7
      20
200.7045569766
      42
0
      10
444
      20
200.7045569766
      42
-0.414213562373105
      10
449
      20
195.7045569766
      42
0
      10
449
      20
153.7045569766
      42
0.414213562373137
      10
450
      20
152.7045569766
      42
0
      10
506.5
      20
152.7045569766
      42
0.414213562373103
      10
507.5
      20
153.7045569766
      42
0
      10
507.5
      20
195.7045569766
      42
-0.414213562373105
      10
512.5
      20
200.7045569766
      42
0
      10
626
      20
200.7045569766
      42
-0.414213562373094
    1001
FS_CYPCUT
    1000
Channel
    1070
1
    1000
LeadIn
    1002
{
    1070
3
    1040
22.5
    1040
1.5707963267949
    1040
0.5
    1040
0.3
    1070
0
    1040
0.5
    1070
0
    1002
}
    1000
LeadOut
    1002
{
    1070
0
    1040
0
    1040
0
    1040
0
    1070
0
    1002
}
    1000
IsFill
    1070
1
    1000
PathStart
    1040
22.5
    1000
ToolCompensation
    1002
{
    1070
0
    1040
0
    1070
0
    1002
}
    1000
MicroConnect
    1002
{
    1070
6
    1040
2.49831511
    1041
0.6
    1042
0
    1040
10.4912614
    1041
0.6
    1042
0
    1040
18.4509224
    1041
0.6
    1042
0
    1040
22.1436441
    1041
0.6
    1042
0
    1040
22.567353
    1041
0.6
    1042
0
    1040
30.4556961
    1041
0.6
    1042
0
    1002
}
       0
ENDBLK
       5
2064
     330
2003
     100
AcDbEntity
       8
0
     100
AcDbBlockEnd
       0
BLOCK
       5
2065
     330
2004
     100
AcDbEntity
       8
0
     100
AcDbBlockBegin
       2
Part1080933478
      70
0
      10
-644.7
      20
-136.470937
      30
0
       3
Part1080933478
       1

       4
CypCutBlock
       0
LINE
       5
2066
     100
AcDbEntity
       8
2
     100
AcDbLine
      10
-644.7
      20
87.8522784883
      30
0
      11
-558.2
      21
87.8522784883
      31
0
    1001
FS_CYPCUT
    1000
Channel
    1070
2
    1000
LeadIn
    1002
{
    1070
3
    1040
0
    1040
1.5707963267949
    1040
0.5
    1040
0.3
    1070
0
    1040
0.5
    1070
0
    1002
}
    1000
LeadOut
    1002
{
    1070
0
    1040
0
    1040
0
    1040
0
    1070
0
    1002
}
    1000
IsFill
    1070
0
    1000
PathStart
    1040
0
    1000
ToolCompensation
    1002
{
    1070
0
    1040
0
    1070
0
    1002
}
       0
CIRCLE
       5
2067
     100
AcDbEntity
       8
1
     100
AcDbCircle
      10
-568.2
      20
115.7045569766
      30
0
      40
2.5
    1001
FS_CYPCUT
    1000
Channel
    1070
1
    1000
LeadIn
    1002
{
    1070
3
    1040
1.9151347174784E-15
    1040
1.5707963267949
    1040
0.5
    1040
0.3
    1070
0
    1040
0.5
    1070
0
    1002
}
    1000
LeadOut
    1002
{
    1070
0
    1040
0
    1040
0
    1040
0
    1070
0
    1002
}
    1000
IsFill
    1070
0
    1000
PathStart
    1040
1.9151347174784E-15
    1000
ToolCompensation
    1002
{
    1070
0
    1040
0
    1070
0
    1002
}
       0
CIRCLE
       5
2068
     100
AcDbEntity
       8
1
     100
AcDbCircle
      10
-568.2
      20
22.5
      30
0
      40
2.5
    1001
FS_CYPCUT
    1000
Channel
    1070
1
    1000
LeadIn
    1002
{
    1070
3
    1040
1.9151347174784E-15
    1040
1.5707963267949
    1040
0.5
    1040
0.3
    1070
0
    1040
0.5
    1070
0
    1002
}
    1000
LeadOut
    1002
{
    1070
0
    1040
0
    1040
0
    1040
0
    1070
0
    1002
}
    1000
IsFill
    1070
0
    1000
PathStart
    1040
1.9151347174784E-15
    1000
ToolCompensation
    1002
{
    1070
0
    1040
0
    1070
0
    1002
}
       0
LINE
       5
2069
     100
AcDbEntity
       8
2
     100
AcDbLine
      10
-494.7
      20
-88.3922995801
      30
0
      11
-644.7
      21
-88.3922995801
      31
0
    1001
FS_CYPCUT
    1000
Channel
    1070
2
    1000
LeadIn
    1002
{
    1070
3
    1040
0
    1040
1.5707963267949
    1040
0.5
    1040
0.3
    1070
0
    1040
0.5
    1070
0
    1002
}
    1000
LeadOut
    1002
{
    1070
0
    1040
0
    1040
0
    1040
0
    1070
0
    1002
}
    1000
IsFill
    1070
0
    1000
PathStart
    1040
0
    1000
ToolCompensation
    1002
{
    1070
0
    1040
0
    1070
0
    1002
}
       0
LINE
       5
206A
     100
AcDbEntity
       8
2
     100
AcDbLine
      10
-644.7
      20
-111.8777680172
      30
0
      11
-494.7
      21
-111.8777680172
      31
0
    1001
FS_CYPCUT
    1000
Channel
    1070
2
    1000
LeadIn
    1002
{
    1070
3
    1040
0
    1040
1.5707963267949
    1040
0.5
    1040
0.3
    1070
0
    1040
0.5
    1070
0
    1002
}
    1000
LeadOut
    1002
{
    1070
0
    1040
0
    1040
0
    1040
0
    1070
0
    1002
}
    1000
IsFill
    1070
0
    1000
PathStart
    1040
0
    1000
ToolCompensation
    1002
{
    1070
0
    1040
0
    1070
0
    1002
}
       0
CIRCLE
       5
206B
     100
AcDbEntity
       8
1
     100
AcDbCircle
      10
-569.7
      20
-126.4709368742
      30
0
      40
3.74999999999984
    1001
FS_CYPCUT
    1000
Channel
    1070
1
    1000
LeadIn
    1002
{
    1070
3
    1040
4.16333634234434E-16
    1040
1.5707963267949
    1040
0.5
    1040
0.3
    1070
0
    1040
0.5
    1070
0
    1002
}
    1000
LeadOut
    1002
{
    1070
0
    1040
0
    1040
0
    1040
0
    1070
0
    1002
}
    1000
IsFill
    1070
0
    1000
PathStart
    1040
4.16333634234434E-16
    1000
ToolCompensation
    1002
{
    1070
0
    1040
0
    1070
0
    1002
}
       0
LWPOLYLINE
       5
206C
     100
AcDbEntity
       8
1
     100
AcDbPolyline
      90
8
      70
1
      10
-328.2
      20
115.2045569766
      42
0
      10
-328.2
      20
-24.5
      42
-0.414213562373098
      10
-338.2
      20
-34.5000000000001
      42
0
      10
-548.2
      20
-34.5
      42
-0.414213562373094
      10
-558.2
      20
-24.5
      42
0
      10
-558.2
      20
115.2045569766
      42
-0.41421356237309
      10
-548.2
      20
125.2045569766
      42
0
      10
-338.2
      20
125.2045569766
      42
-0.414213562373095
    1001
FS_CYPCUT
    1000
Channel
    1070
1
    1000
LeadIn
    1002
{
    1070
3
    1040
2.50155709285714
    1040
1.5707963267949
    1040
0.5
    1040
0.3
    1070
0
    1040
0.5
    1070
0
    1002
}
    1000
LeadOut
    1002
{
    1070
0
    1040
0
    1040
0
    1040
0
    1070
0
    1002
}
    1000
IsFill
    1070
0
    1000
PathStart
    1040
2.5
    1000
ToolCompensation
    1002
{
    1070
0
    1040
0
    1070
0
    1002
}
    1000
MicroConnect
    1002
{
    1070
3
    1040
2.49869995
    1041
0.6
    1042
0
    1040
6.12420753
    1041
0.6
    1042
0
    1040
6.85477812
    1041
0.6
    1042
0
    1002
}
       0
CIRCLE
       5
206D
     100
AcDbEntity
       8
1
     100
AcDbCircle
      10
-318.2
      20
22.5
      30
0
      40
2.50000000000006
    1001
FS_CYPCUT
    1000
Channel
    1070
1
    1000
LeadIn
    1002
{
    1070
3
    1040
1.13797860024079E-15
    1040
1.5707963267949
    1040
0.5
    1040
0.3
    1070
0
    1040
0.5
    1070
0
    1002
}
    1000
LeadOut
    1002
{
    1070
0
    1040
0
    1040
0
    1040
0
    1070
0
    1002
}
    1000
IsFill
    1070
0
    1000
PathStart
    1040
1.13797860024079E-15
    1000
ToolCompensation
    1002
{
    1070
0
    1040
0
    1070
0
    1002
}
       0
CIRCLE
       5
206E
     100
AcDbEntity
       8
1
     100
AcDbCircle
      10
-318.2
      20
115.7045569766
      30
0
      40
2.50000000000006
    1001
FS_CYPCUT
    1000
Channel
    1070
1
    1000
LeadIn
    1002
{
    1070
3
    1040
1.27675647831893E-15
    1040
1.5707963267949
    1040
0.5
    1040
0.3
    1070
0
    1040
0.5
    1070
0
    1002
}
    1000
LeadOut
    1002
{
    1070
0
    1040
0
    1040
0
    1040
0
    1070
0
    1002
}
    1000
IsFill
    1070
0
    1000
PathStart
    1040
1.27675647831893E-15
    1000
ToolCompensation
    1002
{
    1070
0
    1040
0
    1070
0
    1002
}
       0
LWPOLYLINE
       5
206F
     100
AcDbEntity
       8
1
     100
AcDbPolyline
      90
4
      70
1
      10
-210.5
      20
130.7045569766
      42
0
      10
-210.5
      20
120.7045569766
      42
-1
      10
-218.5
      20
120.7045569766
      42
0
      10
-218.5
      20
130.7045569766
      42
-1
    1001
FS_CYPCUT
    1000
Channel
    1070
1
    1000
LeadIn
    1002
{
    1070
3
    1040
0.5
    1040
1.5707963267949
    1040
0.5
    1040
0.3
    1070
0
    1040
0.5
    1070
0
    1002
}
    1000
LeadOut
    1002
{
    1070
0
    1040
0
    1040
0
    1040
0
    1070
0
    1002
}
    1000
IsFill
    1070
0
    1000
PathStart
    1040
0.5
    1000
ToolCompensation
    1002
{
    1070
0
    1040
0
    1070
0
    1002
}
       0
LINE
       5
2070
     100
AcDbEntity
       8
2
     100
AcDbLine
      10
-76.85
      20
-88.3922995801
      30
0
      11
73.15
      21
-88.3922995801
      31
0
    1001
FS_CYPCUT
    1000
Channel
    1070
2
    1000
LeadIn
    1002
{
    1070
3
    1040
0
    1040
1.5707963267949
    1040
0.5
    1040
0.3
    1070
0
    1040
0.5
    1070
0
    1002
}
    1000
LeadOut
    1002
{
    1070
0
    1040
0
    1040
0
    1040
0
    1070
0
    1002
}
    1000
IsFill
    1070
0
    1000
PathStart
    1040
0
    1000
ToolCompensation
    1002
{
    1070
0
    1040
0
    1070
0
    1002
}
       0
LINE
       5
2071
     100
AcDbEntity
       8
2
     100
AcDbLine
      10
73.15
      20
-111.8777680172
      30
0
      11
-76.85
      21
-111.8777680172
      31
0
    1001
FS_CYPCUT
    1000
Channel
    1070
2
    1000
LeadIn
    1002
{
    1070
3
    1040
0
    1040
1.5707963267949
    1040
0.5
    1040
0.3
    1070
0
    1040
0.5
    1070
0
    1002
}
    1000
LeadOut
    1002
{
    1070
0
    1040
0
    1040
0
    1040
0
    1070
0
    1002
}
    1000
IsFill
    1070
0
    1000
PathStart
    1040
0
    1000
ToolCompensation
    1002
{
    1070
0
    1040
0
    1070
0
    1002
}
       0
CIRCLE
       5
2072
     100
AcDbEntity
       8
1
     100
AcDbCircle
      10
-1.85
      20
-126.4709368742
      30
0
      40
3.75000000000001
    1001
FS_CYPCUT
    1000
Channel
    1070
1
    1000
LeadIn
    1002
{
    1070
3
    1040
0
    1040
1.5707963267949
    1040
0.5
    1040
0.3
    1070
0
    1040
0.5
    1070
0
    1002
}
    1000
LeadOut
    1002
{
    1070
0
    1040
0
    1040
0
    1040
0
    1070
0
    1002
}
    1000
IsFill
    1070
0
    1000
PathStart
    1040
1
    1000
ToolCompensation
    1002
{
    1070
0
    1040
0
    1070
0
    1002
}
       0
SPLINE
       5
2073
     100
AcDbEntity
       8
1
     100
AcDbSpline
      70
0
      71
3
      72
244
      73
240
      74
0
      40
0
      40
0
      40
0
      40
0
      40
0.0166666666666667
      40
0.0166666666666667
      40
0.0166666666666667
      40
0.0166666666666667
      40
0.0333333333333333
      40
0.0333333333333333
      40
0.0333333333333333
      40
0.0333333333333333
      40
0.05
      40
0.05
      40
0.05
      40
0.05
      40
0.0666666666666667
      40
0.0666666666666667
      40
0.0666666666666667
      40
0.0666666666666667
      40
0.0833333333333333
      40
0.0833333333333333
      40
0.0833333333333333
      40
0.0833333333333333
      40
0.1
      40
0.1
      40
0.1
      40
0.1
      40
0.116666666666667
      40
0.116666666666667
      40
0.116666666666667
      40
0.116666666666667
      40
0.133333333333333
      40
0.133333333333333
      40
0.133333333333333
      40
0.133333333333333
      40
0.15
      40
0.15
      40
0.15
      40
0.15
      40
0.166666666666667
      40
0.166666666666667
      40
0.166666666666667
      40
0.166666666666667
      40
0.183333333333333
      40
0.183333333333333
      40
0.183333333333333
      40
0.183333333333333
      40
0.2
      40
0.2
      40
0.2
      40
0.2
      40
0.216666666666667
      40
0.216666666666667
      40
0.216666666666667
      40
0.216666666666667
      40
0.233333333333333
      40
0.233333333333333
      40
0.233333333333333
      40
0.233333333333333
      40
0.25
      40
0.25
      40
0.25
      40
0.25
      40
0.266666666666667
      40
0.266666666666667
      40
0.266666666666667
      40
0.266666666666667
      40
0.283333333333333
      40
0.283333333333333
      40
0.283333333333333
      40
0.283333333333333
      40
0.3
      40
0.3
      40
0.3
      40
0.3
      40
0.316666666666667
      40
0.316666666666667
      40
0.316666666666667
      40
0.316666666666667
      40
0.333333333333333
      40
0.333333333333333
      40
0.333333333333333
      40
0.333333333333333
      40
0.35
      40
0.35
      40
0.35
      40
0.35
      40
0.366666666666667
      40
0.366666666666667
      40
0.366666666666667
      40
0.366666666666667
      40
0.383333333333333
      40
0.383333333333333
      40
0.383333333333333
      40
0.383333333333333
      40
0.4
      40
0.4
      40
0.4
      40
0.4
      40
0.416666666666667
      40
0.416666666666667
      40
0.416666666666667
      40
0.416666666666667
      40
0.433333333333333
      40
0.433333333333333
      40
0.433333333333333
      40
0.433333333333333
      40
0.45
      40
0.45
      40
0.45
      40
0.45
      40
0.466666666666667
      40
0.466666666666667
      40
0.466666666666667
      40
0.466666666666667
      40
0.483333333333333
      40
0.483333333333333
      40
0.483333333333333
      40
0.483333333333333
      40
0.5
      40
0.5
      40
0.5
      40
0.5
      40
0.516666666666667
      40
0.516666666666667
      40
0.516666666666667
      40
0.516666666666667
      40
0.533333333333333
      40
0.533333333333333
      40
0.533333333333333
      40
0.533333333333333
      40
0.55
      40
0.55
      40
0.55
      40
0.55
      40
0.566666666666667
      40
0.566666666666667
      40
0.566666666666667
      40
0.566666666666667
      40
0.583333333333333
      40
0.583333333333333
      40
0.583333333333333
      40
0.583333333333333
      40
0.6
      40
0.6
      40
0.6
      40
0.6
      40
0.616666666666667
      40
0.616666666666667
      40
0.616666666666667
      40
0.616666666666667
      40
0.633333333333333
      40
0.633333333333333
      40
0.633333333333333
      40
0.633333333333333
      40
0.65
      40
0.65
      40
0.65
      40
0.65
      40
0.666666666666667
      40
0.666666666666667
      40
0.666666666666667
      40
0.666666666666667
      40
0.683333333333333
      40
0.683333333333333
      40
0.683333333333333
      40
0.683333333333333
      40
0.7
      40
0.7
      40
0.7
      40
0.7
      40
0.716666666666667
      40
0.716666666666667
      40
0.716666666666667
      40
0.716666666666667
      40
0.733333333333333
      40
0.733333333333333
      40
0.733333333333333
      40
0.733333333333333
      40
0.75
      40
0.75
      40
0.75
      40
0.75
      40
0.766666666666667
      40
0.766666666666667
      40
0.766666666666667
      40
0.766666666666667
      40
0.783333333333333
      40
0.783333333333333
      40
0.783333333333333
      40
0.783333333333333
      40
0.8
      40
0.8
      40
0.8
      40
0.8
      40
0.816666666666667
      40
0.816666666666667
      40
0.816666666666667
      40
0.816666666666667
      40
0.833333333333333
      40
0.833333333333333
      40
0.833333333333333
      40
0.833333333333333
      40
0.85
      40
0.85
      40
0.85
      40
0.85
      40
0.866666666666667
      40
0.866666666666667
      40
0.866666666666667
      40
0.866666666666667
      40
0.883333333333333
      40
0.883333333333333
      40
0.883333333333333
      40
0.883333333333333
      40
0.9
      40
0.9
      40
0.9
      40
0.9
      40
0.916666666666667
      40
0.916666666666667
      40
0.916666666666667
      40
0.916666666666667
      40
0.933333333333333
      40
0.933333333333333
      40
0.933333333333333
      40
0.933333333333333
      40
0.95
      40
0.95
      40
0.95
      40
0.95
      40
0.966666666666667
      40
0.966666666666667
      40
0.966666666666667
      40
0.966666666666667
      40
0.983333333333333
      40
0.983333333333333
      40
0.983333333333333
      40
0.983333333333333
      40
1
      40
1
      40
1
      40
1
      10
59.8176640698697
      20
-17.2415716739513
      30
0
      10
59.5802132354245
      20
-15.40620393745
      30
0
      10
58.9948687725406
      20
-13.632854671114
      30
0
      10
58.093070602289
      20
-12.0167737055991
      30
0
      10
58.093070602289
      20
-12.0167737055991
      30
0
      10
57.1912724320375
      20
-10.4006927400842
      30
0
      10
55.9894606394748
      20
-8.97134177691922
      30
0
      10
54.5521867328091
      20
-7.80549386909142
      30
0
      10
54.5521867328091
      20
-7.80549386909142
      30
0
      10
53.1149128261434
      20
-6.63964596126362
      30
0
      10
51.4683787938622
      20
-5.75855490967856
      30
0
      10
49.7010229885907
      20
-5.209545725291
      30
0
      10
49.7010229885907
      20
-5.209545725291
      30
0
      10
47.9336671833193
      20
-4.66053654090344
      30
0
      10
46.0777090979797
      20
-4.45361784646935
      30
0
      10
44.2328356339
      20
-4.5999036233
      30
0
      10
44.2328356339
      20
-4.5999036233
      30
0
      10
44.2328356339
      20
-6.7045702734
      30
0
      10
44.2328356339
      20
-8.8092369235
      30
0
      10
44.2328356339
      20
-10.9139035736
      30
0
      10
44.2328356339
      20
-10.9139035736
      30
0
      10
45.7815546483638
      20
-10.7866236174693
      30
0
      10
47.1567021838788
      20
-10.9745694521431
      30
0
      10
48.3189832226466
      20
-11.3836929780344
      30
0
      10
48.3189832226466
      20
-11.3836929780344
      30
0
      10
49.2837608084457
      20
-11.7245518737507
      30
0
      10
50.1114639439385
      20
-12.2132600786276
      30
0
      10
50.8279360858991
      20
-12.8452071298319
      30
0
      10
50.8279360858991
      20
-12.8452071298319
      30
0
      10
51.1261376680945
      20
-13.1085644004018
      30
0
      10
51.371764372092
      20
-13.4260476737621
      30
0
      10
51.5517967274064
      20
-13.7808287141491
      30
0
      10
51.5517967274064
      20
-13.7808287141491
      30
0
      10
51.7318290827208
      20
-14.1356097545362
      30
0
      10
51.843028999316
      20
-14.5213074147955
      30
0
      10
51.8795023133857
      20
-14.9174777480348
      30
0
      10
51.8795023133857
      20
-14.9174777480348
      30
0
      10
51.9159756274554
      20
-15.3136480812741
      30
0
      10
51.8770663242812
      20
-15.713165506059
      30
0
      10
51.7648367957563
      20
-16.0948535573591
      30
0
      10
51.7648367957563
      20
-16.0948535573591
      30
0
      10
51.6526072672313
      20
-16.4765416086591
      30
0
      10
51.4690760911686
      20
-16.8335351856228
      30
0
      10
51.2239713577358
      20
-17.1469118044491
      30
0
      10
51.2239713577358
      20
-17.1469118044491
      30
0
      10
50.9788666243031
      20
-17.4602884232754
      30
0
      10
50.6765968254834
      20
-17.7244116431971
      30
0
      10
50.3331838052
      20
-17.9252815839
      30
0
      10
50.3331838052
      20
-17.9252815839
      30
0
      10
42.7317221455333
      20
-22.3715461766
      30
0
      10
35.1302604858666
      20
-26.8178107693
      30
0
      10
27.5287988262
      20
-31.264075362
      30
0
      10
27.5287988262
      20
-31.264075362
      30
0
      10
27.2980577343097
      20
-28.8679421809418
      30
0
      10
27.747520387088
      20
-25.9782505437829
      30
0
      10
28.9561052174767
      20
-23.1598974737778
      30
0
      10
28.9561052174767
      20
-23.1598974737778
      30
0
      10
30.2023267033624
      20
-20.2120089857717
      30
0
      10
32.2685413584918
      20
-17.3784033840026
      30
0
      10
34.7367494830926
      20
-15.2510429890511
      30
0
      10
34.7367494830926
      20
-15.2510429890511
      30
0
      10
36.7704253297587
      20
-13.4837199609968
      30
0
      10
39.0580086385783
      20
-12.2023873951613
      30
0
      10
41.2328356338631
      20
-11.5185927640846
      30
0
      10
41.2328356338631
      20
-11.5185927640846
      30
0
      10
41.2328356338754
      20
-9.22779204868977
      30
0
      10
41.2328356338877
      20
-6.93699133329488
      30
0
      10
41.2328356339
      20
-4.6461906179
      30
0
      10
41.2328356339
      20
-4.6461906179
      30
0
      10
40.4128475041667
      20
-4.87235636166667
      30
0
      10
39.5928593744333
      20
-5.09852210543333
      30
0
      10
38.7728712447
      20
-5.3246878492
      30
0
      10
38.7728712447
      20
-5.3246878492
      30
0
      10
37.9623816814333
      20
-5.65311638143333
      30
0
      10
37.1518921181667
      20
-5.98154491366667
      30
0
      10
36.3414025549
      20
-6.3099734459
      30
0
      10
36.3414025549
      20
-6.3099734459
      30
0
      10
35.5529378807333
      20
-6.73558881993333
      30
0
      10
34.7644732065667
      20
-7.16120419396667
      30
0
      10
33.9760085324
      20
-7.586819568
      30
0
      10
33.9760085324
      20
-7.586819568
      30
0
      10
33.2217546697
      20
-8.10304378986667
      30
0
      10
32.467500807
      20
-8.61926801173333
      30
0
      10
31.7132469443
      20
-9.1354922336
      30
0
      10
31.7132469443
      20
-9.1354922336
      30
0
      10
31.0048610786667
      20
-9.73434692643333
      30
0
      10
30.2964752130333
      20
-10.3332016192667
      30
0
      10
29.5880893474
      20
-10.9320563121
      30
0
      10
29.5880893474
      20
-10.9320563121
      30
0
      10
28.9365197628333
      20
-11.6042860241
      30
0
      10
28.2849501782667
      20
-12.2765157361
      30
0
      10
27.6333805937
      20
-12.9487454481
      30
0
      10
27.6333805937
      20
-12.9487454481
      30
0
      10
27.0486974641
      20
-13.6839606977667
      30
0
      10
26.4640143345
      20
-14.4191759474333
      30
0
      10
25.8793312049
      20
-15.1543911971
      30
0
      10
25.8793312049
      20
-15.1543911971
      30
0
      10
25.3705709569333
      20
-15.9412290455333
      30
0
      10
24.8618107089667
      20
-16.7280668939667
      30
0
      10
24.353050461
      20
-17.5149047424
      30
0
      10
24.353050461
      20
-17.5149047424
      30
0
      10
23.9280761139667
      20
-18.3412044102
      30
0
      10
23.5031017669333
      20
-19.167504078
      30
0
      10
23.0781274199
      20
-19.9938037458
      30
0
      10
23.0781274199
      20
-19.9938037458
      30
0
      10
22.7435070605333
      20
-20.8467945611
      30
0
      10
22.4088867011667
      20
-21.6997853764
      30
0
      10
22.0742663418
      20
-22.5527761917
      30
0
      10
22.0742663418
      20
-22.5527761917
      30
0
      10
21.835171613
      20
-23.4192749642
      30
0
      10
21.5960768842
      20
-24.2857737367
      30
0
      10
21.3569821554
      20
-25.1522725092
      30
0
      10
21.3569821554
      20
-25.1522725092
      30
0
      10
21.2171083271333
      20
-26.0188872796333
      30
0
      10
21.0772344988667
      20
-26.8855020500667
      30
0
      10
20.9373606706
      20
-27.7521168205
      30
0
      10
20.9373606706
      20
-27.7521168205
      30
0
      10
20.8988695284667
      20
-28.6054538368333
      30
0
      10
20.8603783863333
      20
-29.4587908531667
      30
0
      10
20.8218872442
      20
-30.3121278695
      30
0
      10
20.8218872442
      20
-30.3121278695
      30
0
      10
20.8853736786333
      20
-31.1389985908
      30
0
      10
20.9488601130667
      20
-31.9658693121
      30
0
      10
21.0123465475
      20
-32.7927400334
      30
0
      10
21.0123465475
      20
-32.7927400334
      30
0
      10
21.1768293594667
      20
-33.580364962
      30
0
      10
21.3413121714333
      20
-34.3679898906
      30
0
      10
21.5057949834
      20
-35.1556148192
      30
0
      10
21.5057949834
      20
-35.1556148192
      30
0
      10
21.7687320491667
      20
-35.8918210112667
      30
0
      10
22.0316691149333
      20
-36.6280272033333
      30
0
      10
22.2946061807
      20
-37.3642333954
      30
0
      10
22.2946061807
      20
-37.3642333954
      30
0
      10
22.6519337409333
      20
-38.0376425966333
      30
0
      10
23.0092613011667
      20
-38.7110517978667
      30
0
      10
23.3665888614
      20
-39.3844609991
      30
0
      10
23.3665888614
      20
-39.3844609991
      30
0
      10
23.8127843276333
      20
-39.9846654987667
      30
0
      10
24.2589797938667
      20
-40.5848699984333
      30
0
      10
24.7051752601
      20
-41.1850744981
      30
0
      10
24.7051752601
      20
-41.1850744981
      30
0
      10
25.2333425677333
      20
-41.7027979828
      30
0
      10
25.7615098753667
      20
-42.2205214675
      30
0
      10
26.289677183
      20
-42.7382449522
      30
0
      10
26.289677183
      20
-42.7382449522
      30
0
      10
26.8916533717333
      20
-43.1654858736
      30
0
      10
27.4936295604667
      20
-43.592726795
      30
0
      10
28.0956057492
      20
-44.0199677164
      30
0
      10
28.0956057492
      20
-44.0199677164
      30
0
      10
28.7620871237667
      20
-44.3501229572
      30
0
      10
29.4285684983333
      20
-44.680278198
      30
0
      10
30.0950498729
      20
-45.0104334388
      30
0
      10
30.0950498729
      20
-45.0104334388
      30
0
      10
30.8157357938
      20
-45.2384003656667
      30
0
      10
31.5364217147
      20
-45.4663672925333
      30
0
      10
32.2571076356
      20
-45.6943342194
      30
0
      10
32.2571076356
      20
-45.6943342194
      30
0
      10
33.0208597184333
      20
-45.8165895454
      30
0
      10
33.7846118012667
      20
-45.9388448714
      30
0
      10
34.5483638841
      20
-46.0611001974
      30
0
      10
34.5483638841
      20
-46.0611001974
      30
0
      10
35.3433781458
      20
-46.0757544353333
      30
0
      10
36.1383924075
      20
-46.0904086732667
      30
0
      10
36.9334066692
      20
-46.1050629112
      30
0
      10
36.9334066692
      20
-46.1050629112
      30
0
      10
37.7473959618667
      20
-46.0118895761
      30
0
      10
38.5613852545333
      20
-45.918716241
      30
0
      10
39.3753745472
      20
-45.8255429059
      30
0
      10
39.3753745472
      20
-45.8255429059
      30
0
      10
40.1957584589667
      20
-45.6259820154
      30
0
      10
41.0161423707333
      20
-45.4264211249
      30
0
      10
41.8365262825
      20
-45.2268602344
      30
0
      10
41.8365262825
      20
-45.2268602344
      30
0
      10
42.6506255710667
      20
-44.9239960528667
      30
0
      10
43.4647248596333
      20
-44.6211318713333
      30
0
      10
44.2788241482
      20
-44.3182676898
      30
0
      10
44.2788241482
      20
-44.3182676898
      30
0
      10
45.0740567016333
      20
-43.9167810603
      30
0
      10
45.8692892550667
      20
-43.5152944308
      30
0
      10
46.6645218085
      20
-43.1138078013
      30
0
      10
46.6645218085
      20
-43.1138078013
      30
0
      10
47.4285971051667
      20
-42.6199038020333
      30
0
      10
48.1926724018333
      20
-42.1259998027667
      30
0
      10
48.9567476985
      20
-41.6320958035
      30
0
      10
48.9567476985
      20
-41.6320958035
      30
0
      10
49.6778567600333
      20
-41.0534078465
      30
0
      10
50.3989658215667
      20
-40.4747198895
      30
0
      10
51.1200748831
      20
-39.8960319325
      30
0
      10
51.1200748831
      20
-39.8960319325
      30
0
      10
51.7870727852667
      20
-39.2415037876
      30
0
      10
52.4540706874333
      20
-38.5869756427
      30
0
      10
53.1210685896
      20
-37.9324474978
      30
0
      10
53.1210685896
      20
-37.9324474978
      30
0
      10
53.7236467099333
      20
-37.2121950642
      30
0
      10
54.3262248302667
      20
-36.4919426306
      30
0
      10
54.9288029506
      20
-35.771690197
      30
0
      10
54.9288029506
      20
-35.771690197
      30
0
      10
55.4576482907333
      20
-34.9968451595
      30
0
      10
55.9864936308667
      20
-34.222000122
      30
0
      10
56.515338971
      20
-33.4471550845
      30
0
      10
56.515338971
      20
-33.4471550845
      30
0
      10
56.9622780915
      20
-32.6296928705667
      30
0
      10
57.409217212
      20
-31.8122306566333
      30
0
      10
57.8561563325
      20
-30.9947684427
      30
0
      10
57.8561563325
      20
-30.9947684427
      30
0
      10
58.2142816754333
      20
-30.1473231390667
      30
0
      10
58.5724070183667
      20
-29.2998778354333
      30
0
      10
58.9305323613
      20
-28.4524325318
      30
0
      10
58.9305323613
      20
-28.4524325318
      30
0
      10
59.1943090082333
      20
-27.5881016215333
      30
0
      10
59.4580856551667
      20
-26.7237707112667
      30
0
      10
59.7218623021
      20
-25.859439801
      30
0
      10
59.7218623021
      20
-25.859439801
      30
0
      10
57.4109914047001
      20
-25.8594398009899
      30
0
      10
55.1001205073003
      20
-25.8594398009797
      30
0
      10
52.7892496099004
      20
-25.8594398009696
      30
0
      10
52.7892496099004
      20
-25.8594398009696
      30
0
      10
51.7447899656582
      20
-28.9244149974945
      30
0
      10
49.7897926619437
      20
-31.9836229714514
      30
0
      10
47.3253504945402
      20
-34.3413260742409
      30
0
      10
47.3253504945402
      20
-34.3413260742409
      30
0
      10
44.9462130732842
      20
-36.6430758165318
      30
0
      10
42.1167869334945
      20
-38.261557822107
      30
0
      10
39.4962261738543
      20
-38.9811926567602
      30
0
      10
39.4962261738543
      20
-38.9811926567602
      30
0
      10
37.194775458925
      20
-39.6245086341279
      30
0
      10
35.0941799833375
      20
-39.601569010799
      30
0
      10
33.426161575279
      20
-39.1275973091387
      30
0
      10
33.426161575279
      20
-39.1275973091387
      30
0
      10
31.6306307287901
      20
-38.6113028935783
      30
0
      10
30.2716567220713
      20
-37.6451938321864
      30
0
      10
29.2310605587558
      20
-36.1919854317504
      30
0
      10
29.2310605587558
      20
-36.1919854317504
      30
0
      10
29.0586727729966
      20
-35.948384419169
      30
0
      10
28.8963794546557
      20
-35.6901497075909
      30
0
      10
28.74500673412
      20
-35.4166625050708
      30
0
      10
28.74500673412
      20
-35.4166625050708
      30
0
      10
39.1025591793333
      20
-29.3582988947333
      30
0
      10
49.4601116245667
      20
-23.2999352843667
      30
0
      10
59.8176640698
      20
-17.241571674
      30
0
    1001
FS_CYPCUT
    1000
Channel
    1070
1
    1000
LeadIn
    1002
{
    1070
3
    1040
59.5
    1040
1.5707963267949
    1040
0.5
    1040
0.3
    1070
0
    1040
0.5
    1070
0
    1002
}
    1000
LeadOut
    1002
{
    1070
0
    1040
0
    1040
0
    1040
0
    1070
0
    1002
}
    1000
IsFill
    1070
0
    1000
PathStart
    1040
59.5
    1000
ToolCompensation
    1002
{
    1070
0
    1040
0
    1070
0
    1002
}
       0
LWPOLYLINE
       5
2074
     100
AcDbEntity
       8
1
     100
AcDbPolyline
      90
12
      70
1
      10
100.0236759918
      20
-4.8246588263
      42
0
      10
100.0236759918
      20
-11.1246588261
      42
0
      10
81.7550851497
      20
-11.1246588261
      42
0.761737062257187
      10
79.3350786616605
      20
-19.9078842512963
      42
0
      10
85.9353330104872
      20
-23.8437568722954
      42
-0.865240744479163
      10
82.6986759852
      20
-46.1265763668
      42
0
      10
61.5303408715
      20
-46.1265763668
      42
0
      10
61.5303408715
      20
-39.4750987752
      42
0
      10
78.4808831824
      20
-39.4750987752
      42
0.735169300966689
      10
81.1714926165694
      20
-30.8659970931676
      42
0
      10
72.5772521983
      20
-24.9125627514
      42
-0.735169300966689
      10
78.8553408781
      20
-4.8246588263
      42
0
    1001
FS_CYPCUT
    1000
Channel
    1070
1
    1000
LeadIn
    1002
{
    1070
3
    1040
4.5
    1040
1.5707963267949
    1040
0.5
    1040
0.3
    1070
0
    1040
0.5
    1070
0
    1002
}
    1000
LeadOut
    1002
{
    1070
0
    1040
0
    1040
0
    1040
0
    1070
0
    1002
}
    1000
IsFill
    1070
0
    1000
PathStart
    1040
4.5
    1000
ToolCompensation
    1002
{
    1070
0
    1040
0
    1070
0
    1002
}
       0
LWPOLYLINE
       5
2075
     100
AcDbEntity
       8
1
     100
AcDbPolyline
      90
106
      70
1
      10
211.1659424853
      20
4.8238635818
      42
0
      10
213.3760144521
      20
8.587732957
      42
0
      10
215.26961177
      20
12.3212819649
      42
0
      10
216.840894273
      20
16.0129957253
      42
0
      10
218.0850158668
      20
19.6514883843
      42
0
      10
218.9981394754
      20
23.2255382309
      42
0
      10
219.577448875
      20
26.7241223065
      42
0
      10
219.82115738
      20
30.136450401
      42
0
      10
219.7285133532
      20
33.4519983323
      42
0
      10
219.299802524
      20
36.660540404
      42
0
      10
218.5363471073
      20
39.7521809437
      42
0
      10
217.4405017255
      20
42.7173848224
      42
0
      10
216.0156461462
      20
45.5470068626
      42
0
      10
214.266174859
      20
48.2323200435
      42
0
      10
212.1974835216
      20
50.7650424168
      42
0
      10
209.8159523191
      20
53.1373626492
      42
0
      10
207.1289262861
      20
55.3419641142
      42
0
      10
204.1446926539
      20
57.3720474575
      42
0
      10
200.8724552907
      20
59.2213515674
      42
0
      10
197.322306316
      20
60.8841728853
      42
0
      10
193.5051949742
      20
62.3553829963
      42
0
      10
189.4328938659
      20
63.6304444458
      42
0
      10
185.1179626388
      20
64.7054247342
      42
0
      10
180.5737092519
      20
65.5770084451
      42
0
      10
175.8141489318
      20
66.2425074707
      42
0
      10
170.8539609468
      20
66.6998693024
      42
0
      10
165.7084433341
      20
66.9476833608
      42
0
      10
160.3934657182
      20
66.9851853466
      42
0
      10
154.925420366
      20
66.8122595974
      42
0
      10
149.3211716306
      20
66.4294394449
      42
0
      10
143.5980039386
      20
65.8379055693
      42
0
      10
137.7735684825
      20
65.0394823587
      42
0
      10
131.8658287812
      20
64.0366322819
      42
0
      10
125.8930052777
      20
62.8324482937
      42
0
      10
119.8735191439
      20
61.4306442961
      42
0
      10
113.8259354671
      20
59.8355436836
      42
0
      10
107.7689059923
      20
58.0520660094
      42
0
      10
101.7211115965
      20
56.0857118126
      42
0
      10
95.7012046744
      20
53.9425456535
      42
0
      10
89.7277516111
      20
51.62917741
      42
0
      10
83.8191755204
      20
49.1527418908
      42
0
      10
77.9936994246
      20
46.5208768313
      42
0
      10
72.2692900523
      20
43.7416993371
      42
0
      10
66.6636024254
      20
40.8237808496
      42
0
      10
61.1939254083
      20
37.7761207104
      42
0
      10
55.8771283865
      20
34.6081184055
      42
0
      10
50.7296092383
      20
31.3295445763
      42
0
      10
45.7672437611
      20
27.9505108848
      42
0
      10
41.0053367078
      20
24.4814388278
      42
0
      10
36.4585745848
      20
20.9330275952
      42
0
      10
32.1409803556
      20
17.3162210721
      42
0
      10
28.0658701925
      20
13.642174086
      42
0
      10
24.2458124069
      20
9.9222180032
      42
0
      10
20.6925886865
      20
6.1678257815
      42
0
      10
17.417157759
      20
2.3905765851
      42
0
      10
14.4296215932
      20
-1.3978799268
      42
0
      10
11.7391942429
      20
-5.18585953
      42
0
      10
15.0830502223
      20
-2.1949245912
      42
0
      10
18.7100821796
      20
0.7746642286
      42
0
      10
22.6088329601
      20
3.7135265216
      42
0
      10
26.7669870972
      20
6.6123789399
      42
0
      10
31.171409715
      20
9.4620645196
      42
0
      10
35.8081880188
      20
12.2535816063
      42
0
      10
40.6626752431
      20
14.9781122896
      42
0
      10
45.7195369186
      20
17.6270502572
      42
0
      10
50.9627993104
      20
20.192027981
      42
0
      10
56.3758998768
      20
22.6649431485
      42
0
      10
61.9417395874
      20
25.0379842565
      42
0
      10
67.6427369354
      20
27.3036552865
      42
0
      10
73.4608834751
      20
29.4547993829
      42
0
      10
79.3778007071
      20
31.4846214609
      42
0
      10
85.3747981328
      20
33.3867096702
      42
0
      10
91.4329322944
      20
35.1550556494
      42
0
      10
97.5330666138
      20
36.7840735052
      42
0
      10
103.6559318419
      20
38.2686174574
      42
0
      10
109.7821869268
      20
39.6039980934
      42
0
      10
115.8924801083
      20
40.7859971809
      42
0
      10
121.9675100474
      20
41.8108809934
      42
0
      10
127.9880867952
      20
42.6754121034
      42
0
      10
133.935192411
      20
43.3768596096
      42
0
      10
139.7900410365
      20
43.9130077629
      42
0
      10
145.5341382367
      20
44.2821629658
      42
0
      10
151.149339421
      20
44.4831591221
      42
0
      10
156.6179071587
      20
44.5153613204
      42
0
      10
161.9225672082
      20
44.3786678395
      42
0
      10
167.0465630833
      20
44.0735104702
      42
0
      10
171.9737089843
      20
43.6008531507
      42
0
      10
176.6884409258
      20
42.9621889222
      42
0
      10
181.1758659004
      20
42.1595352125
      42
0
      10
185.4218089238
      20
41.1954274631
      42
0
      10
189.4128578102
      20
40.0729111205
      42
0
      10
193.1364055398
      20
38.7955320159
      42
0
      10
196.5806900815
      20
37.3673251648
      42
0
      10
199.7348315475
      20
35.7928020209
      42
0
      10
202.588866561
      20
34.0769362253
      42
0
      10
205.1337797284
      20
32.2251478956
      42
0
      10
207.3615321175
      20
30.2432865047
      42
0
      10
209.2650866512
      20
28.1376124035
      42
0
      10
210.8384303362
      20
25.9147770452
      42
0
      10
212.0765932573
      20
23.581801975
      42
0
      10
212.9756642759
      20
21.1460566499
      42
0
      10
213.5328033852
      20
18.6152351601
      42
0
      10
213.7462506809
      20
15.9973319245
      42
0
      10
213.6153319206
      20
13.3006164381
      42
0
      10
213.1404606537
      20
10.5336071498
      42
0
      10
212.3231369147
      20
7.7050445541
      42
0
    1001
FS_CYPCUT
    1000
Channel
    1070
1
    1000
LeadIn
    1002
{
    1070
3
    1040
39.5
    1040
1.5707963267949
    1040
0.5
    1040
0.3
    1070
0
    1040
0.5
    1070
0
    1002
}
    1000
LeadOut
    1002
{
    1070
0
    1040
0
    1040
0
    1040
0
    1070
0
    1002
}
    1000
IsFill
    1070
0
    1000
PathStart
    1040
39.5
    1000
ToolCompensation
    1002
{
    1070
0
    1040
0
    1070
0
    1002
}
    1000
MicroConnect
    1002
{
    1070
2
    1040
28
    1041
0.6
    1042
0
    1040
83
    1041
0.6
    1042
0
    1002
}
       0
LWPOLYLINE
       5
2076
     100
AcDbEntity
       8
1
     100
AcDbPolyline
      90
12
      70
1
      10
129.1672560138
      20
-14.2746588253
      42
0
      10
114.2050743821
      20
-14.2746588253
      42
0
      10
115.8713643516
      20
-4.8246588255
      42
0
      10
109.4741766967
      20
-4.8246588255
      42
0
      10
103.7574464055
      20
-37.2458473578
      42
0.386919480665599
      10
113.515580704035
      20
-46.1265763668588
      42
0
      10
123.2729781653
      20
-46.1265763668
      42
0
      10
123.2729781653
      20
-39.4750987754
      42
0
      10
113.5155807059
      20
-39.4750987754
      42
-0.466307658155
      10
110.413436283911
      20
-35.7781070157491
      42
0
      10
113.0942143995
      20
-20.5746588263
      42
0
      10
129.1672560138
      20
-20.5746588263
      42
0
    1001
FS_CYPCUT
    1000
Channel
    1070
1
    1000
LeadIn
    1002
{
    1070
3
    1040
3.5
    1040
1.5707963267949
    1040
0.5
    1040
0.3
    1070
0
    1040
0.5
    1070
0
    1002
}
    1000
LeadOut
    1002
{
    1070
0
    1040
0
    1040
0
    1040
0
    1070
0
    1002
}
    1000
IsFill
    1070
0
    1000
PathStart
    1040
3.5
    1000
ToolCompensation
    1002
{
    1070
0
    1040
0
    1070
0
    1002
}
       0
SPLINE
       5
2077
     100
AcDbEntity
       8
1
     100
AcDbSpline
      70
0
      71
3
      72
132
      73
128
      74
0
      40
0
      40
0
      40
0
      40
0
      40
0.03125
      40
0.03125
      40
0.03125
      40
0.03125
      40
0.0625
      40
0.0625
      40
0.0625
      40
0.0625
      40
0.09375
      40
0.09375
      40
0.09375
      40
0.09375
      40
0.125
      40
0.125
      40
0.125
      40
0.125
      40
0.15625
      40
0.15625
      40
0.15625
      40
0.15625
      40
0.1875
      40
0.1875
      40
0.1875
      40
0.1875
      40
0.21875
      40
0.21875
      40
0.21875
      40
0.21875
      40
0.25
      40
0.25
      40
0.25
      40
0.25
      40
0.28125
      40
0.28125
      40
0.28125
      40
0.28125
      40
0.3125
      40
0.3125
      40
0.3125
      40
0.3125
      40
0.34375
      40
0.34375
      40
0.34375
      40
0.34375
      40
0.375
      40
0.375
      40
0.375
      40
0.375
      40
0.40625
      40
0.40625
      40
0.40625
      40
0.40625
      40
0.4375
      40
0.4375
      40
0.4375
      40
0.4375
      40
0.46875
      40
0.46875
      40
0.46875
      40
0.46875
      40
0.5
      40
0.5
      40
0.5
      40
0.5
      40
0.53125
      40
0.53125
      40
0.53125
      40
0.53125
      40
0.5625
      40
0.5625
      40
0.5625
      40
0.5625
      40
0.59375
      40
0.59375
      40
0.59375
      40
0.59375
      40
0.625
      40
0.625
      40
0.625
      40
0.625
      40
0.65625
      40
0.65625
      40
0.65625
      40
0.65625
      40
0.6875
      40
0.6875
      40
0.6875
      40
0.6875
      40
0.71875
      40
0.71875
      40
0.71875
      40
0.71875
      40
0.75
      40
0.75
      40
0.75
      40
0.75
      40
0.78125
      40
0.78125
      40
0.78125
      40
0.78125
      40
0.8125
      40
0.8125
      40
0.8125
      40
0.8125
      40
0.84375
      40
0.84375
      40
0.84375
      40
0.84375
      40
0.875
      40
0.875
      40
0.875
      40
0.875
      40
0.90625
      40
0.90625
      40
0.90625
      40
0.90625
      40
0.9375
      40
0.9375
      40
0.9375
      40
0.9375
      40
0.96875
      40
0.96875
      40
0.96875
      40
0.96875
      40
1
      40
1
      40
1
      40
1
      10
150.7884394974
      20
-5.0974275899
      30
0
      10
149.958499399733
      20
-5.33135628556667
      30
0
      10
149.128559302067
      20
-5.56528498123333
      30
0
      10
148.2986192044
      20
-5.7992136769
      30
0
      10
148.2986192044
      20
-5.7992136769
      30
0
      10
147.478929361533
      20
-6.13964326293333
      30
0
      10
146.659239518667
      20
-6.48007284896667
      30
0
      10
145.8395496758
      20
-6.820502435
      30
0
      10
145.8395496758
      20
-6.820502435
      30
0
      10
145.043563303933
      20
-7.26184558723333
      30
0
      10
144.247576932067
      20
-7.70318873946667
      30
0
      10
143.4515905602
      20
-8.1445318917
      30
0
      10
143.4515905602
      20
-8.1445318917
      30
0
      10
142.692371840733
      20
-8.67954503516667
      30
0
      10
141.933153121267
      20
-9.21455817863333
      30
0
      10
141.1739344018
      20
-9.7495713221
      30
0
      10
141.1739344018
      20
-9.7495713221
      30
0
      10
140.463944064433
      20
-10.3694735166
      30
0
      10
139.753953727067
      20
-10.9893757111
      30
0
      10
139.0439633897
      20
-11.6092779056
      30
0
      10
139.0439633897
      20
-11.6092779056
      30
0
      10
138.394854199933
      20
-12.3038949634667
      30
0
      10
137.745745010167
      20
-12.9985120213333
      30
0
      10
137.0966358204
      20
-13.6931290792
      30
0
      10
137.0966358204
      20
-13.6931290792
      30
0
      10
136.519061327733
      20
-14.4510605499667
      30
0
      10
135.941486835067
      20
-15.2089920207333
      30
0
      10
135.3639123424
      20
-15.9669234915
      30
0
      10
135.3639123424
      20
-15.9669234915
      30
0
      10
134.867352028133
      20
-16.7757297725
      30
0
      10
134.370791713867
      20
-17.5845360535
      30
0
      10
133.8742313996
      20
-18.3933423345
      30
0
      10
133.8742313996
      20
-18.3933423345
      30
0
      10
133.4668350942
      20
-19.2397488366667
      30
0
      10
133.0594387888
      20
-20.0861553388333
      30
0
      10
132.6520424834
      20
-20.932561841
      30
0
      10
132.6520424834
      20
-20.932561841
      30
0
      10
132.3404966069
      20
-21.8026768591333
      30
0
      10
132.0289507304
      20
-22.6727918772667
      30
0
      10
131.7174048539
      20
-23.5429068954
      30
0
      10
131.7174048539
      20
-23.5429068954
      30
0
      10
131.506822674567
      20
-24.4224496066
      30
0
      10
131.296240495233
      20
-25.3019923178
      30
0
      10
131.0856583159
      20
-26.181535029
      30
0
      10
131.0856583159
      20
-26.181535029
      30
0
      10
130.979496028267
      20
-27.0560698777
      30
0
      10
130.873333740633
      20
-27.9306047264
      30
0
      10
130.767171453
      20
-28.8051395751
      30
0
      10
130.767171453
      20
-28.8051395751
      30
0
      10
130.767171453
      20
-29.6603131976
      30
0
      10
130.767171453
      20
-30.5154868201
      30
0
      10
130.767171453
      20
-31.3706604426
      30
0
      10
130.767171453
      20
-31.3706604426
      30
0
      10
130.873333740633
      20
-32.1924372427
      30
0
      10
130.979496028267
      20
-33.0142140428
      30
0
      10
131.0856583159
      20
-33.8359908429
      30
0
      10
131.0856583159
      20
-33.8359908429
      30
0
      10
131.296240495233
      20
-34.6108833520333
      30
0
      10
131.506822674567
      20
-35.3857758611667
      30
0
      10
131.7174048539
      20
-36.1606683703
      30
0
      10
131.7174048539
      20
-36.1606683703
      30
0
      10
132.0289507304
      20
-36.8759586116
      30
0
      10
132.3404966069
      20
-37.5912488529
      30
0
      10
132.6520424834
      20
-38.3065390942
      30
0
      10
132.6520424834
      20
-38.3065390942
      30
0
      10
133.0594387888
      20
-38.9504873171333
      30
0
      10
133.4668350942
      20
-39.5944355400667
      30
0
      10
133.8742313996
      20
-40.238383763
      30
0
      10
133.8742313996
      20
-40.238383763
      30
0
      10
134.370791713867
      20
-40.8004211227667
      30
0
      10
134.867352028133
      20
-41.3624584825333
      30
0
      10
135.3639123424
      20
-41.9244958423
      30
0
      10
135.3639123424
      20
-41.9244958423
      30
0
      10
135.941486835067
      20
-42.3953978619333
      30
0
      10
136.519061327733
      20
-42.8662998815667
      30
0
      10
137.0966358204
      20
-43.3372019012
      30
0
      10
137.0966358204
      20
-43.3372019012
      30
0
      10
137.745745010167
      20
-43.7092398687333
      30
0
      10
138.394854199933
      20
-44.0812778362667
      30
0
      10
139.0439633897
      20
-44.4533158038
      30
0
      10
139.0439633897
      20
-44.4533158038
      30
0
      10
139.753953727067
      20
-44.7203836203333
      30
0
      10
140.463944064433
      20
-44.9874514368667
      30
0
      10
141.1739344018
      20
-45.2545192534
      30
0
      10
141.1739344018
      20
-45.2545192534
      30
0
      10
141.933153121267
      20
-45.4122336499333
      30
0
      10
142.692371840733
      20
-45.5699480464667
      30
0
      10
143.4515905602
      20
-45.727662443
      30
0
      10
143.4515905602
      20
-45.727662443
      30
0
      10
144.247576932067
      20
-45.7734349211
      30
0
      10
145.043563303933
      20
-45.8192073992
      30
0
      10
145.8395496758
      20
-45.8649798773
      30
0
      10
145.8395496758
      20
-45.8649798773
      30
0
      10
146.659239518667
      20
-45.7980591930333
      30
0
      10
147.478929361533
      20
-45.7311385087667
      30
0
      10
148.2986192044
      20
-45.6642178245
      30
0
      10
148.2986192044
      20
-45.6642178245
      30
0
      10
149.128559302067
      20
-45.4857023181667
      30
0
      10
149.958499399733
      20
-45.3071868118333
      30
0
      10
150.7884394974
      20
-45.1286713055
      30
0
      10
150.7884394974
      20
-45.1286713055
      30
0
      10
150.7884394974
      20
-42.1937093993667
      30
0
      10
150.7884394974
      20
-39.2587474932333
      30
0
      10
150.7884394974
      20
-36.3237855871
      30
0
      10
150.7884394974
      20
-36.3237855871
      30
0
      10
148.075085521135
      20
-37.4405230716349
      30
0
      10
145.337864935512
      20
-37.6505635341738
      30
0
      10
143.149423538387
      20
-37.0270582947552
      30
0
      10
143.149423538387
      20
-37.0270582947552
      30
0
      10
140.252652197578
      20
-36.2119383446122
      30
0
      10
138.250149619255
      20
-34.0453981591942
      30
0
      10
137.598102607122
      20
-30.9400219968255
      30
0
      10
137.598102607122
      20
-30.9400219968255
      30
0
      10
137.101363438
      20
-28.5994974356214
      30
0
      10
137.45348285497
      20
-25.7317467261967
      30
0
      10
138.676611363103
      20
-22.9589485401995
      30
0
      10
138.676611363103
      20
-22.9589485401995
      30
0
      10
139.978581323103
      20
-19.962304601824
      30
0
      10
142.286611395498
      20
-17.1225215760632
      30
0
      10
145.029940227316
      20
-15.1589027090894
      30
0
      10
145.029940227316
      20
-15.1589027090894
      30
0
      10
146.853205771369
      20
-13.8430880578139
      30
0
      10
148.853561643018
      20
-12.911910232603
      30
0
      10
150.788439497442
      20
-12.4537276249906
      30
0
      10
150.788439497442
      20
-12.4537276249906
      30
0
      10
150.788439497428
      20
-10.0016276132938
      30
0
      10
150.788439497414
      20
-7.54952760159688
      30
0
      10
150.7884394974
      20
-5.0974275899
      30
0
    1001
FS_CYPCUT
    1000
Channel
    1070
1
    1000
LeadIn
    1002
{
    1070
3
    1040
29.5
    1040
1.5707963267949
    1040
0.5
    1040
0.3
    1070
0
    1040
0.5
    1070
0
    1002
}
    1000
LeadOut
    1002
{
    1070
0
    1040
0
    1040
0
    1040
0
    1070
0
    1002
}
    1000
IsFill
    1070
0
    1000
PathStart
    1040
29.5
    1000
ToolCompensation
    1002
{
    1070
0
    1040
0
    1070
0
    1002
}
       0
SPLINE
       5
2078
     100
AcDbEntity
       8
1
     100
AcDbSpline
      70
0
      71
3
      72
92
      73
88
      74
0
      40
0
      40
0
      40
0
      40
0
      40
0.0454545454545455
      40
0.0454545454545455
      40
0.0454545454545455
      40
0.0454545454545455
      40
0.0909090909090909
      40
0.0909090909090909
      40
0.0909090909090909
      40
0.0909090909090909
      40
0.136363636363636
      40
0.136363636363636
      40
0.136363636363636
      40
0.136363636363636
      40
0.181818181818182
      40
0.181818181818182
      40
0.181818181818182
      40
0.181818181818182
      40
0.227272727272727
      40
0.227272727272727
      40
0.227272727272727
      40
0.227272727272727
      40
0.272727272727273
      40
0.272727272727273
      40
0.272727272727273
      40
0.272727272727273
      40
0.318181818181818
      40
0.318181818181818
      40
0.318181818181818
      40
0.318181818181818
      40
0.363636363636364
      40
0.363636363636364
      40
0.363636363636364
      40
0.363636363636364
      40
0.409090909090909
      40
0.409090909090909
      40
0.409090909090909
      40
0.409090909090909
      40
0.454545454545455
      40
0.454545454545455
      40
0.454545454545455
      40
0.454545454545455
      40
0.5
      40
0.5
      40
0.5
      40
0.5
      40
0.545454545454545
      40
0.545454545454545
      40
0.545454545454545
      40
0.545454545454545
      40
0.590909090909091
      40
0.590909090909091
      40
0.590909090909091
      40
0.590909090909091
      40
0.636363636363636
      40
0.636363636363636
      40
0.636363636363636
      40
0.636363636363636
      40
0.681818181818182
      40
0.681818181818182
      40
0.681818181818182
      40
0.681818181818182
      40
0.727272727272727
      40
0.727272727272727
      40
0.727272727272727
      40
0.727272727272727
      40
0.772727272727273
      40
0.772727272727273
      40
0.772727272727273
      40
0.772727272727273
      40
0.818181818181818
      40
0.818181818181818
      40
0.818181818181818
      40
0.818181818181818
      40
0.863636363636364
      40
0.863636363636364
      40
0.863636363636364
      40
0.863636363636364
      40
0.909090909090909
      40
0.909090909090909
      40
0.909090909090909
      40
0.909090909090909
      40
0.954545454545455
      40
0.954545454545455
      40
0.954545454545455
      40
0.954545454545455
      40
1
      40
1
      40
1
      40
1
      10
169.9420916365
      20
-20.3537826081
      30
0
      10
169.889786088467
      20
-19.5133922927667
      30
0
      10
169.837480540433
      20
-18.6730019774333
      30
0
      10
169.7851749924
      20
-17.8326116621
      30
0
      10
169.7851749924
      20
-17.8326116621
      30
0
      10
169.6290886638
      20
-17.0315555658667
      30
0
      10
169.4730023352
      20
-16.2304994696333
      30
0
      10
169.3169160066
      20
-15.4294433734
      30
0
      10
169.3169160066
      20
-15.4294433734
      30
0
      10
169.0595266631
      20
-14.6804377242667
      30
0
      10
168.8021373196
      20
-13.9314320751333
      30
0
      10
168.5447479761
      20
-13.182426426
      30
0
      10
168.5447479761
      20
-13.182426426
      30
0
      10
168.190141500833
      20
-12.4973611859333
      30
0
      10
167.835535025567
      20
-11.8122959458667
      30
0
      10
167.4809285503
      20
-11.1272307058
      30
0
      10
167.4809285503
      20
-11.1272307058
      30
0
      10
167.034734083067
      20
-10.5169808257667
      30
0
      10
166.588539615833
      20
-9.90673094573333
      30
0
      10
166.1423451486
      20
-9.2964810657
      30
0
      10
166.1423451486
      20
-9.2964810657
      30
0
      10
165.611645727133
      20
-8.77073385296667
      30
0
      10
165.080946305667
      20
-8.24498664023333
      30
0
      10
164.5502468842
      20
-7.7192394275
      30
0
      10
164.5502468842
      20
-7.7192394275
      30
0
      10
163.943467005667
      20
-7.2863407663
      30
0
      10
163.336687127133
      20
-6.8534421051
      30
0
      10
162.7299072486
      20
-6.4205434439
      30
0
      10
162.7299072486
      20
-6.4205434439
      30
0
      10
162.056679136333
      20
-6.0873653099
      30
0
      10
161.383451024067
      20
-5.7541871759
      30
0
      10
160.7102229118
      20
-5.4210090419
      30
0
      10
160.7102229118
      20
-5.4210090419
      30
0
      10
159.981233610333
      20
-5.19284041443333
      30
0
      10
159.252244308867
      20
-4.96467178696667
      30
0
      10
158.5232550074
      20
-4.7365031595
      30
0
      10
158.5232550074
      20
-4.7365031595
      30
0
      10
157.7500767326
      20
-4.61696606236667
      30
0
      10
156.9768984578
      20
-4.49742896523333
      30
0
      10
156.203720183
      20
-4.3778918681
      30
0
      10
156.203720183
      20
-4.3778918681
      30
0
      10
155.398626621133
      20
-4.36888387253333
      30
0
      10
154.593533059267
      20
-4.35987587696667
      30
0
      10
153.7884394974
      20
-4.3508678814
      30
0
      10
153.7884394974
      20
-4.3508678814
      30
0
      10
153.7884394974
      20
-6.93668761646667
      30
0
      10
153.7884394974
      20
-9.52250735153333
      30
0
      10
153.7884394974
      20
-12.1083270866
      30
0
      10
153.7884394974
      20
-12.1083270866
      30
0
      10
156.261615467896
      20
-12.1444467862027
      30
0
      10
158.339485618595
      20
-13.0252710817448
      30
0
      10
159.771526520501
      20
-14.5333948028868
      30
0
      10
159.771526520501
      20
-14.5333948028868
      30
0
      10
161.165071112482
      20
-15.990875770786
      30
0
      10
161.989114957016
      20
-18.0917819808444
      30
0
      10
162.020351756568
      20
-20.5677653627494
      30
0
      10
162.020351756568
      20
-20.5677653627494
      30
0
      10
162.060886608649
      20
-23.033778123238
      30
0
      10
161.27627935269
      20
-25.838702011348
      30
0
      10
159.762509279053
      20
-28.405820183015
      30
0
      10
159.762509279053
      20
-28.405820183015
      30
0
      10
158.307398370694
      20
-30.8958500249453
      30
0
      10
156.18265553024
      20
-33.1433299834333
      30
0
      10
153.788439497441
      20
-34.7257150075846
      30
0
      10
153.788439497441
      20
-34.7257150075846
      30
0
      10
153.788439497449
      20
-37.8317933551132
      30
0
      10
153.788439497456
      20
-40.9378717026418
      30
0
      10
153.788439497463
      20
-44.0439500501703
      30
0
      10
153.788439497463
      20
-44.0439500501703
      30
0
      10
155.507326374252
      20
-43.2649146526626
      30
0
      10
157.138290337256
      20
-42.3048777876694
      30
0
      10
158.653673843354
      20
-41.1801195579984
      30
0
      10
158.653673843354
      20
-41.1801195579984
      30
0
      10
160.169057349452
      20
-40.0553613283275
      30
0
      10
161.560245852726
      20
-38.7722756807094
      30
0
      10
162.803647871762
      20
-37.352620911118
      30
0
      10
162.803647871762
      20
-37.352620911118
      30
0
      10
162.8036478717
      20
-40.2772727296667
      30
0
      10
162.8036478717
      20
-43.2019245482333
      30
0
      10
162.8036478717
      20
-46.1265763668
      30
0
      10
162.8036478717
      20
-46.1265763668
      30
0
      10
165.183129126633
      20
-46.1265763668
      30
0
      10
167.562610381567
      20
-46.1265763668
      30
0
      10
169.9420916365
      20
-46.1265763668
      30
0
      10
169.9420916365
      20
-46.1265763668
      30
0
      10
169.9420916365
      20
-37.5356451139
      30
0
      10
169.9420916365
      20
-28.944713861
      30
0
      10
169.9420916365
      20
-20.3537826081
      30
0
    1001
FS_CYPCUT
    1000
Channel
    1070
1
    1000
LeadIn
    1002
{
    1070
3
    1040
21.5
    1040
1.5707963267949
    1040
0.5
    1040
0.3
    1070
0
    1040
0.5
    1070
0
    1002
}
    1000
LeadOut
    1002
{
    1070
0
    1040
0
    1040
0
    1040
0
    1070
0
    1002
}
    1000
IsFill
    1070
0
    1000
PathStart
    1040
21.5
    1000
ToolCompensation
    1002
{
    1070
0
    1040
0
    1070
0
    1002
}
       0
LWPOLYLINE
       5
2079
     100
AcDbEntity
       8
1
     100
AcDbPolyline
      90
12
      70
1
      10
198.516847956
      20
-14.2746588255
      42
0
      10
198.516847956
      20
-20.5746588265
      42
0
      10
182.4438063416
      20
-20.5746588265
      42
0
      10
179.763028226011
      20
-35.7781070159491
      42
0.466307658155001
      10
182.865172648
      20
-39.4750987756001
      42
0
      10
192.6225701074
      20
-39.4750987756
      42
0
      10
192.6225701074
      20
-46.1265763668
      42
0
      10
182.865172646152
      20
-46.1265763668581
      42
-0.386919480687169
      10
173.1070383478
      20
-37.2458473573
      42
0
      10
178.8237686389
      20
-4.8246588257
      42
0
      10
185.2209562937
      20
-4.8246588257
      42
0
      10
183.5546663242
      20
-14.2746588255
      42
0
    1001
FS_CYPCUT
    1000
Channel
    1070
1
    1000
LeadIn
    1002
{
    1070
3
    1040
8.5
    1040
1.5707963267949
    1040
0.5
    1040
0.3
    1070
0
    1040
0.5
    1070
0
    1002
}
    1000
LeadOut
    1002
{
    1070
0
    1040
0
    1040
0
    1040
0
    1070
0
    1002
}
    1000
IsFill
    1070
0
    1000
PathStart
    1040
8.5
    1000
ToolCompensation
    1002
{
    1070
0
    1040
0
    1070
0
    1002
}
       0
LWPOLYLINE
       5
207A
     100
AcDbEntity
       8
1
     100
AcDbPolyline
      90
4
      70
1
      10
212.6362713625
      20
-14.6261364182
      42
0
      10
206.2390837076
      20
-14.6261364182
      42
0
      10
200.6847062405
      20
-46.1265763668
      42
0
      10
207.0818938953
      20
-46.1265763668
      42
0
    1001
FS_CYPCUT
    1000
Channel
    1070
1
    1000
LeadIn
    1002
{
    1070
3
    1040
1.5
    1040
1.5707963267949
    1040
0.5
    1040
0.3
    1070
0
    1040
0.5
    1070
0
    1002
}
    1000
LeadOut
    1002
{
    1070
0
    1040
0
    1040
0
    1040
0
    1070
0
    1002
}
    1000
IsFill
    1070
0
    1000
PathStart
    1040
1.5
    1000
ToolCompensation
    1002
{
    1070
0
    1040
0
    1070
0
    1002
}
       0
LWPOLYLINE
       5
207B
     100
AcDbEntity
       8
1
     100
AcDbPolyline
      90
4
      70
1
      10
214.3025613302
      20
-5.1761364182
      42
0
      10
213.1917013518
      20
-11.4761364182
      42
0
      10
206.7945136969
      20
-11.4761364182
      42
0
      10
207.9053736753
      20
-5.1761364182
      42
0
    1001
FS_CYPCUT
    1000
Channel
    1070
1
    1000
LeadIn
    1002
{
    1070
3
    1040
0.5
    1040
1.5707963267949
    1040
0.5
    1040
0.3
    1070
0
    1040
0.5
    1070
0
    1002
}
    1000
LeadOut
    1002
{
    1070
0
    1040
0
    1040
0
    1040
0
    1070
0
    1002
}
    1000
IsFill
    1070
0
    1000
PathStart
    1040
0.5
    1000
ToolCompensation
    1002
{
    1070
0
    1040
0
    1070
0
    1002
}
       0
SPLINE
       5
207C
     100
AcDbEntity
       8
1
     100
AcDbSpline
      70
0
      71
3
      72
136
      73
132
      74
0
      40
0
      40
0
      40
0
      40
0
      40
0.0303030303030303
      40
0.0303030303030303
      40
0.0303030303030303
      40
0.0303030303030303
      40
0.0606060606060606
      40
0.0606060606060606
      40
0.0606060606060606
      40
0.0606060606060606
      40
0.0909090909090909
      40
0.0909090909090909
      40
0.0909090909090909
      40
0.0909090909090909
      40
0.121212121212121
      40
0.121212121212121
      40
0.121212121212121
      40
0.121212121212121
      40
0.151515151515152
      40
0.151515151515152
      40
0.151515151515152
      40
0.151515151515152
      40
0.181818181818182
      40
0.181818181818182
      40
0.181818181818182
      40
0.181818181818182
      40
0.212121212121212
      40
0.212121212121212
      40
0.212121212121212
      40
0.212121212121212
      40
0.242424242424242
      40
0.242424242424242
      40
0.242424242424242
      40
0.242424242424242
      40
0.272727272727273
      40
0.272727272727273
      40
0.272727272727273
      40
0.272727272727273
      40
0.303030303030303
      40
0.303030303030303
      40
0.303030303030303
      40
0.303030303030303
      40
0.333333333333333
      40
0.333333333333333
      40
0.333333333333333
      40
0.333333333333333
      40
0.363636363636364
      40
0.363636363636364
      40
0.363636363636364
      40
0.363636363636364
      40
0.393939393939394
      40
0.393939393939394
      40
0.393939393939394
      40
0.393939393939394
      40
0.424242424242424
      40
0.424242424242424
      40
0.424242424242424
      40
0.424242424242424
      40
0.454545454545455
      40
0.454545454545455
      40
0.454545454545455
      40
0.454545454545455
      40
0.484848484848485
      40
0.484848484848485
      40
0.484848484848485
      40
0.484848484848485
      40
0.515151515151515
      40
0.515151515151515
      40
0.515151515151515
      40
0.515151515151515
      40
0.545454545454545
      40
0.545454545454545
      40
0.545454545454545
      40
0.545454545454545
      40
0.575757575757576
      40
0.575757575757576
      40
0.575757575757576
      40
0.575757575757576
      40
0.606060606060606
      40
0.606060606060606
      40
0.606060606060606
      40
0.606060606060606
      40
0.636363636363636
      40
0.636363636363636
      40
0.636363636363636
      40
0.636363636363636
      40
0.666666666666667
      40
0.666666666666667
      40
0.666666666666667
      40
0.666666666666667
      40
0.696969696969697
      40
0.696969696969697
      40
0.696969696969697
      40
0.696969696969697
      40
0.727272727272727
      40
0.727272727272727
      40
0.727272727272727
      40
0.727272727272727
      40
0.757575757575758
      40
0.757575757575758
      40
0.757575757575758
      40
0.757575757575758
      40
0.787878787878788
      40
0.787878787878788
      40
0.787878787878788
      40
0.787878787878788
      40
0.818181818181818
      40
0.818181818181818
      40
0.818181818181818
      40
0.818181818181818
      40
0.848484848484849
      40
0.848484848484849
      40
0.848484848484849
      40
0.848484848484849
      40
0.878787878787879
      40
0.878787878787879
      40
0.878787878787879
      40
0.878787878787879
      40
0.909090909090909
      40
0.909090909090909
      40
0.909090909090909
      40
0.909090909090909
      40
0.939393939393939
      40
0.939393939393939
      40
0.939393939393939
      40
0.939393939393939
      40
0.96969696969697
      40
0.96969696969697
      40
0.96969696969697
      40
0.96969696969697
      40
1
      40
1
      40
1
      40
1
      10
253.9249842316
      20
-4.8246588282
      30
0
      10
253.9249842316
      20
-6.9246588271
      30
0
      10
253.9249842316
      20
-9.024658826
      30
0
      10
253.9249842316
      20
-11.1246588249
      30
0
      10
253.9249842316
      20
-11.1246588249
      30
0
      10
249.090754117652
      20
-11.1246588249073
      30
0
      10
244.256524003703
      20
-11.1246588249145
      30
0
      10
239.422293889755
      20
-11.1246588249218
      30
0
      10
239.422293889755
      20
-11.1246588249218
      30
0
      10
236.767684338583
      20
-11.4169174481541
      30
0
      10
233.88245775894
      20
-12.5537576053043
      30
0
      10
231.297407014474
      20
-14.3858851267537
      30
0
      10
231.297407014474
      20
-14.3858851267537
      30
0
      10
228.105631798796
      20
-16.6247183867685
      30
0
      10
225.414165441937
      20
-19.9115926054974
      30
0
      10
223.915283439293
      20
-23.3821094195059
      30
0
      10
223.915283439293
      20
-23.3821094195059
      30
0
      10
222.536423728461
      20
-26.5247551896924
      30
0
      10
222.144541618419
      20
-29.7718322282868
      30
0
      10
222.712593109473
      20
-32.4204286108505
      30
0
      10
222.712593109473
      20
-32.4204286108505
      30
0
      10
223.511418575584
      20
-36.1833325621623
      30
0
      10
226.061982926105
      20
-38.7285433922208
      30
0
      10
229.73152036953
      20
-39.475098775751
      30
0
      10
229.73152036953
      20
-39.475098775751
      30
0
      10
235.606134971667
      20
-39.4750987758
      30
0
      10
241.480749573833
      20
-39.4750987758
      30
0
      10
247.355364176
      20
-39.4750987758
      30
0
      10
247.355364176
      20
-39.4750987758
      30
0
      10
247.355364176
      20
-41.6922579728
      30
0
      10
247.355364176
      20
-43.9094171698
      30
0
      10
247.355364176
      20
-46.1265763668
      30
0
      10
247.355364176
      20
-46.1265763668
      30
0
      10
241.038602216733
      20
-46.1265763668
      30
0
      10
234.721840257467
      20
-46.1265763668
      30
0
      10
228.4050782982
      20
-46.1265763668
      30
0
      10
228.4050782982
      20
-46.1265763668
      30
0
      10
227.6503801703
      20
-46.05448069
      30
0
      10
226.8956820424
      20
-45.9823850132
      30
0
      10
226.1409839145
      20
-45.9102893364
      30
0
      10
226.1409839145
      20
-45.9102893364
      30
0
      10
225.432393910433
      20
-45.7272923353333
      30
0
      10
224.723803906367
      20
-45.5442953342667
      30
0
      10
224.0152139023
      20
-45.3612983332
      30
0
      10
224.0152139023
      20
-45.3612983332
      30
0
      10
223.3641517702
      20
-45.0703492163667
      30
0
      10
222.7130896381
      20
-44.7794000995333
      30
0
      10
222.062027506
      20
-44.4884509827
      30
0
      10
222.062027506
      20
-44.4884509827
      30
0
      10
221.4789858657
      20
-44.0942387318667
      30
0
      10
220.8959442254
      20
-43.7000264810333
      30
0
      10
220.3129025851
      20
-43.3058142302
      30
0
      10
220.3129025851
      20
-43.3058142302
      30
0
      10
219.807277827533
      20
-42.8146920321
      30
0
      10
219.301653069967
      20
-42.323569834
      30
0
      10
218.7960283124
      20
-41.8324476359
      30
0
      10
218.7960283124
      20
-41.8324476359
      30
0
      10
218.3759691658
      20
-41.2523304932333
      30
0
      10
217.9559100192
      20
-40.6722133505667
      30
0
      10
217.5358508726
      20
-40.0920962079
      30
0
      10
217.5358508726
      20
-40.0920962079
      30
0
      10
217.2081270763
      20
-39.4323333799333
      30
0
      10
216.88040328
      20
-38.7725705519667
      30
0
      10
216.5526794837
      20
-38.112807724
      30
0
      10
216.5526794837
      20
-38.112807724
      30
0
      10
216.3225726861
      20
-37.3840320524
      30
0
      10
216.0924658885
      20
-36.6552563808
      30
0
      10
215.8623590909
      20
-35.9264807092
      30
0
      10
215.8623590909
      20
-35.9264807092
      30
0
      10
215.733577729333
      20
-35.1404372574333
      30
0
      10
215.604796367767
      20
-34.3543938056667
      30
0
      10
215.4760150062
      20
-33.5683503539
      30
0
      10
215.4760150062
      20
-33.5683503539
      30
0
      10
215.450634541367
      20
-32.7377071220667
      30
0
      10
215.425254076533
      20
-31.9070638902333
      30
0
      10
215.3998736117
      20
-31.0764206584
      30
0
      10
215.3998736117
      20
-31.0764206584
      30
0
      10
215.478303079233
      20
-30.2145644237
      30
0
      10
215.556732546767
      20
-29.352708189
      30
0
      10
215.6351620143
      20
-28.4908519543
      30
0
      10
215.6351620143
      20
-28.4908519543
      30
0
      10
215.816137432467
      20
-27.6116725275
      30
0
      10
215.997112850633
      20
-26.7324931007
      30
0
      10
216.1780882688
      20
-25.8533136739
      30
0
      10
216.1780882688
      20
-25.8533136739
      30
0
      10
216.458693009333
      20
-24.9709800491667
      30
0
      10
216.739297749867
      20
-24.0886464244333
      30
0
      10
217.0199024904
      20
-23.2063127997
      30
0
      10
217.0199024904
      20
-23.2063127997
      30
0
      10
217.395614283033
      20
-22.3350448047
      30
0
      10
217.771326075667
      20
-21.4637768097
      30
0
      10
218.1470378683
      20
-20.5925088147
      30
0
      10
218.1470378683
      20
-20.5925088147
      30
0
      10
218.611801682633
      20
-19.7463479416667
      30
0
      10
219.076565496967
      20
-18.9001870686333
      30
0
      10
219.5413293113
      20
-18.0540261956
      30
0
      10
219.5413293113
      20
-18.0540261956
      30
0
      10
220.087654940533
      20
-17.2466093064667
      30
0
      10
220.633980569767
      20
-16.4391924173333
      30
0
      10
221.180306199
      20
-15.6317755282
      30
0
      10
221.180306199
      20
-15.6317755282
      30
0
      10
221.799388973167
      20
-14.8761150806667
      30
0
      10
222.418471747333
      20
-14.1204546331333
      30
0
      10
223.0375545215
      20
-13.3647941856
      30
0
      10
223.0375545215
      20
-13.3647941856
      30
0
      10
223.719417205167
      20
-12.6730685225333
      30
0
      10
224.401279888833
      20
-11.9813428594667
      30
0
      10
225.0831425725
      20
-11.2896171964
      30
0
      10
225.0831425725
      20
-11.2896171964
      30
0
      10
225.8167961592
      20
-10.6729742775333
      30
0
      10
226.5504497459
      20
-10.0563313586667
      30
0
      10
227.2841033326
      20
-9.4396884398
      30
0
      10
227.2841033326
      20
-9.4396884398
      30
0
      10
228.057724145633
      20
-8.9080661795
      30
0
      10
228.831344958667
      20
-8.3764439192
      30
0
      10
229.6049657717
      20
-7.8448216589
      30
0
      10
229.6049657717
      20
-7.8448216589
      30
0
      10
230.4060860161
      20
-7.4067877653
      30
0
      10
231.2072062605
      20
-6.9687538717
      30
0
      10
232.0083265049
      20
-6.5307199781
      30
0
      10
232.0083265049
      20
-6.5307199781
      30
0
      10
232.824035200733
      20
-6.19333387436667
      30
0
      10
233.639743896567
      20
-5.85594777063333
      30
0
      10
234.4554525924
      20
-5.5185616669
      30
0
      10
234.4554525924
      20
-5.5185616669
      30
0
      10
235.272603649733
      20
-5.28726072066667
      30
0
      10
236.089754707067
      20
-5.05595977443333
      30
0
      10
236.9069057644
      20
-4.8246588282
      30
0
      10
236.9069057644
      20
-4.8246588282
      30
0
      10
242.5795985868
      20
-4.8246588282
      30
0
      10
248.2522914092
      20
-4.8246588282
      30
0
      10
253.9249842316
      20
-4.8246588282
      30
0
    1001
FS_CYPCUT
    1000
Channel
    1070
1
    1000
LeadIn
    1002
{
    1070
3
    1040
8.5
    1040
1.5707963267949
    1040
0.5
    1040
0.3
    1070
0
    1040
0.5
    1070
0
    1002
}
    1000
LeadOut
    1002
{
    1070
0
    1040
0
    1040
0
    1040
0
    1070
0
    1002
}
    1000
IsFill
    1070
0
    1000
PathStart
    1040
8.5
    1000
ToolCompensation
    1002
{
    1070
0
    1040
0
    1070
0
    1002
}
       0
SPLINE
       5
207D
     100
AcDbEntity
       8
1
     100
AcDbSpline
      70
0
      71
3
      72
132
      73
128
      74
0
      40
0
      40
0
      40
0
      40
0
      40
0.03125
      40
0.03125
      40
0.03125
      40
0.03125
      40
0.0625
      40
0.0625
      40
0.0625
      40
0.0625
      40
0.09375
      40
0.09375
      40
0.09375
      40
0.09375
      40
0.125
      40
0.125
      40
0.125
      40
0.125
      40
0.15625
      40
0.15625
      40
0.15625
      40
0.15625
      40
0.1875
      40
0.1875
      40
0.1875
      40
0.1875
      40
0.21875
      40
0.21875
      40
0.21875
      40
0.21875
      40
0.25
      40
0.25
      40
0.25
      40
0.25
      40
0.28125
      40
0.28125
      40
0.28125
      40
0.28125
      40
0.3125
      40
0.3125
      40
0.3125
      40
0.3125
      40
0.34375
      40
0.34375
      40
0.34375
      40
0.34375
      40
0.375
      40
0.375
      40
0.375
      40
0.375
      40
0.40625
      40
0.40625
      40
0.40625
      40
0.40625
      40
0.4375
      40
0.4375
      40
0.4375
      40
0.4375
      40
0.46875
      40
0.46875
      40
0.46875
      40
0.46875
      40
0.5
      40
0.5
      40
0.5
      40
0.5
      40
0.53125
      40
0.53125
      40
0.53125
      40
0.53125
      40
0.5625
      40
0.5625
      40
0.5625
      40
0.5625
      40
0.59375
      40
0.59375
      40
0.59375
      40
0.59375
      40
0.625
      40
0.625
      40
0.625
      40
0.625
      40
0.65625
      40
0.65625
      40
0.65625
      40
0.65625
      40
0.6875
      40
0.6875
      40
0.6875
      40
0.6875
      40
0.71875
      40
0.71875
      40
0.71875
      40
0.71875
      40
0.75
      40
0.75
      40
0.75
      40
0.75
      40
0.78125
      40
0.78125
      40
0.78125
      40
0.78125
      40
0.8125
      40
0.8125
      40
0.8125
      40
0.8125
      40
0.84375
      40
0.84375
      40
0.84375
      40
0.84375
      40
0.875
      40
0.875
      40
0.875
      40
0.875
      40
0.90625
      40
0.90625
      40
0.90625
      40
0.90625
      40
0.9375
      40
0.9375
      40
0.9375
      40
0.9375
      40
0.96875
      40
0.96875
      40
0.96875
      40
0.96875
      40
1
      40
1
      40
1
      40
1
      10
275.5461677171
      20
-5.0974275903
      30
0
      10
274.716227619433
      20
-5.33135628596667
      30
0
      10
273.886287521767
      20
-5.56528498163333
      30
0
      10
273.0563474241
      20
-5.7992136773
      30
0
      10
273.0563474241
      20
-5.7992136773
      30
0
      10
272.2366575812
      20
-6.1396432633
      30
0
      10
271.4169677383
      20
-6.4800728493
      30
0
      10
270.5972778954
      20
-6.8205024353
      30
0
      10
270.5972778954
      20
-6.8205024353
      30
0
      10
269.801291523533
      20
-7.26184558756667
      30
0
      10
269.005305151667
      20
-7.70318873983333
      30
0
      10
268.2093187798
      20
-8.1445318921
      30
0
      10
268.2093187798
      20
-8.1445318921
      30
0
      10
267.450100060333
      20
-8.67954503556667
      30
0
      10
266.690881340867
      20
-9.21455817903333
      30
0
      10
265.9316626214
      20
-9.7495713225
      30
0
      10
265.9316626214
      20
-9.7495713225
      30
0
      10
265.221672284033
      20
-10.369473517
      30
0
      10
264.511681946667
      20
-10.9893757115
      30
0
      10
263.8016916093
      20
-11.609277906
      30
0
      10
263.8016916093
      20
-11.609277906
      30
0
      10
263.152582419567
      20
-12.3038949638667
      30
0
      10
262.503473229833
      20
-12.9985120217333
      30
0
      10
261.8543640401
      20
-13.6931290796
      30
0
      10
261.8543640401
      20
-13.6931290796
      30
0
      10
261.276789547433
      20
-14.4510605503667
      30
0
      10
260.699215054767
      20
-15.2089920211333
      30
0
      10
260.1216405621
      20
-15.9669234919
      30
0
      10
260.1216405621
      20
-15.9669234919
      30
0
      10
259.6250802478
      20
-16.7757297728667
      30
0
      10
259.1285199335
      20
-17.5845360538333
      30
0
      10
258.6319596192
      20
-18.3933423348
      30
0
      10
258.6319596192
      20
-18.3933423348
      30
0
      10
258.2245633138
      20
-19.239748837
      30
0
      10
257.8171670084
      20
-20.0861553392
      30
0
      10
257.409770703
      20
-20.9325618414
      30
0
      10
257.409770703
      20
-20.9325618414
      30
0
      10
257.0982248265
      20
-21.8026768595333
      30
0
      10
256.78667895
      20
-22.6727918776667
      30
0
      10
256.4751330735
      20
-23.5429068958
      30
0
      10
256.4751330735
      20
-23.5429068958
      30
0
      10
256.264550894167
      20
-24.422449607
      30
0
      10
256.053968714833
      20
-25.3019923182
      30
0
      10
255.8433865355
      20
-26.1815350294
      30
0
      10
255.8433865355
      20
-26.1815350294
      30
0
      10
255.737224247867
      20
-27.0560698780667
      30
0
      10
255.631061960233
      20
-27.9306047267333
      30
0
      10
255.5248996726
      20
-28.8051395754
      30
0
      10
255.5248996726
      20
-28.8051395754
      30
0
      10
255.5248996726
      20
-29.6603131979
      30
0
      10
255.5248996726
      20
-30.5154868204
      30
0
      10
255.5248996726
      20
-31.3706604429
      30
0
      10
255.5248996726
      20
-31.3706604429
      30
0
      10
255.631061960233
      20
-32.1924372430333
      30
0
      10
255.737224247867
      20
-33.0142140431667
      30
0
      10
255.8433865355
      20
-33.8359908433
      30
0
      10
255.8433865355
      20
-33.8359908433
      30
0
      10
256.053968714833
      20
-34.6108833524333
      30
0
      10
256.264550894167
      20
-35.3857758615667
      30
0
      10
256.4751330735
      20
-36.1606683707
      30
0
      10
256.4751330735
      20
-36.1606683707
      30
0
      10
256.78667895
      20
-36.875958612
      30
0
      10
257.0982248265
      20
-37.5912488533
      30
0
      10
257.409770703
      20
-38.3065390946
      30
0
      10
257.409770703
      20
-38.3065390946
      30
0
      10
257.8171670084
      20
-38.9504873175
      30
0
      10
258.2245633138
      20
-39.5944355404
      30
0
      10
258.6319596192
      20
-40.2383837633
      30
0
      10
258.6319596192
      20
-40.2383837633
      30
0
      10
259.1285199335
      20
-40.8004211231
      30
0
      10
259.6250802478
      20
-41.3624584829
      30
0
      10
260.1216405621
      20
-41.9244958427
      30
0
      10
260.1216405621
      20
-41.9244958427
      30
0
      10
260.699215054767
      20
-42.3953978623333
      30
0
      10
261.276789547433
      20
-42.8662998819667
      30
0
      10
261.8543640401
      20
-43.3372019016
      30
0
      10
261.8543640401
      20
-43.3372019016
      30
0
      10
262.503473229833
      20
-43.7092398691
      30
0
      10
263.152582419567
      20
-44.0812778366
      30
0
      10
263.8016916093
      20
-44.4533158041
      30
0
      10
263.8016916093
      20
-44.4533158041
      30
0
      10
264.511681946667
      20
-44.7203836206333
      30
0
      10
265.221672284033
      20
-44.9874514371667
      30
0
      10
265.9316626214
      20
-45.2545192537
      30
0
      10
265.9316626214
      20
-45.2545192537
      30
0
      10
266.690881340867
      20
-45.4122336502333
      30
0
      10
267.450100060333
      20
-45.5699480467667
      30
0
      10
268.2093187798
      20
-45.7276624433
      30
0
      10
268.2093187798
      20
-45.7276624433
      30
0
      10
269.005305151667
      20
-45.7734349214333
      30
0
      10
269.801291523533
      20
-45.8192073995667
      30
0
      10
270.5972778954
      20
-45.8649798777
      30
0
      10
270.5972778954
      20
-45.8649798777
      30
0
      10
271.4169677383
      20
-45.7980591934
      30
0
      10
272.2366575812
      20
-45.7311385091
      30
0
      10
273.0563474241
      20
-45.6642178248
      30
0
      10
273.0563474241
      20
-45.6642178248
      30
0
      10
273.886287521767
      20
-45.4857023185
      30
0
      10
274.716227619433
      20
-45.3071868122
      30
0
      10
275.5461677171
      20
-45.1286713059
      30
0
      10
275.5461677171
      20
-45.1286713059
      30
0
      10
275.546167717089
      20
-42.1937093997395
      30
0
      10
275.546167717078
      20
-39.258747493579
      30
0
      10
275.546167717067
      20
-36.3237855874186
      30
0
      10
275.546167717067
      20
-36.3237855874186
      30
0
      10
272.832813740762
      20
-37.4405230719962
      30
0
      10
270.095593155138
      20
-37.6505635345357
      30
0
      10
267.907151758013
      20
-37.027058295117
      30
0
      10
267.907151758013
      20
-37.027058295117
      30
0
      10
265.010380417202
      20
-36.2119383449733
      30
0
      10
263.007877838882
      20
-34.0453981595563
      30
0
      10
262.355830826745
      20
-30.940021997186
      30
0
      10
262.355830826745
      20
-30.940021997186
      30
0
      10
261.859091657624
      20
-28.5994974359822
      30
0
      10
262.211211074589
      20
-25.7317467265553
      30
0
      10
263.434339582727
      20
-22.9589485405588
      30
0
      10
263.434339582727
      20
-22.9589485405588
      30
0
      10
264.736309542729
      20
-19.9623046021821
      30
0
      10
267.04433961512
      20
-17.1225215764211
      30
0
      10
269.787668446939
      20
-15.1589027094465
      30
0
      10
269.787668446939
      20
-15.1589027094465
      30
0
      10
271.610933990994
      20
-13.8430880581702
      30
0
      10
273.611289862641
      20
-12.9119102329585
      30
0
      10
275.546167717067
      20
-12.4537276253469
      30
0
      10
275.546167717067
      20
-12.4537276253469
      30
0
      10
275.546167717078
      20
-10.0016276136646
      30
0
      10
275.546167717089
      20
-7.54952760198231
      30
0
      10
275.5461677171
      20
-5.0974275903
      30
0
    1001
FS_CYPCUT
    1000
Channel
    1070
1
    1000
LeadIn
    1002
{
    1070
3
    1040
29.5
    1040
1.5707963267949
    1040
0.5
    1040
0.3
    1070
0
    1040
0.5
    1070
0
    1002
}
    1000
LeadOut
    1002
{
    1070
0
    1040
0
    1040
0
    1040
0
    1070
0
    1002
}
    1000
IsFill
    1070
0
    1000
PathStart
    1040
29.5
    1000
ToolCompensation
    1002
{
    1070
0
    1040
0
    1070
0
    1002
}
       0
SPLINE
       5
207E
     100
AcDbEntity
       8
1
     100
AcDbSpline
      70
0
      71
3
      72
92
      73
88
      74
0
      40
0
      40
0
      40
0
      40
0
      40
0.0454545454545455
      40
0.0454545454545455
      40
0.0454545454545455
      40
0.0454545454545455
      40
0.0909090909090909
      40
0.0909090909090909
      40
0.0909090909090909
      40
0.0909090909090909
      40
0.136363636363636
      40
0.136363636363636
      40
0.136363636363636
      40
0.136363636363636
      40
0.181818181818182
      40
0.181818181818182
      40
0.181818181818182
      40
0.181818181818182
      40
0.227272727272727
      40
0.227272727272727
      40
0.227272727272727
      40
0.227272727272727
      40
0.272727272727273
      40
0.272727272727273
      40
0.272727272727273
      40
0.272727272727273
      40
0.318181818181818
      40
0.318181818181818
      40
0.318181818181818
      40
0.318181818181818
      40
0.363636363636364
      40
0.363636363636364
      40
0.363636363636364
      40
0.363636363636364
      40
0.409090909090909
      40
0.409090909090909
      40
0.409090909090909
      40
0.409090909090909
      40
0.454545454545455
      40
0.454545454545455
      40
0.454545454545455
      40
0.454545454545455
      40
0.5
      40
0.5
      40
0.5
      40
0.5
      40
0.545454545454545
      40
0.545454545454545
      40
0.545454545454545
      40
0.545454545454545
      40
0.590909090909091
      40
0.590909090909091
      40
0.590909090909091
      40
0.590909090909091
      40
0.636363636363636
      40
0.636363636363636
      40
0.636363636363636
      40
0.636363636363636
      40
0.681818181818182
      40
0.681818181818182
      40
0.681818181818182
      40
0.681818181818182
      40
0.727272727272727
      40
0.727272727272727
      40
0.727272727272727
      40
0.727272727272727
      40
0.772727272727273
      40
0.772727272727273
      40
0.772727272727273
      40
0.772727272727273
      40
0.818181818181818
      40
0.818181818181818
      40
0.818181818181818
      40
0.818181818181818
      40
0.863636363636364
      40
0.863636363636364
      40
0.863636363636364
      40
0.863636363636364
      40
0.909090909090909
      40
0.909090909090909
      40
0.909090909090909
      40
0.909090909090909
      40
0.954545454545455
      40
0.954545454545455
      40
0.954545454545455
      40
0.954545454545455
      40
1
      40
1
      40
1
      40
1
      10
294.3749502664
      20
-20.4345056504
      30
0
      10
294.3237343562
      20
-19.609739846
      30
0
      10
294.272518446
      20
-18.7849740416
      30
0
      10
294.2213025358
      20
-17.9602082372
      30
0
      10
294.2213025358
      20
-17.9602082372
      30
0
      10
294.068464186667
      20
-17.1739285560667
      30
0
      10
293.915625837533
      20
-16.3876488749333
      30
0
      10
293.7627874884
      20
-15.6013691938
      30
0
      10
293.7627874884
      20
-15.6013691938
      30
0
      10
293.5107420539
      20
-14.8660014664333
      30
0
      10
293.2586966194
      20
-14.1306337390667
      30
0
      10
293.0066511849
      20
-13.3952660117
      30
0
      10
293.0066511849
      20
-13.3952660117
      30
0
      10
292.65938182
      20
-12.7224314906
      30
0
      10
292.3121124551
      20
-12.0495969695
      30
0
      10
291.9648430902
      20
-11.3767624484
      30
0
      10
291.9648430902
      20
-11.3767624484
      30
0
      10
291.527837804367
      20
-10.7770941538333
      30
0
      10
291.090832518533
      20
-10.1774258592667
      30
0
      10
290.6538272327
      20
-9.5777575647
      30
0
      10
290.6538272327
      20
-9.5777575647
      30
0
      10
290.133992160833
      20
-9.0607322474
      30
0
      10
289.614157088967
      20
-8.5437069301
      30
0
      10
289.0943220171
      20
-8.0266816128
      30
0
      10
289.0943220171
      20
-8.0266816128
      30
0
      10
288.49987228
      20
-7.60046999006667
      30
0
      10
287.9054225429
      20
-7.17425836733333
      30
0
      10
287.3109728058
      20
-6.7480467446
      30
0
      10
287.3109728058
      20
-6.7480467446
      30
0
      10
286.651302683633
      20
-6.41938437563333
      30
0
      10
285.991632561467
      20
-6.09072200666667
      30
0
      10
285.3319624393
      20
-5.7620596377
      30
0
      10
285.3319624393
      20
-5.7620596377
      30
0
      10
284.6174969111
      20
-5.53614047963333
      30
0
      10
283.9030313829
      20
-5.31022132156667
      30
0
      10
283.1885658547
      20
-5.0843021635
      30
0
      10
283.1885658547
      20
-5.0843021635
      30
0
      10
282.4305958488
      20
-4.96469648933333
      30
0
      10
281.6726258429
      20
-4.84509081516667
      30
0
      10
280.914655837
      20
-4.725485141
      30
0
      10
280.914655837
      20
-4.725485141
      30
0
      10
280.125159797033
      20
-4.71408311766667
      30
0
      10
279.335663757067
      20
-4.70268109433333
      30
0
      10
278.5461677171
      20
-4.691279071
      30
0
      10
278.5461677171
      20
-4.691279071
      30
0
      10
278.546167717089
      20
-7.16362840965761
      30
0
      10
278.546167717078
      20
-9.63597774831521
      30
0
      10
278.546167717067
      20
-12.1083270869728
      30
0
      10
278.546167717067
      20
-12.1083270869728
      30
0
      10
281.019343687522
      20
-12.1444467865575
      30
0
      10
283.097213838221
      20
-13.0252710820999
      30
0
      10
284.529254740128
      20
-14.5333948032423
      30
0
      10
284.529254740128
      20
-14.5333948032423
      30
0
      10
285.922799332108
      20
-15.9908757711406
      30
0
      10
286.746843176643
      20
-18.0917819812011
      30
0
      10
286.778079976196
      20
-20.5677653631076
      30
0
      10
286.778079976196
      20
-20.5677653631076
      30
0
      10
286.81861482828
      20
-23.0337781235972
      30
0
      10
286.034007572313
      20
-25.8387020117059
      30
0
      10
284.520237498679
      20
-28.4058201833757
      30
0
      10
284.520237498679
      20
-28.4058201833757
      30
0
      10
283.065126590319
      20
-30.8958500253059
      30
0
      10
280.940383749867
      20
-33.1433299837956
      30
0
      10
278.546167717067
      20
-34.725715007947
      30
0
      10
278.546167717067
      20
-34.725715007947
      30
0
      10
278.5461677171
      20
-37.8317933554333
      30
0
      10
278.5461677171
      20
-40.9378717029667
      30
0
      10
278.5461677171
      20
-44.0439500505
      30
0
      10
278.5461677171
      20
-44.0439500505
      30
0
      10
280.265054593883
      20
-43.2649146529856
      30
0
      10
281.896018556882
      20
-42.3048777879864
      30
0
      10
283.411402062973
      20
-41.18011955831
      30
0
      10
283.411402062973
      20
-41.18011955831
      30
0
      10
284.926785569064
      20
-40.0553613286336
      30
0
      10
286.317974072331
      20
-38.7722756810109
      30
0
      10
287.561376091359
      20
-37.3526209114157
      30
0
      10
287.561376091359
      20
-37.3526209114157
      30
0
      10
287.561376091339
      20
-40.2772727298771
      30
0
      10
287.56137609132
      20
-43.2019245483386
      30
0
      10
287.5613760913
      20
-46.1265763668
      30
0
      10
287.5613760913
      20
-46.1265763668
      30
0
      10
289.832567483
      20
-46.1265763668
      30
0
      10
292.1037588747
      20
-46.1265763668
      30
0
      10
294.3749502664
      20
-46.1265763668
      30
0
      10
294.3749502664
      20
-46.1265763668
      30
0
      10
294.3749502664
      20
-37.5625527946667
      30
0
      10
294.3749502664
      20
-28.9985292225333
      30
0
      10
294.3749502664
      20
-20.4345056504
      30
0
    1001
FS_CYPCUT
    1000
Channel
    1070
1
    1000
LeadIn
    1002
{
    1070
3
    1040
21.5
    1040
1.5707963267949
    1040
0.5
    1040
0.3
    1070
0
    1040
0.5
    1070
0
    1002
}
    1000
LeadOut
    1002
{
    1070
0
    1040
0
    1040
0
    1040
0
    1070
0
    1002
}
    1000
IsFill
    1070
0
    1000
PathStart
    1040
21.5
    1000
ToolCompensation
    1002
{
    1070
0
    1040
0
    1070
0
    1002
}
       0
LWPOLYLINE
       5
207F
     100
AcDbEntity
       8
1
     100
AcDbPolyline
      90
4
      70
1
      10
134.5
      20
130.7045569766
      42
0
      10
134.5
      20
120.7045569766
      42
-1
      10
126.5
      20
120.7045569766
      42
0
      10
126.5
      20
130.7045569766
      42
-1
    1001
FS_CYPCUT
    1000
Channel
    1070
1
    1000
LeadIn
    1002
{
    1070
3
    1040
0.5
    1040
1.5707963267949
    1040
0.5
    1040
0.3
    1070
0
    1040
0.5
    1070
0
    1002
}
    1000
LeadOut
    1002
{
    1070
0
    1040
0
    1040
0
    1040
0
    1070
0
    1002
}
    1000
IsFill
    1070
0
    1000
PathStart
    1040
0.5
    1000
ToolCompensation
    1002
{
    1070
0
    1040
0
    1070
0
    1002
}
       0
LINE
       5
2080
     100
AcDbEntity
       8
2
     100
AcDbLine
      10
-328.2
      20
87.8522784883
      30
0
      11
641
      21
87.8522784883
      31
0
    1001
FS_CYPCUT
    1000
Channel
    1070
2
    1000
LeadIn
    1002
{
    1070
3
    1040
0
    1040
1.5707963267949
    1040
0.5
    1040
0.3
    1070
0
    1040
0.5
    1070
0
    1002
}
    1000
LeadOut
    1002
{
    1070
0
    1040
0
    1040
0
    1040
0
    1070
0
    1002
}
    1000
IsFill
    1070
0
    1000
PathStart
    1040
0
    1000
ToolCompensation
    1002
{
    1070
0
    1040
0
    1070
0
    1002
}
       0
LWPOLYLINE
       5
2081
     100
AcDbEntity
       8
1
     100
AcDbPolyline
      90
4
      70
1
      10
364.5
      20
130.7045569766
      42
1
      10
356.5
      20
130.7045569766
      42
0
      10
356.5
      20
120.7045569766
      42
1
      10
364.5
      20
120.7045569766
      42
0
    1001
FS_CYPCUT
    1000
Channel
    1070
1
    1000
LeadIn
    1002
{
    1070
3
    1040
1.5
    1040
1.5707963267949
    1040
0.5
    1040
0.3
    1070
0
    1040
0.5
    1070
0
    1002
}
    1000
LeadOut
    1002
{
    1070
0
    1040
0
    1040
0
    1040
0
    1070
0
    1002
}
    1000
IsFill
    1070
0
    1000
PathStart
    1040
1.5
    1000
ToolCompensation
    1002
{
    1070
0
    1040
0
    1070
0
    1002
}
       0
LINE
       5
2082
     100
AcDbEntity
       8
2
     100
AcDbLine
      10
491
      20
-88.3922995801
      30
0
      11
641
      21
-88.3922995801
      31
0
    1001
FS_CYPCUT
    1000
Channel
    1070
2
    1000
LeadIn
    1002
{
    1070
3
    1040
0
    1040
1.5707963267949
    1040
0.5
    1040
0.3
    1070
0
    1040
0.5
    1070
0
    1002
}
    1000
LeadOut
    1002
{
    1070
0
    1040
0
    1040
0
    1040
0
    1070
0
    1002
}
    1000
IsFill
    1070
0
    1000
PathStart
    1040
0
    1000
ToolCompensation
    1002
{
    1070
0
    1040
0
    1070
0
    1002
}
       0
LINE
       5
2083
     100
AcDbEntity
       8
2
     100
AcDbLine
      10
641
      20
-111.8777680172
      30
0
      11
491
      21
-111.8777680172
      31
0
    1001
FS_CYPCUT
    1000
Channel
    1070
2
    1000
LeadIn
    1002
{
    1070
3
    1040
0
    1040
1.5707963267949
    1040
0.5
    1040
0.3
    1070
0
    1040
0.5
    1070
0
    1002
}
    1000
LeadOut
    1002
{
    1070
0
    1040
0
    1040
0
    1040
0
    1070
0
    1002
}
    1000
IsFill
    1070
0
    1000
PathStart
    1040
0
    1000
ToolCompensation
    1002
{
    1070
0
    1040
0
    1070
0
    1002
}
       0
CIRCLE
       5
2084
     100
AcDbEntity
       8
1
     100
AcDbCircle
      10
566
      20
-126.4709368742
      30
0
      40
3.75000000000004
    1001
FS_CYPCUT
    1000
Channel
    1070
1
    1000
LeadIn
    1002
{
    1070
3
    1040
1.27675647831893E-15
    1040
1.5707963267949
    1040
0.5
    1040
0.3
    1070
0
    1040
0.5
    1070
0
    1002
}
    1000
LeadOut
    1002
{
    1070
0
    1040
0
    1040
0
    1040
0
    1070
0
    1002
}
    1000
IsFill
    1070
0
    1000
PathStart
    1040
1.27675647831893E-15
    1000
ToolCompensation
    1002
{
    1070
0
    1040
0
    1070
0
    1002
}
       0
LWPOLYLINE
       5
2085
     100
AcDbEntity
       8
1
     100
AcDbPolyline
      90
32
      70
1
      10
641
      20
185.7045569766
      42
0
      10
641
      20
-131.4709368742
      42
-0.414213562373072
      10
636
      20
-136.4709368742
      42
0
      10
496
      20
-136.4709368742
      42
-0.414213562373086
      10
491
      20
-131.4709368742
      42
0
      10
491
      20
-84.5537673304
      42
0.414213562373088
      10
486
      20
-79.5537673304
      42
0
      10
78.15
      20
-79.5537673304001
      42
0.414213562373097
      10
73.1500000000001
      20
-84.5537673304
      42
0
      10
73.15
      20
-131.4709368742
      42
-0.414213562373095
      10
68.15
      20
-136.4709368742
      42
0
      10
-71.85
      20
-136.4709368742
      42
-0.414213562373106
      10
-76.85
      20
-131.4709368742
      42
0
      10
-76.8499999999998
      20
-84.5537673304
      42
0.414213562373097
      10
-81.85
      20
-79.5537673303998
      42
0
      10
-489.7
      20
-79.5537673303999
      42
0.414213562373087
      10
-494.7
      20
-84.5537673304
      42
0
      10
-494.7
      20
-131.4709368742
      42
-0.414213562373098
      10
-499.7
      20
-136.4709368742
      42
0
      10
-639.7
      20
-136.4709368742
      42
-0.41421356237312
      10
-644.7
      20
-131.4709368742
      42
0
      10
-644.7
      20
185.7045569766
      42
-0.41421356237309
      10
-629.7
      20
200.7045569766
      42
0
      10
444
      20
200.7045569766
      42
-0.414213562373105
      10
449
      20
195.7045569766
      42
0
      10
449
      20
153.7045569766
      42
0.414213562373137
      10
450
      20
152.7045569766
      42
0
      10
506.5
      20
152.7045569766
      42
0.414213562373103
      10
507.5
      20
153.7045569766
      42
0
      10
507.5
      20
195.7045569766
      42
-0.414213562373105
      10
512.5
      20
200.7045569766
      42
0
      10
626
      20
200.7045569766
      42
-0.414213562373094
    1001
FS_CYPCUT
    1000
Channel
    1070
1
    1000
LeadIn
    1002
{
    1070
3
    1040
22.5
    1040
1.5707963267949
    1040
0.5
    1040
0.3
    1070
0
    1040
0.5
    1070
0
    1002
}
    1000
LeadOut
    1002
{
    1070
0
    1040
0
    1040
0
    1040
0
    1070
0
    1002
}
    1000
IsFill
    1070
1
    1000
PathStart
    1040
22.5
    1000
ToolCompensation
    1002
{
    1070
0
    1040
0
    1070
0
    1002
}
    1000
MicroConnect
    1002
{
    1070
6
    1040
2.49831511
    1041
0.6
    1042
0
    1040
10.4912614
    1041
0.6
    1042
0
    1040
18.4509224
    1041
0.6
    1042
0
    1040
22.1436441
    1041
0.6
    1042
0
    1040
22.567353
    1041
0.6
    1042
0
    1040
30.4556961
    1041
0.6
    1042
0
    1002
}
       0
ENDBLK
       5
2086
     330
2004
     100
AcDbEntity
       8
0
     100
AcDbBlockEnd
       0
BLOCK
       5
2087
     330
2005
     100
AcDbEntity
       8
0
     100
AcDbBlockBegin
       2
Part1694775087
      70
0
      10
0
      20
-42
      30
0
       3
Part1694775087
       1

       4
CypCutBlock
       0
CIRCLE
       5
2088
     100
AcDbEntity
       8
1
     100
AcDbCircle
      10
25
      20
19.75
      30
0
      40
2.1
    1001
FS_CYPCUT
    1000
Channel
    1070
1
    1000
LeadIn
    1002
{
    1070
3
    1040
0
    1040
1.5707963267949
    1040
0.5
    1040
0.5
    1070
0
    1040
0.5
    1070
0
    1002
}
    1000
LeadOut
    1002
{
    1070
0
    1040
0
    1040
0
    1040
0
    1070
0
    1002
}
    1000
IsFill
    1070
0
    1000
PathStart
    1040
0
    1000
ToolCompensation
    1002
{
    1070
0
    1040
0
    1070
0
    1002
}
       0
CIRCLE
       5
2089
     100
AcDbEntity
       8
1
     100
AcDbCircle
      10
87.9
      20
-15
      30
0
      40
2.10000000000001
    1001
FS_CYPCUT
    1000
Channel
    1070
1
    1000
LeadIn
    1002
{
    1070
3
    1040
2.77555756156289E-16
    1040
1.5707963267949
    1040
0.5
    1040
0.5
    1070
0
    1040
0.5
    1070
0
    1002
}
    1000
LeadOut
    1002
{
    1070
0
    1040
0
    1040
0
    1040
0
    1070
0
    1002
}
    1000
IsFill
    1070
0
    1000
PathStart
    1040
2.77555756156289E-16
    1000
ToolCompensation
    1002
{
    1070
0
    1040
0
    1070
0
    1002
}
       0
LWPOLYLINE
       5
208A
     100
AcDbEntity
       8
1
     100
AcDbPolyline
      90
11
      70
1
      10
102.9
      20
-0.3607732747
      42
0.304845416731283
      10
99.7880396265
      20
4.2690546237
      42
0
      10
6.9477620462
      20
42.1292357911
      42
0.105490048744526
      10
2.8664566337
      20
43
      42
0
      10
0
      20
43
      42
0
      10
0
      20
0
      42
0
      10
60.5581252701
      20
0
      42
-0.222584881887645
      10
64.3992316681
      20
-1.7990780017
      42
0
      10
96.4007683319151
      20
-40.2009219983247
      42
0.222584881887653
      10
100.2418747299
      20
-42
      42
0
      10
102.9
      20
-42
      42
0
    1001
FS_CYPCUT
    1000
Channel
    1070
1
    1000
LeadIn
    1002
{
    1070
3
    1040
1.5
    1040
1.5707963267949
    1040
0.5
    1040
0.5
    1070
0
    1040
0.5
    1070
0
    1002
}
    1000
LeadOut
    1002
{
    1070
0
    1040
0
    1040
0
    1040
0
    1070
0
    1002
}
    1000
IsFill
    1070
1
    1000
PathStart
    1040
1.5
    1000
ToolCompensation
    1002
{
    1070
0
    1040
0
    1070
0
    1002
}
    1000
MicroConnect
    1002
{
    1070
2
    1040
1.48751939
    1041
0.4
    1042
0
    1040
5.27163985
    1041
0.4
    1042
0
    1002
}
       0
ENDBLK
       5
208B
     330
2005
     100
AcDbEntity
       8
0
     100
AcDbBlockEnd
       0
BLOCK
       5
208C
     330
2006
     100
AcDbEntity
       8
0
     100
AcDbBlockBegin
       2
Part1492936435
      70
0
      10
-622
      20
-136.676663
      30
0
       3
Part1492936435
       1

       4
CypCutBlock
       0
LINE
       5
208D
     100
AcDbEntity
       8
2
     100
AcDbLine
      10
-530
      20
-111.4249556048
      30
0
      11
-380
      21
-111.4249556048
      31
0
    1001
FS_CYPCUT
    1000
Channel
    1070
2
    1000
LeadIn
    1002
{
    1070
3
    1040
0
    1040
1.5707963267949
    1040
0.5
    1040
0.3
    1070
0
    1040
0.5
    1070
0
    1002
}
    1000
LeadOut
    1002
{
    1070
0
    1040
0
    1040
0
    1040
0
    1070
0
    1002
}
    1000
IsFill
    1070
0
    1000
PathStart
    1040
0
    1000
ToolCompensation
    1002
{
    1070
0
    1040
0
    1070
0
    1002
}
       0
LINE
       5
208E
     100
AcDbEntity
       8
2
     100
AcDbLine
      10
-380
      20
-88.5866238723
      30
0
      11
-530
      21
-88.5866238723
      31
0
    1001
FS_CYPCUT
    1000
Channel
    1070
2
    1000
LeadIn
    1002
{
    1070
3
    1040
0
    1040
1.5707963267949
    1040
0.5
    1040
0.3
    1070
0
    1040
0.5
    1070
0
    1002
}
    1000
LeadOut
    1002
{
    1070
0
    1040
0
    1040
0
    1040
0
    1070
0
    1002
}
    1000
IsFill
    1070
0
    1000
PathStart
    1040
0
    1000
ToolCompensation
    1002
{
    1070
0
    1040
0
    1070
0
    1002
}
       0
CIRCLE
       5
208F
     100
AcDbEntity
       8
1
     100
AcDbCircle
      10
-455
      20
-126.6766634651
      30
0
      40
3.75000000000003
    1001
FS_CYPCUT
    1000
Channel
    1070
1
    1000
LeadIn
    1002
{
    1070
3
    1040
8.60422844084496E-16
    1040
1.5707963267949
    1040
0.5
    1040
0.3
    1070
0
    1040
0.5
    1070
0
    1002
}
    1000
LeadOut
    1002
{
    1070
0
    1040
0
    1040
0
    1040
0
    1070
0
    1002
}
    1000
IsFill
    1070
0
    1000
PathStart
    1040
8.60422844084496E-16
    1000
ToolCompensation
    1002
{
    1070
0
    1040
0
    1070
0
    1002
}
       0
LWPOLYLINE
       5
2090
     100
AcDbEntity
       8
1
     100
AcDbPolyline
      90
4
      70
1
      10
-464
      20
128.1574330868
      42
1
      10
-472
      20
128.1574330868
      42
0
      10
-472
      20
118.1574330868
      42
1
      10
-464
      20
118.1574330868
      42
0
    1001
FS_CYPCUT
    1000
Channel
    1070
1
    1000
LeadIn
    1002
{
    1070
3
    1040
1.5
    1040
1.5707963267949
    1040
0.5
    1040
0.3
    1070
0
    1040
0.5
    1070
0
    1002
}
    1000
LeadOut
    1002
{
    1070
0
    1040
0
    1040
0
    1040
0
    1070
0
    1002
}
    1000
IsFill
    1070
0
    1000
PathStart
    1040
1.5
    1000
ToolCompensation
    1002
{
    1070
0
    1040
0
    1070
0
    1002
}
       0
LINE
       5
2091
     100
AcDbEntity
       8
2
     100
AcDbLine
      10
-543.5579086348
      20
86.3287165434
      30
0
      11
307
      21
86.3287165434
      31
0
    1001
FS_CYPCUT
    1000
Channel
    1070
2
    1000
LeadIn
    1002
{
    1070
3
    1040
0
    1040
1.5707963267949
    1040
0.5
    1040
0.3
    1070
0
    1040
0.5
    1070
0
    1002
}
    1000
LeadOut
    1002
{
    1070
0
    1040
0
    1040
0
    1040
0
    1070
0
    1002
}
    1000
IsFill
    1070
0
    1000
PathStart
    1040
0
    1000
ToolCompensation
    1002
{
    1070
0
    1040
0
    1070
0
    1002
}
       0
LWPOLYLINE
       5
2092
     100
AcDbEntity
       8
1
     100
AcDbPolyline
      90
4
      70
1
      10
-74
      20
128.1574330868
      42
1
      10
-82
      20
128.1574330868
      42
0
      10
-82
      20
118.1574330868
      42
1
      10
-74
      20
118.1574330868
      42
0
    1001
FS_CYPCUT
    1000
Channel
    1070
1
    1000
LeadIn
    1002
{
    1070
3
    1040
1.5
    1040
1.5707963267949
    1040
0.5
    1040
0.3
    1070
0
    1040
0.5
    1070
0
    1002
}
    1000
LeadOut
    1002
{
    1070
0
    1040
0
    1040
0
    1040
0
    1070
0
    1002
}
    1000
IsFill
    1070
0
    1000
PathStart
    1040
1.5
    1000
ToolCompensation
    1002
{
    1070
0
    1040
0
    1070
0
    1002
}
       0
SPLINE
       5
2093
     100
AcDbEntity
       8
1
     100
AcDbSpline
      70
0
      71
3
      72
244
      73
240
      74
0
      40
0
      40
0
      40
0
      40
0
      40
0.0166666666666667
      40
0.0166666666666667
      40
0.0166666666666667
      40
0.0166666666666667
      40
0.0333333333333333
      40
0.0333333333333333
      40
0.0333333333333333
      40
0.0333333333333333
      40
0.05
      40
0.05
      40
0.05
      40
0.05
      40
0.0666666666666667
      40
0.0666666666666667
      40
0.0666666666666667
      40
0.0666666666666667
      40
0.0833333333333333
      40
0.0833333333333333
      40
0.0833333333333333
      40
0.0833333333333333
      40
0.1
      40
0.1
      40
0.1
      40
0.1
      40
0.116666666666667
      40
0.116666666666667
      40
0.116666666666667
      40
0.116666666666667
      40
0.133333333333333
      40
0.133333333333333
      40
0.133333333333333
      40
0.133333333333333
      40
0.15
      40
0.15
      40
0.15
      40
0.15
      40
0.166666666666667
      40
0.166666666666667
      40
0.166666666666667
      40
0.166666666666667
      40
0.183333333333333
      40
0.183333333333333
      40
0.183333333333333
      40
0.183333333333333
      40
0.2
      40
0.2
      40
0.2
      40
0.2
      40
0.216666666666667
      40
0.216666666666667
      40
0.216666666666667
      40
0.216666666666667
      40
0.233333333333333
      40
0.233333333333333
      40
0.233333333333333
      40
0.233333333333333
      40
0.25
      40
0.25
      40
0.25
      40
0.25
      40
0.266666666666667
      40
0.266666666666667
      40
0.266666666666667
      40
0.266666666666667
      40
0.283333333333333
      40
0.283333333333333
      40
0.283333333333333
      40
0.283333333333333
      40
0.3
      40
0.3
      40
0.3
      40
0.3
      40
0.316666666666667
      40
0.316666666666667
      40
0.316666666666667
      40
0.316666666666667
      40
0.333333333333333
      40
0.333333333333333
      40
0.333333333333333
      40
0.333333333333333
      40
0.35
      40
0.35
      40
0.35
      40
0.35
      40
0.366666666666667
      40
0.366666666666667
      40
0.366666666666667
      40
0.366666666666667
      40
0.383333333333333
      40
0.383333333333333
      40
0.383333333333333
      40
0.383333333333333
      40
0.4
      40
0.4
      40
0.4
      40
0.4
      40
0.416666666666667
      40
0.416666666666667
      40
0.416666666666667
      40
0.416666666666667
      40
0.433333333333333
      40
0.433333333333333
      40
0.433333333333333
      40
0.433333333333333
      40
0.45
      40
0.45
      40
0.45
      40
0.45
      40
0.466666666666667
      40
0.466666666666667
      40
0.466666666666667
      40
0.466666666666667
      40
0.483333333333333
      40
0.483333333333333
      40
0.483333333333333
      40
0.483333333333333
      40
0.5
      40
0.5
      40
0.5
      40
0.5
      40
0.516666666666667
      40
0.516666666666667
      40
0.516666666666667
      40
0.516666666666667
      40
0.533333333333333
      40
0.533333333333333
      40
0.533333333333333
      40
0.533333333333333
      40
0.55
      40
0.55
      40
0.55
      40
0.55
      40
0.566666666666667
      40
0.566666666666667
      40
0.566666666666667
      40
0.566666666666667
      40
0.583333333333333
      40
0.583333333333333
      40
0.583333333333333
      40
0.583333333333333
      40
0.6
      40
0.6
      40
0.6
      40
0.6
      40
0.616666666666667
      40
0.616666666666667
      40
0.616666666666667
      40
0.616666666666667
      40
0.633333333333333
      40
0.633333333333333
      40
0.633333333333333
      40
0.633333333333333
      40
0.65
      40
0.65
      40
0.65
      40
0.65
      40
0.666666666666667
      40
0.666666666666667
      40
0.666666666666667
      40
0.666666666666667
      40
0.683333333333333
      40
0.683333333333333
      40
0.683333333333333
      40
0.683333333333333
      40
0.7
      40
0.7
      40
0.7
      40
0.7
      40
0.716666666666667
      40
0.716666666666667
      40
0.716666666666667
      40
0.716666666666667
      40
0.733333333333333
      40
0.733333333333333
      40
0.733333333333333
      40
0.733333333333333
      40
0.75
      40
0.75
      40
0.75
      40
0.75
      40
0.766666666666667
      40
0.766666666666667
      40
0.766666666666667
      40
0.766666666666667
      40
0.783333333333333
      40
0.783333333333333
      40
0.783333333333333
      40
0.783333333333333
      40
0.8
      40
0.8
      40
0.8
      40
0.8
      40
0.816666666666667
      40
0.816666666666667
      40
0.816666666666667
      40
0.816666666666667
      40
0.833333333333333
      40
0.833333333333333
      40
0.833333333333333
      40
0.833333333333333
      40
0.85
      40
0.85
      40
0.85
      40
0.85
      40
0.866666666666667
      40
0.866666666666667
      40
0.866666666666667
      40
0.866666666666667
      40
0.883333333333333
      40
0.883333333333333
      40
0.883333333333333
      40
0.883333333333333
      40
0.9
      40
0.9
      40
0.9
      40
0.9
      40
0.916666666666667
      40
0.916666666666667
      40
0.916666666666667
      40
0.916666666666667
      40
0.933333333333333
      40
0.933333333333333
      40
0.933333333333333
      40
0.933333333333333
      40
0.95
      40
0.95
      40
0.95
      40
0.95
      40
0.966666666666667
      40
0.966666666666667
      40
0.966666666666667
      40
0.966666666666667
      40
0.983333333333333
      40
0.983333333333333
      40
0.983333333333333
      40
0.983333333333333
      40
1
      40
1
      40
1
      40
1
      10
-85.3049193013
      20
-22.993825906
      30
0
      10
-95.6624717465333
      20
-29.0521895163667
      30
0
      10
-106.020024191767
      20
-35.1105531267333
      30
0
      10
-116.377576637
      20
-41.1689167371
      30
0
      10
-116.377576637
      20
-41.1689167371
      30
0
      10
-116.226203916491
      20
-41.4424039396661
      30
0
      10
-116.06391059815
      20
-41.7006386512442
      30
0
      10
-115.891522812391
      20
-41.9442396638255
      30
0
      10
-115.891522812391
      20
-41.9442396638255
      30
0
      10
-114.850926649076
      20
-43.3974480642615
      30
0
      10
-113.491952642356
      20
-44.3635571256534
      30
0
      10
-111.696421795868
      20
-44.8798515412139
      30
0
      10
-111.696421795868
      20
-44.8798515412139
      30
0
      10
-110.028403387809
      20
-45.3538232428742
      30
0
      10
-107.927807912222
      20
-45.376762866203
      30
0
      10
-105.626357197292
      20
-44.7334468888354
      30
0
      10
-105.626357197292
      20
-44.7334468888354
      30
0
      10
-103.005796437652
      20
-44.0138120541822
      30
0
      10
-100.176370297863
      20
-42.3953300486071
      30
0
      10
-97.7972328766064
      20
-40.0935803063162
      30
0
      10
-97.7972328766064
      20
-40.0935803063162
      30
0
      10
-95.3327907092028
      20
-37.7358772035265
      30
0
      10
-93.3777934054888
      20
-34.6766692295697
      30
0
      10
-92.3333337612463
      20
-31.6116940330448
      30
0
      10
-92.3333337612463
      20
-31.6116940330448
      30
0
      10
-90.0224628638333
      20
-31.611694033
      30
0
      10
-87.7115919664667
      20
-31.611694033
      30
0
      10
-85.4007210691
      20
-31.611694033
      30
0
      10
-85.4007210691
      20
-31.611694033
      30
0
      10
-85.6644977160333
      20
-32.4760249433
      30
0
      10
-85.9282743629667
      20
-33.3403558536
      30
0
      10
-86.1920510099
      20
-34.2046867639
      30
0
      10
-86.1920510099
      20
-34.2046867639
      30
0
      10
-86.5501763528
      20
-35.0521320675333
      30
0
      10
-86.9083016957
      20
-35.8995773711667
      30
0
      10
-87.2664270386
      20
-36.7470226748
      30
0
      10
-87.2664270386
      20
-36.7470226748
      30
0
      10
-87.7133661591333
      20
-37.5644848887333
      30
0
      10
-88.1603052796667
      20
-38.3819471026667
      30
0
      10
-88.6072444002
      20
-39.1994093166
      30
0
      10
-88.6072444002
      20
-39.1994093166
      30
0
      10
-89.1360897403333
      20
-39.9742543540667
      30
0
      10
-89.6649350804667
      20
-40.7490993915333
      30
0
      10
-90.1937804206
      20
-41.523944429
      30
0
      10
-90.1937804206
      20
-41.523944429
      30
0
      10
-90.7963585409333
      20
-42.2441968626333
      30
0
      10
-91.3989366612667
      20
-42.9644492962667
      30
0
      10
-92.0015147816
      20
-43.6847017299
      30
0
      10
-92.0015147816
      20
-43.6847017299
      30
0
      10
-92.6685126837667
      20
-44.3392298748
      30
0
      10
-93.3355105859333
      20
-44.9937580197
      30
0
      10
-94.0025084881
      20
-45.6482861646
      30
0
      10
-94.0025084881
      20
-45.6482861646
      30
0
      10
-94.7236175496
      20
-46.2269741215667
      30
0
      10
-95.4447266111
      20
-46.8056620785333
      30
0
      10
-96.1658356726
      20
-47.3843500355
      30
0
      10
-96.1658356726
      20
-47.3843500355
      30
0
      10
-96.9299109692667
      20
-47.8782540348
      30
0
      10
-97.6939862659333
      20
-48.3721580341
      30
0
      10
-98.4580615626
      20
-48.8660620334
      30
0
      10
-98.4580615626
      20
-48.8660620334
      30
0
      10
-99.2532941160667
      20
-49.2675486629
      30
0
      10
-100.048526669533
      20
-49.6690352924
      30
0
      10
-100.843759223
      20
-50.0705219219
      30
0
      10
-100.843759223
      20
-50.0705219219
      30
0
      10
-101.657858511533
      20
-50.3733861034333
      30
0
      10
-102.471957800067
      20
-50.6762502849667
      30
0
      10
-103.2860570886
      20
-50.9791144665
      30
0
      10
-103.2860570886
      20
-50.9791144665
      30
0
      10
-104.1064410004
      20
-51.178675357
      30
0
      10
-104.9268249122
      20
-51.3782362475
      30
0
      10
-105.747208824
      20
-51.577797138
      30
0
      10
-105.747208824
      20
-51.577797138
      30
0
      10
-106.561198116667
      20
-51.6709704731
      30
0
      10
-107.375187409333
      20
-51.7641438082
      30
0
      10
-108.189176702
      20
-51.8573171433
      30
0
      10
-108.189176702
      20
-51.8573171433
      30
0
      10
-108.9841909637
      20
-51.8426629053667
      30
0
      10
-109.7792052254
      20
-51.8280086674333
      30
0
      10
-110.5742194871
      20
-51.8133544295
      30
0
      10
-110.5742194871
      20
-51.8133544295
      30
0
      10
-111.3379715699
      20
-51.6910991034667
      30
0
      10
-112.1017236527
      20
-51.5688437774333
      30
0
      10
-112.8654757355
      20
-51.4465884514
      30
0
      10
-112.8654757355
      20
-51.4465884514
      30
0
      10
-113.586161656433
      20
-51.2186215245333
      30
0
      10
-114.306847577367
      20
-50.9906545976667
      30
0
      10
-115.0275334983
      20
-50.7626876708
      30
0
      10
-115.0275334983
      20
-50.7626876708
      30
0
      10
-115.694014872833
      20
-50.43253243
      30
0
      10
-116.360496247367
      20
-50.1023771892
      30
0
      10
-117.0269776219
      20
-49.7722219484
      30
0
      10
-117.0269776219
      20
-49.7722219484
      30
0
      10
-117.628953810667
      20
-49.3449810270333
      30
0
      10
-118.230929999433
      20
-48.9177401056667
      30
0
      10
-118.8329061882
      20
-48.4904991843
      30
0
      10
-118.8329061882
      20
-48.4904991843
      30
0
      10
-119.361073495833
      20
-47.9727756996
      30
0
      10
-119.889240803467
      20
-47.4550522149
      30
0
      10
-120.4174081111
      20
-46.9373287302
      30
0
      10
-120.4174081111
      20
-46.9373287302
      30
0
      10
-120.8636035773
      20
-46.3371242305
      30
0
      10
-121.3097990435
      20
-45.7369197308
      30
0
      10
-121.7559945097
      20
-45.1367152311
      30
0
      10
-121.7559945097
      20
-45.1367152311
      30
0
      10
-122.113322069933
      20
-44.4633060298667
      30
0
      10
-122.470649630167
      20
-43.7898968286333
      30
0
      10
-122.8279771904
      20
-43.1164876274
      30
0
      10
-122.8279771904
      20
-43.1164876274
      30
0
      10
-123.090914256167
      20
-42.3802814353667
      30
0
      10
-123.353851321933
      20
-41.6440752433333
      30
0
      10
-123.6167883877
      20
-40.9078690513
      30
0
      10
-123.6167883877
      20
-40.9078690513
      30
0
      10
-123.7812711997
      20
-40.1202441227
      30
0
      10
-123.9457540117
      20
-39.3326191941
      30
0
      10
-124.1102368237
      20
-38.5449942655
      30
0
      10
-124.1102368237
      20
-38.5449942655
      30
0
      10
-124.173723258133
      20
-37.7181235442
      30
0
      10
-124.237209692567
      20
-36.8912528229
      30
0
      10
-124.300696127
      20
-36.0643821016
      30
0
      10
-124.300696127
      20
-36.0643821016
      30
0
      10
-124.262204984867
      20
-35.2110450852667
      30
0
      10
-124.223713842733
      20
-34.3577080689333
      30
0
      10
-124.1852227006
      20
-33.5043710526
      30
0
      10
-124.1852227006
      20
-33.5043710526
      30
0
      10
-124.0453488723
      20
-32.6377562821667
      30
0
      10
-123.905475044
      20
-31.7711415117333
      30
0
      10
-123.7656012157
      20
-30.9045267413
      30
0
      10
-123.7656012157
      20
-30.9045267413
      30
0
      10
-123.5265064869
      20
-30.0380279688
      30
0
      10
-123.2874117581
      20
-29.1715291963
      30
0
      10
-123.0483170293
      20
-28.3050304238
      30
0
      10
-123.0483170293
      20
-28.3050304238
      30
0
      10
-122.713696669933
      20
-27.4520396084667
      30
0
      10
-122.379076310567
      20
-26.5990487931333
      30
0
      10
-122.0444559512
      20
-25.7460579778
      30
0
      10
-122.0444559512
      20
-25.7460579778
      30
0
      10
-121.619481604167
      20
-24.9197583100333
      30
0
      10
-121.194507257133
      20
-24.0934586422667
      30
0
      10
-120.7695329101
      20
-23.2671589745
      30
0
      10
-120.7695329101
      20
-23.2671589745
      30
0
      10
-120.260772662167
      20
-22.4803211260667
      30
0
      10
-119.752012414233
      20
-21.6934832776333
      30
0
      10
-119.2432521663
      20
-20.9066454292
      30
0
      10
-119.2432521663
      20
-20.9066454292
      30
0
      10
-118.6585690367
      20
-20.1714301795
      30
0
      10
-118.0738859071
      20
-19.4362149298
      30
0
      10
-117.4892027775
      20
-18.7009996801
      30
0
      10
-117.4892027775
      20
-18.7009996801
      30
0
      10
-116.8376331929
      20
-18.0287699681333
      30
0
      10
-116.1860636083
      20
-17.3565402561667
      30
0
      10
-115.5344940237
      20
-16.6843105442
      30
0
      10
-115.5344940237
      20
-16.6843105442
      30
0
      10
-114.826108158067
      20
-16.0854558513667
      30
0
      10
-114.117722292433
      20
-15.4866011585333
      30
0
      10
-113.4093364268
      20
-14.8877464657
      30
0
      10
-113.4093364268
      20
-14.8877464657
      30
0
      10
-112.655082564133
      20
-14.3715222438333
      30
0
      10
-111.900828701467
      20
-13.8552980219667
      30
0
      10
-111.1465748388
      20
-13.3390738001
      30
0
      10
-111.1465748388
      20
-13.3390738001
      30
0
      10
-110.358110164633
      20
-12.9134584260667
      30
0
      10
-109.569645490467
      20
-12.4878430520333
      30
0
      10
-108.7811808163
      20
-12.062227678
      30
0
      10
-108.7811808163
      20
-12.062227678
      30
0
      10
-107.970691253
      20
-11.7337991457667
      30
0
      10
-107.1602016897
      20
-11.4053706135333
      30
0
      10
-106.3497121264
      20
-11.0769420813
      30
0
      10
-106.3497121264
      20
-11.0769420813
      30
0
      10
-105.5297239967
      20
-10.8507763375333
      30
0
      10
-104.709735867
      20
-10.6246105937667
      30
0
      10
-103.8897477373
      20
-10.39844485
      30
0
      10
-103.8897477373
      20
-10.39844485
      30
0
      10
-103.889747737294
      20
-12.6892455653866
      30
0
      10
-103.889747737289
      20
-14.9800462807732
      30
0
      10
-103.889747737284
      20
-17.2708469961599
      30
0
      10
-103.889747737284
      20
-17.2708469961599
      30
0
      10
-106.064574732568
      20
-17.9546416272365
      30
0
      10
-108.352158041388
      20
-19.235974193072
      30
0
      10
-110.385833888054
      20
-21.0032972211263
      30
0
      10
-110.385833888054
      20
-21.0032972211263
      30
0
      10
-112.854042012655
      20
-23.1306576160778
      30
0
      10
-114.920256667784
      20
-25.9642632178469
      30
0
      10
-116.16647815367
      20
-28.912151705853
      30
0
      10
-116.16647815367
      20
-28.912151705853
      30
0
      10
-117.375062984059
      20
-31.7305047758581
      30
0
      10
-117.824525636837
      20
-34.6201964130171
      30
0
      10
-117.593784544914
      20
-37.0163295940729
      30
0
      10
-117.593784544914
      20
-37.0163295940729
      30
0
      10
-109.992322885276
      20
-32.5700650013486
      30
0
      10
-102.390861225638
      20
-28.1238004086243
      30
0
      10
-94.789399566
      20
-23.6775358159
      30
0
      10
-94.789399566
      20
-23.6775358159
      30
0
      10
-94.4459865456514
      20
-23.4766658752077
      30
0
      10
-94.1437167468256
      20
-23.2125426552895
      30
0
      10
-93.8986120133871
      20
-22.8991660364649
      30
0
      10
-93.8986120133871
      20
-22.8991660364649
      30
0
      10
-93.6535072799485
      20
-22.5857894176404
      30
0
      10
-93.4699761038804
      20
-22.2287958406769
      30
0
      10
-93.357746575351
      20
-21.8471077893759
      30
0
      10
-93.357746575351
      20
-21.8471077893759
      30
0
      10
-93.2455170468216
      20
-21.4654197380749
      30
0
      10
-93.2066077436441
      20
-21.0659023132879
      30
0
      10
-93.2430810577118
      20
-20.6697319800463
      30
0
      10
-93.2430810577118
      20
-20.6697319800463
      30
0
      10
-93.2795543717795
      20
-20.2735616468046
      30
0
      10
-93.390754288374
      20
-19.8878639865427
      30
0
      10
-93.5707866436889
      20
-19.5330829461535
      30
0
      10
-93.5707866436889
      20
-19.5330829461535
      30
0
      10
-93.7508189990038
      20
-19.1783019057642
      30
0
      10
-93.9964457030031
      20
-18.8608186324023
      30
0
      10
-94.2946472852325
      20
-18.5974613618822
      30
0
      10
-94.2946472852325
      20
-18.5974613618822
      30
0
      10
-95.0111194272083
      20
-17.9655143107028
      30
0
      10
-95.8388225627009
      20
-17.476806105826
      30
0
      10
-96.8036001485
      20
-17.1359472101096
      30
0
      10
-96.8036001485
      20
-17.1359472101096
      30
0
      10
-97.9658811872679
      20
-16.7268236842183
      30
0
      10
-99.3410287227829
      20
-16.5388778495445
      30
0
      10
-100.889747737284
      20
-16.6661578056373
      30
0
      10
-100.889747737284
      20
-16.6661578056373
      30
0
      10
-100.8897477373
      20
-14.5614911555333
      30
0
      10
-100.8897477373
      20
-12.4568245054667
      30
0
      10
-100.8897477373
      20
-10.3521578554
      30
0
      10
-100.8897477373
      20
-10.3521578554
      30
0
      10
-99.0448742732204
      20
-10.2058720785698
      30
0
      10
-97.1889161878811
      20
-10.4127907730042
      30
0
      10
-95.42156038261
      20
-10.961799957392
      30
0
      10
-95.42156038261
      20
-10.961799957392
      30
0
      10
-93.6542045773388
      20
-11.5108091417797
      30
0
      10
-92.0076705450579
      20
-12.3919001933649
      30
0
      10
-90.5703966383924
      20
-13.5577481011927
      30
0
      10
-90.5703966383924
      20
-13.5577481011927
      30
0
      10
-89.133122731727
      20
-14.7235960090204
      30
0
      10
-87.9313109391644
      20
-16.1529469721853
      30
0
      10
-87.029512768913
      20
-17.7690279377
      30
0
      10
-87.029512768913
      20
-17.7690279377
      30
0
      10
-86.1277145986615
      20
-19.3851089032147
      30
0
      10
-85.5423701357775
      20
-21.1584581695505
      30
0
      10
-85.3049193013321
      20
-22.9938259060515
      30
0
    1001
FS_CYPCUT
    1000
Channel
    1070
1
    1000
LeadIn
    1002
{
    1070
3
    1040
0.5
    1040
1.5707963267949
    1040
0.5
    1040
0.3
    1070
0
    1040
0.5
    1070
0
    1002
}
    1000
LeadOut
    1002
{
    1070
0
    1040
0
    1040
0
    1040
0
    1070
0
    1002
}
    1000
IsFill
    1070
0
    1000
PathStart
    1040
0.5
    1000
ToolCompensation
    1002
{
    1070
0
    1040
0
    1070
0
    1002
}
       0
LWPOLYLINE
       5
2094
     100
AcDbEntity
       8
1
     100
AcDbPolyline
      90
12
      70
1
      10
-45.0989073794
      20
-10.5769130584
      42
0
      10
-45.0989073794
      20
-16.8769130582
      42
0
      10
-63.3674982214
      20
-16.8769130582
      42
0.761737062257188
      10
-65.7875047094395
      20
-25.6601384833963
      42
0
      10
-59.1872503606128
      20
-29.5960111043954
      42
-0.865240744479164
      10
-62.4239073859643
      20
-51.8788305989474
      42
0
      10
-83.5922424996
      20
-51.8788305989
      42
0
      10
-83.5922424996
      20
-45.2273530073
      42
0
      10
-66.6417001886989
      20
-45.2273530072515
      42
0.73516930096669
      10
-63.9510907546
      20
-36.6182513252
      42
0
      10
-72.5453311728931
      20
-30.6648169834685
      42
-0.735169300966689
      10
-66.2672424931
      20
-10.5769130584
      42
0
    1001
FS_CYPCUT
    1000
Channel
    1070
1
    1000
LeadIn
    1002
{
    1070
3
    1040
4.5
    1040
1.5707963267949
    1040
0.5
    1040
0.3
    1070
0
    1040
0.5
    1070
0
    1002
}
    1000
LeadOut
    1002
{
    1070
0
    1040
0
    1040
0
    1040
0
    1070
0
    1002
}
    1000
IsFill
    1070
0
    1000
PathStart
    1040
4.5
    1000
ToolCompensation
    1002
{
    1070
0
    1040
0
    1070
0
    1002
}
       0
LINE
       5
2095
     100
AcDbEntity
       8
2
     100
AcDbLine
      10
-44
      20
-88.5866238723
      30
0
      11
106
      21
-88.5866238723
      31
0
    1001
FS_CYPCUT
    1000
Channel
    1070
2
    1000
LeadIn
    1002
{
    1070
3
    1040
0
    1040
1.5707963267949
    1040
0.5
    1040
0.3
    1070
0
    1040
0.5
    1070
0
    1002
}
    1000
LeadOut
    1002
{
    1070
0
    1040
0
    1040
0
    1040
0
    1070
0
    1002
}
    1000
IsFill
    1070
0
    1000
PathStart
    1040
0
    1000
ToolCompensation
    1002
{
    1070
0
    1040
0
    1070
0
    1002
}
       0
LINE
       5
2096
     100
AcDbEntity
       8
2
     100
AcDbLine
      10
106
      20
-111.4249556048
      30
0
      11
-44
      21
-111.4249556048
      31
0
    1001
FS_CYPCUT
    1000
Channel
    1070
2
    1000
LeadIn
    1002
{
    1070
3
    1040
0
    1040
1.5707963267949
    1040
0.5
    1040
0.3
    1070
0
    1040
0.5
    1070
0
    1002
}
    1000
LeadOut
    1002
{
    1070
0
    1040
0
    1040
0
    1040
0
    1070
0
    1002
}
    1000
IsFill
    1070
0
    1000
PathStart
    1040
0
    1000
ToolCompensation
    1002
{
    1070
0
    1040
0
    1070
0
    1002
}
       0
CIRCLE
       5
2097
     100
AcDbEntity
       8
1
     100
AcDbCircle
      10
31
      20
-126.6766634651
      30
0
      40
3.75
    1001
FS_CYPCUT
    1000
Channel
    1070
1
    1000
LeadIn
    1002
{
    1070
3
    1040
0
    1040
1.5707963267949
    1040
0.5
    1040
0.3
    1070
0
    1040
0.5
    1070
0
    1002
}
    1000
LeadOut
    1002
{
    1070
0
    1040
0
    1040
0
    1040
0
    1070
0
    1002
}
    1000
IsFill
    1070
0
    1000
PathStart
    1040
1
    1000
ToolCompensation
    1002
{
    1070
0
    1040
0
    1070
0
    1002
}
       0
LWPOLYLINE
       5
2098
     100
AcDbEntity
       8
1
     100
AcDbPolyline
      90
12
      70
1
      10
-15.9553273573
      20
-20.0269130574
      42
0
      10
-30.917508989
      20
-20.0269130574
      42
0
      10
-29.2512190195
      20
-10.5769130576
      42
0
      10
-35.6484066744
      20
-10.5769130576
      42
0
      10
-41.3651369656558
      20
-42.9981015898522
      42
0.386919480665599
      10
-31.6070026671646
      20
-51.8788305988588
      42
0
      10
-21.8496052059
      20
-51.8788305989
      42
0
      10
-21.8496052059
      20
-45.2273530074
      42
0
      10
-31.6070026653
      20
-45.2273530074
      42
-0.466307658154998
      10
-34.7091470873
      20
-41.5303612478
      42
0
      10
-32.0283689717
      20
-26.3269130584
      42
0
      10
-15.9553273573
      20
-26.3269130584
      42
0
    1001
FS_CYPCUT
    1000
Channel
    1070
1
    1000
LeadIn
    1002
{
    1070
3
    1040
3.5
    1040
1.5707963267949
    1040
0.5
    1040
0.3
    1070
0
    1040
0.5
    1070
0
    1002
}
    1000
LeadOut
    1002
{
    1070
0
    1040
0
    1040
0
    1040
0
    1070
0
    1002
}
    1000
IsFill
    1070
0
    1000
PathStart
    1040
3.5
    1000
ToolCompensation
    1002
{
    1070
0
    1040
0
    1070
0
    1002
}
       0
SPLINE
       5
2099
     100
AcDbEntity
       8
1
     100
AcDbSpline
      70
0
      71
3
      72
132
      73
128
      74
0
      40
0
      40
0
      40
0
      40
0
      40
0.03125
      40
0.03125
      40
0.03125
      40
0.03125
      40
0.0625
      40
0.0625
      40
0.0625
      40
0.0625
      40
0.09375
      40
0.09375
      40
0.09375
      40
0.09375
      40
0.125
      40
0.125
      40
0.125
      40
0.125
      40
0.15625
      40
0.15625
      40
0.15625
      40
0.15625
      40
0.1875
      40
0.1875
      40
0.1875
      40
0.1875
      40
0.21875
      40
0.21875
      40
0.21875
      40
0.21875
      40
0.25
      40
0.25
      40
0.25
      40
0.25
      40
0.28125
      40
0.28125
      40
0.28125
      40
0.28125
      40
0.3125
      40
0.3125
      40
0.3125
      40
0.3125
      40
0.34375
      40
0.34375
      40
0.34375
      40
0.34375
      40
0.375
      40
0.375
      40
0.375
      40
0.375
      40
0.40625
      40
0.40625
      40
0.40625
      40
0.40625
      40
0.4375
      40
0.4375
      40
0.4375
      40
0.4375
      40
0.46875
      40
0.46875
      40
0.46875
      40
0.46875
      40
0.5
      40
0.5
      40
0.5
      40
0.5
      40
0.53125
      40
0.53125
      40
0.53125
      40
0.53125
      40
0.5625
      40
0.5625
      40
0.5625
      40
0.5625
      40
0.59375
      40
0.59375
      40
0.59375
      40
0.59375
      40
0.625
      40
0.625
      40
0.625
      40
0.625
      40
0.65625
      40
0.65625
      40
0.65625
      40
0.65625
      40
0.6875
      40
0.6875
      40
0.6875
      40
0.6875
      40
0.71875
      40
0.71875
      40
0.71875
      40
0.71875
      40
0.75
      40
0.75
      40
0.75
      40
0.75
      40
0.78125
      40
0.78125
      40
0.78125
      40
0.78125
      40
0.8125
      40
0.8125
      40
0.8125
      40
0.8125
      40
0.84375
      40
0.84375
      40
0.84375
      40
0.84375
      40
0.875
      40
0.875
      40
0.875
      40
0.875
      40
0.90625
      40
0.90625
      40
0.90625
      40
0.90625
      40
0.9375
      40
0.9375
      40
0.9375
      40
0.9375
      40
0.96875
      40
0.96875
      40
0.96875
      40
0.96875
      40
1
      40
1
      40
1
      40
1
      10
5.6658561263
      20
-10.849681822
      30
0
      10
4.83591602863333
      20
-11.0836105176667
      30
0
      10
4.00597593096667
      20
-11.3175392133333
      30
0
      10
3.1760358333
      20
-11.551467909
      30
0
      10
3.1760358333
      20
-11.551467909
      30
0
      10
2.35634599043333
      20
-11.891897495
      30
0
      10
1.53665614756667
      20
-12.232327081
      30
0
      10
0.7169663047
      20
-12.572756667
      30
0
      10
0.7169663047
      20
-12.572756667
      30
0
      10
-0.0790200671666667
      20
-13.0140998192667
      30
0
      10
-0.875006439033333
      20
-13.4554429715333
      30
0
      10
-1.6709928109
      20
-13.8967861238
      30
0
      10
-1.6709928109
      20
-13.8967861238
      30
0
      10
-2.4302115304
      20
-14.4317992672667
      30
0
      10
-3.1894302499
      20
-14.9668124107333
      30
0
      10
-3.9486489694
      20
-15.5018255542
      30
0
      10
-3.9486489694
      20
-15.5018255542
      30
0
      10
-4.65863930676667
      20
-16.1217277487
      30
0
      10
-5.36862964413333
      20
-16.7416299432
      30
0
      10
-6.0786199815
      20
-17.3615321377
      30
0
      10
-6.0786199815
      20
-17.3615321377
      30
0
      10
-6.72772917123333
      20
-18.0561491955667
      30
0
      10
-7.37683836096667
      20
-18.7507662534333
      30
0
      10
-8.0259475507
      20
-19.4453833113
      30
0
      10
-8.0259475507
      20
-19.4453833113
      30
0
      10
-8.60352204336667
      20
-20.2033147820667
      30
0
      10
-9.18109653603333
      20
-20.9612462528333
      30
0
      10
-9.7586710287
      20
-21.7191777236
      30
0
      10
-9.7586710287
      20
-21.7191777236
      30
0
      10
-10.2552313429667
      20
-22.5279840045667
      30
0
      10
-10.7517916572333
      20
-23.3367902855333
      30
0
      10
-11.2483519715
      20
-24.1455965665
      30
0
      10
-11.2483519715
      20
-24.1455965665
      30
0
      10
-11.6557482769333
      20
-24.9920030687
      30
0
      10
-12.0631445823667
      20
-25.8384095709
      30
0
      10
-12.4705408878
      20
-26.6848160731
      30
0
      10
-12.4705408878
      20
-26.6848160731
      30
0
      10
-12.7820867642667
      20
-27.5549310912333
      30
0
      10
-13.0936326407333
      20
-28.4250461093667
      30
0
      10
-13.4051785172
      20
-29.2951611275
      30
0
      10
-13.4051785172
      20
-29.2951611275
      30
0
      10
-13.6157606965667
      20
-30.1747038387
      30
0
      10
-13.8263428759333
      20
-31.0542465499
      30
0
      10
-14.0369250553
      20
-31.9337892611
      30
0
      10
-14.0369250553
      20
-31.9337892611
      30
0
      10
-14.1430873429
      20
-32.8083241098
      30
0
      10
-14.2492496305
      20
-33.6828589585
      30
0
      10
-14.3554119181
      20
-34.5573938072
      30
0
      10
-14.3554119181
      20
-34.5573938072
      30
0
      10
-14.3554119181
      20
-35.4125674297
      30
0
      10
-14.3554119181
      20
-36.2677410522
      30
0
      10
-14.3554119181
      20
-37.1229146747
      30
0
      10
-14.3554119181
      20
-37.1229146747
      30
0
      10
-14.2492496305
      20
-37.9446914748
      30
0
      10
-14.1430873429
      20
-38.7664682749
      30
0
      10
-14.0369250553
      20
-39.588245075
      30
0
      10
-14.0369250553
      20
-39.588245075
      30
0
      10
-13.8263428759333
      20
-40.3631375841333
      30
0
      10
-13.6157606965667
      20
-41.1380300932667
      30
0
      10
-13.4051785172
      20
-41.9129226024
      30
0
      10
-13.4051785172
      20
-41.9129226024
      30
0
      10
-13.0936326407333
      20
-42.6282128437
      30
0
      10
-12.7820867642667
      20
-43.343503085
      30
0
      10
-12.4705408878
      20
-44.0587933263
      30
0
      10
-12.4705408878
      20
-44.0587933263
      30
0
      10
-12.0631445823667
      20
-44.7027415492333
      30
0
      10
-11.6557482769333
      20
-45.3466897721667
      30
0
      10
-11.2483519715
      20
-45.9906379951
      30
0
      10
-11.2483519715
      20
-45.9906379951
      30
0
      10
-10.7517916572333
      20
-46.5526753548667
      30
0
      10
-10.2552313429667
      20
-47.1147127146333
      30
0
      10
-9.7586710287
      20
-47.6767500744
      30
0
      10
-9.7586710287
      20
-47.6767500744
      30
0
      10
-9.18109653603333
      20
-48.1476520940333
      30
0
      10
-8.60352204336667
      20
-48.6185541136667
      30
0
      10
-8.0259475507
      20
-49.0894561333
      30
0
      10
-8.0259475507
      20
-49.0894561333
      30
0
      10
-7.37683836096667
      20
-49.4614941008
      30
0
      10
-6.72772917123333
      20
-49.8335320683
      30
0
      10
-6.0786199815
      20
-50.2055700358
      30
0
      10
-6.0786199815
      20
-50.2055700358
      30
0
      10
-5.36862964413333
      20
-50.4726378523333
      30
0
      10
-4.65863930676667
      20
-50.7397056688667
      30
0
      10
-3.9486489694
      20
-51.0067734854
      30
0
      10
-3.9486489694
      20
-51.0067734854
      30
0
      10
-3.1894302499
      20
-51.1644878819667
      30
0
      10
-2.4302115304
      20
-51.3222022785333
      30
0
      10
-1.6709928109
      20
-51.4799166751
      30
0
      10
-1.6709928109
      20
-51.4799166751
      30
0
      10
-0.875006439033333
      20
-51.5256891532
      30
0
      10
-0.0790200671666667
      20
-51.5714616313
      30
0
      10
0.7169663047
      20
-51.6172341094
      30
0
      10
0.7169663047
      20
-51.6172341094
      30
0
      10
1.53665614756667
      20
-51.5503134251
      30
0
      10
2.35634599043333
      20
-51.4833927408
      30
0
      10
3.1760358333
      20
-51.4164720565
      30
0
      10
3.1760358333
      20
-51.4164720565
      30
0
      10
4.00597593096667
      20
-51.2379565502
      30
0
      10
4.83591602863333
      20
-51.0594410439
      30
0
      10
5.6658561263
      20
-50.8809255376
      30
0
      10
5.6658561263
      20
-50.8809255376
      30
0
      10
5.66585612629819
      20
-47.9459636314442
      30
0
      10
5.66585612629638
      20
-45.0110017252884
      30
0
      10
5.66585612629457
      20
-42.0760398191327
      30
0
      10
5.66585612629457
      20
-42.0760398191327
      30
0
      10
2.95250214998807
      20
-43.1927773037101
      30
0
      10
0.215281564364549
      20
-43.402817766249
      30
0
      10
-1.97315983275984
      20
-42.7793125268304
      30
0
      10
-1.97315983275984
      20
-42.7793125268304
      30
0
      10
-4.86993117356817
      20
-41.9641925766874
      30
0
      10
-6.87243375189195
      20
-39.7976523912693
      30
0
      10
-7.52448076402492
      20
-36.6922762289006
      30
0
      10
-7.52448076402492
      20
-36.6922762289006
      30
0
      10
-8.02121993314689
      20
-34.3517516676965
      30
0
      10
-7.66910051617672
      20
-31.4840009582718
      30
0
      10
-6.44597200804329
      20
-28.7112027722746
      30
0
      10
-6.44597200804329
      20
-28.7112027722746
      30
0
      10
-5.14400204804379
      20
-25.7145588338991
      30
0
      10
-2.83597197564818
      20
-22.8747758081384
      30
0
      10
-0.0926431438309149
      20
-20.9111569411647
      30
0
      10
-0.0926431438309149
      20
-20.9111569411647
      30
0
      10
1.73062240022246
      20
-19.5953422898892
      30
0
      10
3.73097827187163
      20
-18.6641644646782
      30
0
      10
5.66585612629478
      20
-18.2059818570659
      30
0
      10
5.66585612629478
      20
-18.2059818570659
      30
0
      10
5.66585612629652
      20
-15.7538818453773
      30
0
      10
5.66585612629826
      20
-13.3017818336886
      30
0
      10
5.6658561263
      20
-10.849681822
      30
0
    1001
FS_CYPCUT
    1000
Channel
    1070
1
    1000
LeadIn
    1002
{
    1070
3
    1040
29.5
    1040
1.5707963267949
    1040
0.5
    1040
0.3
    1070
0
    1040
0.5
    1070
0
    1002
}
    1000
LeadOut
    1002
{
    1070
0
    1040
0
    1040
0
    1040
0
    1070
0
    1002
}
    1000
IsFill
    1070
0
    1000
PathStart
    1040
29.5
    1000
ToolCompensation
    1002
{
    1070
0
    1040
0
    1070
0
    1002
}
       0
SPLINE
       5
209A
     100
AcDbEntity
       8
1
     100
AcDbSpline
      70
0
      71
3
      72
92
      73
88
      74
0
      40
0
      40
0
      40
0
      40
0
      40
0.0454545454545455
      40
0.0454545454545455
      40
0.0454545454545455
      40
0.0454545454545455
      40
0.0909090909090909
      40
0.0909090909090909
      40
0.0909090909090909
      40
0.0909090909090909
      40
0.136363636363636
      40
0.136363636363636
      40
0.136363636363636
      40
0.136363636363636
      40
0.181818181818182
      40
0.181818181818182
      40
0.181818181818182
      40
0.181818181818182
      40
0.227272727272727
      40
0.227272727272727
      40
0.227272727272727
      40
0.227272727272727
      40
0.272727272727273
      40
0.272727272727273
      40
0.272727272727273
      40
0.272727272727273
      40
0.318181818181818
      40
0.318181818181818
      40
0.318181818181818
      40
0.318181818181818
      40
0.363636363636364
      40
0.363636363636364
      40
0.363636363636364
      40
0.363636363636364
      40
0.409090909090909
      40
0.409090909090909
      40
0.409090909090909
      40
0.409090909090909
      40
0.454545454545455
      40
0.454545454545455
      40
0.454545454545455
      40
0.454545454545455
      40
0.5
      40
0.5
      40
0.5
      40
0.5
      40
0.545454545454545
      40
0.545454545454545
      40
0.545454545454545
      40
0.545454545454545
      40
0.590909090909091
      40
0.590909090909091
      40
0.590909090909091
      40
0.590909090909091
      40
0.636363636363636
      40
0.636363636363636
      40
0.636363636363636
      40
0.636363636363636
      40
0.681818181818182
      40
0.681818181818182
      40
0.681818181818182
      40
0.681818181818182
      40
0.727272727272727
      40
0.727272727272727
      40
0.727272727272727
      40
0.727272727272727
      40
0.772727272727273
      40
0.772727272727273
      40
0.772727272727273
      40
0.772727272727273
      40
0.818181818181818
      40
0.818181818181818
      40
0.818181818181818
      40
0.818181818181818
      40
0.863636363636364
      40
0.863636363636364
      40
0.863636363636364
      40
0.863636363636364
      40
0.909090909090909
      40
0.909090909090909
      40
0.909090909090909
      40
0.909090909090909
      40
0.954545454545455
      40
0.954545454545455
      40
0.954545454545455
      40
0.954545454545455
      40
1
      40
1
      40
1
      40
1
      10
24.8195082654
      20
-26.1060368402
      30
0
      10
24.8195082654
      20
-34.6969680931
      30
0
      10
24.8195082654
      20
-43.287899346
      30
0
      10
24.8195082654
      20
-51.8788305989
      30
0
      10
24.8195082654
      20
-51.8788305989
      30
0
      10
22.4400270104667
      20
-51.8788305989
      30
0
      10
20.0605457555333
      20
-51.8788305989
      30
0
      10
17.6810645006
      20
-51.8788305989
      30
0
      10
17.6810645006
      20
-51.8788305989
      30
0
      10
17.6810645005873
      20
-48.9541787803061
      30
0
      10
17.6810645005746
      20
-46.0295269617122
      30
0
      10
17.6810645005619
      20
-43.1048751431182
      30
0
      10
17.6810645005619
      20
-43.1048751431182
      30
0
      10
16.4376624815333
      20
-44.5245299127131
      30
0
      10
15.0464739782657
      20
-45.8076155603355
      30
0
      10
13.5310904721741
      20
-46.9323737900114
      30
0
      10
13.5310904721741
      20
-46.9323737900114
      30
0
      10
12.0157069660825
      20
-48.0571320196874
      30
0
      10
10.3847430030835
      20
-49.0171688846861
      30
0
      10
8.66585612629999
      20
-49.7962042822
      30
0
      10
8.66585612629999
      20
-49.7962042822
      30
0
      10
8.66585612629827
      20
-46.6901259346866
      30
0
      10
8.66585612629653
      20
-43.5840475871732
      30
0
      10
8.6658561262948
      20
-40.4779692396598
      30
0
      10
8.6658561262948
      20
-40.4779692396598
      30
0
      10
11.0600721590938
      20
-38.8955842155085
      30
0
      10
13.1848149995479
      20
-36.6481042570203
      30
0
      10
14.6399259079062
      20
-34.1580744150901
      30
0
      10
14.6399259079062
      20
-34.1580744150901
      30
0
      10
16.1536959815433
      20
-31.590956243423
      30
0
      10
16.9383032375028
      20
-28.7860323553132
      30
0
      10
16.8977683854211
      20
-26.3200195948244
      30
0
      10
16.8977683854211
      20
-26.3200195948244
      30
0
      10
16.8665315858695
      20
-23.8440362129195
      30
0
      10
16.042487741335
      20
-21.7431300028611
      30
0
      10
14.648943149354
      20
-20.2856490349619
      30
0
      10
14.648943149354
      20
-20.2856490349619
      30
0
      10
13.2169022474482
      20
-18.77752531382
      30
0
      10
11.1390320967492
      20
-17.8967010182779
      30
0
      10
8.66585612629445
      20
-17.8605813186922
      30
0
      10
8.66585612629445
      20
-17.8605813186922
      30
0
      10
8.6658561262963
      20
-15.2747615835948
      30
0
      10
8.66585612629815
      20
-12.6889418484974
      30
0
      10
8.6658561263
      20
-10.1031221134
      30
0
      10
8.6658561263
      20
-10.1031221134
      30
0
      10
9.47094968816667
      20
-10.112130109
      30
0
      10
10.2760432500333
      20
-10.1211381046
      30
0
      10
11.0811368119
      20
-10.1301461002
      30
0
      10
11.0811368119
      20
-10.1301461002
      30
0
      10
11.8543150866667
      20
-10.2496831973333
      30
0
      10
12.6274933614333
      20
-10.3692202944667
      30
0
      10
13.4006716362
      20
-10.4887573916
      30
0
      10
13.4006716362
      20
-10.4887573916
      30
0
      10
14.1296609377
      20
-10.7169260190667
      30
0
      10
14.8586502392
      20
-10.9450946465333
      30
0
      10
15.5876395407
      20
-11.173263274
      30
0
      10
15.5876395407
      20
-11.173263274
      30
0
      10
16.2608676529333
      20
-11.506441408
      30
0
      10
16.9340957651667
      20
-11.839619542
      30
0
      10
17.6073238774
      20
-12.172797676
      30
0
      10
17.6073238774
      20
-12.172797676
      30
0
      10
18.2141037559667
      20
-12.6056963372
      30
0
      10
18.8208836345333
      20
-13.0385949984
      30
0
      10
19.4276635131
      20
-13.4714936596
      30
0
      10
19.4276635131
      20
-13.4714936596
      30
0
      10
19.9583629345667
      20
-13.9972408723
      30
0
      10
20.4890623560333
      20
-14.522988085
      30
0
      10
21.0197617775
      20
-15.0487352977
      30
0
      10
21.0197617775
      20
-15.0487352977
      30
0
      10
21.4659562447
      20
-15.6589851777667
      30
0
      10
21.9121507119
      20
-16.2692350578333
      30
0
      10
22.3583451791
      20
-16.8794849379
      30
0
      10
22.3583451791
      20
-16.8794849379
      30
0
      10
22.7129516544
      20
-17.5645501779333
      30
0
      10
23.0675581297
      20
-18.2496154179667
      30
0
      10
23.422164605
      20
-18.934680658
      30
0
      10
23.422164605
      20
-18.934680658
      30
0
      10
23.6795539484667
      20
-19.6836863071667
      30
0
      10
23.9369432919333
      20
-20.4326919563333
      30
0
      10
24.1943326354
      20
-21.1816976055
      30
0
      10
24.1943326354
      20
-21.1816976055
      30
0
      10
24.3504189640333
      20
-21.9827537017
      30
0
      10
24.5065052926667
      20
-22.7838097979
      30
0
      10
24.6625916213
      20
-23.5848658941
      30
0
      10
24.6625916213
      20
-23.5848658941
      30
0
      10
24.7148971693333
      20
-24.4252562094667
      30
0
      10
24.7672027173667
      20
-25.2656465248333
      30
0
      10
24.8195082654
      20
-26.1060368402
      30
0
    1001
FS_CYPCUT
    1000
Channel
    1070
1
    1000
LeadIn
    1002
{
    1070
3
    1040
0.5
    1040
1.5707963267949
    1040
0.5
    1040
0.3
    1070
0
    1040
0.5
    1070
0
    1002
}
    1000
LeadOut
    1002
{
    1070
0
    1040
0
    1040
0
    1040
0
    1070
0
    1002
}
    1000
IsFill
    1070
0
    1000
PathStart
    1040
0.5
    1000
ToolCompensation
    1002
{
    1070
0
    1040
0
    1070
0
    1002
}
       0
LWPOLYLINE
       5
209B
     100
AcDbEntity
       8
1
     100
AcDbPolyline
      90
12
      70
1
      10
53.3942645848
      20
-20.0269130576
      42
0
      10
38.4320829531
      20
-20.0269130576
      42
0
      10
40.0983729226
      20
-10.5769130578
      42
0
      10
33.7011852677
      20
-10.5769130578
      42
0
      10
27.9844549766
      20
-42.9981015894
      42
0.386919480687171
      10
37.7425892750525
      20
-51.8788305988583
      42
0
      10
47.4999867363
      20
-51.8788305989
      42
0
      10
47.4999867363
      20
-45.2273530076
      42
0
      10
37.7425892769
      20
-45.2273530076001
      42
-0.466307658154997
      10
34.6404448549
      20
-41.530361248
      42
0
      10
37.3212229705
      20
-26.3269130586
      42
0
      10
53.3942645848
      20
-26.3269130586
      42
0
    1001
FS_CYPCUT
    1000
Channel
    1070
1
    1000
LeadIn
    1002
{
    1070
3
    1040
3.5
    1040
1.5707963267949
    1040
0.5
    1040
0.3
    1070
0
    1040
0.5
    1070
0
    1002
}
    1000
LeadOut
    1002
{
    1070
0
    1040
0
    1040
0
    1040
0
    1070
0
    1002
}
    1000
IsFill
    1070
0
    1000
PathStart
    1040
3.5
    1000
ToolCompensation
    1002
{
    1070
0
    1040
0
    1070
0
    1002
}
       0
LWPOLYLINE
       5
209C
     100
AcDbEntity
       8
1
     100
AcDbPolyline
      90
4
      70
1
      10
67.5136879914
      20
-20.3783906502
      42
0
      10
61.1165003365
      20
-20.3783906502
      42
0
      10
55.5621228694
      20
-51.8788305989
      42
0
      10
61.9593105242
      20
-51.8788305989
      42
0
    1001
FS_CYPCUT
    1000
Channel
    1070
1
    1000
LeadIn
    1002
{
    1070
3
    1040
1.5
    1040
1.5707963267949
    1040
0.5
    1040
0.3
    1070
0
    1040
0.5
    1070
0
    1002
}
    1000
LeadOut
    1002
{
    1070
0
    1040
0
    1040
0
    1040
0
    1070
0
    1002
}
    1000
IsFill
    1070
0
    1000
PathStart
    1040
1.5
    1000
ToolCompensation
    1002
{
    1070
0
    1040
0
    1070
0
    1002
}
       0
LWPOLYLINE
       5
209D
     100
AcDbEntity
       8
1
     100
AcDbPolyline
      90
4
      70
1
      10
69.1799779591
      20
-10.9283906502
      42
0
      10
62.7827903042
      20
-10.9283906502
      42
0
      10
61.6719303257
      20
-17.2283906502
      42
0
      10
68.0691179806
      20
-17.2283906502
      42
0
    1001
FS_CYPCUT
    1000
Channel
    1070
1
    1000
LeadIn
    1002
{
    1070
3
    1040
0.499999999999999
    1040
1.5707963267949
    1040
0.5
    1040
0.3
    1070
0
    1040
0.5
    1070
0
    1002
}
    1000
LeadOut
    1002
{
    1070
0
    1040
0
    1040
0
    1040
0
    1070
0
    1002
}
    1000
IsFill
    1070
0
    1000
PathStart
    1040
0.499999999999999
    1000
ToolCompensation
    1002
{
    1070
0
    1040
0
    1070
0
    1002
}
       0
SPLINE
       5
209E
     100
AcDbEntity
       8
1
     100
AcDbSpline
      70
0
      71
3
      72
136
      73
132
      74
0
      40
0
      40
0
      40
0
      40
0
      40
0.0303030303030303
      40
0.0303030303030303
      40
0.0303030303030303
      40
0.0303030303030303
      40
0.0606060606060606
      40
0.0606060606060606
      40
0.0606060606060606
      40
0.0606060606060606
      40
0.0909090909090909
      40
0.0909090909090909
      40
0.0909090909090909
      40
0.0909090909090909
      40
0.121212121212121
      40
0.121212121212121
      40
0.121212121212121
      40
0.121212121212121
      40
0.151515151515152
      40
0.151515151515152
      40
0.151515151515152
      40
0.151515151515152
      40
0.181818181818182
      40
0.181818181818182
      40
0.181818181818182
      40
0.181818181818182
      40
0.212121212121212
      40
0.212121212121212
      40
0.212121212121212
      40
0.212121212121212
      40
0.242424242424242
      40
0.242424242424242
      40
0.242424242424242
      40
0.242424242424242
      40
0.272727272727273
      40
0.272727272727273
      40
0.272727272727273
      40
0.272727272727273
      40
0.303030303030303
      40
0.303030303030303
      40
0.303030303030303
      40
0.303030303030303
      40
0.333333333333333
      40
0.333333333333333
      40
0.333333333333333
      40
0.333333333333333
      40
0.363636363636364
      40
0.363636363636364
      40
0.363636363636364
      40
0.363636363636364
      40
0.393939393939394
      40
0.393939393939394
      40
0.393939393939394
      40
0.393939393939394
      40
0.424242424242424
      40
0.424242424242424
      40
0.424242424242424
      40
0.424242424242424
      40
0.454545454545455
      40
0.454545454545455
      40
0.454545454545455
      40
0.454545454545455
      40
0.484848484848485
      40
0.484848484848485
      40
0.484848484848485
      40
0.484848484848485
      40
0.515151515151515
      40
0.515151515151515
      40
0.515151515151515
      40
0.515151515151515
      40
0.545454545454545
      40
0.545454545454545
      40
0.545454545454545
      40
0.545454545454545
      40
0.575757575757576
      40
0.575757575757576
      40
0.575757575757576
      40
0.575757575757576
      40
0.606060606060606
      40
0.606060606060606
      40
0.606060606060606
      40
0.606060606060606
      40
0.636363636363636
      40
0.636363636363636
      40
0.636363636363636
      40
0.636363636363636
      40
0.666666666666667
      40
0.666666666666667
      40
0.666666666666667
      40
0.666666666666667
      40
0.696969696969697
      40
0.696969696969697
      40
0.696969696969697
      40
0.696969696969697
      40
0.727272727272727
      40
0.727272727272727
      40
0.727272727272727
      40
0.727272727272727
      40
0.757575757575758
      40
0.757575757575758
      40
0.757575757575758
      40
0.757575757575758
      40
0.787878787878788
      40
0.787878787878788
      40
0.787878787878788
      40
0.787878787878788
      40
0.818181818181818
      40
0.818181818181818
      40
0.818181818181818
      40
0.818181818181818
      40
0.848484848484849
      40
0.848484848484849
      40
0.848484848484849
      40
0.848484848484849
      40
0.878787878787879
      40
0.878787878787879
      40
0.878787878787879
      40
0.878787878787879
      40
0.909090909090909
      40
0.909090909090909
      40
0.909090909090909
      40
0.909090909090909
      40
0.939393939393939
      40
0.939393939393939
      40
0.939393939393939
      40
0.939393939393939
      40
0.96969696969697
      40
0.96969696969697
      40
0.96969696969697
      40
0.96969696969697
      40
1
      40
1
      40
1
      40
1
      10
108.8024008605
      20
-10.5769130603
      30
0
      10
108.8024008605
      20
-12.6769130592
      30
0
      10
108.8024008605
      20
-14.7769130581
      30
0
      10
108.8024008605
      20
-16.876913057
      30
0
      10
108.8024008605
      20
-16.876913057
      30
0
      10
103.968170746536
      20
-16.876913056999
      30
0
      10
99.1339406325723
      20
-16.876913056998
      30
0
      10
94.2997105186084
      20
-16.8769130569971
      30
0
      10
94.2997105186084
      20
-16.8769130569971
      30
0
      10
91.645100967437
      20
-17.1691716802293
      30
0
      10
88.7598743877928
      20
-18.3060118373796
      30
0
      10
86.1748236433271
      20
-20.1381393588289
      30
0
      10
86.1748236433271
      20
-20.1381393588289
      30
0
      10
82.9830484276492
      20
-22.3769726188436
      30
0
      10
80.2915820707903
      20
-25.6638468375727
      30
0
      10
78.7927000681462
      20
-29.1343636515811
      30
0
      10
78.7927000681462
      20
-29.1343636515811
      30
0
      10
77.4138403573138
      20
-32.2770094217675
      30
0
      10
77.0219582472729
      20
-35.524086460362
      30
0
      10
77.5900097383266
      20
-38.1726828429258
      30
0
      10
77.5900097383266
      20
-38.1726828429258
      30
0
      10
78.3888352044365
      20
-41.9355867942376
      30
0
      10
80.9393995549591
      20
-44.480797624296
      30
0
      10
84.6089369983828
      20
-45.2273530078263
      30
0
      10
84.6089369983828
      20
-45.2273530078263
      30
0
      10
90.4835516005667
      20
-45.2273530078
      30
0
      10
96.3581662027333
      20
-45.2273530078
      30
0
      10
102.2327808049
      20
-45.2273530078
      30
0
      10
102.2327808049
      20
-45.2273530078
      30
0
      10
102.2327808049
      20
-47.4445122048333
      30
0
      10
102.2327808049
      20
-49.6616714018667
      30
0
      10
102.2327808049
      20
-51.8788305989
      30
0
      10
102.2327808049
      20
-51.8788305989
      30
0
      10
95.9160188456
      20
-51.8788305989
      30
0
      10
89.5992568863
      20
-51.8788305989
      30
0
      10
83.282494927
      20
-51.8788305989
      30
0
      10
83.282494927
      20
-51.8788305989
      30
0
      10
82.5277967991333
      20
-51.8067349221
      30
0
      10
81.7730986712667
      20
-51.7346392453
      30
0
      10
81.0184005434
      20
-51.6625435685
      30
0
      10
81.0184005434
      20
-51.6625435685
      30
0
      10
80.3098105393333
      20
-51.4795465674333
      30
0
      10
79.6012205352667
      20
-51.2965495663667
      30
0
      10
78.8926305312
      20
-51.1135525653
      30
0
      10
78.8926305312
      20
-51.1135525653
      30
0
      10
78.2415683990667
      20
-50.8226034484667
      30
0
      10
77.5905062669333
      20
-50.5316543316333
      30
0
      10
76.9394441348
      20
-50.2407052148
      30
0
      10
76.9394441348
      20
-50.2407052148
      30
0
      10
76.3564024945333
      20
-49.8464929639333
      30
0
      10
75.7733608542667
      20
-49.4522807130667
      30
0
      10
75.190319214
      20
-49.0580684622
      30
0
      10
75.190319214
      20
-49.0580684622
      30
0
      10
74.6846944564
      20
-48.5669462641
      30
0
      10
74.1790696988
      20
-48.075824066
      30
0
      10
73.6734449412
      20
-47.5847018679
      30
0
      10
73.6734449412
      20
-47.5847018679
      30
0
      10
73.2533857946
      20
-47.0045847252667
      30
0
      10
72.833326648
      20
-46.4244675826333
      30
0
      10
72.4132675014
      20
-45.84435044
      30
0
      10
72.4132675014
      20
-45.84435044
      30
0
      10
72.0855437051333
      20
-45.1845876120333
      30
0
      10
71.7578199088667
      20
-44.5248247840667
      30
0
      10
71.4300961126
      20
-43.8650619561
      30
0
      10
71.4300961126
      20
-43.8650619561
      30
0
      10
71.1999893149667
      20
-43.1362862844667
      30
0
      10
70.9698825173333
      20
-42.4075106128333
      30
0
      10
70.7397757197
      20
-41.6787349412
      30
0
      10
70.7397757197
      20
-41.6787349412
      30
0
      10
70.6109943581333
      20
-40.8926914894667
      30
0
      10
70.4822129965667
      20
-40.1066480377333
      30
0
      10
70.353431635
      20
-39.320604586
      30
0
      10
70.353431635
      20
-39.320604586
      30
0
      10
70.3280511702
      20
-38.4899613541667
      30
0
      10
70.3026707054
      20
-37.6593181223333
      30
0
      10
70.2772902406
      20
-36.8286748905
      30
0
      10
70.2772902406
      20
-36.8286748905
      30
0
      10
70.3557197081
      20
-35.9668186558
      30
0
      10
70.4341491756
      20
-35.1049624211
      30
0
      10
70.5125786431
      20
-34.2431061864
      30
0
      10
70.5125786431
      20
-34.2431061864
      30
0
      10
70.6935540613
      20
-33.3639267596
      30
0
      10
70.8745294795
      20
-32.4847473328
      30
0
      10
71.0555048977
      20
-31.605567906
      30
0
      10
71.0555048977
      20
-31.605567906
      30
0
      10
71.3361096382
      20
-30.7232342812667
      30
0
      10
71.6167143787
      20
-29.8409006565333
      30
0
      10
71.8973191192
      20
-28.9585670318
      30
0
      10
71.8973191192
      20
-28.9585670318
      30
0
      10
72.2730309118667
      20
-28.0872990368
      30
0
      10
72.6487427045333
      20
-27.2160310418
      30
0
      10
73.0244544972
      20
-26.3447630468
      30
0
      10
73.0244544972
      20
-26.3447630468
      30
0
      10
73.4892183115333
      20
-25.4986021737667
      30
0
      10
73.9539821258667
      20
-24.6524413007333
      30
0
      10
74.4187459402
      20
-23.8062804277
      30
0
      10
74.4187459402
      20
-23.8062804277
      30
0
      10
74.9650715694
      20
-22.9988635385333
      30
0
      10
75.5113971986
      20
-22.1914466493667
      30
0
      10
76.0577228278
      20
-21.3840297602
      30
0
      10
76.0577228278
      20
-21.3840297602
      30
0
      10
76.676805602
      20
-20.6283693127
      30
0
      10
77.2958883762
      20
-19.8727088652
      30
0
      10
77.9149711504
      20
-19.1170484177
      30
0
      10
77.9149711504
      20
-19.1170484177
      30
0
      10
78.5968338340333
      20
-18.4253227546333
      30
0
      10
79.2786965176667
      20
-17.7335970915667
      30
0
      10
79.9605592013
      20
-17.0418714285
      30
0
      10
79.9605592013
      20
-17.0418714285
      30
0
      10
80.6942127880333
      20
-16.4252285096333
      30
0
      10
81.4278663747667
      20
-15.8085855907667
      30
0
      10
82.1615199615
      20
-15.1919426719
      30
0
      10
82.1615199615
      20
-15.1919426719
      30
0
      10
82.9351407745
      20
-14.6603204116
      30
0
      10
83.7087615875
      20
-14.1286981513
      30
0
      10
84.4823824005
      20
-13.597075891
      30
0
      10
84.4823824005
      20
-13.597075891
      30
0
      10
85.2835026449333
      20
-13.1590419973667
      30
0
      10
86.0846228893667
      20
-12.7210081037333
      30
0
      10
86.8857431338
      20
-12.2829742101
      30
0
      10
86.8857431338
      20
-12.2829742101
      30
0
      10
87.7014518296
      20
-11.9455881064
      30
0
      10
88.5171605254
      20
-11.6082020027
      30
0
      10
89.3328692212
      20
-11.270815899
      30
0
      10
89.3328692212
      20
-11.270815899
      30
0
      10
90.1500202785667
      20
-11.0395149527667
      30
0
      10
90.9671713359333
      20
-10.8082140065333
      30
0
      10
91.7843223933
      20
-10.5769130603
      30
0
      10
91.7843223933
      20
-10.5769130603
      30
0
      10
97.4570152157
      20
-10.5769130603
      30
0
      10
103.1297080381
      20
-10.5769130603
      30
0
      10
108.8024008605
      20
-10.5769130603
      30
0
    1001
FS_CYPCUT
    1000
Channel
    1070
1
    1000
LeadIn
    1002
{
    1070
3
    1040
8.5
    1040
1.5707963267949
    1040
0.5
    1040
0.3
    1070
0
    1040
0.5
    1070
0
    1002
}
    1000
LeadOut
    1002
{
    1070
0
    1040
0
    1040
0
    1040
0
    1070
0
    1002
}
    1000
IsFill
    1070
0
    1000
PathStart
    1040
8.5
    1000
ToolCompensation
    1002
{
    1070
0
    1040
0
    1070
0
    1002
}
       0
SPLINE
       5
209F
     100
AcDbEntity
       8
1
     100
AcDbSpline
      70
0
      71
3
      72
132
      73
128
      74
0
      40
0
      40
0
      40
0
      40
0
      40
0.03125
      40
0.03125
      40
0.03125
      40
0.03125
      40
0.0625
      40
0.0625
      40
0.0625
      40
0.0625
      40
0.09375
      40
0.09375
      40
0.09375
      40
0.09375
      40
0.125
      40
0.125
      40
0.125
      40
0.125
      40
0.15625
      40
0.15625
      40
0.15625
      40
0.15625
      40
0.1875
      40
0.1875
      40
0.1875
      40
0.1875
      40
0.21875
      40
0.21875
      40
0.21875
      40
0.21875
      40
0.25
      40
0.25
      40
0.25
      40
0.25
      40
0.28125
      40
0.28125
      40
0.28125
      40
0.28125
      40
0.3125
      40
0.3125
      40
0.3125
      40
0.3125
      40
0.34375
      40
0.34375
      40
0.34375
      40
0.34375
      40
0.375
      40
0.375
      40
0.375
      40
0.375
      40
0.40625
      40
0.40625
      40
0.40625
      40
0.40625
      40
0.4375
      40
0.4375
      40
0.4375
      40
0.4375
      40
0.46875
      40
0.46875
      40
0.46875
      40
0.46875
      40
0.5
      40
0.5
      40
0.5
      40
0.5
      40
0.53125
      40
0.53125
      40
0.53125
      40
0.53125
      40
0.5625
      40
0.5625
      40
0.5625
      40
0.5625
      40
0.59375
      40
0.59375
      40
0.59375
      40
0.59375
      40
0.625
      40
0.625
      40
0.625
      40
0.625
      40
0.65625
      40
0.65625
      40
0.65625
      40
0.65625
      40
0.6875
      40
0.6875
      40
0.6875
      40
0.6875
      40
0.71875
      40
0.71875
      40
0.71875
      40
0.71875
      40
0.75
      40
0.75
      40
0.75
      40
0.75
      40
0.78125
      40
0.78125
      40
0.78125
      40
0.78125
      40
0.8125
      40
0.8125
      40
0.8125
      40
0.8125
      40
0.84375
      40
0.84375
      40
0.84375
      40
0.84375
      40
0.875
      40
0.875
      40
0.875
      40
0.875
      40
0.90625
      40
0.90625
      40
0.90625
      40
0.90625
      40
0.9375
      40
0.9375
      40
0.9375
      40
0.9375
      40
0.96875
      40
0.96875
      40
0.96875
      40
0.96875
      40
1
      40
1
      40
1
      40
1
      10
130.4235843459
      20
-10.8496818224
      30
0
      10
130.4235843459
      20
-13.3017818340667
      30
0
      10
130.4235843459
      20
-15.7538818457333
      30
0
      10
130.4235843459
      20
-18.2059818574
      30
0
      10
130.4235843459
      20
-18.2059818574
      30
0
      10
128.488706491495
      20
-18.6641644650337
      30
0
      10
126.488350619847
      20
-19.5953422902454
      30
0
      10
124.665085075792
      20
-20.9111569415217
      30
0
      10
124.665085075792
      20
-20.9111569415217
      30
0
      10
121.921756243973
      20
-22.8747758084961
      30
0
      10
119.613726171582
      20
-25.7145588342573
      30
0
      10
118.31175621158
      20
-28.7112027726338
      30
0
      10
118.31175621158
      20
-28.7112027726338
      30
0
      10
117.088627703442
      20
-31.4840009586303
      30
0
      10
116.736508286478
      20
-34.3517516680571
      30
0
      10
117.233247455598
      20
-36.692276229261
      30
0
      10
117.233247455598
      20
-36.692276229261
      30
0
      10
117.885294467735
      20
-39.7976523916311
      30
0
      10
119.887797046054
      20
-41.9641925770484
      30
0
      10
122.784568386866
      20
-42.7793125271921
      30
0
      10
122.784568386866
      20
-42.7793125271921
      30
0
      10
124.973009783991
      20
-43.4028177666107
      30
0
      10
127.710230369615
      20
-43.1927773040717
      30
0
      10
130.42358434592
      20
-42.076039819494
      30
0
      10
130.42358434592
      20
-42.076039819494
      30
0
      10
130.4235843459
      20
-45.0110017256333
      30
0
      10
130.4235843459
      20
-47.9459636317667
      30
0
      10
130.4235843459
      20
-50.8809255379
      30
0
      10
130.4235843459
      20
-50.8809255379
      30
0
      10
129.593644248233
      20
-51.0594410442333
      30
0
      10
128.763704150567
      20
-51.2379565505667
      30
0
      10
127.9337640529
      20
-51.4164720569
      30
0
      10
127.9337640529
      20
-51.4164720569
      30
0
      10
127.114074210033
      20
-51.4833927411667
      30
0
      10
126.294384367167
      20
-51.5503134254333
      30
0
      10
125.4746945243
      20
-51.6172341097
      30
0
      10
125.4746945243
      20
-51.6172341097
      30
0
      10
124.678708152433
      20
-51.5714616316
      30
0
      10
123.882721780567
      20
-51.5256891535
      30
0
      10
123.0867354087
      20
-51.4799166754
      30
0
      10
123.0867354087
      20
-51.4799166754
      30
0
      10
122.3275166892
      20
-51.3222022788667
      30
0
      10
121.5682979697
      20
-51.1644878823333
      30
0
      10
120.8090792502
      20
-51.0067734858
      30
0
      10
120.8090792502
      20
-51.0067734858
      30
0
      10
120.099088912833
      20
-50.7397056692667
      30
0
      10
119.389098575467
      20
-50.4726378527333
      30
0
      10
118.6791082381
      20
-50.2055700362
      30
0
      10
118.6791082381
      20
-50.2055700362
      30
0
      10
118.029999048367
      20
-49.8335320687
      30
0
      10
117.380889858633
      20
-49.4614941012
      30
0
      10
116.7317806689
      20
-49.0894561337
      30
0
      10
116.7317806689
      20
-49.0894561337
      30
0
      10
116.154206176233
      20
-48.6185541140667
      30
0
      10
115.576631683567
      20
-48.1476520944333
      30
0
      10
114.9990571909
      20
-47.6767500748
      30
0
      10
114.9990571909
      20
-47.6767500748
      30
0
      10
114.502496876633
      20
-47.114712715
      30
0
      10
114.005936562367
      20
-46.5526753552
      30
0
      10
113.5093762481
      20
-45.9906379954
      30
0
      10
113.5093762481
      20
-45.9906379954
      30
0
      10
113.1019799427
      20
-45.3466897725
      30
0
      10
112.6945836373
      20
-44.7027415496
      30
0
      10
112.2871873319
      20
-44.0587933267
      30
0
      10
112.2871873319
      20
-44.0587933267
      30
0
      10
111.9756414554
      20
-43.3435030854
      30
0
      10
111.6640955789
      20
-42.6282128441
      30
0
      10
111.3525497024
      20
-41.9129226028
      30
0
      10
111.3525497024
      20
-41.9129226028
      30
0
      10
111.141967523033
      20
-41.1380300936333
      30
0
      10
110.931385343667
      20
-40.3631375844667
      30
0
      10
110.7208031643
      20
-39.5882450753
      30
0
      10
110.7208031643
      20
-39.5882450753
      30
0
      10
110.6146408767
      20
-38.7664682752
      30
0
      10
110.5084785891
      20
-37.9446914751
      30
0
      10
110.4023163015
      20
-37.122914675
      30
0
      10
110.4023163015
      20
-37.122914675
      30
0
      10
110.4023163015
      20
-36.2677410525
      30
0
      10
110.4023163015
      20
-35.41256743
      30
0
      10
110.4023163015
      20
-34.5573938075
      30
0
      10
110.4023163015
      20
-34.5573938075
      30
0
      10
110.5084785891
      20
-33.6828589588333
      30
0
      10
110.6146408767
      20
-32.8083241101667
      30
0
      10
110.7208031643
      20
-31.9337892615
      30
0
      10
110.7208031643
      20
-31.9337892615
      30
0
      10
110.931385343667
      20
-31.0542465503
      30
0
      10
111.141967523033
      20
-30.1747038391
      30
0
      10
111.3525497024
      20
-29.2951611279
      30
0
      10
111.3525497024
      20
-29.2951611279
      30
0
      10
111.6640955789
      20
-28.4250461097333
      30
0
      10
111.9756414554
      20
-27.5549310915667
      30
0
      10
112.2871873319
      20
-26.6848160734
      30
0
      10
112.2871873319
      20
-26.6848160734
      30
0
      10
112.6945836373
      20
-25.8384095712333
      30
0
      10
113.1019799427
      20
-24.9920030690667
      30
0
      10
113.5093762481
      20
-24.1455965669
      30
0
      10
113.5093762481
      20
-24.1455965669
      30
0
      10
114.005936562367
      20
-23.3367902859
      30
0
      10
114.502496876633
      20
-22.5279840049
      30
0
      10
114.9990571909
      20
-21.7191777239
      30
0
      10
114.9990571909
      20
-21.7191777239
      30
0
      10
115.576631683567
      20
-20.9612462531667
      30
0
      10
116.154206176233
      20
-20.2033147824333
      30
0
      10
116.7317806689
      20
-19.4453833117
      30
0
      10
116.7317806689
      20
-19.4453833117
      30
0
      10
117.380889858633
      20
-18.7507662538
      30
0
      10
118.029999048367
      20
-18.0561491959
      30
0
      10
118.6791082381
      20
-17.361532138
      30
0
      10
118.6791082381
      20
-17.361532138
      30
0
      10
119.389098575467
      20
-16.7416299435333
      30
0
      10
120.099088912833
      20
-16.1217277490667
      30
0
      10
120.8090792502
      20
-15.5018255546
      30
0
      10
120.8090792502
      20
-15.5018255546
      30
0
      10
121.5682979697
      20
-14.9668124111
      30
0
      10
122.3275166892
      20
-14.4317992676
      30
0
      10
123.0867354087
      20
-13.8967861241
      30
0
      10
123.0867354087
      20
-13.8967861241
      30
0
      10
123.882721780567
      20
-13.4554429718667
      30
0
      10
124.678708152433
      20
-13.0140998196333
      30
0
      10
125.4746945243
      20
-12.5727566674
      30
0
      10
125.4746945243
      20
-12.5727566674
      30
0
      10
126.294384367167
      20
-12.2323270814
      30
0
      10
127.114074210033
      20
-11.8918974954
      30
0
      10
127.9337640529
      20
-11.5514679094
      30
0
      10
127.9337640529
      20
-11.5514679094
      30
0
      10
128.763704150567
      20
-11.3175392137333
      30
0
      10
129.593644248233
      20
-11.0836105180667
      30
0
      10
130.4235843459
      20
-10.8496818224
      30
0
    1001
FS_CYPCUT
    1000
Channel
    1070
1
    1000
LeadIn
    1002
{
    1070
3
    1040
2.5
    1040
1.5707963267949
    1040
0.5
    1040
0.3
    1070
0
    1040
0.5
    1070
0
    1002
}
    1000
LeadOut
    1002
{
    1070
0
    1040
0
    1040
0
    1040
0
    1070
0
    1002
}
    1000
IsFill
    1070
0
    1000
PathStart
    1040
2.5
    1000
ToolCompensation
    1002
{
    1070
0
    1040
0
    1070
0
    1002
}
       0
SPLINE
       5
20A0
     100
AcDbEntity
       8
1
     100
AcDbSpline
      70
0
      71
3
      72
92
      73
88
      74
0
      40
0
      40
0
      40
0
      40
0
      40
0.0454545454545455
      40
0.0454545454545455
      40
0.0454545454545455
      40
0.0454545454545455
      40
0.0909090909090909
      40
0.0909090909090909
      40
0.0909090909090909
      40
0.0909090909090909
      40
0.136363636363636
      40
0.136363636363636
      40
0.136363636363636
      40
0.136363636363636
      40
0.181818181818182
      40
0.181818181818182
      40
0.181818181818182
      40
0.181818181818182
      40
0.227272727272727
      40
0.227272727272727
      40
0.227272727272727
      40
0.227272727272727
      40
0.272727272727273
      40
0.272727272727273
      40
0.272727272727273
      40
0.272727272727273
      40
0.318181818181818
      40
0.318181818181818
      40
0.318181818181818
      40
0.318181818181818
      40
0.363636363636364
      40
0.363636363636364
      40
0.363636363636364
      40
0.363636363636364
      40
0.409090909090909
      40
0.409090909090909
      40
0.409090909090909
      40
0.409090909090909
      40
0.454545454545455
      40
0.454545454545455
      40
0.454545454545455
      40
0.454545454545455
      40
0.5
      40
0.5
      40
0.5
      40
0.5
      40
0.545454545454545
      40
0.545454545454545
      40
0.545454545454545
      40
0.545454545454545
      40
0.590909090909091
      40
0.590909090909091
      40
0.590909090909091
      40
0.590909090909091
      40
0.636363636363636
      40
0.636363636363636
      40
0.636363636363636
      40
0.636363636363636
      40
0.681818181818182
      40
0.681818181818182
      40
0.681818181818182
      40
0.681818181818182
      40
0.727272727272727
      40
0.727272727272727
      40
0.727272727272727
      40
0.727272727272727
      40
0.772727272727273
      40
0.772727272727273
      40
0.772727272727273
      40
0.772727272727273
      40
0.818181818181818
      40
0.818181818181818
      40
0.818181818181818
      40
0.818181818181818
      40
0.863636363636364
      40
0.863636363636364
      40
0.863636363636364
      40
0.863636363636364
      40
0.909090909090909
      40
0.909090909090909
      40
0.909090909090909
      40
0.909090909090909
      40
0.954545454545455
      40
0.954545454545455
      40
0.954545454545455
      40
0.954545454545455
      40
1
      40
1
      40
1
      40
1
      10
149.2523668953
      20
-26.1867598825
      30
0
      10
149.2523668953
      20
-34.7507834546333
      30
0
      10
149.2523668953
      20
-43.3148070267667
      30
0
      10
149.2523668953
      20
-51.8788305989
      30
0
      10
149.2523668953
      20
-51.8788305989
      30
0
      10
146.9811755036
      20
-51.8788305989
      30
0
      10
144.7099841119
      20
-51.8788305989
      30
0
      10
142.4387927202
      20
-51.8788305989
      30
0
      10
142.4387927202
      20
-51.8788305989
      30
0
      10
142.438792720187
      20
-48.9541787804389
      30
0
      10
142.438792720174
      20
-46.0295269619779
      30
0
      10
142.43879272016
      20
-43.1048751435168
      30
0
      10
142.43879272016
      20
-43.1048751435168
      30
0
      10
141.195390701132
      20
-44.5245299131119
      30
0
      10
139.804202197865
      20
-45.8076155607345
      30
0
      10
138.288818691773
      20
-46.9323737904106
      30
0
      10
138.288818691773
      20
-46.9323737904106
      30
0
      10
136.773435185682
      20
-48.0571320200868
      30
0
      10
135.142471222683
      20
-49.0171688850858
      30
0
      10
133.4235843459
      20
-49.7962042826
      30
0
      10
133.4235843459
      20
-49.7962042826
      30
0
      10
133.423584345907
      20
-46.6901259350741
      30
0
      10
133.423584345913
      20
-43.5840475875482
      30
0
      10
133.42358434592
      20
-40.4779692400222
      30
0
      10
133.42358434592
      20
-40.4779692400222
      30
0
      10
135.817800378721
      20
-38.895584215871
      30
0
      10
137.942543219172
      20
-36.648104257381
      30
0
      10
139.397654127532
      20
-34.158074415451
      30
0
      10
139.397654127532
      20
-34.158074415451
      30
0
      10
140.911424201166
      20
-31.5909562437812
      30
0
      10
141.696031457133
      20
-28.7860323556725
      30
0
      10
141.655496605049
      20
-26.3200195951829
      30
0
      10
141.655496605049
      20
-26.3200195951829
      30
0
      10
141.624259805497
      20
-23.8440362132764
      30
0
      10
140.800215960961
      20
-21.7431300032159
      30
0
      10
139.406671368982
      20
-20.2856490353176
      30
0
      10
139.406671368982
      20
-20.2856490353176
      30
0
      10
137.974630467074
      20
-18.7775253141752
      30
0
      10
135.896760316375
      20
-17.8967010186327
      30
0
      10
133.42358434592
      20
-17.8605813190481
      30
0
      10
133.42358434592
      20
-17.8605813190481
      30
0
      10
133.423584345913
      20
-15.3882319803987
      30
0
      10
133.423584345907
      20
-12.9158826417494
      30
0
      10
133.4235843459
      20
-10.4435333031
      30
0
      10
133.4235843459
      20
-10.4435333031
      30
0
      10
134.213080385867
      20
-10.4549353264333
      30
0
      10
135.002576425833
      20
-10.4663373497667
      30
0
      10
135.7920724658
      20
-10.4777393731
      30
0
      10
135.7920724658
      20
-10.4777393731
      30
0
      10
136.5500424717
      20
-10.5973450472667
      30
0
      10
137.3080124776
      20
-10.7169507214333
      30
0
      10
138.0659824835
      20
-10.8365563956
      30
0
      10
138.0659824835
      20
-10.8365563956
      30
0
      10
138.780448011733
      20
-11.0624755536667
      30
0
      10
139.494913539967
      20
-11.2883947117333
      30
0
      10
140.2093790682
      20
-11.5143138698
      30
0
      10
140.2093790682
      20
-11.5143138698
      30
0
      10
140.869049190333
      20
-11.8429762387333
      30
0
      10
141.528719312467
      20
-12.1716386076667
      30
0
      10
142.1883894346
      20
-12.5003009766
      30
0
      10
142.1883894346
      20
-12.5003009766
      30
0
      10
142.782839171733
      20
-12.9265125993667
      30
0
      10
143.377288908867
      20
-13.3527242221333
      30
0
      10
143.971738646
      20
-13.7789358449
      30
0
      10
143.971738646
      20
-13.7789358449
      30
0
      10
144.491573717833
      20
-14.2959611622
      30
0
      10
145.011408789667
      20
-14.8129864795
      30
0
      10
145.5312438615
      20
-15.3300117968
      30
0
      10
145.5312438615
      20
-15.3300117968
      30
0
      10
145.968249147367
      20
-15.9296800913667
      30
0
      10
146.405254433233
      20
-16.5293483859333
      30
0
      10
146.8422597191
      20
-17.1290166805
      30
0
      10
146.8422597191
      20
-17.1290166805
      30
0
      10
147.189529083967
      20
-17.8018512015667
      30
0
      10
147.536798448833
      20
-18.4746857226333
      30
0
      10
147.8840678137
      20
-19.1475202437
      30
0
      10
147.8840678137
      20
-19.1475202437
      30
0
      10
148.1361132482
      20
-19.8828879711
      30
0
      10
148.3881586827
      20
-20.6182556985
      30
0
      10
148.6402041172
      20
-21.3536234259
      30
0
      10
148.6402041172
      20
-21.3536234259
      30
0
      10
148.793042466367
      20
-22.1399031070333
      30
0
      10
148.945880815533
      20
-22.9261827881667
      30
0
      10
149.0987191647
      20
-23.7124624693
      30
0
      10
149.0987191647
      20
-23.7124624693
      30
0
      10
149.1499350749
      20
-24.5372282737
      30
0
      10
149.2011509851
      20
-25.3619940781
      30
0
      10
149.2523668953
      20
-26.1867598825
      30
0
    1001
FS_CYPCUT
    1000
Channel
    1070
1
    1000
LeadIn
    1002
{
    1070
3
    1040
0.5
    1040
1.5707963267949
    1040
0.5
    1040
0.3
    1070
0
    1040
0.5
    1070
0
    1002
}
    1000
LeadOut
    1002
{
    1070
0
    1040
0
    1040
0
    1040
0
    1070
0
    1002
}
    1000
IsFill
    1070
0
    1000
PathStart
    1040
0.5
    1000
ToolCompensation
    1002
{
    1070
0
    1040
0
    1070
0
    1002
}
       0
LWPOLYLINE
       5
20A1
     100
AcDbEntity
       8
1
     100
AcDbPolyline
      90
106
      70
1
      10
66.0433591142
      20
-0.9283906502
      42
0
      10
68.2534310809
      20
2.8354787249
      42
0
      10
70.1470283989
      20
6.5690277329
      42
0
      10
71.7183109019
      20
10.2607414932
      42
0
      10
72.9624324957
      20
13.8992341522
      42
0
      10
73.8755561042
      20
17.4732839988
      42
0
      10
74.4548655038
      20
20.9718680744
      42
0
      10
74.6985740088
      20
24.3841961689
      42
0
      10
74.605929982
      20
27.6997441002
      42
0
      10
74.1772191528
      20
30.908286172
      42
0
      10
73.4137637362
      20
33.9999267117
      42
0
      10
72.3179183543
      20
36.9651305903
      42
0
      10
70.8930627751
      20
39.7947526305
      42
0
      10
69.1435914879
      20
42.4800658114
      42
0
      10
67.0749001505
      20
45.0127881847
      42
0
      10
64.693368948
      20
47.3851084172
      42
0
      10
62.006342915
      20
49.5897098821
      42
0
      10
59.0221092828
      20
51.6197932254
      42
0
      10
55.7498719196
      20
53.4690973353
      42
0
      10
52.1997229449
      20
55.1319186532
      42
0
      10
48.3826116031
      20
56.6031287642
      42
0
      10
44.3103104947
      20
57.8781902137
      42
0
      10
39.9953792676
      20
58.9531705021
      42
0
      10
35.4511258808
      20
59.824754213
      42
0
      10
30.6915655606
      20
60.4902532386
      42
0
      10
25.7313775756
      20
60.9476150703
      42
0
      10
20.585859963
      20
61.1954291287
      42
0
      10
15.2708823471
      20
61.2329311145
      42
0
      10
9.8028369949
      20
61.0600053654
      42
0
      10
4.1985882594
      20
60.6771852128
      42
0
      10
-1.5245794326
      20
60.0856513372
      42
0
      10
-7.3490148886
      20
59.2872281266
      42
0
      10
-13.2567545899
      20
58.2843780498
      42
0
      10
-19.2295780935
      20
57.0801940616
      42
0
      10
-25.2490642273
      20
55.678390064
      42
0
      10
-31.296647904
      20
54.0832894515
      42
0
      10
-37.3536773788
      20
52.2998117773
      42
0
      10
-43.4014717747
      20
50.3334575805
      42
0
      10
-49.4213786968
      20
48.1902914215
      42
0
      10
-55.39483176
      20
45.8769231779
      42
0
      10
-61.3034078508
      20
43.4004876587
      42
0
      10
-67.1288839465
      20
40.7686225992
      42
0
      10
-72.8532933188
      20
37.989445105
      42
0
      10
-78.4589809458
      20
35.0715266175
      42
0
      10
-83.9286579628
      20
32.0238664783
      42
0
      10
-89.2454549846
      20
28.8558641735
      42
0
      10
-94.3929741328
      20
25.5772903443
      42
0
      10
-99.3553396101
      20
22.1982566527
      42
0
      10
-104.1172466633
      20
18.7291845957
      42
0
      10
-108.6640087864
      20
15.1807733631
      42
0
      10
-112.9816030156
      20
11.5639668401
      42
0
      10
-117.0567131786
      20
7.8899198539
      42
0
      10
-120.8767709643
      20
4.1699637711
      42
0
      10
-124.4299946846
      20
0.4155715494
      42
0
      10
-127.7054256121
      20
-3.361677647
      42
0
      10
-130.692961778
      20
-7.1501341589
      42
0
      10
-133.3833891282
      20
-10.9381137621
      42
0
      10
-130.0395331488
      20
-7.9471788233
      42
0
      10
-126.4125011916
      20
-4.9775900035
      42
0
      10
-122.5137504111
      20
-2.0387277105
      42
0
      10
-118.355596274
      20
0.8601247078
      42
0
      10
-113.9511736561
      20
3.7098102875
      42
0
      10
-109.3143953524
      20
6.5013273743
      42
0
      10
-104.459908128
      20
9.2258580575
      42
0
      10
-99.4030464526
      20
11.8747960251
      42
0
      10
-94.1597840608
      20
14.4397737489
      42
0
      10
-88.7466834943
      20
16.9126889164
      42
0
      10
-83.1808437838
      20
19.2857300244
      42
0
      10
-77.4798464358
      20
21.5514010544
      42
0
      10
-71.661699896
      20
23.7025451509
      42
0
      10
-65.744782664
      20
25.7323672288
      42
0
      10
-59.7477852383
      20
27.6344554381
      42
0
      10
-53.6896510767
      20
29.4028014173
      42
0
      10
-47.5895167573
      20
31.0318192731
      42
0
      10
-41.4666515292
      20
32.5163632253
      42
0
      10
-35.3403964444
      20
33.8517438613
      42
0
      10
-29.2301032628
      20
35.0337429489
      42
0
      10
-23.1550733238
      20
36.0586267613
      42
0
      10
-17.1344965759
      20
36.9231578713
      42
0
      10
-11.1873909601
      20
37.6246053775
      42
0
      10
-5.3325423347
      20
38.1607535308
      42
0
      10
0.4115548655
      20
38.5299087337
      42
0
      10
6.0267560499
      20
38.73090489
      42
0
      10
11.4953237876
      20
38.7631070883
      42
0
      10
16.799983837
      20
38.6264136075
      42
0
      10
21.9239797122
      20
38.3212562381
      42
0
      10
26.8511256132
      20
37.8485989186
      42
0
      10
31.5658575546
      20
37.2099346902
      42
0
      10
36.0532825293
      20
36.4072809804
      42
0
      10
40.2992255526
      20
35.443173231
      42
0
      10
44.2902744391
      20
34.3206568884
      42
0
      10
48.0138221686
      20
33.0432777838
      42
0
      10
51.4581067103
      20
31.6150709328
      42
0
      10
54.6122481764
      20
30.0405477889
      42
0
      10
57.4662831899
      20
28.3246819933
      42
0
      10
60.0111963572
      20
26.4728936635
      42
0
      10
62.2389487463
      20
24.4910322727
      42
0
      10
64.14250328
      20
22.3853581714
      42
0
      10
65.7158469651
      20
20.1625228131
      42
0
      10
66.9540098861
      20
17.8295477429
      42
0
      10
67.8530809047
      20
15.3938024178
      42
0
      10
68.410220014
      20
12.862980928
      42
0
      10
68.6236673097
      20
10.2450776924
      42
0
      10
68.4927485494
      20
7.548362206
      42
0
      10
68.0178772825
      20
4.7813529177
      42
0
      10
67.2005535435
      20
1.9527903221
      42
0
    1001
FS_CYPCUT
    1000
Channel
    1070
1
    1000
LeadIn
    1002
{
    1070
3
    1040
39.5
    1040
1.5707963267949
    1040
0.5
    1040
0.3
    1070
0
    1040
0.5
    1070
0
    1002
}
    1000
LeadOut
    1002
{
    1070
0
    1040
0
    1040
0
    1040
0
    1070
0
    1002
}
    1000
IsFill
    1070
0
    1000
PathStart
    1040
39.5
    1000
ToolCompensation
    1002
{
    1070
0
    1040
0
    1070
0
    1002
}
    1000
MicroConnect
    1002
{
    1070
1
    1040
83
    1041
0.6
    1042
0
    1002
}
       0
LWPOLYLINE
       5
20A2
     100
AcDbEntity
       8
1
     100
AcDbPolyline
      90
4
      70
1
      10
186
      20
128.1574330868
      42
0
      10
186
      20
118.1574330868
      42
-1
      10
178
      20
118.1574330868
      42
0
      10
178
      20
128.1574330868
      42
-1.00000000000001
    1001
FS_CYPCUT
    1000
Channel
    1070
1
    1000
LeadIn
    1002
{
    1070
3
    1040
0.499999999999999
    1040
1.5707963267949
    1040
0.5
    1040
0.3
    1070
0
    1040
0.5
    1070
0
    1002
}
    1000
LeadOut
    1002
{
    1070
0
    1040
0
    1040
0
    1040
0
    1070
0
    1002
}
    1000
IsFill
    1070
0
    1000
PathStart
    1040
0.499999999999999
    1000
ToolCompensation
    1002
{
    1070
0
    1040
0
    1070
0
    1002
}
       0
CIRCLE
       5
20A3
     100
AcDbEntity
       8
1
     100
AcDbCircle
      10
297
      20
114.1574330868
      30
0
      40
2.5
    1001
FS_CYPCUT
    1000
Channel
    1070
1
    1000
LeadIn
    1002
{
    1070
3
    1040
0
    1040
1.5707963267949
    1040
0.5
    1040
0.3
    1070
0
    1040
0.5
    1070
0
    1002
}
    1000
LeadOut
    1002
{
    1070
0
    1040
0
    1040
0
    1040
0
    1070
0
    1002
}
    1000
IsFill
    1070
0
    1000
PathStart
    1040
0.999999999999999
    1000
ToolCompensation
    1002
{
    1070
0
    1040
0
    1070
0
    1002
}
       0
CIRCLE
       5
20A4
     100
AcDbEntity
       8
1
     100
AcDbCircle
      10
297
      20
21
      30
0
      40
2.5
    1001
FS_CYPCUT
    1000
Channel
    1070
1
    1000
LeadIn
    1002
{
    1070
3
    1040
0
    1040
1.5707963267949
    1040
0.5
    1040
0.3
    1070
0
    1040
0.5
    1070
0
    1002
}
    1000
LeadOut
    1002
{
    1070
0
    1040
0
    1040
0
    1040
0
    1070
0
    1002
}
    1000
IsFill
    1070
0
    1000
PathStart
    1040
0.999999999999999
    1000
ToolCompensation
    1002
{
    1070
0
    1040
0
    1070
0
    1002
}
       0
LWPOLYLINE
       5
20A5
     100
AcDbEntity
       8
1
     100
AcDbPolyline
      90
8
      70
1
      10
537
      20
113.6574330868
      42
0.41421356237309
      10
527
      20
123.6574330868
      42
0
      10
317
      20
123.6574330868
      42
0.414213562373096
      10
307
      20
113.6574330868
      42
0
      10
307
      20
-26
      42
0.4142135623731
      10
317
      20
-36.0000000000001
      42
0
      10
527
      20
-36
      42
0.414213562373089
      10
537
      20
-26
      42
0
    1001
FS_CYPCUT
    1000
Channel
    1070
1
    1000
LeadIn
    1002
{
    1070
3
    1040
1.50181785285714
    1040
1.5707963267949
    1040
0.5
    1040
0.3
    1070
0
    1040
0.5
    1070
0
    1002
}
    1000
LeadOut
    1002
{
    1070
0
    1040
0
    1040
0
    1040
0
    1070
0
    1002
}
    1000
IsFill
    1070
0
    1000
PathStart
    1040
1.5
    1000
ToolCompensation
    1002
{
    1070
0
    1040
0
    1070
0
    1002
}
    1000
MicroConnect
    1002
{
    1070
3
    1040
1.49896071
    1041
0.6
    1042
0
    1040
5.13685585
    1041
0.6
    1042
0
    1040
5.85250151
    1041
0.6
    1042
0
    1002
}
       0
CIRCLE
       5
20A6
     100
AcDbEntity
       8
1
     100
AcDbCircle
      10
547
      20
114.1574330868
      30
0
      40
2.49999999999989
    1001
FS_CYPCUT
    1000
Channel
    1070
1
    1000
LeadIn
    1002
{
    1070
3
    1040
0
    1040
1.5707963267949
    1040
0.5
    1040
0.3
    1070
0
    1040
0.5
    1070
0
    1002
}
    1000
LeadOut
    1002
{
    1070
0
    1040
0
    1040
0
    1040
0
    1070
0
    1002
}
    1000
IsFill
    1070
0
    1000
PathStart
    1040
0.999999999999998
    1000
ToolCompensation
    1002
{
    1070
0
    1040
0
    1070
0
    1002
}
       0
CIRCLE
       5
20A7
     100
AcDbEntity
       8
1
     100
AcDbCircle
      10
547
      20
21
      30
0
      40
2.5
    1001
FS_CYPCUT
    1000
Channel
    1070
1
    1000
LeadIn
    1002
{
    1070
3
    1040
1.9151347174784E-15
    1040
1.5707963267949
    1040
0.5
    1040
0.3
    1070
0
    1040
0.5
    1070
0
    1002
}
    1000
LeadOut
    1002
{
    1070
0
    1040
0
    1040
0
    1040
0
    1070
0
    1002
}
    1000
IsFill
    1070
0
    1000
PathStart
    1040
1.9151347174784E-15
    1000
ToolCompensation
    1002
{
    1070
0
    1040
0
    1070
0
    1002
}
       0
LINE
       5
20A8
     100
AcDbEntity
       8
2
     100
AcDbLine
      10
592
      20
-88.5866238723
      30
0
      11
442
      21
-88.5866238723
      31
0
    1001
FS_CYPCUT
    1000
Channel
    1070
2
    1000
LeadIn
    1002
{
    1070
3
    1040
0
    1040
1.5707963267949
    1040
0.5
    1040
0.3
    1070
0
    1040
0.5
    1070
0
    1002
}
    1000
LeadOut
    1002
{
    1070
0
    1040
0
    1040
0
    1040
0
    1070
0
    1002
}
    1000
IsFill
    1070
0
    1000
PathStart
    1040
0
    1000
ToolCompensation
    1002
{
    1070
0
    1040
0
    1070
0
    1002
}
       0
LINE
       5
20A9
     100
AcDbEntity
       8
2
     100
AcDbLine
      10
442
      20
-111.4249556048
      30
0
      11
592
      21
-111.4249556048
      31
0
    1001
FS_CYPCUT
    1000
Channel
    1070
2
    1000
LeadIn
    1002
{
    1070
3
    1040
0
    1040
1.5707963267949
    1040
0.5
    1040
0.3
    1070
0
    1040
0.5
    1070
0
    1002
}
    1000
LeadOut
    1002
{
    1070
0
    1040
0
    1040
0
    1040
0
    1070
0
    1002
}
    1000
IsFill
    1070
0
    1000
PathStart
    1040
0
    1000
ToolCompensation
    1002
{
    1070
0
    1040
0
    1070
0
    1002
}
       0
CIRCLE
       5
20AA
     100
AcDbEntity
       8
1
     100
AcDbCircle
      10
517
      20
-126.6766634651
      30
0
      40
3.74999999999993
    1001
FS_CYPCUT
    1000
Channel
    1070
1
    1000
LeadIn
    1002
{
    1070
3
    1040
0
    1040
1.5707963267949
    1040
0.5
    1040
0.3
    1070
0
    1040
0.5
    1070
0
    1002
}
    1000
LeadOut
    1002
{
    1070
0
    1040
0
    1040
0
    1040
0
    1070
0
    1002
}
    1000
IsFill
    1070
0
    1000
PathStart
    1040
0.999999999999999
    1000
ToolCompensation
    1002
{
    1070
0
    1040
0
    1070
0
    1002
}
       0
LINE
       5
20AB
     100
AcDbEntity
       8
2
     100
AcDbLine
      10
537
      20
86.3287165434
      30
0
      11
622
      21
86.3287165434
      31
0
    1001
FS_CYPCUT
    1000
Channel
    1070
2
    1000
LeadIn
    1002
{
    1070
3
    1040
0
    1040
1.5707963267949
    1040
0.5
    1040
0.3
    1070
0
    1040
0.5
    1070
0
    1002
}
    1000
LeadOut
    1002
{
    1070
0
    1040
0
    1040
0
    1040
0
    1070
0
    1002
}
    1000
IsFill
    1070
0
    1000
PathStart
    1040
0
    1000
ToolCompensation
    1002
{
    1070
0
    1040
0
    1070
0
    1002
}
       0
LWPOLYLINE
       5
20AC
     100
AcDbEntity
       8
1
     100
AcDbPolyline
      90
45
      70
1
      10
622
      20
193.6574330868
      42
0.414213562373107
      10
617
      20
198.6574330868
      42
0
      10
-560.5
      20
198.6574330868
      42
0.414213562373095
      10
-563.5
      20
195.6574330868
      42
0
      10
-563.5
      20
157.1574330868
      42
0.414213562373092
      10
-560.5
      20
154.1574330868
      42
0
      10
-484.5
      20
154.1574330868
      42
-0.414213562373087
      10
-481.5
      20
151.1574330868
      42
0
      10
-481.5
      20
147.1574330868
      42
-0.414213562373081
      10
-484.5
      20
144.1574330868
      42
0
      10
-619
      20
144.1574330868
      42
0.414213562373101
      10
-622
      20
141.1574330868
      42
0
      10
-622
      20
94.6574330868
      42
0.414213562373082
      10
-617
      20
89.6574330868
      42
0
      10
-542
      20
89.6574330868
      42
0
      10
-542
      20
89.5174330868
      42
0
      10
-545.1158172695
      20
83.14
      42
0
      10
-577.3574655928
      20
22.5022787121
      42
0.565772778187753
      10
-572.9427276285
      20
15.1549208981999
      42
0
      10
-535
      20
15.1549208982
      42
-0.41421356237312
      10
-530
      20
10.1549208982
      42
0
      10
-530
      20
-131.6766634651
      42
0.41421356237309
      10
-525
      20
-136.6766634651
      42
0
      10
-385
      20
-136.6766634651
      42
0.414213562373095
      10
-380
      20
-131.6766634651
      42
0
      10
-380
      20
-84.8450791018
      42
-0.414213562373089
      10
-375
      20
-79.8450791018
      42
0
      10
-49
      20
-79.8450791018
      42
-0.414213562373097
      10
-43.9999999999998
      20
-84.8450791018
      42
0
      10
-44
      20
-131.6766634651
      42
0.414213562373098
      10
-39
      20
-136.6766634651
      42
0
      10
101
      20
-136.6766634651
      42
0.414213562373096
      10
106
      20
-131.6766634651
      42
0
      10
106
      20
-84.8450791018
      42
-0.414213562373093
      10
111
      20
-79.8450791018001
      42
0
      10
437
      20
-79.8450791017998
      42
-0.414213562373088
      10
442
      20
-84.8450791018
      42
0
      10
442
      20
-131.6766634651
      42
0.414213562373086
      10
447
      20
-136.6766634651
      42
0
      10
587
      20
-136.6766634651
      42
0.414213562373113
      10
592
      20
-131.6766634651
      42
0
      10
592
      20
-61.8450791018
      42
-0.414213562373095
      10
597
      20
-56.8450791017999
      42
0
      10
617
      20
-56.8450791018003
      42
0.414213562373106
      10
622
      20
-51.8450791018
      42
0
    1001
FS_CYPCUT
    1000
Channel
    1070
1
    1000
LeadIn
    1002
{
    1070
3
    1040
1.50027474414013
    1040
1.5707963267949
    1040
0.5
    1040
0.3
    1070
0
    1040
0.5
    1070
0
    1002
}
    1000
LeadOut
    1002
{
    1070
0
    1040
0
    1040
0
    1040
0
    1070
0
    1002
}
    1000
IsFill
    1070
1
    1000
PathStart
    1040
1.5
    1000
ToolCompensation
    1002
{
    1070
0
    1040
0
    1070
0
    1002
}
    1000
MicroConnect
    1002
{
    1070
6
    1040
1.14356092
    1041
0.6
    1042
0
    1040
1.49976519
    1041
0.6
    1042
0
    1040
1.85867594
    1041
0.6
    1042
0
    1040
22.6238386
    1041
0.6
    1042
0
    1040
30.366002
    1041
0.6
    1042
0
    1040
38.3976781
    1041
0.6
    1042
0
    1002
}
       0
ENDBLK
       5
20AD
     330
2006
     100
AcDbEntity
       8
0
     100
AcDbBlockEnd
       0
BLOCK
       5
20AE
     330
2007
     100
AcDbEntity
       8
0
     100
AcDbBlockBegin
       2
Part1594479599
      70
0
      10
0
      20
-42
      30
0
       3
Part1594479599
       1

       4
CypCutBlock
       0
CIRCLE
       5
20AF
     100
AcDbEntity
       8
1
     100
AcDbCircle
      10
25
      20
19.75
      30
0
      40
2.1
    1001
FS_CYPCUT
    1000
Channel
    1070
1
    1000
LeadIn
    1002
{
    1070
3
    1040
0
    1040
1.5707963267949
    1040
0.5
    1040
0.5
    1070
0
    1040
0.5
    1070
0
    1002
}
    1000
LeadOut
    1002
{
    1070
0
    1040
0
    1040
0
    1040
0
    1070
0
    1002
}
    1000
IsFill
    1070
0
    1000
PathStart
    1040
0
    1000
ToolCompensation
    1002
{
    1070
0
    1040
0
    1070
0
    1002
}
       0
CIRCLE
       5
20B0
     100
AcDbEntity
       8
1
     100
AcDbCircle
      10
87.9
      20
-15
      30
0
      40
2.10000000000001
    1001
FS_CYPCUT
    1000
Channel
    1070
1
    1000
LeadIn
    1002
{
    1070
3
    1040
2.77555756156289E-16
    1040
1.5707963267949
    1040
0.5
    1040
0.5
    1070
0
    1040
0.5
    1070
0
    1002
}
    1000
LeadOut
    1002
{
    1070
0
    1040
0
    1040
0
    1040
0
    1070
0
    1002
}
    1000
IsFill
    1070
0
    1000
PathStart
    1040
2.77555756156289E-16
    1000
ToolCompensation
    1002
{
    1070
0
    1040
0
    1070
0
    1002
}
       0
LWPOLYLINE
       5
20B1
     100
AcDbEntity
       8
1
     100
AcDbPolyline
      90
11
      70
1
      10
102.9
      20
-0.3607732747
      42
0.304845416731283
      10
99.7880396265
      20
4.2690546237
      42
0
      10
6.9477620462
      20
42.1292357911
      42
0.105490048744526
      10
2.8664566337
      20
43
      42
0
      10
0
      20
43
      42
0
      10
0
      20
0
      42
0
      10
60.5581252701
      20
0
      42
-0.222584881887645
      10
64.3992316681
      20
-1.7990780017
      42
0
      10
96.4007683319151
      20
-40.2009219983247
      42
0.222584881887653
      10
100.2418747299
      20
-42
      42
0
      10
102.9
      20
-42
      42
0
    1001
FS_CYPCUT
    1000
Channel
    1070
1
    1000
LeadIn
    1002
{
    1070
3
    1040
1.5
    1040
1.5707963267949
    1040
0.5
    1040
0.5
    1070
0
    1040
0.5
    1070
0
    1002
}
    1000
LeadOut
    1002
{
    1070
0
    1040
0
    1040
0
    1040
0
    1070
0
    1002
}
    1000
IsFill
    1070
1
    1000
PathStart
    1040
1.5
    1000
ToolCompensation
    1002
{
    1070
0
    1040
0
    1070
0
    1002
}
    1000
MicroConnect
    1002
{
    1070
2
    1040
1.48751939
    1041
0.4
    1042
0
    1040
5.27163985
    1041
0.4
    1042
0
    1002
}
       0
ENDBLK
       5
20B2
     330
2007
     100
AcDbEntity
       8
0
     100
AcDbBlockEnd
       0
BLOCK
       5
20B3
     330
2008
     100
AcDbEntity
       8
0
     100
AcDbBlockBegin
       2
Part268248498
      70
0
      10
0
      20
-42
      30
0
       3
Part268248498
       1

       4
CypCutBlock
       0
CIRCLE
       5
20B4
     100
AcDbEntity
       8
1
     100
AcDbCircle
      10
25
      20
19.75
      30
0
      40
2.1
    1001
FS_CYPCUT
    1000
Channel
    1070
1
    1000
LeadIn
    1002
{
    1070
3
    1040
0
    1040
1.5707963267949
    1040
0.5
    1040
0.5
    1070
0
    1040
0.5
    1070
0
    1002
}
    1000
LeadOut
    1002
{
    1070
0
    1040
0
    1040
0
    1040
0
    1070
0
    1002
}
    1000
IsFill
    1070
0
    1000
PathStart
    1040
0
    1000
ToolCompensation
    1002
{
    1070
0
    1040
0
    1070
0
    1002
}
       0
CIRCLE
       5
20B5
     100
AcDbEntity
       8
1
     100
AcDbCircle
      10
87.9
      20
-15
      30
0
      40
2.10000000000001
    1001
FS_CYPCUT
    1000
Channel
    1070
1
    1000
LeadIn
    1002
{
    1070
3
    1040
2.77555756156289E-16
    1040
1.5707963267949
    1040
0.5
    1040
0.5
    1070
0
    1040
0.5
    1070
0
    1002
}
    1000
LeadOut
    1002
{
    1070
0
    1040
0
    1040
0
    1040
0
    1070
0
    1002
}
    1000
IsFill
    1070
0
    1000
PathStart
    1040
2.77555756156289E-16
    1000
ToolCompensation
    1002
{
    1070
0
    1040
0
    1070
0
    1002
}
       0
LWPOLYLINE
       5
20B6
     100
AcDbEntity
       8
1
     100
AcDbPolyline
      90
11
      70
1
      10
102.9
      20
-0.3607732747
      42
0.304845416731283
      10
99.7880396265
      20
4.2690546237
      42
0
      10
6.9477620462
      20
42.1292357911
      42
0.105490048744526
      10
2.8664566337
      20
43
      42
0
      10
0
      20
43
      42
0
      10
0
      20
0
      42
0
      10
60.5581252701
      20
0
      42
-0.222584881887645
      10
64.3992316681
      20
-1.7990780017
      42
0
      10
96.4007683319151
      20
-40.2009219983247
      42
0.222584881887653
      10
100.2418747299
      20
-42
      42
0
      10
102.9
      20
-42
      42
0
    1001
FS_CYPCUT
    1000
Channel
    1070
1
    1000
LeadIn
    1002
{
    1070
3
    1040
1.5
    1040
1.5707963267949
    1040
0.5
    1040
0.5
    1070
0
    1040
0.5
    1070
0
    1002
}
    1000
LeadOut
    1002
{
    1070
0
    1040
0
    1040
0
    1040
0
    1070
0
    1002
}
    1000
IsFill
    1070
1
    1000
PathStart
    1040
1.5
    1000
ToolCompensation
    1002
{
    1070
0
    1040
0
    1070
0
    1002
}
    1000
MicroConnect
    1002
{
    1070
2
    1040
1.48751939
    1041
0.4
    1042
0
    1040
5.27163985
    1041
0.4
    1042
0
    1002
}
       0
ENDBLK
       5
20B7
     330
2008
     100
AcDbEntity
       8
0
     100
AcDbBlockEnd
       0
BLOCK
       5
20B8
     330
2009
     100
AcDbEntity
       8
0
     100
AcDbBlockBegin
       2
Part486148223
      70
0
      10
0
      20
-42
      30
0
       3
Part486148223
       1

       4
CypCutBlock
       0
CIRCLE
       5
20B9
     100
AcDbEntity
       8
1
     100
AcDbCircle
      10
25
      20
19.75
      30
0
      40
2.1
    1001
FS_CYPCUT
    1000
Channel
    1070
1
    1000
LeadIn
    1002
{
    1070
3
    1040
0
    1040
1.5707963267949
    1040
0.5
    1040
0.5
    1070
0
    1040
0.5
    1070
0
    1002
}
    1000
LeadOut
    1002
{
    1070
0
    1040
0
    1040
0
    1040
0
    1070
0
    1002
}
    1000
IsFill
    1070
0
    1000
PathStart
    1040
0
    1000
ToolCompensation
    1002
{
    1070
0
    1040
0
    1070
0
    1002
}
       0
CIRCLE
       5
20BA
     100
AcDbEntity
       8
1
     100
AcDbCircle
      10
87.9
      20
-15
      30
0
      40
2.10000000000001
    1001
FS_CYPCUT
    1000
Channel
    1070
1
    1000
LeadIn
    1002
{
    1070
3
    1040
2.77555756156289E-16
    1040
1.5707963267949
    1040
0.5
    1040
0.5
    1070
0
    1040
0.5
    1070
0
    1002
}
    1000
LeadOut
    1002
{
    1070
0
    1040
0
    1040
0
    1040
0
    1070
0
    1002
}
    1000
IsFill
    1070
0
    1000
PathStart
    1040
2.77555756156289E-16
    1000
ToolCompensation
    1002
{
    1070
0
    1040
0
    1070
0
    1002
}
       0
LWPOLYLINE
       5
20BB
     100
AcDbEntity
       8
1
     100
AcDbPolyline
      90
11
      70
1
      10
102.9
      20
-0.3607732747
      42
0.304845416731283
      10
99.7880396265
      20
4.2690546237
      42
0
      10
6.9477620462
      20
42.1292357911
      42
0.105490048744526
      10
2.8664566337
      20
43
      42
0
      10
0
      20
43
      42
0
      10
0
      20
0
      42
0
      10
60.5581252701
      20
0
      42
-0.222584881887645
      10
64.3992316681
      20
-1.7990780017
      42
0
      10
96.4007683319151
      20
-40.2009219983247
      42
0.222584881887653
      10
100.2418747299
      20
-42
      42
0
      10
102.9
      20
-42
      42
0
    1001
FS_CYPCUT
    1000
Channel
    1070
1
    1000
LeadIn
    1002
{
    1070
3
    1040
1.5
    1040
1.5707963267949
    1040
0.5
    1040
0.5
    1070
0
    1040
0.5
    1070
0
    1002
}
    1000
LeadOut
    1002
{
    1070
0
    1040
0
    1040
0
    1040
0
    1070
0
    1002
}
    1000
IsFill
    1070
1
    1000
PathStart
    1040
1.5
    1000
ToolCompensation
    1002
{
    1070
0
    1040
0
    1070
0
    1002
}
    1000
MicroConnect
    1002
{
    1070
2
    1040
1.48751939
    1041
0.4
    1042
0
    1040
5.27163985
    1041
0.4
    1042
0
    1002
}
       0
ENDBLK
       5
20BC
     330
2009
     100
AcDbEntity
       8
0
     100
AcDbBlockEnd
       0
BLOCK
       5
20BD
     330
200A
     100
AcDbEntity
       8
0
     100
AcDbBlockBegin
       2
Part1027598461
      70
0
      10
0
      20
-42
      30
0
       3
Part1027598461
       1

       4
CypCutBlock
       0
CIRCLE
       5
20BE
     100
AcDbEntity
       8
1
     100
AcDbCircle
      10
25
      20
19.75
      30
0
      40
2.1
    1001
FS_CYPCUT
    1000
Channel
    1070
1
    1000
LeadIn
    1002
{
    1070
3
    1040
0
    1040
1.5707963267949
    1040
0.5
    1040
0.5
    1070
0
    1040
0.5
    1070
0
    1002
}
    1000
LeadOut
    1002
{
    1070
0
    1040
0
    1040
0
    1040
0
    1070
0
    1002
}
    1000
IsFill
    1070
0
    1000
PathStart
    1040
0
    1000
ToolCompensation
    1002
{
    1070
0
    1040
0
    1070
0
    1002
}
       0
CIRCLE
       5
20BF
     100
AcDbEntity
       8
1
     100
AcDbCircle
      10
87.9
      20
-15
      30
0
      40
2.10000000000001
    1001
FS_CYPCUT
    1000
Channel
    1070
1
    1000
LeadIn
    1002
{
    1070
3
    1040
2.77555756156289E-16
    1040
1.5707963267949
    1040
0.5
    1040
0.5
    1070
0
    1040
0.5
    1070
0
    1002
}
    1000
LeadOut
    1002
{
    1070
0
    1040
0
    1040
0
    1040
0
    1070
0
    1002
}
    1000
IsFill
    1070
0
    1000
PathStart
    1040
2.77555756156289E-16
    1000
ToolCompensation
    1002
{
    1070
0
    1040
0
    1070
0
    1002
}
       0
LWPOLYLINE
       5
20C0
     100
AcDbEntity
       8
1
     100
AcDbPolyline
      90
11
      70
1
      10
102.9
      20
-0.3607732747
      42
0.304845416731283
      10
99.7880396265
      20
4.2690546237
      42
0
      10
6.9477620462
      20
42.1292357911
      42
0.105490048744526
      10
2.8664566337
      20
43
      42
0
      10
0
      20
43
      42
0
      10
0
      20
0
      42
0
      10
60.5581252701
      20
0
      42
-0.222584881887645
      10
64.3992316681
      20
-1.7990780017
      42
0
      10
96.4007683319151
      20
-40.2009219983247
      42
0.222584881887653
      10
100.2418747299
      20
-42
      42
0
      10
102.9
      20
-42
      42
0
    1001
FS_CYPCUT
    1000
Channel
    1070
1
    1000
LeadIn
    1002
{
    1070
3
    1040
1.5
    1040
1.5707963267949
    1040
0.5
    1040
0.5
    1070
0
    1040
0.5
    1070
0
    1002
}
    1000
LeadOut
    1002
{
    1070
0
    1040
0
    1040
0
    1040
0
    1070
0
    1002
}
    1000
IsFill
    1070
1
    1000
PathStart
    1040
1.5
    1000
ToolCompensation
    1002
{
    1070
0
    1040
0
    1070
0
    1002
}
    1000
MicroConnect
    1002
{
    1070
2
    1040
1.48751939
    1041
0.4
    1042
0
    1040
5.27163985
    1041
0.4
    1042
0
    1002
}
       0
ENDBLK
       5
20C1
     330
200A
     100
AcDbEntity
       8
0
     100
AcDbBlockEnd
       0
BLOCK
       5
20C2
     330
200B
     100
AcDbEntity
       8
0
     100
AcDbBlockBegin
       2
Part1511031413
      70
0
      10
0
      20
-42
      30
0
       3
Part1511031413
       1

       4
CypCutBlock
       0
CIRCLE
       5
20C3
     100
AcDbEntity
       8
1
     100
AcDbCircle
      10
25
      20
19.75
      30
0
      40
2.1
    1001
FS_CYPCUT
    1000
Channel
    1070
1
    1000
LeadIn
    1002
{
    1070
3
    1040
0
    1040
1.5707963267949
    1040
0.5
    1040
0.5
    1070
0
    1040
0.5
    1070
0
    1002
}
    1000
LeadOut
    1002
{
    1070
0
    1040
0
    1040
0
    1040
0
    1070
0
    1002
}
    1000
IsFill
    1070
0
    1000
PathStart
    1040
0
    1000
ToolCompensation
    1002
{
    1070
0
    1040
0
    1070
0
    1002
}
       0
CIRCLE
       5
20C4
     100
AcDbEntity
       8
1
     100
AcDbCircle
      10
87.9
      20
-15
      30
0
      40
2.10000000000001
    1001
FS_CYPCUT
    1000
Channel
    1070
1
    1000
LeadIn
    1002
{
    1070
3
    1040
2.77555756156289E-16
    1040
1.5707963267949
    1040
0.5
    1040
0.5
    1070
0
    1040
0.5
    1070
0
    1002
}
    1000
LeadOut
    1002
{
    1070
0
    1040
0
    1040
0
    1040
0
    1070
0
    1002
}
    1000
IsFill
    1070
0
    1000
PathStart
    1040
2.77555756156289E-16
    1000
ToolCompensation
    1002
{
    1070
0
    1040
0
    1070
0
    1002
}
       0
LWPOLYLINE
       5
20C5
     100
AcDbEntity
       8
1
     100
AcDbPolyline
      90
11
      70
1
      10
102.9
      20
-0.3607732747
      42
0.304845416731283
      10
99.7880396265
      20
4.2690546237
      42
0
      10
6.9477620462
      20
42.1292357911
      42
0.105490048744526
      10
2.8664566337
      20
43
      42
0
      10
0
      20
43
      42
0
      10
0
      20
0
      42
0
      10
60.5581252701
      20
0
      42
-0.222584881887645
      10
64.3992316681
      20
-1.7990780017
      42
0
      10
96.4007683319151
      20
-40.2009219983247
      42
0.222584881887653
      10
100.2418747299
      20
-42
      42
0
      10
102.9
      20
-42
      42
0
    1001
FS_CYPCUT
    1000
Channel
    1070
1
    1000
LeadIn
    1002
{
    1070
3
    1040
1.5
    1040
1.5707963267949
    1040
0.5
    1040
0.5
    1070
0
    1040
0.5
    1070
0
    1002
}
    1000
LeadOut
    1002
{
    1070
0
    1040
0
    1040
0
    1040
0
    1070
0
    1002
}
    1000
IsFill
    1070
1
    1000
PathStart
    1040
1.5
    1000
ToolCompensation
    1002
{
    1070
0
    1040
0
    1070
0
    1002
}
    1000
MicroConnect
    1002
{
    1070
2
    1040
1.48751939
    1041
0.4
    1042
0
    1040
5.27163985
    1041
0.4
    1042
0
    1002
}
       0
ENDBLK
       5
20C6
     330
200B
     100
AcDbEntity
       8
0
     100
AcDbBlockEnd
       0
BLOCK
       5
20C7
     330
200C
     100
AcDbEntity
       8
0
     100
AcDbBlockBegin
       2
Part223061584
      70
0
      10
0
      20
-42
      30
0
       3
Part223061584
       1

       4
CypCutBlock
       0
CIRCLE
       5
20C8
     100
AcDbEntity
       8
1
     100
AcDbCircle
      10
25
      20
19.75
      30
0
      40
2.1
    1001
FS_CYPCUT
    1000
Channel
    1070
1
    1000
LeadIn
    1002
{
    1070
3
    1040
0
    1040
1.5707963267949
    1040
0.5
    1040
0.5
    1070
0
    1040
0.5
    1070
0
    1002
}
    1000
LeadOut
    1002
{
    1070
0
    1040
0
    1040
0
    1040
0
    1070
0
    1002
}
    1000
IsFill
    1070
0
    1000
PathStart
    1040
0
    1000
ToolCompensation
    1002
{
    1070
0
    1040
0
    1070
0
    1002
}
       0
CIRCLE
       5
20C9
     100
AcDbEntity
       8
1
     100
AcDbCircle
      10
87.9
      20
-15
      30
0
      40
2.10000000000001
    1001
FS_CYPCUT
    1000
Channel
    1070
1
    1000
LeadIn
    1002
{
    1070
3
    1040
2.77555756156289E-16
    1040
1.5707963267949
    1040
0.5
    1040
0.5
    1070
0
    1040
0.5
    1070
0
    1002
}
    1000
LeadOut
    1002
{
    1070
0
    1040
0
    1040
0
    1040
0
    1070
0
    1002
}
    1000
IsFill
    1070
0
    1000
PathStart
    1040
2.77555756156289E-16
    1000
ToolCompensation
    1002
{
    1070
0
    1040
0
    1070
0
    1002
}
       0
LWPOLYLINE
       5
20CA
     100
AcDbEntity
       8
1
     100
AcDbPolyline
      90
11
      70
1
      10
102.9
      20
-0.3607732747
      42
0.304845416731283
      10
99.7880396265
      20
4.2690546237
      42
0
      10
6.9477620462
      20
42.1292357911
      42
0.105490048744526
      10
2.8664566337
      20
43
      42
0
      10
0
      20
43
      42
0
      10
0
      20
0
      42
0
      10
60.5581252701
      20
0
      42
-0.222584881887645
      10
64.3992316681
      20
-1.7990780017
      42
0
      10
96.4007683319151
      20
-40.2009219983247
      42
0.222584881887653
      10
100.2418747299
      20
-42
      42
0
      10
102.9
      20
-42
      42
0
    1001
FS_CYPCUT
    1000
Channel
    1070
1
    1000
LeadIn
    1002
{
    1070
3
    1040
1.5
    1040
1.5707963267949
    1040
0.5
    1040
0.5
    1070
0
    1040
0.5
    1070
0
    1002
}
    1000
LeadOut
    1002
{
    1070
0
    1040
0
    1040
0
    1040
0
    1070
0
    1002
}
    1000
IsFill
    1070
1
    1000
PathStart
    1040
1.5
    1000
ToolCompensation
    1002
{
    1070
0
    1040
0
    1070
0
    1002
}
    1000
MicroConnect
    1002
{
    1070
2
    1040
1.48751939
    1041
0.4
    1042
0
    1040
5.27163985
    1041
0.4
    1042
0
    1002
}
       0
ENDBLK
       5
20CB
     330
200C
     100
AcDbEntity
       8
0
     100
AcDbBlockEnd
       0
BLOCK
       5
20CC
     330
200D
     100
AcDbEntity
       8
0
     100
AcDbBlockBegin
       2
Part2126775188
      70
0
      10
0
      20
-42
      30
0
       3
Part2126775188
       1

       4
CypCutBlock
       0
CIRCLE
       5
20CD
     100
AcDbEntity
       8
1
     100
AcDbCircle
      10
25
      20
19.75
      30
0
      40
2.1
    1001
FS_CYPCUT
    1000
Channel
    1070
1
    1000
LeadIn
    1002
{
    1070
3
    1040
0
    1040
1.5707963267949
    1040
0.5
    1040
0.5
    1070
0
    1040
0.5
    1070
0
    1002
}
    1000
LeadOut
    1002
{
    1070
0
    1040
0
    1040
0
    1040
0
    1070
0
    1002
}
    1000
IsFill
    1070
0
    1000
PathStart
    1040
0
    1000
ToolCompensation
    1002
{
    1070
0
    1040
0
    1070
0
    1002
}
       0
CIRCLE
       5
20CE
     100
AcDbEntity
       8
1
     100
AcDbCircle
      10
87.9
      20
-15
      30
0
      40
2.10000000000001
    1001
FS_CYPCUT
    1000
Channel
    1070
1
    1000
LeadIn
    1002
{
    1070
3
    1040
2.77555756156289E-16
    1040
1.5707963267949
    1040
0.5
    1040
0.5
    1070
0
    1040
0.5
    1070
0
    1002
}
    1000
LeadOut
    1002
{
    1070
0
    1040
0
    1040
0
    1040
0
    1070
0
    1002
}
    1000
IsFill
    1070
0
    1000
PathStart
    1040
2.77555756156289E-16
    1000
ToolCompensation
    1002
{
    1070
0
    1040
0
    1070
0
    1002
}
       0
LWPOLYLINE
       5
20CF
     100
AcDbEntity
       8
1
     100
AcDbPolyline
      90
11
      70
1
      10
102.9
      20
-0.3607732747
      42
0.304845416731283
      10
99.7880396265
      20
4.2690546237
      42
0
      10
6.9477620462
      20
42.1292357911
      42
0.105490048744526
      10
2.8664566337
      20
43
      42
0
      10
0
      20
43
      42
0
      10
0
      20
0
      42
0
      10
60.5581252701
      20
0
      42
-0.222584881887645
      10
64.3992316681
      20
-1.7990780017
      42
0
      10
96.4007683319151
      20
-40.2009219983247
      42
0.222584881887653
      10
100.2418747299
      20
-42
      42
0
      10
102.9
      20
-42
      42
0
    1001
FS_CYPCUT
    1000
Channel
    1070
1
    1000
LeadIn
    1002
{
    1070
3
    1040
1.5
    1040
1.5707963267949
    1040
0.5
    1040
0.5
    1070
0
    1040
0.5
    1070
0
    1002
}
    1000
LeadOut
    1002
{
    1070
0
    1040
0
    1040
0
    1040
0
    1070
0
    1002
}
    1000
IsFill
    1070
1
    1000
PathStart
    1040
1.5
    1000
ToolCompensation
    1002
{
    1070
0
    1040
0
    1070
0
    1002
}
    1000
MicroConnect
    1002
{
    1070
2
    1040
1.48751939
    1041
0.4
    1042
0
    1040
5.27163985
    1041
0.4
    1042
0
    1002
}
       0
ENDBLK
       5
20D0
     330
200D
     100
AcDbEntity
       8
0
     100
AcDbBlockEnd
       0
BLOCK
       5
20D1
     330
200E
     100
AcDbEntity
       8
0
     100
AcDbBlockBegin
       2
Part307412221
      70
0
      10
-622
      20
-136.676663
      30
0
       3
Part307412221
       1

       4
CypCutBlock
       0
LINE
       5
20D2
     100
AcDbEntity
       8
2
     100
AcDbLine
      10
-530
      20
-111.4249556048
      30
0
      11
-380
      21
-111.4249556048
      31
0
    1001
FS_CYPCUT
    1000
Channel
    1070
2
    1000
LeadIn
    1002
{
    1070
3
    1040
0
    1040
1.5707963267949
    1040
0.5
    1040
0.3
    1070
0
    1040
0.5
    1070
0
    1002
}
    1000
LeadOut
    1002
{
    1070
0
    1040
0
    1040
0
    1040
0
    1070
0
    1002
}
    1000
IsFill
    1070
0
    1000
PathStart
    1040
0
    1000
ToolCompensation
    1002
{
    1070
0
    1040
0
    1070
0
    1002
}
       0
LINE
       5
20D3
     100
AcDbEntity
       8
2
     100
AcDbLine
      10
-380
      20
-88.5866238723
      30
0
      11
-530
      21
-88.5866238723
      31
0
    1001
FS_CYPCUT
    1000
Channel
    1070
2
    1000
LeadIn
    1002
{
    1070
3
    1040
0
    1040
1.5707963267949
    1040
0.5
    1040
0.3
    1070
0
    1040
0.5
    1070
0
    1002
}
    1000
LeadOut
    1002
{
    1070
0
    1040
0
    1040
0
    1040
0
    1070
0
    1002
}
    1000
IsFill
    1070
0
    1000
PathStart
    1040
0
    1000
ToolCompensation
    1002
{
    1070
0
    1040
0
    1070
0
    1002
}
       0
CIRCLE
       5
20D4
     100
AcDbEntity
       8
1
     100
AcDbCircle
      10
-455
      20
-126.6766634651
      30
0
      40
3.75000000000003
    1001
FS_CYPCUT
    1000
Channel
    1070
1
    1000
LeadIn
    1002
{
    1070
3
    1040
8.60422844084496E-16
    1040
1.5707963267949
    1040
0.5
    1040
0.3
    1070
0
    1040
0.5
    1070
0
    1002
}
    1000
LeadOut
    1002
{
    1070
0
    1040
0
    1040
0
    1040
0
    1070
0
    1002
}
    1000
IsFill
    1070
0
    1000
PathStart
    1040
8.60422844084496E-16
    1000
ToolCompensation
    1002
{
    1070
0
    1040
0
    1070
0
    1002
}
       0
LWPOLYLINE
       5
20D5
     100
AcDbEntity
       8
1
     100
AcDbPolyline
      90
4
      70
1
      10
-464
      20
128.1574330868
      42
1
      10
-472
      20
128.1574330868
      42
0
      10
-472
      20
118.1574330868
      42
1
      10
-464
      20
118.1574330868
      42
0
    1001
FS_CYPCUT
    1000
Channel
    1070
1
    1000
LeadIn
    1002
{
    1070
3
    1040
1.5
    1040
1.5707963267949
    1040
0.5
    1040
0.3
    1070
0
    1040
0.5
    1070
0
    1002
}
    1000
LeadOut
    1002
{
    1070
0
    1040
0
    1040
0
    1040
0
    1070
0
    1002
}
    1000
IsFill
    1070
0
    1000
PathStart
    1040
1.5
    1000
ToolCompensation
    1002
{
    1070
0
    1040
0
    1070
0
    1002
}
       0
LINE
       5
20D6
     100
AcDbEntity
       8
2
     100
AcDbLine
      10
-543.5579086348
      20
86.3287165434
      30
0
      11
307
      21
86.3287165434
      31
0
    1001
FS_CYPCUT
    1000
Channel
    1070
2
    1000
LeadIn
    1002
{
    1070
3
    1040
0
    1040
1.5707963267949
    1040
0.5
    1040
0.3
    1070
0
    1040
0.5
    1070
0
    1002
}
    1000
LeadOut
    1002
{
    1070
0
    1040
0
    1040
0
    1040
0
    1070
0
    1002
}
    1000
IsFill
    1070
0
    1000
PathStart
    1040
0
    1000
ToolCompensation
    1002
{
    1070
0
    1040
0
    1070
0
    1002
}
       0
LWPOLYLINE
       5
20D7
     100
AcDbEntity
       8
1
     100
AcDbPolyline
      90
4
      70
1
      10
-74
      20
128.1574330868
      42
1
      10
-82
      20
128.1574330868
      42
0
      10
-82
      20
118.1574330868
      42
1
      10
-74
      20
118.1574330868
      42
0
    1001
FS_CYPCUT
    1000
Channel
    1070
1
    1000
LeadIn
    1002
{
    1070
3
    1040
1.5
    1040
1.5707963267949
    1040
0.5
    1040
0.3
    1070
0
    1040
0.5
    1070
0
    1002
}
    1000
LeadOut
    1002
{
    1070
0
    1040
0
    1040
0
    1040
0
    1070
0
    1002
}
    1000
IsFill
    1070
0
    1000
PathStart
    1040
1.5
    1000
ToolCompensation
    1002
{
    1070
0
    1040
0
    1070
0
    1002
}
       0
SPLINE
       5
20D8
     100
AcDbEntity
       8
1
     100
AcDbSpline
      70
0
      71
3
      72
244
      73
240
      74
0
      40
0
      40
0
      40
0
      40
0
      40
0.0166666666666667
      40
0.0166666666666667
      40
0.0166666666666667
      40
0.0166666666666667
      40
0.0333333333333333
      40
0.0333333333333333
      40
0.0333333333333333
      40
0.0333333333333333
      40
0.05
      40
0.05
      40
0.05
      40
0.05
      40
0.0666666666666667
      40
0.0666666666666667
      40
0.0666666666666667
      40
0.0666666666666667
      40
0.0833333333333333
      40
0.0833333333333333
      40
0.0833333333333333
      40
0.0833333333333333
      40
0.1
      40
0.1
      40
0.1
      40
0.1
      40
0.116666666666667
      40
0.116666666666667
      40
0.116666666666667
      40
0.116666666666667
      40
0.133333333333333
      40
0.133333333333333
      40
0.133333333333333
      40
0.133333333333333
      40
0.15
      40
0.15
      40
0.15
      40
0.15
      40
0.166666666666667
      40
0.166666666666667
      40
0.166666666666667
      40
0.166666666666667
      40
0.183333333333333
      40
0.183333333333333
      40
0.183333333333333
      40
0.183333333333333
      40
0.2
      40
0.2
      40
0.2
      40
0.2
      40
0.216666666666667
      40
0.216666666666667
      40
0.216666666666667
      40
0.216666666666667
      40
0.233333333333333
      40
0.233333333333333
      40
0.233333333333333
      40
0.233333333333333
      40
0.25
      40
0.25
      40
0.25
      40
0.25
      40
0.266666666666667
      40
0.266666666666667
      40
0.266666666666667
      40
0.266666666666667
      40
0.283333333333333
      40
0.283333333333333
      40
0.283333333333333
      40
0.283333333333333
      40
0.3
      40
0.3
      40
0.3
      40
0.3
      40
0.316666666666667
      40
0.316666666666667
      40
0.316666666666667
      40
0.316666666666667
      40
0.333333333333333
      40
0.333333333333333
      40
0.333333333333333
      40
0.333333333333333
      40
0.35
      40
0.35
      40
0.35
      40
0.35
      40
0.366666666666667
      40
0.366666666666667
      40
0.366666666666667
      40
0.366666666666667
      40
0.383333333333333
      40
0.383333333333333
      40
0.383333333333333
      40
0.383333333333333
      40
0.4
      40
0.4
      40
0.4
      40
0.4
      40
0.416666666666667
      40
0.416666666666667
      40
0.416666666666667
      40
0.416666666666667
      40
0.433333333333333
      40
0.433333333333333
      40
0.433333333333333
      40
0.433333333333333
      40
0.45
      40
0.45
      40
0.45
      40
0.45
      40
0.466666666666667
      40
0.466666666666667
      40
0.466666666666667
      40
0.466666666666667
      40
0.483333333333333
      40
0.483333333333333
      40
0.483333333333333
      40
0.483333333333333
      40
0.5
      40
0.5
      40
0.5
      40
0.5
      40
0.516666666666667
      40
0.516666666666667
      40
0.516666666666667
      40
0.516666666666667
      40
0.533333333333333
      40
0.533333333333333
      40
0.533333333333333
      40
0.533333333333333
      40
0.55
      40
0.55
      40
0.55
      40
0.55
      40
0.566666666666667
      40
0.566666666666667
      40
0.566666666666667
      40
0.566666666666667
      40
0.583333333333333
      40
0.583333333333333
      40
0.583333333333333
      40
0.583333333333333
      40
0.6
      40
0.6
      40
0.6
      40
0.6
      40
0.616666666666667
      40
0.616666666666667
      40
0.616666666666667
      40
0.616666666666667
      40
0.633333333333333
      40
0.633333333333333
      40
0.633333333333333
      40
0.633333333333333
      40
0.65
      40
0.65
      40
0.65
      40
0.65
      40
0.666666666666667
      40
0.666666666666667
      40
0.666666666666667
      40
0.666666666666667
      40
0.683333333333333
      40
0.683333333333333
      40
0.683333333333333
      40
0.683333333333333
      40
0.7
      40
0.7
      40
0.7
      40
0.7
      40
0.716666666666667
      40
0.716666666666667
      40
0.716666666666667
      40
0.716666666666667
      40
0.733333333333333
      40
0.733333333333333
      40
0.733333333333333
      40
0.733333333333333
      40
0.75
      40
0.75
      40
0.75
      40
0.75
      40
0.766666666666667
      40
0.766666666666667
      40
0.766666666666667
      40
0.766666666666667
      40
0.783333333333333
      40
0.783333333333333
      40
0.783333333333333
      40
0.783333333333333
      40
0.8
      40
0.8
      40
0.8
      40
0.8
      40
0.816666666666667
      40
0.816666666666667
      40
0.816666666666667
      40
0.816666666666667
      40
0.833333333333333
      40
0.833333333333333
      40
0.833333333333333
      40
0.833333333333333
      40
0.85
      40
0.85
      40
0.85
      40
0.85
      40
0.866666666666667
      40
0.866666666666667
      40
0.866666666666667
      40
0.866666666666667
      40
0.883333333333333
      40
0.883333333333333
      40
0.883333333333333
      40
0.883333333333333
      40
0.9
      40
0.9
      40
0.9
      40
0.9
      40
0.916666666666667
      40
0.916666666666667
      40
0.916666666666667
      40
0.916666666666667
      40
0.933333333333333
      40
0.933333333333333
      40
0.933333333333333
      40
0.933333333333333
      40
0.95
      40
0.95
      40
0.95
      40
0.95
      40
0.966666666666667
      40
0.966666666666667
      40
0.966666666666667
      40
0.966666666666667
      40
0.983333333333333
      40
0.983333333333333
      40
0.983333333333333
      40
0.983333333333333
      40
1
      40
1
      40
1
      40
1
      10
-85.3049193013
      20
-22.993825906
      30
0
      10
-95.6624717465333
      20
-29.0521895163667
      30
0
      10
-106.020024191767
      20
-35.1105531267333
      30
0
      10
-116.377576637
      20
-41.1689167371
      30
0
      10
-116.377576637
      20
-41.1689167371
      30
0
      10
-116.226203916491
      20
-41.4424039396661
      30
0
      10
-116.06391059815
      20
-41.7006386512442
      30
0
      10
-115.891522812391
      20
-41.9442396638255
      30
0
      10
-115.891522812391
      20
-41.9442396638255
      30
0
      10
-114.850926649076
      20
-43.3974480642615
      30
0
      10
-113.491952642356
      20
-44.3635571256534
      30
0
      10
-111.696421795868
      20
-44.8798515412139
      30
0
      10
-111.696421795868
      20
-44.8798515412139
      30
0
      10
-110.028403387809
      20
-45.3538232428742
      30
0
      10
-107.927807912222
      20
-45.376762866203
      30
0
      10
-105.626357197292
      20
-44.7334468888354
      30
0
      10
-105.626357197292
      20
-44.7334468888354
      30
0
      10
-103.005796437652
      20
-44.0138120541822
      30
0
      10
-100.176370297863
      20
-42.3953300486071
      30
0
      10
-97.7972328766064
      20
-40.0935803063162
      30
0
      10
-97.7972328766064
      20
-40.0935803063162
      30
0
      10
-95.3327907092028
      20
-37.7358772035265
      30
0
      10
-93.3777934054888
      20
-34.6766692295697
      30
0
      10
-92.3333337612463
      20
-31.6116940330448
      30
0
      10
-92.3333337612463
      20
-31.6116940330448
      30
0
      10
-90.0224628638333
      20
-31.611694033
      30
0
      10
-87.7115919664667
      20
-31.611694033
      30
0
      10
-85.4007210691
      20
-31.611694033
      30
0
      10
-85.4007210691
      20
-31.611694033
      30
0
      10
-85.6644977160333
      20
-32.4760249433
      30
0
      10
-85.9282743629667
      20
-33.3403558536
      30
0
      10
-86.1920510099
      20
-34.2046867639
      30
0
      10
-86.1920510099
      20
-34.2046867639
      30
0
      10
-86.5501763528
      20
-35.0521320675333
      30
0
      10
-86.9083016957
      20
-35.8995773711667
      30
0
      10
-87.2664270386
      20
-36.7470226748
      30
0
      10
-87.2664270386
      20
-36.7470226748
      30
0
      10
-87.7133661591333
      20
-37.5644848887333
      30
0
      10
-88.1603052796667
      20
-38.3819471026667
      30
0
      10
-88.6072444002
      20
-39.1994093166
      30
0
      10
-88.6072444002
      20
-39.1994093166
      30
0
      10
-89.1360897403333
      20
-39.9742543540667
      30
0
      10
-89.6649350804667
      20
-40.7490993915333
      30
0
      10
-90.1937804206
      20
-41.523944429
      30
0
      10
-90.1937804206
      20
-41.523944429
      30
0
      10
-90.7963585409333
      20
-42.2441968626333
      30
0
      10
-91.3989366612667
      20
-42.9644492962667
      30
0
      10
-92.0015147816
      20
-43.6847017299
      30
0
      10
-92.0015147816
      20
-43.6847017299
      30
0
      10
-92.6685126837667
      20
-44.3392298748
      30
0
      10
-93.3355105859333
      20
-44.9937580197
      30
0
      10
-94.0025084881
      20
-45.6482861646
      30
0
      10
-94.0025084881
      20
-45.6482861646
      30
0
      10
-94.7236175496
      20
-46.2269741215667
      30
0
      10
-95.4447266111
      20
-46.8056620785333
      30
0
      10
-96.1658356726
      20
-47.3843500355
      30
0
      10
-96.1658356726
      20
-47.3843500355
      30
0
      10
-96.9299109692667
      20
-47.8782540348
      30
0
      10
-97.6939862659333
      20
-48.3721580341
      30
0
      10
-98.4580615626
      20
-48.8660620334
      30
0
      10
-98.4580615626
      20
-48.8660620334
      30
0
      10
-99.2532941160667
      20
-49.2675486629
      30
0
      10
-100.048526669533
      20
-49.6690352924
      30
0
      10
-100.843759223
      20
-50.0705219219
      30
0
      10
-100.843759223
      20
-50.0705219219
      30
0
      10
-101.657858511533
      20
-50.3733861034333
      30
0
      10
-102.471957800067
      20
-50.6762502849667
      30
0
      10
-103.2860570886
      20
-50.9791144665
      30
0
      10
-103.2860570886
      20
-50.9791144665
      30
0
      10
-104.1064410004
      20
-51.178675357
      30
0
      10
-104.9268249122
      20
-51.3782362475
      30
0
      10
-105.747208824
      20
-51.577797138
      30
0
      10
-105.747208824
      20
-51.577797138
      30
0
      10
-106.561198116667
      20
-51.6709704731
      30
0
      10
-107.375187409333
      20
-51.7641438082
      30
0
      10
-108.189176702
      20
-51.8573171433
      30
0
      10
-108.189176702
      20
-51.8573171433
      30
0
      10
-108.9841909637
      20
-51.8426629053667
      30
0
      10
-109.7792052254
      20
-51.8280086674333
      30
0
      10
-110.5742194871
      20
-51.8133544295
      30
0
      10
-110.5742194871
      20
-51.8133544295
      30
0
      10
-111.3379715699
      20
-51.6910991034667
      30
0
      10
-112.1017236527
      20
-51.5688437774333
      30
0
      10
-112.8654757355
      20
-51.4465884514
      30
0
      10
-112.8654757355
      20
-51.4465884514
      30
0
      10
-113.586161656433
      20
-51.2186215245333
      30
0
      10
-114.306847577367
      20
-50.9906545976667
      30
0
      10
-115.0275334983
      20
-50.7626876708
      30
0
      10
-115.0275334983
      20
-50.7626876708
      30
0
      10
-115.694014872833
      20
-50.43253243
      30
0
      10
-116.360496247367
      20
-50.1023771892
      30
0
      10
-117.0269776219
      20
-49.7722219484
      30
0
      10
-117.0269776219
      20
-49.7722219484
      30
0
      10
-117.628953810667
      20
-49.3449810270333
      30
0
      10
-118.230929999433
      20
-48.9177401056667
      30
0
      10
-118.8329061882
      20
-48.4904991843
      30
0
      10
-118.8329061882
      20
-48.4904991843
      30
0
      10
-119.361073495833
      20
-47.9727756996
      30
0
      10
-119.889240803467
      20
-47.4550522149
      30
0
      10
-120.4174081111
      20
-46.9373287302
      30
0
      10
-120.4174081111
      20
-46.9373287302
      30
0
      10
-120.8636035773
      20
-46.3371242305
      30
0
      10
-121.3097990435
      20
-45.7369197308
      30
0
      10
-121.7559945097
      20
-45.1367152311
      30
0
      10
-121.7559945097
      20
-45.1367152311
      30
0
      10
-122.113322069933
      20
-44.4633060298667
      30
0
      10
-122.470649630167
      20
-43.7898968286333
      30
0
      10
-122.8279771904
      20
-43.1164876274
      30
0
      10
-122.8279771904
      20
-43.1164876274
      30
0
      10
-123.090914256167
      20
-42.3802814353667
      30
0
      10
-123.353851321933
      20
-41.6440752433333
      30
0
      10
-123.6167883877
      20
-40.9078690513
      30
0
      10
-123.6167883877
      20
-40.9078690513
      30
0
      10
-123.7812711997
      20
-40.1202441227
      30
0
      10
-123.9457540117
      20
-39.3326191941
      30
0
      10
-124.1102368237
      20
-38.5449942655
      30
0
      10
-124.1102368237
      20
-38.5449942655
      30
0
      10
-124.173723258133
      20
-37.7181235442
      30
0
      10
-124.237209692567
      20
-36.8912528229
      30
0
      10
-124.300696127
      20
-36.0643821016
      30
0
      10
-124.300696127
      20
-36.0643821016
      30
0
      10
-124.262204984867
      20
-35.2110450852667
      30
0
      10
-124.223713842733
      20
-34.3577080689333
      30
0
      10
-124.1852227006
      20
-33.5043710526
      30
0
      10
-124.1852227006
      20
-33.5043710526
      30
0
      10
-124.0453488723
      20
-32.6377562821667
      30
0
      10
-123.905475044
      20
-31.7711415117333
      30
0
      10
-123.7656012157
      20
-30.9045267413
      30
0
      10
-123.7656012157
      20
-30.9045267413
      30
0
      10
-123.5265064869
      20
-30.0380279688
      30
0
      10
-123.2874117581
      20
-29.1715291963
      30
0
      10
-123.0483170293
      20
-28.3050304238
      30
0
      10
-123.0483170293
      20
-28.3050304238
      30
0
      10
-122.713696669933
      20
-27.4520396084667
      30
0
      10
-122.379076310567
      20
-26.5990487931333
      30
0
      10
-122.0444559512
      20
-25.7460579778
      30
0
      10
-122.0444559512
      20
-25.7460579778
      30
0
      10
-121.619481604167
      20
-24.9197583100333
      30
0
      10
-121.194507257133
      20
-24.0934586422667
      30
0
      10
-120.7695329101
      20
-23.2671589745
      30
0
      10
-120.7695329101
      20
-23.2671589745
      30
0
      10
-120.260772662167
      20
-22.4803211260667
      30
0
      10
-119.752012414233
      20
-21.6934832776333
      30
0
      10
-119.2432521663
      20
-20.9066454292
      30
0
      10
-119.2432521663
      20
-20.9066454292
      30
0
      10
-118.6585690367
      20
-20.1714301795
      30
0
      10
-118.0738859071
      20
-19.4362149298
      30
0
      10
-117.4892027775
      20
-18.7009996801
      30
0
      10
-117.4892027775
      20
-18.7009996801
      30
0
      10
-116.8376331929
      20
-18.0287699681333
      30
0
      10
-116.1860636083
      20
-17.3565402561667
      30
0
      10
-115.5344940237
      20
-16.6843105442
      30
0
      10
-115.5344940237
      20
-16.6843105442
      30
0
      10
-114.826108158067
      20
-16.0854558513667
      30
0
      10
-114.117722292433
      20
-15.4866011585333
      30
0
      10
-113.4093364268
      20
-14.8877464657
      30
0
      10
-113.4093364268
      20
-14.8877464657
      30
0
      10
-112.655082564133
      20
-14.3715222438333
      30
0
      10
-111.900828701467
      20
-13.8552980219667
      30
0
      10
-111.1465748388
      20
-13.3390738001
      30
0
      10
-111.1465748388
      20
-13.3390738001
      30
0
      10
-110.358110164633
      20
-12.9134584260667
      30
0
      10
-109.569645490467
      20
-12.4878430520333
      30
0
      10
-108.7811808163
      20
-12.062227678
      30
0
      10
-108.7811808163
      20
-12.062227678
      30
0
      10
-107.970691253
      20
-11.7337991457667
      30
0
      10
-107.1602016897
      20
-11.4053706135333
      30
0
      10
-106.3497121264
      20
-11.0769420813
      30
0
      10
-106.3497121264
      20
-11.0769420813
      30
0
      10
-105.5297239967
      20
-10.8507763375333
      30
0
      10
-104.709735867
      20
-10.6246105937667
      30
0
      10
-103.8897477373
      20
-10.39844485
      30
0
      10
-103.8897477373
      20
-10.39844485
      30
0
      10
-103.889747737294
      20
-12.6892455653866
      30
0
      10
-103.889747737289
      20
-14.9800462807732
      30
0
      10
-103.889747737284
      20
-17.2708469961599
      30
0
      10
-103.889747737284
      20
-17.2708469961599
      30
0
      10
-106.064574732568
      20
-17.9546416272365
      30
0
      10
-108.352158041388
      20
-19.235974193072
      30
0
      10
-110.385833888054
      20
-21.0032972211263
      30
0
      10
-110.385833888054
      20
-21.0032972211263
      30
0
      10
-112.854042012655
      20
-23.1306576160778
      30
0
      10
-114.920256667784
      20
-25.9642632178469
      30
0
      10
-116.16647815367
      20
-28.912151705853
      30
0
      10
-116.16647815367
      20
-28.912151705853
      30
0
      10
-117.375062984059
      20
-31.7305047758581
      30
0
      10
-117.824525636837
      20
-34.6201964130171
      30
0
      10
-117.593784544914
      20
-37.0163295940729
      30
0
      10
-117.593784544914
      20
-37.0163295940729
      30
0
      10
-109.992322885276
      20
-32.5700650013486
      30
0
      10
-102.390861225638
      20
-28.1238004086243
      30
0
      10
-94.789399566
      20
-23.6775358159
      30
0
      10
-94.789399566
      20
-23.6775358159
      30
0
      10
-94.4459865456514
      20
-23.4766658752077
      30
0
      10
-94.1437167468256
      20
-23.2125426552895
      30
0
      10
-93.8986120133871
      20
-22.8991660364649
      30
0
      10
-93.8986120133871
      20
-22.8991660364649
      30
0
      10
-93.6535072799485
      20
-22.5857894176404
      30
0
      10
-93.4699761038804
      20
-22.2287958406769
      30
0
      10
-93.357746575351
      20
-21.8471077893759
      30
0
      10
-93.357746575351
      20
-21.8471077893759
      30
0
      10
-93.2455170468216
      20
-21.4654197380749
      30
0
      10
-93.2066077436441
      20
-21.0659023132879
      30
0
      10
-93.2430810577118
      20
-20.6697319800463
      30
0
      10
-93.2430810577118
      20
-20.6697319800463
      30
0
      10
-93.2795543717795
      20
-20.2735616468046
      30
0
      10
-93.390754288374
      20
-19.8878639865427
      30
0
      10
-93.5707866436889
      20
-19.5330829461535
      30
0
      10
-93.5707866436889
      20
-19.5330829461535
      30
0
      10
-93.7508189990038
      20
-19.1783019057642
      30
0
      10
-93.9964457030031
      20
-18.8608186324023
      30
0
      10
-94.2946472852325
      20
-18.5974613618822
      30
0
      10
-94.2946472852325
      20
-18.5974613618822
      30
0
      10
-95.0111194272083
      20
-17.9655143107028
      30
0
      10
-95.8388225627009
      20
-17.476806105826
      30
0
      10
-96.8036001485
      20
-17.1359472101096
      30
0
      10
-96.8036001485
      20
-17.1359472101096
      30
0
      10
-97.9658811872679
      20
-16.7268236842183
      30
0
      10
-99.3410287227829
      20
-16.5388778495445
      30
0
      10
-100.889747737284
      20
-16.6661578056373
      30
0
      10
-100.889747737284
      20
-16.6661578056373
      30
0
      10
-100.8897477373
      20
-14.5614911555333
      30
0
      10
-100.8897477373
      20
-12.4568245054667
      30
0
      10
-100.8897477373
      20
-10.3521578554
      30
0
      10
-100.8897477373
      20
-10.3521578554
      30
0
      10
-99.0448742732204
      20
-10.2058720785698
      30
0
      10
-97.1889161878811
      20
-10.4127907730042
      30
0
      10
-95.42156038261
      20
-10.961799957392
      30
0
      10
-95.42156038261
      20
-10.961799957392
      30
0
      10
-93.6542045773388
      20
-11.5108091417797
      30
0
      10
-92.0076705450579
      20
-12.3919001933649
      30
0
      10
-90.5703966383924
      20
-13.5577481011927
      30
0
      10
-90.5703966383924
      20
-13.5577481011927
      30
0
      10
-89.133122731727
      20
-14.7235960090204
      30
0
      10
-87.9313109391644
      20
-16.1529469721853
      30
0
      10
-87.029512768913
      20
-17.7690279377
      30
0
      10
-87.029512768913
      20
-17.7690279377
      30
0
      10
-86.1277145986615
      20
-19.3851089032147
      30
0
      10
-85.5423701357775
      20
-21.1584581695505
      30
0
      10
-85.3049193013321
      20
-22.9938259060515
      30
0
    1001
FS_CYPCUT
    1000
Channel
    1070
1
    1000
LeadIn
    1002
{
    1070
3
    1040
0.5
    1040
1.5707963267949
    1040
0.5
    1040
0.3
    1070
0
    1040
0.5
    1070
0
    1002
}
    1000
LeadOut
    1002
{
    1070
0
    1040
0
    1040
0
    1040
0
    1070
0
    1002
}
    1000
IsFill
    1070
0
    1000
PathStart
    1040
0.5
    1000
ToolCompensation
    1002
{
    1070
0
    1040
0
    1070
0
    1002
}
       0
LWPOLYLINE
       5
20D9
     100
AcDbEntity
       8
1
     100
AcDbPolyline
      90
12
      70
1
      10
-45.0989073794
      20
-10.5769130584
      42
0
      10
-45.0989073794
      20
-16.8769130582
      42
0
      10
-63.3674982214
      20
-16.8769130582
      42
0.761737062257188
      10
-65.7875047094395
      20
-25.6601384833963
      42
0
      10
-59.1872503606128
      20
-29.5960111043954
      42
-0.865240744479164
      10
-62.4239073859643
      20
-51.8788305989474
      42
0
      10
-83.5922424996
      20
-51.8788305989
      42
0
      10
-83.5922424996
      20
-45.2273530073
      42
0
      10
-66.6417001886989
      20
-45.2273530072515
      42
0.73516930096669
      10
-63.9510907546
      20
-36.6182513252
      42
0
      10
-72.5453311728931
      20
-30.6648169834685
      42
-0.735169300966689
      10
-66.2672424931
      20
-10.5769130584
      42
0
    1001
FS_CYPCUT
    1000
Channel
    1070
1
    1000
LeadIn
    1002
{
    1070
3
    1040
4.5
    1040
1.5707963267949
    1040
0.5
    1040
0.3
    1070
0
    1040
0.5
    1070
0
    1002
}
    1000
LeadOut
    1002
{
    1070
0
    1040
0
    1040
0
    1040
0
    1070
0
    1002
}
    1000
IsFill
    1070
0
    1000
PathStart
    1040
4.5
    1000
ToolCompensation
    1002
{
    1070
0
    1040
0
    1070
0
    1002
}
       0
LINE
       5
20DA
     100
AcDbEntity
       8
2
     100
AcDbLine
      10
-44
      20
-88.5866238723
      30
0
      11
106
      21
-88.5866238723
      31
0
    1001
FS_CYPCUT
    1000
Channel
    1070
2
    1000
LeadIn
    1002
{
    1070
3
    1040
0
    1040
1.5707963267949
    1040
0.5
    1040
0.3
    1070
0
    1040
0.5
    1070
0
    1002
}
    1000
LeadOut
    1002
{
    1070
0
    1040
0
    1040
0
    1040
0
    1070
0
    1002
}
    1000
IsFill
    1070
0
    1000
PathStart
    1040
0
    1000
ToolCompensation
    1002
{
    1070
0
    1040
0
    1070
0
    1002
}
       0
LINE
       5
20DB
     100
AcDbEntity
       8
2
     100
AcDbLine
      10
106
      20
-111.4249556048
      30
0
      11
-44
      21
-111.4249556048
      31
0
    1001
FS_CYPCUT
    1000
Channel
    1070
2
    1000
LeadIn
    1002
{
    1070
3
    1040
0
    1040
1.5707963267949
    1040
0.5
    1040
0.3
    1070
0
    1040
0.5
    1070
0
    1002
}
    1000
LeadOut
    1002
{
    1070
0
    1040
0
    1040
0
    1040
0
    1070
0
    1002
}
    1000
IsFill
    1070
0
    1000
PathStart
    1040
0
    1000
ToolCompensation
    1002
{
    1070
0
    1040
0
    1070
0
    1002
}
       0
CIRCLE
       5
20DC
     100
AcDbEntity
       8
1
     100
AcDbCircle
      10
31
      20
-126.6766634651
      30
0
      40
3.75
    1001
FS_CYPCUT
    1000
Channel
    1070
1
    1000
LeadIn
    1002
{
    1070
3
    1040
0
    1040
1.5707963267949
    1040
0.5
    1040
0.3
    1070
0
    1040
0.5
    1070
0
    1002
}
    1000
LeadOut
    1002
{
    1070
0
    1040
0
    1040
0
    1040
0
    1070
0
    1002
}
    1000
IsFill
    1070
0
    1000
PathStart
    1040
1
    1000
ToolCompensation
    1002
{
    1070
0
    1040
0
    1070
0
    1002
}
       0
LWPOLYLINE
       5
20DD
     100
AcDbEntity
       8
1
     100
AcDbPolyline
      90
12
      70
1
      10
-15.9553273573
      20
-20.0269130574
      42
0
      10
-30.917508989
      20
-20.0269130574
      42
0
      10
-29.2512190195
      20
-10.5769130576
      42
0
      10
-35.6484066744
      20
-10.5769130576
      42
0
      10
-41.3651369656558
      20
-42.9981015898522
      42
0.386919480665599
      10
-31.6070026671646
      20
-51.8788305988588
      42
0
      10
-21.8496052059
      20
-51.8788305989
      42
0
      10
-21.8496052059
      20
-45.2273530074
      42
0
      10
-31.6070026653
      20
-45.2273530074
      42
-0.466307658154998
      10
-34.7091470873
      20
-41.5303612478
      42
0
      10
-32.0283689717
      20
-26.3269130584
      42
0
      10
-15.9553273573
      20
-26.3269130584
      42
0
    1001
FS_CYPCUT
    1000
Channel
    1070
1
    1000
LeadIn
    1002
{
    1070
3
    1040
3.5
    1040
1.5707963267949
    1040
0.5
    1040
0.3
    1070
0
    1040
0.5
    1070
0
    1002
}
    1000
LeadOut
    1002
{
    1070
0
    1040
0
    1040
0
    1040
0
    1070
0
    1002
}
    1000
IsFill
    1070
0
    1000
PathStart
    1040
3.5
    1000
ToolCompensation
    1002
{
    1070
0
    1040
0
    1070
0
    1002
}
       0
SPLINE
       5
20DE
     100
AcDbEntity
       8
1
     100
AcDbSpline
      70
0
      71
3
      72
132
      73
128
      74
0
      40
0
      40
0
      40
0
      40
0
      40
0.03125
      40
0.03125
      40
0.03125
      40
0.03125
      40
0.0625
      40
0.0625
      40
0.0625
      40
0.0625
      40
0.09375
      40
0.09375
      40
0.09375
      40
0.09375
      40
0.125
      40
0.125
      40
0.125
      40
0.125
      40
0.15625
      40
0.15625
      40
0.15625
      40
0.15625
      40
0.1875
      40
0.1875
      40
0.1875
      40
0.1875
      40
0.21875
      40
0.21875
      40
0.21875
      40
0.21875
      40
0.25
      40
0.25
      40
0.25
      40
0.25
      40
0.28125
      40
0.28125
      40
0.28125
      40
0.28125
      40
0.3125
      40
0.3125
      40
0.3125
      40
0.3125
      40
0.34375
      40
0.34375
      40
0.34375
      40
0.34375
      40
0.375
      40
0.375
      40
0.375
      40
0.375
      40
0.40625
      40
0.40625
      40
0.40625
      40
0.40625
      40
0.4375
      40
0.4375
      40
0.4375
      40
0.4375
      40
0.46875
      40
0.46875
      40
0.46875
      40
0.46875
      40
0.5
      40
0.5
      40
0.5
      40
0.5
      40
0.53125
      40
0.53125
      40
0.53125
      40
0.53125
      40
0.5625
      40
0.5625
      40
0.5625
      40
0.5625
      40
0.59375
      40
0.59375
      40
0.59375
      40
0.59375
      40
0.625
      40
0.625
      40
0.625
      40
0.625
      40
0.65625
      40
0.65625
      40
0.65625
      40
0.65625
      40
0.6875
      40
0.6875
      40
0.6875
      40
0.6875
      40
0.71875
      40
0.71875
      40
0.71875
      40
0.71875
      40
0.75
      40
0.75
      40
0.75
      40
0.75
      40
0.78125
      40
0.78125
      40
0.78125
      40
0.78125
      40
0.8125
      40
0.8125
      40
0.8125
      40
0.8125
      40
0.84375
      40
0.84375
      40
0.84375
      40
0.84375
      40
0.875
      40
0.875
      40
0.875
      40
0.875
      40
0.90625
      40
0.90625
      40
0.90625
      40
0.90625
      40
0.9375
      40
0.9375
      40
0.9375
      40
0.9375
      40
0.96875
      40
0.96875
      40
0.96875
      40
0.96875
      40
1
      40
1
      40
1
      40
1
      10
5.6658561263
      20
-10.849681822
      30
0
      10
4.83591602863333
      20
-11.0836105176667
      30
0
      10
4.00597593096667
      20
-11.3175392133333
      30
0
      10
3.1760358333
      20
-11.551467909
      30
0
      10
3.1760358333
      20
-11.551467909
      30
0
      10
2.35634599043333
      20
-11.891897495
      30
0
      10
1.53665614756667
      20
-12.232327081
      30
0
      10
0.7169663047
      20
-12.572756667
      30
0
      10
0.7169663047
      20
-12.572756667
      30
0
      10
-0.0790200671666667
      20
-13.0140998192667
      30
0
      10
-0.875006439033333
      20
-13.4554429715333
      30
0
      10
-1.6709928109
      20
-13.8967861238
      30
0
      10
-1.6709928109
      20
-13.8967861238
      30
0
      10
-2.4302115304
      20
-14.4317992672667
      30
0
      10
-3.1894302499
      20
-14.9668124107333
      30
0
      10
-3.9486489694
      20
-15.5018255542
      30
0
      10
-3.9486489694
      20
-15.5018255542
      30
0
      10
-4.65863930676667
      20
-16.1217277487
      30
0
      10
-5.36862964413333
      20
-16.7416299432
      30
0
      10
-6.0786199815
      20
-17.3615321377
      30
0
      10
-6.0786199815
      20
-17.3615321377
      30
0
      10
-6.72772917123333
      20
-18.0561491955667
      30
0
      10
-7.37683836096667
      20
-18.7507662534333
      30
0
      10
-8.0259475507
      20
-19.4453833113
      30
0
      10
-8.0259475507
      20
-19.4453833113
      30
0
      10
-8.60352204336667
      20
-20.2033147820667
      30
0
      10
-9.18109653603333
      20
-20.9612462528333
      30
0
      10
-9.7586710287
      20
-21.7191777236
      30
0
      10
-9.7586710287
      20
-21.7191777236
      30
0
      10
-10.2552313429667
      20
-22.5279840045667
      30
0
      10
-10.7517916572333
      20
-23.3367902855333
      30
0
      10
-11.2483519715
      20
-24.1455965665
      30
0
      10
-11.2483519715
      20
-24.1455965665
      30
0
      10
-11.6557482769333
      20
-24.9920030687
      30
0
      10
-12.0631445823667
      20
-25.8384095709
      30
0
      10
-12.4705408878
      20
-26.6848160731
      30
0
      10
-12.4705408878
      20
-26.6848160731
      30
0
      10
-12.7820867642667
      20
-27.5549310912333
      30
0
      10
-13.0936326407333
      20
-28.4250461093667
      30
0
      10
-13.4051785172
      20
-29.2951611275
      30
0
      10
-13.4051785172
      20
-29.2951611275
      30
0
      10
-13.6157606965667
      20
-30.1747038387
      30
0
      10
-13.8263428759333
      20
-31.0542465499
      30
0
      10
-14.0369250553
      20
-31.9337892611
      30
0
      10
-14.0369250553
      20
-31.9337892611
      30
0
      10
-14.1430873429
      20
-32.8083241098
      30
0
      10
-14.2492496305
      20
-33.6828589585
      30
0
      10
-14.3554119181
      20
-34.5573938072
      30
0
      10
-14.3554119181
      20
-34.5573938072
      30
0
      10
-14.3554119181
      20
-35.4125674297
      30
0
      10
-14.3554119181
      20
-36.2677410522
      30
0
      10
-14.3554119181
      20
-37.1229146747
      30
0
      10
-14.3554119181
      20
-37.1229146747
      30
0
      10
-14.2492496305
      20
-37.9446914748
      30
0
      10
-14.1430873429
      20
-38.7664682749
      30
0
      10
-14.0369250553
      20
-39.588245075
      30
0
      10
-14.0369250553
      20
-39.588245075
      30
0
      10
-13.8263428759333
      20
-40.3631375841333
      30
0
      10
-13.6157606965667
      20
-41.1380300932667
      30
0
      10
-13.4051785172
      20
-41.9129226024
      30
0
      10
-13.4051785172
      20
-41.9129226024
      30
0
      10
-13.0936326407333
      20
-42.6282128437
      30
0
      10
-12.7820867642667
      20
-43.343503085
      30
0
      10
-12.4705408878
      20
-44.0587933263
      30
0
      10
-12.4705408878
      20
-44.0587933263
      30
0
      10
-12.0631445823667
      20
-44.7027415492333
      30
0
      10
-11.6557482769333
      20
-45.3466897721667
      30
0
      10
-11.2483519715
      20
-45.9906379951
      30
0
      10
-11.2483519715
      20
-45.9906379951
      30
0
      10
-10.7517916572333
      20
-46.5526753548667
      30
0
      10
-10.2552313429667
      20
-47.1147127146333
      30
0
      10
-9.7586710287
      20
-47.6767500744
      30
0
      10
-9.7586710287
      20
-47.6767500744
      30
0
      10
-9.18109653603333
      20
-48.1476520940333
      30
0
      10
-8.60352204336667
      20
-48.6185541136667
      30
0
      10
-8.0259475507
      20
-49.0894561333
      30
0
      10
-8.0259475507
      20
-49.0894561333
      30
0
      10
-7.37683836096667
      20
-49.4614941008
      30
0
      10
-6.72772917123333
      20
-49.8335320683
      30
0
      10
-6.0786199815
      20
-50.2055700358
      30
0
      10
-6.0786199815
      20
-50.2055700358
      30
0
      10
-5.36862964413333
      20
-50.4726378523333
      30
0
      10
-4.65863930676667
      20
-50.7397056688667
      30
0
      10
-3.9486489694
      20
-51.0067734854
      30
0
      10
-3.9486489694
      20
-51.0067734854
      30
0
      10
-3.1894302499
      20
-51.1644878819667
      30
0
      10
-2.4302115304
      20
-51.3222022785333
      30
0
      10
-1.6709928109
      20
-51.4799166751
      30
0
      10
-1.6709928109
      20
-51.4799166751
      30
0
      10
-0.875006439033333
      20
-51.5256891532
      30
0
      10
-0.0790200671666667
      20
-51.5714616313
      30
0
      10
0.7169663047
      20
-51.6172341094
      30
0
      10
0.7169663047
      20
-51.6172341094
      30
0
      10
1.53665614756667
      20
-51.5503134251
      30
0
      10
2.35634599043333
      20
-51.4833927408
      30
0
      10
3.1760358333
      20
-51.4164720565
      30
0
      10
3.1760358333
      20
-51.4164720565
      30
0
      10
4.00597593096667
      20
-51.2379565502
      30
0
      10
4.83591602863333
      20
-51.0594410439
      30
0
      10
5.6658561263
      20
-50.8809255376
      30
0
      10
5.6658561263
      20
-50.8809255376
      30
0
      10
5.66585612629819
      20
-47.9459636314442
      30
0
      10
5.66585612629638
      20
-45.0110017252884
      30
0
      10
5.66585612629457
      20
-42.0760398191327
      30
0
      10
5.66585612629457
      20
-42.0760398191327
      30
0
      10
2.95250214998807
      20
-43.1927773037101
      30
0
      10
0.215281564364549
      20
-43.402817766249
      30
0
      10
-1.97315983275984
      20
-42.7793125268304
      30
0
      10
-1.97315983275984
      20
-42.7793125268304
      30
0
      10
-4.86993117356817
      20
-41.9641925766874
      30
0
      10
-6.87243375189195
      20
-39.7976523912693
      30
0
      10
-7.52448076402492
      20
-36.6922762289006
      30
0
      10
-7.52448076402492
      20
-36.6922762289006
      30
0
      10
-8.02121993314689
      20
-34.3517516676965
      30
0
      10
-7.66910051617672
      20
-31.4840009582718
      30
0
      10
-6.44597200804329
      20
-28.7112027722746
      30
0
      10
-6.44597200804329
      20
-28.7112027722746
      30
0
      10
-5.14400204804379
      20
-25.7145588338991
      30
0
      10
-2.83597197564818
      20
-22.8747758081384
      30
0
      10
-0.0926431438309149
      20
-20.9111569411647
      30
0
      10
-0.0926431438309149
      20
-20.9111569411647
      30
0
      10
1.73062240022246
      20
-19.5953422898892
      30
0
      10
3.73097827187163
      20
-18.6641644646782
      30
0
      10
5.66585612629478
      20
-18.2059818570659
      30
0
      10
5.66585612629478
      20
-18.2059818570659
      30
0
      10
5.66585612629652
      20
-15.7538818453773
      30
0
      10
5.66585612629826
      20
-13.3017818336886
      30
0
      10
5.6658561263
      20
-10.849681822
      30
0
    1001
FS_CYPCUT
    1000
Channel
    1070
1
    1000
LeadIn
    1002
{
    1070
3
    1040
29.5
    1040
1.5707963267949
    1040
0.5
    1040
0.3
    1070
0
    1040
0.5
    1070
0
    1002
}
    1000
LeadOut
    1002
{
    1070
0
    1040
0
    1040
0
    1040
0
    1070
0
    1002
}
    1000
IsFill
    1070
0
    1000
PathStart
    1040
29.5
    1000
ToolCompensation
    1002
{
    1070
0
    1040
0
    1070
0
    1002
}
       0
SPLINE
       5
20DF
     100
AcDbEntity
       8
1
     100
AcDbSpline
      70
0
      71
3
      72
92
      73
88
      74
0
      40
0
      40
0
      40
0
      40
0
      40
0.0454545454545455
      40
0.0454545454545455
      40
0.0454545454545455
      40
0.0454545454545455
      40
0.0909090909090909
      40
0.0909090909090909
      40
0.0909090909090909
      40
0.0909090909090909
      40
0.136363636363636
      40
0.136363636363636
      40
0.136363636363636
      40
0.136363636363636
      40
0.181818181818182
      40
0.181818181818182
      40
0.181818181818182
      40
0.181818181818182
      40
0.227272727272727
      40
0.227272727272727
      40
0.227272727272727
      40
0.227272727272727
      40
0.272727272727273
      40
0.272727272727273
      40
0.272727272727273
      40
0.272727272727273
      40
0.318181818181818
      40
0.318181818181818
      40
0.318181818181818
      40
0.318181818181818
      40
0.363636363636364
      40
0.363636363636364
      40
0.363636363636364
      40
0.363636363636364
      40
0.409090909090909
      40
0.409090909090909
      40
0.409090909090909
      40
0.409090909090909
      40
0.454545454545455
      40
0.454545454545455
      40
0.454545454545455
      40
0.454545454545455
      40
0.5
      40
0.5
      40
0.5
      40
0.5
      40
0.545454545454545
      40
0.545454545454545
      40
0.545454545454545
      40
0.545454545454545
      40
0.590909090909091
      40
0.590909090909091
      40
0.590909090909091
      40
0.590909090909091
      40
0.636363636363636
      40
0.636363636363636
      40
0.636363636363636
      40
0.636363636363636
      40
0.681818181818182
      40
0.681818181818182
      40
0.681818181818182
      40
0.681818181818182
      40
0.727272727272727
      40
0.727272727272727
      40
0.727272727272727
      40
0.727272727272727
      40
0.772727272727273
      40
0.772727272727273
      40
0.772727272727273
      40
0.772727272727273
      40
0.818181818181818
      40
0.818181818181818
      40
0.818181818181818
      40
0.818181818181818
      40
0.863636363636364
      40
0.863636363636364
      40
0.863636363636364
      40
0.863636363636364
      40
0.909090909090909
      40
0.909090909090909
      40
0.909090909090909
      40
0.909090909090909
      40
0.954545454545455
      40
0.954545454545455
      40
0.954545454545455
      40
0.954545454545455
      40
1
      40
1
      40
1
      40
1
      10
24.8195082654
      20
-26.1060368402
      30
0
      10
24.8195082654
      20
-34.6969680931
      30
0
      10
24.8195082654
      20
-43.287899346
      30
0
      10
24.8195082654
      20
-51.8788305989
      30
0
      10
24.8195082654
      20
-51.8788305989
      30
0
      10
22.4400270104667
      20
-51.8788305989
      30
0
      10
20.0605457555333
      20
-51.8788305989
      30
0
      10
17.6810645006
      20
-51.8788305989
      30
0
      10
17.6810645006
      20
-51.8788305989
      30
0
      10
17.6810645005873
      20
-48.9541787803061
      30
0
      10
17.6810645005746
      20
-46.0295269617122
      30
0
      10
17.6810645005619
      20
-43.1048751431182
      30
0
      10
17.6810645005619
      20
-43.1048751431182
      30
0
      10
16.4376624815333
      20
-44.5245299127131
      30
0
      10
15.0464739782657
      20
-45.8076155603355
      30
0
      10
13.5310904721741
      20
-46.9323737900114
      30
0
      10
13.5310904721741
      20
-46.9323737900114
      30
0
      10
12.0157069660825
      20
-48.0571320196874
      30
0
      10
10.3847430030835
      20
-49.0171688846861
      30
0
      10
8.66585612629999
      20
-49.7962042822
      30
0
      10
8.66585612629999
      20
-49.7962042822
      30
0
      10
8.66585612629827
      20
-46.6901259346866
      30
0
      10
8.66585612629653
      20
-43.5840475871732
      30
0
      10
8.6658561262948
      20
-40.4779692396598
      30
0
      10
8.6658561262948
      20
-40.4779692396598
      30
0
      10
11.0600721590938
      20
-38.8955842155085
      30
0
      10
13.1848149995479
      20
-36.6481042570203
      30
0
      10
14.6399259079062
      20
-34.1580744150901
      30
0
      10
14.6399259079062
      20
-34.1580744150901
      30
0
      10
16.1536959815433
      20
-31.590956243423
      30
0
      10
16.9383032375028
      20
-28.7860323553132
      30
0
      10
16.8977683854211
      20
-26.3200195948244
      30
0
      10
16.8977683854211
      20
-26.3200195948244
      30
0
      10
16.8665315858695
      20
-23.8440362129195
      30
0
      10
16.042487741335
      20
-21.7431300028611
      30
0
      10
14.648943149354
      20
-20.2856490349619
      30
0
      10
14.648943149354
      20
-20.2856490349619
      30
0
      10
13.2169022474482
      20
-18.77752531382
      30
0
      10
11.1390320967492
      20
-17.8967010182779
      30
0
      10
8.66585612629445
      20
-17.8605813186922
      30
0
      10
8.66585612629445
      20
-17.8605813186922
      30
0
      10
8.6658561262963
      20
-15.2747615835948
      30
0
      10
8.66585612629815
      20
-12.6889418484974
      30
0
      10
8.6658561263
      20
-10.1031221134
      30
0
      10
8.6658561263
      20
-10.1031221134
      30
0
      10
9.47094968816667
      20
-10.112130109
      30
0
      10
10.2760432500333
      20
-10.1211381046
      30
0
      10
11.0811368119
      20
-10.1301461002
      30
0
      10
11.0811368119
      20
-10.1301461002
      30
0
      10
11.8543150866667
      20
-10.2496831973333
      30
0
      10
12.6274933614333
      20
-10.3692202944667
      30
0
      10
13.4006716362
      20
-10.4887573916
      30
0
      10
13.4006716362
      20
-10.4887573916
      30
0
      10
14.1296609377
      20
-10.7169260190667
      30
0
      10
14.8586502392
      20
-10.9450946465333
      30
0
      10
15.5876395407
      20
-11.173263274
      30
0
      10
15.5876395407
      20
-11.173263274
      30
0
      10
16.2608676529333
      20
-11.506441408
      30
0
      10
16.9340957651667
      20
-11.839619542
      30
0
      10
17.6073238774
      20
-12.172797676
      30
0
      10
17.6073238774
      20
-12.172797676
      30
0
      10
18.2141037559667
      20
-12.6056963372
      30
0
      10
18.8208836345333
      20
-13.0385949984
      30
0
      10
19.4276635131
      20
-13.4714936596
      30
0
      10
19.4276635131
      20
-13.4714936596
      30
0
      10
19.9583629345667
      20
-13.9972408723
      30
0
      10
20.4890623560333
      20
-14.522988085
      30
0
      10
21.0197617775
      20
-15.0487352977
      30
0
      10
21.0197617775
      20
-15.0487352977
      30
0
      10
21.4659562447
      20
-15.6589851777667
      30
0
      10
21.9121507119
      20
-16.2692350578333
      30
0
      10
22.3583451791
      20
-16.8794849379
      30
0
      10
22.3583451791
      20
-16.8794849379
      30
0
      10
22.7129516544
      20
-17.5645501779333
      30
0
      10
23.0675581297
      20
-18.2496154179667
      30
0
      10
23.422164605
      20
-18.934680658
      30
0
      10
23.422164605
      20
-18.934680658
      30
0
      10
23.6795539484667
      20
-19.6836863071667
      30
0
      10
23.9369432919333
      20
-20.4326919563333
      30
0
      10
24.1943326354
      20
-21.1816976055
      30
0
      10
24.1943326354
      20
-21.1816976055
      30
0
      10
24.3504189640333
      20
-21.9827537017
      30
0
      10
24.5065052926667
      20
-22.7838097979
      30
0
      10
24.6625916213
      20
-23.5848658941
      30
0
      10
24.6625916213
      20
-23.5848658941
      30
0
      10
24.7148971693333
      20
-24.4252562094667
      30
0
      10
24.7672027173667
      20
-25.2656465248333
      30
0
      10
24.8195082654
      20
-26.1060368402
      30
0
    1001
FS_CYPCUT
    1000
Channel
    1070
1
    1000
LeadIn
    1002
{
    1070
3
    1040
0.5
    1040
1.5707963267949
    1040
0.5
    1040
0.3
    1070
0
    1040
0.5
    1070
0
    1002
}
    1000
LeadOut
    1002
{
    1070
0
    1040
0
    1040
0
    1040
0
    1070
0
    1002
}
    1000
IsFill
    1070
0
    1000
PathStart
    1040
0.5
    1000
ToolCompensation
    1002
{
    1070
0
    1040
0
    1070
0
    1002
}
       0
LWPOLYLINE
       5
20E0
     100
AcDbEntity
       8
1
     100
AcDbPolyline
      90
12
      70
1
      10
53.3942645848
      20
-20.0269130576
      42
0
      10
38.4320829531
      20
-20.0269130576
      42
0
      10
40.0983729226
      20
-10.5769130578
      42
0
      10
33.7011852677
      20
-10.5769130578
      42
0
      10
27.9844549766
      20
-42.9981015894
      42
0.386919480687171
      10
37.7425892750525
      20
-51.8788305988583
      42
0
      10
47.4999867363
      20
-51.8788305989
      42
0
      10
47.4999867363
      20
-45.2273530076
      42
0
      10
37.7425892769
      20
-45.2273530076001
      42
-0.466307658154997
      10
34.6404448549
      20
-41.530361248
      42
0
      10
37.3212229705
      20
-26.3269130586
      42
0
      10
53.3942645848
      20
-26.3269130586
      42
0
    1001
FS_CYPCUT
    1000
Channel
    1070
1
    1000
LeadIn
    1002
{
    1070
3
    1040
3.5
    1040
1.5707963267949
    1040
0.5
    1040
0.3
    1070
0
    1040
0.5
    1070
0
    1002
}
    1000
LeadOut
    1002
{
    1070
0
    1040
0
    1040
0
    1040
0
    1070
0
    1002
}
    1000
IsFill
    1070
0
    1000
PathStart
    1040
3.5
    1000
ToolCompensation
    1002
{
    1070
0
    1040
0
    1070
0
    1002
}
       0
LWPOLYLINE
       5
20E1
     100
AcDbEntity
       8
1
     100
AcDbPolyline
      90
4
      70
1
      10
67.5136879914
      20
-20.3783906502
      42
0
      10
61.1165003365
      20
-20.3783906502
      42
0
      10
55.5621228694
      20
-51.8788305989
      42
0
      10
61.9593105242
      20
-51.8788305989
      42
0
    1001
FS_CYPCUT
    1000
Channel
    1070
1
    1000
LeadIn
    1002
{
    1070
3
    1040
1.5
    1040
1.5707963267949
    1040
0.5
    1040
0.3
    1070
0
    1040
0.5
    1070
0
    1002
}
    1000
LeadOut
    1002
{
    1070
0
    1040
0
    1040
0
    1040
0
    1070
0
    1002
}
    1000
IsFill
    1070
0
    1000
PathStart
    1040
1.5
    1000
ToolCompensation
    1002
{
    1070
0
    1040
0
    1070
0
    1002
}
       0
LWPOLYLINE
       5
20E2
     100
AcDbEntity
       8
1
     100
AcDbPolyline
      90
4
      70
1
      10
69.1799779591
      20
-10.9283906502
      42
0
      10
62.7827903042
      20
-10.9283906502
      42
0
      10
61.6719303257
      20
-17.2283906502
      42
0
      10
68.0691179806
      20
-17.2283906502
      42
0
    1001
FS_CYPCUT
    1000
Channel
    1070
1
    1000
LeadIn
    1002
{
    1070
3
    1040
0.499999999999999
    1040
1.5707963267949
    1040
0.5
    1040
0.3
    1070
0
    1040
0.5
    1070
0
    1002
}
    1000
LeadOut
    1002
{
    1070
0
    1040
0
    1040
0
    1040
0
    1070
0
    1002
}
    1000
IsFill
    1070
0
    1000
PathStart
    1040
0.499999999999999
    1000
ToolCompensation
    1002
{
    1070
0
    1040
0
    1070
0
    1002
}
       0
SPLINE
       5
20E3
     100
AcDbEntity
       8
1
     100
AcDbSpline
      70
0
      71
3
      72
136
      73
132
      74
0
      40
0
      40
0
      40
0
      40
0
      40
0.0303030303030303
      40
0.0303030303030303
      40
0.0303030303030303
      40
0.0303030303030303
      40
0.0606060606060606
      40
0.0606060606060606
      40
0.0606060606060606
      40
0.0606060606060606
      40
0.0909090909090909
      40
0.0909090909090909
      40
0.0909090909090909
      40
0.0909090909090909
      40
0.121212121212121
      40
0.121212121212121
      40
0.121212121212121
      40
0.121212121212121
      40
0.151515151515152
      40
0.151515151515152
      40
0.151515151515152
      40
0.151515151515152
      40
0.181818181818182
      40
0.181818181818182
      40
0.181818181818182
      40
0.181818181818182
      40
0.212121212121212
      40
0.212121212121212
      40
0.212121212121212
      40
0.212121212121212
      40
0.242424242424242
      40
0.242424242424242
      40
0.242424242424242
      40
0.242424242424242
      40
0.272727272727273
      40
0.272727272727273
      40
0.272727272727273
      40
0.272727272727273
      40
0.303030303030303
      40
0.303030303030303
      40
0.303030303030303
      40
0.303030303030303
      40
0.333333333333333
      40
0.333333333333333
      40
0.333333333333333
      40
0.333333333333333
      40
0.363636363636364
      40
0.363636363636364
      40
0.363636363636364
      40
0.363636363636364
      40
0.393939393939394
      40
0.393939393939394
      40
0.393939393939394
      40
0.393939393939394
      40
0.424242424242424
      40
0.424242424242424
      40
0.424242424242424
      40
0.424242424242424
      40
0.454545454545455
      40
0.454545454545455
      40
0.454545454545455
      40
0.454545454545455
      40
0.484848484848485
      40
0.484848484848485
      40
0.484848484848485
      40
0.484848484848485
      40
0.515151515151515
      40
0.515151515151515
      40
0.515151515151515
      40
0.515151515151515
      40
0.545454545454545
      40
0.545454545454545
      40
0.545454545454545
      40
0.545454545454545
      40
0.575757575757576
      40
0.575757575757576
      40
0.575757575757576
      40
0.575757575757576
      40
0.606060606060606
      40
0.606060606060606
      40
0.606060606060606
      40
0.606060606060606
      40
0.636363636363636
      40
0.636363636363636
      40
0.636363636363636
      40
0.636363636363636
      40
0.666666666666667
      40
0.666666666666667
      40
0.666666666666667
      40
0.666666666666667
      40
0.696969696969697
      40
0.696969696969697
      40
0.696969696969697
      40
0.696969696969697
      40
0.727272727272727
      40
0.727272727272727
      40
0.727272727272727
      40
0.727272727272727
      40
0.757575757575758
      40
0.757575757575758
      40
0.757575757575758
      40
0.757575757575758
      40
0.787878787878788
      40
0.787878787878788
      40
0.787878787878788
      40
0.787878787878788
      40
0.818181818181818
      40
0.818181818181818
      40
0.818181818181818
      40
0.818181818181818
      40
0.848484848484849
      40
0.848484848484849
      40
0.848484848484849
      40
0.848484848484849
      40
0.878787878787879
      40
0.878787878787879
      40
0.878787878787879
      40
0.878787878787879
      40
0.909090909090909
      40
0.909090909090909
      40
0.909090909090909
      40
0.909090909090909
      40
0.939393939393939
      40
0.939393939393939
      40
0.939393939393939
      40
0.939393939393939
      40
0.96969696969697
      40
0.96969696969697
      40
0.96969696969697
      40
0.96969696969697
      40
1
      40
1
      40
1
      40
1
      10
108.8024008605
      20
-10.5769130603
      30
0
      10
108.8024008605
      20
-12.6769130592
      30
0
      10
108.8024008605
      20
-14.7769130581
      30
0
      10
108.8024008605
      20
-16.876913057
      30
0
      10
108.8024008605
      20
-16.876913057
      30
0
      10
103.968170746536
      20
-16.876913056999
      30
0
      10
99.1339406325723
      20
-16.876913056998
      30
0
      10
94.2997105186084
      20
-16.8769130569971
      30
0
      10
94.2997105186084
      20
-16.8769130569971
      30
0
      10
91.645100967437
      20
-17.1691716802293
      30
0
      10
88.7598743877928
      20
-18.3060118373796
      30
0
      10
86.1748236433271
      20
-20.1381393588289
      30
0
      10
86.1748236433271
      20
-20.1381393588289
      30
0
      10
82.9830484276492
      20
-22.3769726188436
      30
0
      10
80.2915820707903
      20
-25.6638468375727
      30
0
      10
78.7927000681462
      20
-29.1343636515811
      30
0
      10
78.7927000681462
      20
-29.1343636515811
      30
0
      10
77.4138403573138
      20
-32.2770094217675
      30
0
      10
77.0219582472729
      20
-35.524086460362
      30
0
      10
77.5900097383266
      20
-38.1726828429258
      30
0
      10
77.5900097383266
      20
-38.1726828429258
      30
0
      10
78.3888352044365
      20
-41.9355867942376
      30
0
      10
80.9393995549591
      20
-44.480797624296
      30
0
      10
84.6089369983828
      20
-45.2273530078263
      30
0
      10
84.6089369983828
      20
-45.2273530078263
      30
0
      10
90.4835516005667
      20
-45.2273530078
      30
0
      10
96.3581662027333
      20
-45.2273530078
      30
0
      10
102.2327808049
      20
-45.2273530078
      30
0
      10
102.2327808049
      20
-45.2273530078
      30
0
      10
102.2327808049
      20
-47.4445122048333
      30
0
      10
102.2327808049
      20
-49.6616714018667
      30
0
      10
102.2327808049
      20
-51.8788305989
      30
0
      10
102.2327808049
      20
-51.8788305989
      30
0
      10
95.9160188456
      20
-51.8788305989
      30
0
      10
89.5992568863
      20
-51.8788305989
      30
0
      10
83.282494927
      20
-51.8788305989
      30
0
      10
83.282494927
      20
-51.8788305989
      30
0
      10
82.5277967991333
      20
-51.8067349221
      30
0
      10
81.7730986712667
      20
-51.7346392453
      30
0
      10
81.0184005434
      20
-51.6625435685
      30
0
      10
81.0184005434
      20
-51.6625435685
      30
0
      10
80.3098105393333
      20
-51.4795465674333
      30
0
      10
79.6012205352667
      20
-51.2965495663667
      30
0
      10
78.8926305312
      20
-51.1135525653
      30
0
      10
78.8926305312
      20
-51.1135525653
      30
0
      10
78.2415683990667
      20
-50.8226034484667
      30
0
      10
77.5905062669333
      20
-50.5316543316333
      30
0
      10
76.9394441348
      20
-50.2407052148
      30
0
      10
76.9394441348
      20
-50.2407052148
      30
0
      10
76.3564024945333
      20
-49.8464929639333
      30
0
      10
75.7733608542667
      20
-49.4522807130667
      30
0
      10
75.190319214
      20
-49.0580684622
      30
0
      10
75.190319214
      20
-49.0580684622
      30
0
      10
74.6846944564
      20
-48.5669462641
      30
0
      10
74.1790696988
      20
-48.075824066
      30
0
      10
73.6734449412
      20
-47.5847018679
      30
0
      10
73.6734449412
      20
-47.5847018679
      30
0
      10
73.2533857946
      20
-47.0045847252667
      30
0
      10
72.833326648
      20
-46.4244675826333
      30
0
      10
72.4132675014
      20
-45.84435044
      30
0
      10
72.4132675014
      20
-45.84435044
      30
0
      10
72.0855437051333
      20
-45.1845876120333
      30
0
      10
71.7578199088667
      20
-44.5248247840667
      30
0
      10
71.4300961126
      20
-43.8650619561
      30
0
      10
71.4300961126
      20
-43.8650619561
      30
0
      10
71.1999893149667
      20
-43.1362862844667
      30
0
      10
70.9698825173333
      20
-42.4075106128333
      30
0
      10
70.7397757197
      20
-41.6787349412
      30
0
      10
70.7397757197
      20
-41.6787349412
      30
0
      10
70.6109943581333
      20
-40.8926914894667
      30
0
      10
70.4822129965667
      20
-40.1066480377333
      30
0
      10
70.353431635
      20
-39.320604586
      30
0
      10
70.353431635
      20
-39.320604586
      30
0
      10
70.3280511702
      20
-38.4899613541667
      30
0
      10
70.3026707054
      20
-37.6593181223333
      30
0
      10
70.2772902406
      20
-36.8286748905
      30
0
      10
70.2772902406
      20
-36.8286748905
      30
0
      10
70.3557197081
      20
-35.9668186558
      30
0
      10
70.4341491756
      20
-35.1049624211
      30
0
      10
70.5125786431
      20
-34.2431061864
      30
0
      10
70.5125786431
      20
-34.2431061864
      30
0
      10
70.6935540613
      20
-33.3639267596
      30
0
      10
70.8745294795
      20
-32.4847473328
      30
0
      10
71.0555048977
      20
-31.605567906
      30
0
      10
71.0555048977
      20
-31.605567906
      30
0
      10
71.3361096382
      20
-30.7232342812667
      30
0
      10
71.6167143787
      20
-29.8409006565333
      30
0
      10
71.8973191192
      20
-28.9585670318
      30
0
      10
71.8973191192
      20
-28.9585670318
      30
0
      10
72.2730309118667
      20
-28.0872990368
      30
0
      10
72.6487427045333
      20
-27.2160310418
      30
0
      10
73.0244544972
      20
-26.3447630468
      30
0
      10
73.0244544972
      20
-26.3447630468
      30
0
      10
73.4892183115333
      20
-25.4986021737667
      30
0
      10
73.9539821258667
      20
-24.6524413007333
      30
0
      10
74.4187459402
      20
-23.8062804277
      30
0
      10
74.4187459402
      20
-23.8062804277
      30
0
      10
74.9650715694
      20
-22.9988635385333
      30
0
      10
75.5113971986
      20
-22.1914466493667
      30
0
      10
76.0577228278
      20
-21.3840297602
      30
0
      10
76.0577228278
      20
-21.3840297602
      30
0
      10
76.676805602
      20
-20.6283693127
      30
0
      10
77.2958883762
      20
-19.8727088652
      30
0
      10
77.9149711504
      20
-19.1170484177
      30
0
      10
77.9149711504
      20
-19.1170484177
      30
0
      10
78.5968338340333
      20
-18.4253227546333
      30
0
      10
79.2786965176667
      20
-17.7335970915667
      30
0
      10
79.9605592013
      20
-17.0418714285
      30
0
      10
79.9605592013
      20
-17.0418714285
      30
0
      10
80.6942127880333
      20
-16.4252285096333
      30
0
      10
81.4278663747667
      20
-15.8085855907667
      30
0
      10
82.1615199615
      20
-15.1919426719
      30
0
      10
82.1615199615
      20
-15.1919426719
      30
0
      10
82.9351407745
      20
-14.6603204116
      30
0
      10
83.7087615875
      20
-14.1286981513
      30
0
      10
84.4823824005
      20
-13.597075891
      30
0
      10
84.4823824005
      20
-13.597075891
      30
0
      10
85.2835026449333
      20
-13.1590419973667
      30
0
      10
86.0846228893667
      20
-12.7210081037333
      30
0
      10
86.8857431338
      20
-12.2829742101
      30
0
      10
86.8857431338
      20
-12.2829742101
      30
0
      10
87.7014518296
      20
-11.9455881064
      30
0
      10
88.5171605254
      20
-11.6082020027
      30
0
      10
89.3328692212
      20
-11.270815899
      30
0
      10
89.3328692212
      20
-11.270815899
      30
0
      10
90.1500202785667
      20
-11.0395149527667
      30
0
      10
90.9671713359333
      20
-10.8082140065333
      30
0
      10
91.7843223933
      20
-10.5769130603
      30
0
      10
91.7843223933
      20
-10.5769130603
      30
0
      10
97.4570152157
      20
-10.5769130603
      30
0
      10
103.1297080381
      20
-10.5769130603
      30
0
      10
108.8024008605
      20
-10.5769130603
      30
0
    1001
FS_CYPCUT
    1000
Channel
    1070
1
    1000
LeadIn
    1002
{
    1070
3
    1040
8.5
    1040
1.5707963267949
    1040
0.5
    1040
0.3
    1070
0
    1040
0.5
    1070
0
    1002
}
    1000
LeadOut
    1002
{
    1070
0
    1040
0
    1040
0
    1040
0
    1070
0
    1002
}
    1000
IsFill
    1070
0
    1000
PathStart
    1040
8.5
    1000
ToolCompensation
    1002
{
    1070
0
    1040
0
    1070
0
    1002
}
       0
SPLINE
       5
20E4
     100
AcDbEntity
       8
1
     100
AcDbSpline
      70
0
      71
3
      72
132
      73
128
      74
0
      40
0
      40
0
      40
0
      40
0
      40
0.03125
      40
0.03125
      40
0.03125
      40
0.03125
      40
0.0625
      40
0.0625
      40
0.0625
      40
0.0625
      40
0.09375
      40
0.09375
      40
0.09375
      40
0.09375
      40
0.125
      40
0.125
      40
0.125
      40
0.125
      40
0.15625
      40
0.15625
      40
0.15625
      40
0.15625
      40
0.1875
      40
0.1875
      40
0.1875
      40
0.1875
      40
0.21875
      40
0.21875
      40
0.21875
      40
0.21875
      40
0.25
      40
0.25
      40
0.25
      40
0.25
      40
0.28125
      40
0.28125
      40
0.28125
      40
0.28125
      40
0.3125
      40
0.3125
      40
0.3125
      40
0.3125
      40
0.34375
      40
0.34375
      40
0.34375
      40
0.34375
      40
0.375
      40
0.375
      40
0.375
      40
0.375
      40
0.40625
      40
0.40625
      40
0.40625
      40
0.40625
      40
0.4375
      40
0.4375
      40
0.4375
      40
0.4375
      40
0.46875
      40
0.46875
      40
0.46875
      40
0.46875
      40
0.5
      40
0.5
      40
0.5
      40
0.5
      40
0.53125
      40
0.53125
      40
0.53125
      40
0.53125
      40
0.5625
      40
0.5625
      40
0.5625
      40
0.5625
      40
0.59375
      40
0.59375
      40
0.59375
      40
0.59375
      40
0.625
      40
0.625
      40
0.625
      40
0.625
      40
0.65625
      40
0.65625
      40
0.65625
      40
0.65625
      40
0.6875
      40
0.6875
      40
0.6875
      40
0.6875
      40
0.71875
      40
0.71875
      40
0.71875
      40
0.71875
      40
0.75
      40
0.75
      40
0.75
      40
0.75
      40
0.78125
      40
0.78125
      40
0.78125
      40
0.78125
      40
0.8125
      40
0.8125
      40
0.8125
      40
0.8125
      40
0.84375
      40
0.84375
      40
0.84375
      40
0.84375
      40
0.875
      40
0.875
      40
0.875
      40
0.875
      40
0.90625
      40
0.90625
      40
0.90625
      40
0.90625
      40
0.9375
      40
0.9375
      40
0.9375
      40
0.9375
      40
0.96875
      40
0.96875
      40
0.96875
      40
0.96875
      40
1
      40
1
      40
1
      40
1
      10
130.4235843459
      20
-10.8496818224
      30
0
      10
130.4235843459
      20
-13.3017818340667
      30
0
      10
130.4235843459
      20
-15.7538818457333
      30
0
      10
130.4235843459
      20
-18.2059818574
      30
0
      10
130.4235843459
      20
-18.2059818574
      30
0
      10
128.488706491495
      20
-18.6641644650337
      30
0
      10
126.488350619847
      20
-19.5953422902454
      30
0
      10
124.665085075792
      20
-20.9111569415217
      30
0
      10
124.665085075792
      20
-20.9111569415217
      30
0
      10
121.921756243973
      20
-22.8747758084961
      30
0
      10
119.613726171582
      20
-25.7145588342573
      30
0
      10
118.31175621158
      20
-28.7112027726338
      30
0
      10
118.31175621158
      20
-28.7112027726338
      30
0
      10
117.088627703442
      20
-31.4840009586303
      30
0
      10
116.736508286478
      20
-34.3517516680571
      30
0
      10
117.233247455598
      20
-36.692276229261
      30
0
      10
117.233247455598
      20
-36.692276229261
      30
0
      10
117.885294467735
      20
-39.7976523916311
      30
0
      10
119.887797046054
      20
-41.9641925770484
      30
0
      10
122.784568386866
      20
-42.7793125271921
      30
0
      10
122.784568386866
      20
-42.7793125271921
      30
0
      10
124.973009783991
      20
-43.4028177666107
      30
0
      10
127.710230369615
      20
-43.1927773040717
      30
0
      10
130.42358434592
      20
-42.076039819494
      30
0
      10
130.42358434592
      20
-42.076039819494
      30
0
      10
130.4235843459
      20
-45.0110017256333
      30
0
      10
130.4235843459
      20
-47.9459636317667
      30
0
      10
130.4235843459
      20
-50.8809255379
      30
0
      10
130.4235843459
      20
-50.8809255379
      30
0
      10
129.593644248233
      20
-51.0594410442333
      30
0
      10
128.763704150567
      20
-51.2379565505667
      30
0
      10
127.9337640529
      20
-51.4164720569
      30
0
      10
127.9337640529
      20
-51.4164720569
      30
0
      10
127.114074210033
      20
-51.4833927411667
      30
0
      10
126.294384367167
      20
-51.5503134254333
      30
0
      10
125.4746945243
      20
-51.6172341097
      30
0
      10
125.4746945243
      20
-51.6172341097
      30
0
      10
124.678708152433
      20
-51.5714616316
      30
0
      10
123.882721780567
      20
-51.5256891535
      30
0
      10
123.0867354087
      20
-51.4799166754
      30
0
      10
123.0867354087
      20
-51.4799166754
      30
0
      10
122.3275166892
      20
-51.3222022788667
      30
0
      10
121.5682979697
      20
-51.1644878823333
      30
0
      10
120.8090792502
      20
-51.0067734858
      30
0
      10
120.8090792502
      20
-51.0067734858
      30
0
      10
120.099088912833
      20
-50.7397056692667
      30
0
      10
119.389098575467
      20
-50.4726378527333
      30
0
      10
118.6791082381
      20
-50.2055700362
      30
0
      10
118.6791082381
      20
-50.2055700362
      30
0
      10
118.029999048367
      20
-49.8335320687
      30
0
      10
117.380889858633
      20
-49.4614941012
      30
0
      10
116.7317806689
      20
-49.0894561337
      30
0
      10
116.7317806689
      20
-49.0894561337
      30
0
      10
116.154206176233
      20
-48.6185541140667
      30
0
      10
115.576631683567
      20
-48.1476520944333
      30
0
      10
114.9990571909
      20
-47.6767500748
      30
0
      10
114.9990571909
      20
-47.6767500748
      30
0
      10
114.502496876633
      20
-47.114712715
      30
0
      10
114.005936562367
      20
-46.5526753552
      30
0
      10
113.5093762481
      20
-45.9906379954
      30
0
      10
113.5093762481
      20
-45.9906379954
      30
0
      10
113.1019799427
      20
-45.3466897725
      30
0
      10
112.6945836373
      20
-44.7027415496
      30
0
      10
112.2871873319
      20
-44.0587933267
      30
0
      10
112.2871873319
      20
-44.0587933267
      30
0
      10
111.9756414554
      20
-43.3435030854
      30
0
      10
111.6640955789
      20
-42.6282128441
      30
0
      10
111.3525497024
      20
-41.9129226028
      30
0
      10
111.3525497024
      20
-41.9129226028
      30
0
      10
111.141967523033
      20
-41.1380300936333
      30
0
      10
110.931385343667
      20
-40.3631375844667
      30
0
      10
110.7208031643
      20
-39.5882450753
      30
0
      10
110.7208031643
      20
-39.5882450753
      30
0
      10
110.6146408767
      20
-38.7664682752
      30
0
      10
110.5084785891
      20
-37.9446914751
      30
0
      10
110.4023163015
      20
-37.122914675
      30
0
      10
110.4023163015
      20
-37.122914675
      30
0
      10
110.4023163015
      20
-36.2677410525
      30
0
      10
110.4023163015
      20
-35.41256743
      30
0
      10
110.4023163015
      20
-34.5573938075
      30
0
      10
110.4023163015
      20
-34.5573938075
      30
0
      10
110.5084785891
      20
-33.6828589588333
      30
0
      10
110.6146408767
      20
-32.8083241101667
      30
0
      10
110.7208031643
      20
-31.9337892615
      30
0
      10
110.7208031643
      20
-31.9337892615
      30
0
      10
110.931385343667
      20
-31.0542465503
      30
0
      10
111.141967523033
      20
-30.1747038391
      30
0
      10
111.3525497024
      20
-29.2951611279
      30
0
      10
111.3525497024
      20
-29.2951611279
      30
0
      10
111.6640955789
      20
-28.4250461097333
      30
0
      10
111.9756414554
      20
-27.5549310915667
      30
0
      10
112.2871873319
      20
-26.6848160734
      30
0
      10
112.2871873319
      20
-26.6848160734
      30
0
      10
112.6945836373
      20
-25.8384095712333
      30
0
      10
113.1019799427
      20
-24.9920030690667
      30
0
      10
113.5093762481
      20
-24.1455965669
      30
0
      10
113.5093762481
      20
-24.1455965669
      30
0
      10
114.005936562367
      20
-23.3367902859
      30
0
      10
114.502496876633
      20
-22.5279840049
      30
0
      10
114.9990571909
      20
-21.7191777239
      30
0
      10
114.9990571909
      20
-21.7191777239
      30
0
      10
115.576631683567
      20
-20.9612462531667
      30
0
      10
116.154206176233
      20
-20.2033147824333
      30
0
      10
116.7317806689
      20
-19.4453833117
      30
0
      10
116.7317806689
      20
-19.4453833117
      30
0
      10
117.380889858633
      20
-18.7507662538
      30
0
      10
118.029999048367
      20
-18.0561491959
      30
0
      10
118.6791082381
      20
-17.361532138
      30
0
      10
118.6791082381
      20
-17.361532138
      30
0
      10
119.389098575467
      20
-16.7416299435333
      30
0
      10
120.099088912833
      20
-16.1217277490667
      30
0
      10
120.8090792502
      20
-15.5018255546
      30
0
      10
120.8090792502
      20
-15.5018255546
      30
0
      10
121.5682979697
      20
-14.9668124111
      30
0
      10
122.3275166892
      20
-14.4317992676
      30
0
      10
123.0867354087
      20
-13.8967861241
      30
0
      10
123.0867354087
      20
-13.8967861241
      30
0
      10
123.882721780567
      20
-13.4554429718667
      30
0
      10
124.678708152433
      20
-13.0140998196333
      30
0
      10
125.4746945243
      20
-12.5727566674
      30
0
      10
125.4746945243
      20
-12.5727566674
      30
0
      10
126.294384367167
      20
-12.2323270814
      30
0
      10
127.114074210033
      20
-11.8918974954
      30
0
      10
127.9337640529
      20
-11.5514679094
      30
0
      10
127.9337640529
      20
-11.5514679094
      30
0
      10
128.763704150567
      20
-11.3175392137333
      30
0
      10
129.593644248233
      20
-11.0836105180667
      30
0
      10
130.4235843459
      20
-10.8496818224
      30
0
    1001
FS_CYPCUT
    1000
Channel
    1070
1
    1000
LeadIn
    1002
{
    1070
3
    1040
2.5
    1040
1.5707963267949
    1040
0.5
    1040
0.3
    1070
0
    1040
0.5
    1070
0
    1002
}
    1000
LeadOut
    1002
{
    1070
0
    1040
0
    1040
0
    1040
0
    1070
0
    1002
}
    1000
IsFill
    1070
0
    1000
PathStart
    1040
2.5
    1000
ToolCompensation
    1002
{
    1070
0
    1040
0
    1070
0
    1002
}
       0
SPLINE
       5
20E5
     100
AcDbEntity
       8
1
     100
AcDbSpline
      70
0
      71
3
      72
92
      73
88
      74
0
      40
0
      40
0
      40
0
      40
0
      40
0.0454545454545455
      40
0.0454545454545455
      40
0.0454545454545455
      40
0.0454545454545455
      40
0.0909090909090909
      40
0.0909090909090909
      40
0.0909090909090909
      40
0.0909090909090909
      40
0.136363636363636
      40
0.136363636363636
      40
0.136363636363636
      40
0.136363636363636
      40
0.181818181818182
      40
0.181818181818182
      40
0.181818181818182
      40
0.181818181818182
      40
0.227272727272727
      40
0.227272727272727
      40
0.227272727272727
      40
0.227272727272727
      40
0.272727272727273
      40
0.272727272727273
      40
0.272727272727273
      40
0.272727272727273
      40
0.318181818181818
      40
0.318181818181818
      40
0.318181818181818
      40
0.318181818181818
      40
0.363636363636364
      40
0.363636363636364
      40
0.363636363636364
      40
0.363636363636364
      40
0.409090909090909
      40
0.409090909090909
      40
0.409090909090909
      40
0.409090909090909
      40
0.454545454545455
      40
0.454545454545455
      40
0.454545454545455
      40
0.454545454545455
      40
0.5
      40
0.5
      40
0.5
      40
0.5
      40
0.545454545454545
      40
0.545454545454545
      40
0.545454545454545
      40
0.545454545454545
      40
0.590909090909091
      40
0.590909090909091
      40
0.590909090909091
      40
0.590909090909091
      40
0.636363636363636
      40
0.636363636363636
      40
0.636363636363636
      40
0.636363636363636
      40
0.681818181818182
      40
0.681818181818182
      40
0.681818181818182
      40
0.681818181818182
      40
0.727272727272727
      40
0.727272727272727
      40
0.727272727272727
      40
0.727272727272727
      40
0.772727272727273
      40
0.772727272727273
      40
0.772727272727273
      40
0.772727272727273
      40
0.818181818181818
      40
0.818181818181818
      40
0.818181818181818
      40
0.818181818181818
      40
0.863636363636364
      40
0.863636363636364
      40
0.863636363636364
      40
0.863636363636364
      40
0.909090909090909
      40
0.909090909090909
      40
0.909090909090909
      40
0.909090909090909
      40
0.954545454545455
      40
0.954545454545455
      40
0.954545454545455
      40
0.954545454545455
      40
1
      40
1
      40
1
      40
1
      10
149.2523668953
      20
-26.1867598825
      30
0
      10
149.2523668953
      20
-34.7507834546333
      30
0
      10
149.2523668953
      20
-43.3148070267667
      30
0
      10
149.2523668953
      20
-51.8788305989
      30
0
      10
149.2523668953
      20
-51.8788305989
      30
0
      10
146.9811755036
      20
-51.8788305989
      30
0
      10
144.7099841119
      20
-51.8788305989
      30
0
      10
142.4387927202
      20
-51.8788305989
      30
0
      10
142.4387927202
      20
-51.8788305989
      30
0
      10
142.438792720187
      20
-48.9541787804389
      30
0
      10
142.438792720174
      20
-46.0295269619779
      30
0
      10
142.43879272016
      20
-43.1048751435168
      30
0
      10
142.43879272016
      20
-43.1048751435168
      30
0
      10
141.195390701132
      20
-44.5245299131119
      30
0
      10
139.804202197865
      20
-45.8076155607345
      30
0
      10
138.288818691773
      20
-46.9323737904106
      30
0
      10
138.288818691773
      20
-46.9323737904106
      30
0
      10
136.773435185682
      20
-48.0571320200868
      30
0
      10
135.142471222683
      20
-49.0171688850858
      30
0
      10
133.4235843459
      20
-49.7962042826
      30
0
      10
133.4235843459
      20
-49.7962042826
      30
0
      10
133.423584345907
      20
-46.6901259350741
      30
0
      10
133.423584345913
      20
-43.5840475875482
      30
0
      10
133.42358434592
      20
-40.4779692400222
      30
0
      10
133.42358434592
      20
-40.4779692400222
      30
0
      10
135.817800378721
      20
-38.895584215871
      30
0
      10
137.942543219172
      20
-36.648104257381
      30
0
      10
139.397654127532
      20
-34.158074415451
      30
0
      10
139.397654127532
      20
-34.158074415451
      30
0
      10
140.911424201166
      20
-31.5909562437812
      30
0
      10
141.696031457133
      20
-28.7860323556725
      30
0
      10
141.655496605049
      20
-26.3200195951829
      30
0
      10
141.655496605049
      20
-26.3200195951829
      30
0
      10
141.624259805497
      20
-23.8440362132764
      30
0
      10
140.800215960961
      20
-21.7431300032159
      30
0
      10
139.406671368982
      20
-20.2856490353176
      30
0
      10
139.406671368982
      20
-20.2856490353176
      30
0
      10
137.974630467074
      20
-18.7775253141752
      30
0
      10
135.896760316375
      20
-17.8967010186327
      30
0
      10
133.42358434592
      20
-17.8605813190481
      30
0
      10
133.42358434592
      20
-17.8605813190481
      30
0
      10
133.423584345913
      20
-15.3882319803987
      30
0
      10
133.423584345907
      20
-12.9158826417494
      30
0
      10
133.4235843459
      20
-10.4435333031
      30
0
      10
133.4235843459
      20
-10.4435333031
      30
0
      10
134.213080385867
      20
-10.4549353264333
      30
0
      10
135.002576425833
      20
-10.4663373497667
      30
0
      10
135.7920724658
      20
-10.4777393731
      30
0
      10
135.7920724658
      20
-10.4777393731
      30
0
      10
136.5500424717
      20
-10.5973450472667
      30
0
      10
137.3080124776
      20
-10.7169507214333
      30
0
      10
138.0659824835
      20
-10.8365563956
      30
0
      10
138.0659824835
      20
-10.8365563956
      30
0
      10
138.780448011733
      20
-11.0624755536667
      30
0
      10
139.494913539967
      20
-11.2883947117333
      30
0
      10
140.2093790682
      20
-11.5143138698
      30
0
      10
140.2093790682
      20
-11.5143138698
      30
0
      10
140.869049190333
      20
-11.8429762387333
      30
0
      10
141.528719312467
      20
-12.1716386076667
      30
0
      10
142.1883894346
      20
-12.5003009766
      30
0
      10
142.1883894346
      20
-12.5003009766
      30
0
      10
142.782839171733
      20
-12.9265125993667
      30
0
      10
143.377288908867
      20
-13.3527242221333
      30
0
      10
143.971738646
      20
-13.7789358449
      30
0
      10
143.971738646
      20
-13.7789358449
      30
0
      10
144.491573717833
      20
-14.2959611622
      30
0
      10
145.011408789667
      20
-14.8129864795
      30
0
      10
145.5312438615
      20
-15.3300117968
      30
0
      10
145.5312438615
      20
-15.3300117968
      30
0
      10
145.968249147367
      20
-15.9296800913667
      30
0
      10
146.405254433233
      20
-16.5293483859333
      30
0
      10
146.8422597191
      20
-17.1290166805
      30
0
      10
146.8422597191
      20
-17.1290166805
      30
0
      10
147.189529083967
      20
-17.8018512015667
      30
0
      10
147.536798448833
      20
-18.4746857226333
      30
0
      10
147.8840678137
      20
-19.1475202437
      30
0
      10
147.8840678137
      20
-19.1475202437
      30
0
      10
148.1361132482
      20
-19.8828879711
      30
0
      10
148.3881586827
      20
-20.6182556985
      30
0
      10
148.6402041172
      20
-21.3536234259
      30
0
      10
148.6402041172
      20
-21.3536234259
      30
0
      10
148.793042466367
      20
-22.1399031070333
      30
0
      10
148.945880815533
      20
-22.9261827881667
      30
0
      10
149.0987191647
      20
-23.7124624693
      30
0
      10
149.0987191647
      20
-23.7124624693
      30
0
      10
149.1499350749
      20
-24.5372282737
      30
0
      10
149.2011509851
      20
-25.3619940781
      30
0
      10
149.2523668953
      20
-26.1867598825
      30
0
    1001
FS_CYPCUT
    1000
Channel
    1070
1
    1000
LeadIn
    1002
{
    1070
3
    1040
0.5
    1040
1.5707963267949
    1040
0.5
    1040
0.3
    1070
0
    1040
0.5
    1070
0
    1002
}
    1000
LeadOut
    1002
{
    1070
0
    1040
0
    1040
0
    1040
0
    1070
0
    1002
}
    1000
IsFill
    1070
0
    1000
PathStart
    1040
0.5
    1000
ToolCompensation
    1002
{
    1070
0
    1040
0
    1070
0
    1002
}
       0
LWPOLYLINE
       5
20E6
     100
AcDbEntity
       8
1
     100
AcDbPolyline
      90
106
      70
1
      10
66.0433591142
      20
-0.9283906502
      42
0
      10
68.2534310809
      20
2.8354787249
      42
0
      10
70.1470283989
      20
6.5690277329
      42
0
      10
71.7183109019
      20
10.2607414932
      42
0
      10
72.9624324957
      20
13.8992341522
      42
0
      10
73.8755561042
      20
17.4732839988
      42
0
      10
74.4548655038
      20
20.9718680744
      42
0
      10
74.6985740088
      20
24.3841961689
      42
0
      10
74.605929982
      20
27.6997441002
      42
0
      10
74.1772191528
      20
30.908286172
      42
0
      10
73.4137637362
      20
33.9999267117
      42
0
      10
72.3179183543
      20
36.9651305903
      42
0
      10
70.8930627751
      20
39.7947526305
      42
0
      10
69.1435914879
      20
42.4800658114
      42
0
      10
67.0749001505
      20
45.0127881847
      42
0
      10
64.693368948
      20
47.3851084172
      42
0
      10
62.006342915
      20
49.5897098821
      42
0
      10
59.0221092828
      20
51.6197932254
      42
0
      10
55.7498719196
      20
53.4690973353
      42
0
      10
52.1997229449
      20
55.1319186532
      42
0
      10
48.3826116031
      20
56.6031287642
      42
0
      10
44.3103104947
      20
57.8781902137
      42
0
      10
39.9953792676
      20
58.9531705021
      42
0
      10
35.4511258808
      20
59.824754213
      42
0
      10
30.6915655606
      20
60.4902532386
      42
0
      10
25.7313775756
      20
60.9476150703
      42
0
      10
20.585859963
      20
61.1954291287
      42
0
      10
15.2708823471
      20
61.2329311145
      42
0
      10
9.8028369949
      20
61.0600053654
      42
0
      10
4.1985882594
      20
60.6771852128
      42
0
      10
-1.5245794326
      20
60.0856513372
      42
0
      10
-7.3490148886
      20
59.2872281266
      42
0
      10
-13.2567545899
      20
58.2843780498
      42
0
      10
-19.2295780935
      20
57.0801940616
      42
0
      10
-25.2490642273
      20
55.678390064
      42
0
      10
-31.296647904
      20
54.0832894515
      42
0
      10
-37.3536773788
      20
52.2998117773
      42
0
      10
-43.4014717747
      20
50.3334575805
      42
0
      10
-49.4213786968
      20
48.1902914215
      42
0
      10
-55.39483176
      20
45.8769231779
      42
0
      10
-61.3034078508
      20
43.4004876587
      42
0
      10
-67.1288839465
      20
40.7686225992
      42
0
      10
-72.8532933188
      20
37.989445105
      42
0
      10
-78.4589809458
      20
35.0715266175
      42
0
      10
-83.9286579628
      20
32.0238664783
      42
0
      10
-89.2454549846
      20
28.8558641735
      42
0
      10
-94.3929741328
      20
25.5772903443
      42
0
      10
-99.3553396101
      20
22.1982566527
      42
0
      10
-104.1172466633
      20
18.7291845957
      42
0
      10
-108.6640087864
      20
15.1807733631
      42
0
      10
-112.9816030156
      20
11.5639668401
      42
0
      10
-117.0567131786
      20
7.8899198539
      42
0
      10
-120.8767709643
      20
4.1699637711
      42
0
      10
-124.4299946846
      20
0.4155715494
      42
0
      10
-127.7054256121
      20
-3.361677647
      42
0
      10
-130.692961778
      20
-7.1501341589
      42
0
      10
-133.3833891282
      20
-10.9381137621
      42
0
      10
-130.0395331488
      20
-7.9471788233
      42
0
      10
-126.4125011916
      20
-4.9775900035
      42
0
      10
-122.5137504111
      20
-2.0387277105
      42
0
      10
-118.355596274
      20
0.8601247078
      42
0
      10
-113.9511736561
      20
3.7098102875
      42
0
      10
-109.3143953524
      20
6.5013273743
      42
0
      10
-104.459908128
      20
9.2258580575
      42
0
      10
-99.4030464526
      20
11.8747960251
      42
0
      10
-94.1597840608
      20
14.4397737489
      42
0
      10
-88.7466834943
      20
16.9126889164
      42
0
      10
-83.1808437838
      20
19.2857300244
      42
0
      10
-77.4798464358
      20
21.5514010544
      42
0
      10
-71.661699896
      20
23.7025451509
      42
0
      10
-65.744782664
      20
25.7323672288
      42
0
      10
-59.7477852383
      20
27.6344554381
      42
0
      10
-53.6896510767
      20
29.4028014173
      42
0
      10
-47.5895167573
      20
31.0318192731
      42
0
      10
-41.4666515292
      20
32.5163632253
      42
0
      10
-35.3403964444
      20
33.8517438613
      42
0
      10
-29.2301032628
      20
35.0337429489
      42
0
      10
-23.1550733238
      20
36.0586267613
      42
0
      10
-17.1344965759
      20
36.9231578713
      42
0
      10
-11.1873909601
      20
37.6246053775
      42
0
      10
-5.3325423347
      20
38.1607535308
      42
0
      10
0.4115548655
      20
38.5299087337
      42
0
      10
6.0267560499
      20
38.73090489
      42
0
      10
11.4953237876
      20
38.7631070883
      42
0
      10
16.799983837
      20
38.6264136075
      42
0
      10
21.9239797122
      20
38.3212562381
      42
0
      10
26.8511256132
      20
37.8485989186
      42
0
      10
31.5658575546
      20
37.2099346902
      42
0
      10
36.0532825293
      20
36.4072809804
      42
0
      10
40.2992255526
      20
35.443173231
      42
0
      10
44.2902744391
      20
34.3206568884
      42
0
      10
48.0138221686
      20
33.0432777838
      42
0
      10
51.4581067103
      20
31.6150709328
      42
0
      10
54.6122481764
      20
30.0405477889
      42
0
      10
57.4662831899
      20
28.3246819933
      42
0
      10
60.0111963572
      20
26.4728936635
      42
0
      10
62.2389487463
      20
24.4910322727
      42
0
      10
64.14250328
      20
22.3853581714
      42
0
      10
65.7158469651
      20
20.1625228131
      42
0
      10
66.9540098861
      20
17.8295477429
      42
0
      10
67.8530809047
      20
15.3938024178
      42
0
      10
68.410220014
      20
12.862980928
      42
0
      10
68.6236673097
      20
10.2450776924
      42
0
      10
68.4927485494
      20
7.548362206
      42
0
      10
68.0178772825
      20
4.7813529177
      42
0
      10
67.2005535435
      20
1.9527903221
      42
0
    1001
FS_CYPCUT
    1000
Channel
    1070
1
    1000
LeadIn
    1002
{
    1070
3
    1040
39.5
    1040
1.5707963267949
    1040
0.5
    1040
0.3
    1070
0
    1040
0.5
    1070
0
    1002
}
    1000
LeadOut
    1002
{
    1070
0
    1040
0
    1040
0
    1040
0
    1070
0
    1002
}
    1000
IsFill
    1070
0
    1000
PathStart
    1040
39.5
    1000
ToolCompensation
    1002
{
    1070
0
    1040
0
    1070
0
    1002
}
    1000
MicroConnect
    1002
{
    1070
1
    1040
83
    1041
0.6
    1042
0
    1002
}
       0
LWPOLYLINE
       5
20E7
     100
AcDbEntity
       8
1
     100
AcDbPolyline
      90
4
      70
1
      10
186
      20
128.1574330868
      42
0
      10
186
      20
118.1574330868
      42
-1
      10
178
      20
118.1574330868
      42
0
      10
178
      20
128.1574330868
      42
-1.00000000000001
    1001
FS_CYPCUT
    1000
Channel
    1070
1
    1000
LeadIn
    1002
{
    1070
3
    1040
0.499999999999999
    1040
1.5707963267949
    1040
0.5
    1040
0.3
    1070
0
    1040
0.5
    1070
0
    1002
}
    1000
LeadOut
    1002
{
    1070
0
    1040
0
    1040
0
    1040
0
    1070
0
    1002
}
    1000
IsFill
    1070
0
    1000
PathStart
    1040
0.499999999999999
    1000
ToolCompensation
    1002
{
    1070
0
    1040
0
    1070
0
    1002
}
       0
CIRCLE
       5
20E8
     100
AcDbEntity
       8
1
     100
AcDbCircle
      10
297
      20
114.1574330868
      30
0
      40
2.5
    1001
FS_CYPCUT
    1000
Channel
    1070
1
    1000
LeadIn
    1002
{
    1070
3
    1040
0
    1040
1.5707963267949
    1040
0.5
    1040
0.3
    1070
0
    1040
0.5
    1070
0
    1002
}
    1000
LeadOut
    1002
{
    1070
0
    1040
0
    1040
0
    1040
0
    1070
0
    1002
}
    1000
IsFill
    1070
0
    1000
PathStart
    1040
0.999999999999999
    1000
ToolCompensation
    1002
{
    1070
0
    1040
0
    1070
0
    1002
}
       0
CIRCLE
       5
20E9
     100
AcDbEntity
       8
1
     100
AcDbCircle
      10
297
      20
21
      30
0
      40
2.5
    1001
FS_CYPCUT
    1000
Channel
    1070
1
    1000
LeadIn
    1002
{
    1070
3
    1040
0
    1040
1.5707963267949
    1040
0.5
    1040
0.3
    1070
0
    1040
0.5
    1070
0
    1002
}
    1000
LeadOut
    1002
{
    1070
0
    1040
0
    1040
0
    1040
0
    1070
0
    1002
}
    1000
IsFill
    1070
0
    1000
PathStart
    1040
0.999999999999999
    1000
ToolCompensation
    1002
{
    1070
0
    1040
0
    1070
0
    1002
}
       0
LWPOLYLINE
       5
20EA
     100
AcDbEntity
       8
1
     100
AcDbPolyline
      90
8
      70
1
      10
537
      20
113.6574330868
      42
0.41421356237309
      10
527
      20
123.6574330868
      42
0
      10
317
      20
123.6574330868
      42
0.414213562373096
      10
307
      20
113.6574330868
      42
0
      10
307
      20
-26
      42
0.4142135623731
      10
317
      20
-36.0000000000001
      42
0
      10
527
      20
-36
      42
0.414213562373089
      10
537
      20
-26
      42
0
    1001
FS_CYPCUT
    1000
Channel
    1070
1
    1000
LeadIn
    1002
{
    1070
3
    1040
1.50181785285714
    1040
1.5707963267949
    1040
0.5
    1040
0.3
    1070
0
    1040
0.5
    1070
0
    1002
}
    1000
LeadOut
    1002
{
    1070
0
    1040
0
    1040
0
    1040
0
    1070
0
    1002
}
    1000
IsFill
    1070
0
    1000
PathStart
    1040
1.5
    1000
ToolCompensation
    1002
{
    1070
0
    1040
0
    1070
0
    1002
}
    1000
MicroConnect
    1002
{
    1070
3
    1040
1.49896071
    1041
0.6
    1042
0
    1040
5.13685585
    1041
0.6
    1042
0
    1040
5.85250151
    1041
0.6
    1042
0
    1002
}
       0
CIRCLE
       5
20EB
     100
AcDbEntity
       8
1
     100
AcDbCircle
      10
547
      20
114.1574330868
      30
0
      40
2.49999999999989
    1001
FS_CYPCUT
    1000
Channel
    1070
1
    1000
LeadIn
    1002
{
    1070
3
    1040
0
    1040
1.5707963267949
    1040
0.5
    1040
0.3
    1070
0
    1040
0.5
    1070
0
    1002
}
    1000
LeadOut
    1002
{
    1070
0
    1040
0
    1040
0
    1040
0
    1070
0
    1002
}
    1000
IsFill
    1070
0
    1000
PathStart
    1040
0.999999999999998
    1000
ToolCompensation
    1002
{
    1070
0
    1040
0
    1070
0
    1002
}
       0
CIRCLE
       5
20EC
     100
AcDbEntity
       8
1
     100
AcDbCircle
      10
547
      20
21
      30
0
      40
2.5
    1001
FS_CYPCUT
    1000
Channel
    1070
1
    1000
LeadIn
    1002
{
    1070
3
    1040
1.9151347174784E-15
    1040
1.5707963267949
    1040
0.5
    1040
0.3
    1070
0
    1040
0.5
    1070
0
    1002
}
    1000
LeadOut
    1002
{
    1070
0
    1040
0
    1040
0
    1040
0
    1070
0
    1002
}
    1000
IsFill
    1070
0
    1000
PathStart
    1040
1.9151347174784E-15
    1000
ToolCompensation
    1002
{
    1070
0
    1040
0
    1070
0
    1002
}
       0
LINE
       5
20ED
     100
AcDbEntity
       8
2
     100
AcDbLine
      10
592
      20
-88.5866238723
      30
0
      11
442
      21
-88.5866238723
      31
0
    1001
FS_CYPCUT
    1000
Channel
    1070
2
    1000
LeadIn
    1002
{
    1070
3
    1040
0
    1040
1.5707963267949
    1040
0.5
    1040
0.3
    1070
0
    1040
0.5
    1070
0
    1002
}
    1000
LeadOut
    1002
{
    1070
0
    1040
0
    1040
0
    1040
0
    1070
0
    1002
}
    1000
IsFill
    1070
0
    1000
PathStart
    1040
0
    1000
ToolCompensation
    1002
{
    1070
0
    1040
0
    1070
0
    1002
}
       0
LINE
       5
20EE
     100
AcDbEntity
       8
2
     100
AcDbLine
      10
442
      20
-111.4249556048
      30
0
      11
592
      21
-111.4249556048
      31
0
    1001
FS_CYPCUT
    1000
Channel
    1070
2
    1000
LeadIn
    1002
{
    1070
3
    1040
0
    1040
1.5707963267949
    1040
0.5
    1040
0.3
    1070
0
    1040
0.5
    1070
0
    1002
}
    1000
LeadOut
    1002
{
    1070
0
    1040
0
    1040
0
    1040
0
    1070
0
    1002
}
    1000
IsFill
    1070
0
    1000
PathStart
    1040
0
    1000
ToolCompensation
    1002
{
    1070
0
    1040
0
    1070
0
    1002
}
       0
CIRCLE
       5
20EF
     100
AcDbEntity
       8
1
     100
AcDbCircle
      10
517
      20
-126.6766634651
      30
0
      40
3.74999999999993
    1001
FS_CYPCUT
    1000
Channel
    1070
1
    1000
LeadIn
    1002
{
    1070
3
    1040
0
    1040
1.5707963267949
    1040
0.5
    1040
0.3
    1070
0
    1040
0.5
    1070
0
    1002
}
    1000
LeadOut
    1002
{
    1070
0
    1040
0
    1040
0
    1040
0
    1070
0
    1002
}
    1000
IsFill
    1070
0
    1000
PathStart
    1040
0.999999999999999
    1000
ToolCompensation
    1002
{
    1070
0
    1040
0
    1070
0
    1002
}
       0
LINE
       5
20F0
     100
AcDbEntity
       8
2
     100
AcDbLine
      10
537
      20
86.3287165434
      30
0
      11
622
      21
86.3287165434
      31
0
    1001
FS_CYPCUT
    1000
Channel
    1070
2
    1000
LeadIn
    1002
{
    1070
3
    1040
0
    1040
1.5707963267949
    1040
0.5
    1040
0.3
    1070
0
    1040
0.5
    1070
0
    1002
}
    1000
LeadOut
    1002
{
    1070
0
    1040
0
    1040
0
    1040
0
    1070
0
    1002
}
    1000
IsFill
    1070
0
    1000
PathStart
    1040
0
    1000
ToolCompensation
    1002
{
    1070
0
    1040
0
    1070
0
    1002
}
       0
LWPOLYLINE
       5
20F1
     100
AcDbEntity
       8
1
     100
AcDbPolyline
      90
45
      70
1
      10
622
      20
193.6574330868
      42
0.414213562373107
      10
617
      20
198.6574330868
      42
0
      10
-560.5
      20
198.6574330868
      42
0.414213562373095
      10
-563.5
      20
195.6574330868
      42
0
      10
-563.5
      20
157.1574330868
      42
0.414213562373092
      10
-560.5
      20
154.1574330868
      42
0
      10
-484.5
      20
154.1574330868
      42
-0.414213562373087
      10
-481.5
      20
151.1574330868
      42
0
      10
-481.5
      20
147.1574330868
      42
-0.414213562373081
      10
-484.5
      20
144.1574330868
      42
0
      10
-619
      20
144.1574330868
      42
0.414213562373101
      10
-622
      20
141.1574330868
      42
0
      10
-622
      20
94.6574330868
      42
0.414213562373082
      10
-617
      20
89.6574330868
      42
0
      10
-542
      20
89.6574330868
      42
0
      10
-542
      20
89.5174330868
      42
0
      10
-545.1158172695
      20
83.14
      42
0
      10
-577.3574655928
      20
22.5022787121
      42
0.565772778187753
      10
-572.9427276285
      20
15.1549208981999
      42
0
      10
-535
      20
15.1549208982
      42
-0.41421356237312
      10
-530
      20
10.1549208982
      42
0
      10
-530
      20
-131.6766634651
      42
0.41421356237309
      10
-525
      20
-136.6766634651
      42
0
      10
-385
      20
-136.6766634651
      42
0.414213562373095
      10
-380
      20
-131.6766634651
      42
0
      10
-380
      20
-84.8450791018
      42
-0.414213562373089
      10
-375
      20
-79.8450791018
      42
0
      10
-49
      20
-79.8450791018
      42
-0.414213562373097
      10
-43.9999999999998
      20
-84.8450791018
      42
0
      10
-44
      20
-131.6766634651
      42
0.414213562373098
      10
-39
      20
-136.6766634651
      42
0
      10
101
      20
-136.6766634651
      42
0.414213562373096
      10
106
      20
-131.6766634651
      42
0
      10
106
      20
-84.8450791018
      42
-0.414213562373093
      10
111
      20
-79.8450791018001
      42
0
      10
437
      20
-79.8450791017998
      42
-0.414213562373088
      10
442
      20
-84.8450791018
      42
0
      10
442
      20
-131.6766634651
      42
0.414213562373086
      10
447
      20
-136.6766634651
      42
0
      10
587
      20
-136.6766634651
      42
0.414213562373113
      10
592
      20
-131.6766634651
      42
0
      10
592
      20
-61.8450791018
      42
-0.414213562373095
      10
597
      20
-56.8450791017999
      42
0
      10
617
      20
-56.8450791018003
      42
0.414213562373106
      10
622
      20
-51.8450791018
      42
0
    1001
FS_CYPCUT
    1000
Channel
    1070
1
    1000
LeadIn
    1002
{
    1070
3
    1040
1.50027474414013
    1040
1.5707963267949
    1040
0.5
    1040
0.3
    1070
0
    1040
0.5
    1070
0
    1002
}
    1000
LeadOut
    1002
{
    1070
0
    1040
0
    1040
0
    1040
0
    1070
0
    1002
}
    1000
IsFill
    1070
1
    1000
PathStart
    1040
1.5
    1000
ToolCompensation
    1002
{
    1070
0
    1040
0
    1070
0
    1002
}
    1000
MicroConnect
    1002
{
    1070
6
    1040
1.14356092
    1041
0.6
    1042
0
    1040
1.49976519
    1041
0.6
    1042
0
    1040
1.85867594
    1041
0.6
    1042
0
    1040
22.6238386
    1041
0.6
    1042
0
    1040
30.366002
    1041
0.6
    1042
0
    1040
38.3976781
    1041
0.6
    1042
0
    1002
}
       0
ENDBLK
       5
20F2
     330
200E
     100
AcDbEntity
       8
0
     100
AcDbBlockEnd
       0
BLOCK
       5
20F3
     330
200F
     100
AcDbEntity
       8
0
     100
AcDbBlockBegin
       2
Part1062887064
      70
0
      10
-622
      20
-136.676663
      30
0
       3
Part1062887064
       1

       4
CypCutBlock
       0
LINE
       5
20F4
     100
AcDbEntity
       8
2
     100
AcDbLine
      10
-530
      20
-111.4249556048
      30
0
      11
-380
      21
-111.4249556048
      31
0
    1001
FS_CYPCUT
    1000
Channel
    1070
2
    1000
LeadIn
    1002
{
    1070
3
    1040
0
    1040
1.5707963267949
    1040
0.5
    1040
0.3
    1070
0
    1040
0.5
    1070
0
    1002
}
    1000
LeadOut
    1002
{
    1070
0
    1040
0
    1040
0
    1040
0
    1070
0
    1002
}
    1000
IsFill
    1070
0
    1000
PathStart
    1040
0
    1000
ToolCompensation
    1002
{
    1070
0
    1040
0
    1070
0
    1002
}
       0
LINE
       5
20F5
     100
AcDbEntity
       8
2
     100
AcDbLine
      10
-380
      20
-88.5866238723
      30
0
      11
-530
      21
-88.5866238723
      31
0
    1001
FS_CYPCUT
    1000
Channel
    1070
2
    1000
LeadIn
    1002
{
    1070
3
    1040
0
    1040
1.5707963267949
    1040
0.5
    1040
0.3
    1070
0
    1040
0.5
    1070
0
    1002
}
    1000
LeadOut
    1002
{
    1070
0
    1040
0
    1040
0
    1040
0
    1070
0
    1002
}
    1000
IsFill
    1070
0
    1000
PathStart
    1040
0
    1000
ToolCompensation
    1002
{
    1070
0
    1040
0
    1070
0
    1002
}
       0
CIRCLE
       5
20F6
     100
AcDbEntity
       8
1
     100
AcDbCircle
      10
-455
      20
-126.6766634651
      30
0
      40
3.75000000000003
    1001
FS_CYPCUT
    1000
Channel
    1070
1
    1000
LeadIn
    1002
{
    1070
3
    1040
8.60422844084496E-16
    1040
1.5707963267949
    1040
0.5
    1040
0.3
    1070
0
    1040
0.5
    1070
0
    1002
}
    1000
LeadOut
    1002
{
    1070
0
    1040
0
    1040
0
    1040
0
    1070
0
    1002
}
    1000
IsFill
    1070
0
    1000
PathStart
    1040
8.60422844084496E-16
    1000
ToolCompensation
    1002
{
    1070
0
    1040
0
    1070
0
    1002
}
       0
LWPOLYLINE
       5
20F7
     100
AcDbEntity
       8
1
     100
AcDbPolyline
      90
4
      70
1
      10
-464
      20
128.1574330868
      42
1
      10
-472
      20
128.1574330868
      42
0
      10
-472
      20
118.1574330868
      42
1
      10
-464
      20
118.1574330868
      42
0
    1001
FS_CYPCUT
    1000
Channel
    1070
1
    1000
LeadIn
    1002
{
    1070
3
    1040
1.5
    1040
1.5707963267949
    1040
0.5
    1040
0.3
    1070
0
    1040
0.5
    1070
0
    1002
}
    1000
LeadOut
    1002
{
    1070
0
    1040
0
    1040
0
    1040
0
    1070
0
    1002
}
    1000
IsFill
    1070
0
    1000
PathStart
    1040
1.5
    1000
ToolCompensation
    1002
{
    1070
0
    1040
0
    1070
0
    1002
}
       0
LINE
       5
20F8
     100
AcDbEntity
       8
2
     100
AcDbLine
      10
-543.5579086348
      20
86.3287165434
      30
0
      11
307
      21
86.3287165434
      31
0
    1001
FS_CYPCUT
    1000
Channel
    1070
2
    1000
LeadIn
    1002
{
    1070
3
    1040
0
    1040
1.5707963267949
    1040
0.5
    1040
0.3
    1070
0
    1040
0.5
    1070
0
    1002
}
    1000
LeadOut
    1002
{
    1070
0
    1040
0
    1040
0
    1040
0
    1070
0
    1002
}
    1000
IsFill
    1070
0
    1000
PathStart
    1040
0
    1000
ToolCompensation
    1002
{
    1070
0
    1040
0
    1070
0
    1002
}
       0
LWPOLYLINE
       5
20F9
     100
AcDbEntity
       8
1
     100
AcDbPolyline
      90
4
      70
1
      10
-74
      20
128.1574330868
      42
1
      10
-82
      20
128.1574330868
      42
0
      10
-82
      20
118.1574330868
      42
1
      10
-74
      20
118.1574330868
      42
0
    1001
FS_CYPCUT
    1000
Channel
    1070
1
    1000
LeadIn
    1002
{
    1070
3
    1040
1.5
    1040
1.5707963267949
    1040
0.5
    1040
0.3
    1070
0
    1040
0.5
    1070
0
    1002
}
    1000
LeadOut
    1002
{
    1070
0
    1040
0
    1040
0
    1040
0
    1070
0
    1002
}
    1000
IsFill
    1070
0
    1000
PathStart
    1040
1.5
    1000
ToolCompensation
    1002
{
    1070
0
    1040
0
    1070
0
    1002
}
       0
SPLINE
       5
20FA
     100
AcDbEntity
       8
1
     100
AcDbSpline
      70
0
      71
3
      72
244
      73
240
      74
0
      40
0
      40
0
      40
0
      40
0
      40
0.0166666666666667
      40
0.0166666666666667
      40
0.0166666666666667
      40
0.0166666666666667
      40
0.0333333333333333
      40
0.0333333333333333
      40
0.0333333333333333
      40
0.0333333333333333
      40
0.05
      40
0.05
      40
0.05
      40
0.05
      40
0.0666666666666667
      40
0.0666666666666667
      40
0.0666666666666667
      40
0.0666666666666667
      40
0.0833333333333333
      40
0.0833333333333333
      40
0.0833333333333333
      40
0.0833333333333333
      40
0.1
      40
0.1
      40
0.1
      40
0.1
      40
0.116666666666667
      40
0.116666666666667
      40
0.116666666666667
      40
0.116666666666667
      40
0.133333333333333
      40
0.133333333333333
      40
0.133333333333333
      40
0.133333333333333
      40
0.15
      40
0.15
      40
0.15
      40
0.15
      40
0.166666666666667
      40
0.166666666666667
      40
0.166666666666667
      40
0.166666666666667
      40
0.183333333333333
      40
0.183333333333333
      40
0.183333333333333
      40
0.183333333333333
      40
0.2
      40
0.2
      40
0.2
      40
0.2
      40
0.216666666666667
      40
0.216666666666667
      40
0.216666666666667
      40
0.216666666666667
      40
0.233333333333333
      40
0.233333333333333
      40
0.233333333333333
      40
0.233333333333333
      40
0.25
      40
0.25
      40
0.25
      40
0.25
      40
0.266666666666667
      40
0.266666666666667
      40
0.266666666666667
      40
0.266666666666667
      40
0.283333333333333
      40
0.283333333333333
      40
0.283333333333333
      40
0.283333333333333
      40
0.3
      40
0.3
      40
0.3
      40
0.3
      40
0.316666666666667
      40
0.316666666666667
      40
0.316666666666667
      40
0.316666666666667
      40
0.333333333333333
      40
0.333333333333333
      40
0.333333333333333
      40
0.333333333333333
      40
0.35
      40
0.35
      40
0.35
      40
0.35
      40
0.366666666666667
      40
0.366666666666667
      40
0.366666666666667
      40
0.366666666666667
      40
0.383333333333333
      40
0.383333333333333
      40
0.383333333333333
      40
0.383333333333333
      40
0.4
      40
0.4
      40
0.4
      40
0.4
      40
0.416666666666667
      40
0.416666666666667
      40
0.416666666666667
      40
0.416666666666667
      40
0.433333333333333
      40
0.433333333333333
      40
0.433333333333333
      40
0.433333333333333
      40
0.45
      40
0.45
      40
0.45
      40
0.45
      40
0.466666666666667
      40
0.466666666666667
      40
0.466666666666667
      40
0.466666666666667
      40
0.483333333333333
      40
0.483333333333333
      40
0.483333333333333
      40
0.483333333333333
      40
0.5
      40
0.5
      40
0.5
      40
0.5
      40
0.516666666666667
      40
0.516666666666667
      40
0.516666666666667
      40
0.516666666666667
      40
0.533333333333333
      40
0.533333333333333
      40
0.533333333333333
      40
0.533333333333333
      40
0.55
      40
0.55
      40
0.55
      40
0.55
      40
0.566666666666667
      40
0.566666666666667
      40
0.566666666666667
      40
0.566666666666667
      40
0.583333333333333
      40
0.583333333333333
      40
0.583333333333333
      40
0.583333333333333
      40
0.6
      40
0.6
      40
0.6
      40
0.6
      40
0.616666666666667
      40
0.616666666666667
      40
0.616666666666667
      40
0.616666666666667
      40
0.633333333333333
      40
0.633333333333333
      40
0.633333333333333
      40
0.633333333333333
      40
0.65
      40
0.65
      40
0.65
      40
0.65
      40
0.666666666666667
      40
0.666666666666667
      40
0.666666666666667
      40
0.666666666666667
      40
0.683333333333333
      40
0.683333333333333
      40
0.683333333333333
      40
0.683333333333333
      40
0.7
      40
0.7
      40
0.7
      40
0.7
      40
0.716666666666667
      40
0.716666666666667
      40
0.716666666666667
      40
0.716666666666667
      40
0.733333333333333
      40
0.733333333333333
      40
0.733333333333333
      40
0.733333333333333
      40
0.75
      40
0.75
      40
0.75
      40
0.75
      40
0.766666666666667
      40
0.766666666666667
      40
0.766666666666667
      40
0.766666666666667
      40
0.783333333333333
      40
0.783333333333333
      40
0.783333333333333
      40
0.783333333333333
      40
0.8
      40
0.8
      40
0.8
      40
0.8
      40
0.816666666666667
      40
0.816666666666667
      40
0.816666666666667
      40
0.816666666666667
      40
0.833333333333333
      40
0.833333333333333
      40
0.833333333333333
      40
0.833333333333333
      40
0.85
      40
0.85
      40
0.85
      40
0.85
      40
0.866666666666667
      40
0.866666666666667
      40
0.866666666666667
      40
0.866666666666667
      40
0.883333333333333
      40
0.883333333333333
      40
0.883333333333333
      40
0.883333333333333
      40
0.9
      40
0.9
      40
0.9
      40
0.9
      40
0.916666666666667
      40
0.916666666666667
      40
0.916666666666667
      40
0.916666666666667
      40
0.933333333333333
      40
0.933333333333333
      40
0.933333333333333
      40
0.933333333333333
      40
0.95
      40
0.95
      40
0.95
      40
0.95
      40
0.966666666666667
      40
0.966666666666667
      40
0.966666666666667
      40
0.966666666666667
      40
0.983333333333333
      40
0.983333333333333
      40
0.983333333333333
      40
0.983333333333333
      40
1
      40
1
      40
1
      40
1
      10
-85.3049193013
      20
-22.993825906
      30
0
      10
-95.6624717465333
      20
-29.0521895163667
      30
0
      10
-106.020024191767
      20
-35.1105531267333
      30
0
      10
-116.377576637
      20
-41.1689167371
      30
0
      10
-116.377576637
      20
-41.1689167371
      30
0
      10
-116.226203916491
      20
-41.4424039396661
      30
0
      10
-116.06391059815
      20
-41.7006386512442
      30
0
      10
-115.891522812391
      20
-41.9442396638255
      30
0
      10
-115.891522812391
      20
-41.9442396638255
      30
0
      10
-114.850926649076
      20
-43.3974480642615
      30
0
      10
-113.491952642356
      20
-44.3635571256534
      30
0
      10
-111.696421795868
      20
-44.8798515412139
      30
0
      10
-111.696421795868
      20
-44.8798515412139
      30
0
      10
-110.028403387809
      20
-45.3538232428742
      30
0
      10
-107.927807912222
      20
-45.376762866203
      30
0
      10
-105.626357197292
      20
-44.7334468888354
      30
0
      10
-105.626357197292
      20
-44.7334468888354
      30
0
      10
-103.005796437652
      20
-44.0138120541822
      30
0
      10
-100.176370297863
      20
-42.3953300486071
      30
0
      10
-97.7972328766064
      20
-40.0935803063162
      30
0
      10
-97.7972328766064
      20
-40.0935803063162
      30
0
      10
-95.3327907092028
      20
-37.7358772035265
      30
0
      10
-93.3777934054888
      20
-34.6766692295697
      30
0
      10
-92.3333337612463
      20
-31.6116940330448
      30
0
      10
-92.3333337612463
      20
-31.6116940330448
      30
0
      10
-90.0224628638333
      20
-31.611694033
      30
0
      10
-87.7115919664667
      20
-31.611694033
      30
0
      10
-85.4007210691
      20
-31.611694033
      30
0
      10
-85.4007210691
      20
-31.611694033
      30
0
      10
-85.6644977160333
      20
-32.4760249433
      30
0
      10
-85.9282743629667
      20
-33.3403558536
      30
0
      10
-86.1920510099
      20
-34.2046867639
      30
0
      10
-86.1920510099
      20
-34.2046867639
      30
0
      10
-86.5501763528
      20
-35.0521320675333
      30
0
      10
-86.9083016957
      20
-35.8995773711667
      30
0
      10
-87.2664270386
      20
-36.7470226748
      30
0
      10
-87.2664270386
      20
-36.7470226748
      30
0
      10
-87.7133661591333
      20
-37.5644848887333
      30
0
      10
-88.1603052796667
      20
-38.3819471026667
      30
0
      10
-88.6072444002
      20
-39.1994093166
      30
0
      10
-88.6072444002
      20
-39.1994093166
      30
0
      10
-89.1360897403333
      20
-39.9742543540667
      30
0
      10
-89.6649350804667
      20
-40.7490993915333
      30
0
      10
-90.1937804206
      20
-41.523944429
      30
0
      10
-90.1937804206
      20
-41.523944429
      30
0
      10
-90.7963585409333
      20
-42.2441968626333
      30
0
      10
-91.3989366612667
      20
-42.9644492962667
      30
0
      10
-92.0015147816
      20
-43.6847017299
      30
0
      10
-92.0015147816
      20
-43.6847017299
      30
0
      10
-92.6685126837667
      20
-44.3392298748
      30
0
      10
-93.3355105859333
      20
-44.9937580197
      30
0
      10
-94.0025084881
      20
-45.6482861646
      30
0
      10
-94.0025084881
      20
-45.6482861646
      30
0
      10
-94.7236175496
      20
-46.2269741215667
      30
0
      10
-95.4447266111
      20
-46.8056620785333
      30
0
      10
-96.1658356726
      20
-47.3843500355
      30
0
      10
-96.1658356726
      20
-47.3843500355
      30
0
      10
-96.9299109692667
      20
-47.8782540348
      30
0
      10
-97.6939862659333
      20
-48.3721580341
      30
0
      10
-98.4580615626
      20
-48.8660620334
      30
0
      10
-98.4580615626
      20
-48.8660620334
      30
0
      10
-99.2532941160667
      20
-49.2675486629
      30
0
      10
-100.048526669533
      20
-49.6690352924
      30
0
      10
-100.843759223
      20
-50.0705219219
      30
0
      10
-100.843759223
      20
-50.0705219219
      30
0
      10
-101.657858511533
      20
-50.3733861034333
      30
0
      10
-102.471957800067
      20
-50.6762502849667
      30
0
      10
-103.2860570886
      20
-50.9791144665
      30
0
      10
-103.2860570886
      20
-50.9791144665
      30
0
      10
-104.1064410004
      20
-51.178675357
      30
0
      10
-104.9268249122
      20
-51.3782362475
      30
0
      10
-105.747208824
      20
-51.577797138
      30
0
      10
-105.747208824
      20
-51.577797138
      30
0
      10
-106.561198116667
      20
-51.6709704731
      30
0
      10
-107.375187409333
      20
-51.7641438082
      30
0
      10
-108.189176702
      20
-51.8573171433
      30
0
      10
-108.189176702
      20
-51.8573171433
      30
0
      10
-108.9841909637
      20
-51.8426629053667
      30
0
      10
-109.7792052254
      20
-51.8280086674333
      30
0
      10
-110.5742194871
      20
-51.8133544295
      30
0
      10
-110.5742194871
      20
-51.8133544295
      30
0
      10
-111.3379715699
      20
-51.6910991034667
      30
0
      10
-112.1017236527
      20
-51.5688437774333
      30
0
      10
-112.8654757355
      20
-51.4465884514
      30
0
      10
-112.8654757355
      20
-51.4465884514
      30
0
      10
-113.586161656433
      20
-51.2186215245333
      30
0
      10
-114.306847577367
      20
-50.9906545976667
      30
0
      10
-115.0275334983
      20
-50.7626876708
      30
0
      10
-115.0275334983
      20
-50.7626876708
      30
0
      10
-115.694014872833
      20
-50.43253243
      30
0
      10
-116.360496247367
      20
-50.1023771892
      30
0
      10
-117.0269776219
      20
-49.7722219484
      30
0
      10
-117.0269776219
      20
-49.7722219484
      30
0
      10
-117.628953810667
      20
-49.3449810270333
      30
0
      10
-118.230929999433
      20
-48.9177401056667
      30
0
      10
-118.8329061882
      20
-48.4904991843
      30
0
      10
-118.8329061882
      20
-48.4904991843
      30
0
      10
-119.361073495833
      20
-47.9727756996
      30
0
      10
-119.889240803467
      20
-47.4550522149
      30
0
      10
-120.4174081111
      20
-46.9373287302
      30
0
      10
-120.4174081111
      20
-46.9373287302
      30
0
      10
-120.8636035773
      20
-46.3371242305
      30
0
      10
-121.3097990435
      20
-45.7369197308
      30
0
      10
-121.7559945097
      20
-45.1367152311
      30
0
      10
-121.7559945097
      20
-45.1367152311
      30
0
      10
-122.113322069933
      20
-44.4633060298667
      30
0
      10
-122.470649630167
      20
-43.7898968286333
      30
0
      10
-122.8279771904
      20
-43.1164876274
      30
0
      10
-122.8279771904
      20
-43.1164876274
      30
0
      10
-123.090914256167
      20
-42.3802814353667
      30
0
      10
-123.353851321933
      20
-41.6440752433333
      30
0
      10
-123.6167883877
      20
-40.9078690513
      30
0
      10
-123.6167883877
      20
-40.9078690513
      30
0
      10
-123.7812711997
      20
-40.1202441227
      30
0
      10
-123.9457540117
      20
-39.3326191941
      30
0
      10
-124.1102368237
      20
-38.5449942655
      30
0
      10
-124.1102368237
      20
-38.5449942655
      30
0
      10
-124.173723258133
      20
-37.7181235442
      30
0
      10
-124.237209692567
      20
-36.8912528229
      30
0
      10
-124.300696127
      20
-36.0643821016
      30
0
      10
-124.300696127
      20
-36.0643821016
      30
0
      10
-124.262204984867
      20
-35.2110450852667
      30
0
      10
-124.223713842733
      20
-34.3577080689333
      30
0
      10
-124.1852227006
      20
-33.5043710526
      30
0
      10
-124.1852227006
      20
-33.5043710526
      30
0
      10
-124.0453488723
      20
-32.6377562821667
      30
0
      10
-123.905475044
      20
-31.7711415117333
      30
0
      10
-123.7656012157
      20
-30.9045267413
      30
0
      10
-123.7656012157
      20
-30.9045267413
      30
0
      10
-123.5265064869
      20
-30.0380279688
      30
0
      10
-123.2874117581
      20
-29.1715291963
      30
0
      10
-123.0483170293
      20
-28.3050304238
      30
0
      10
-123.0483170293
      20
-28.3050304238
      30
0
      10
-122.713696669933
      20
-27.4520396084667
      30
0
      10
-122.379076310567
      20
-26.5990487931333
      30
0
      10
-122.0444559512
      20
-25.7460579778
      30
0
      10
-122.0444559512
      20
-25.7460579778
      30
0
      10
-121.619481604167
      20
-24.9197583100333
      30
0
      10
-121.194507257133
      20
-24.0934586422667
      30
0
      10
-120.7695329101
      20
-23.2671589745
      30
0
      10
-120.7695329101
      20
-23.2671589745
      30
0
      10
-120.260772662167
      20
-22.4803211260667
      30
0
      10
-119.752012414233
      20
-21.6934832776333
      30
0
      10
-119.2432521663
      20
-20.9066454292
      30
0
      10
-119.2432521663
      20
-20.9066454292
      30
0
      10
-118.6585690367
      20
-20.1714301795
      30
0
      10
-118.0738859071
      20
-19.4362149298
      30
0
      10
-117.4892027775
      20
-18.7009996801
      30
0
      10
-117.4892027775
      20
-18.7009996801
      30
0
      10
-116.8376331929
      20
-18.0287699681333
      30
0
      10
-116.1860636083
      20
-17.3565402561667
      30
0
      10
-115.5344940237
      20
-16.6843105442
      30
0
      10
-115.5344940237
      20
-16.6843105442
      30
0
      10
-114.826108158067
      20
-16.0854558513667
      30
0
      10
-114.117722292433
      20
-15.4866011585333
      30
0
      10
-113.4093364268
      20
-14.8877464657
      30
0
      10
-113.4093364268
      20
-14.8877464657
      30
0
      10
-112.655082564133
      20
-14.3715222438333
      30
0
      10
-111.900828701467
      20
-13.8552980219667
      30
0
      10
-111.1465748388
      20
-13.3390738001
      30
0
      10
-111.1465748388
      20
-13.3390738001
      30
0
      10
-110.358110164633
      20
-12.9134584260667
      30
0
      10
-109.569645490467
      20
-12.4878430520333
      30
0
      10
-108.7811808163
      20
-12.062227678
      30
0
      10
-108.7811808163
      20
-12.062227678
      30
0
      10
-107.970691253
      20
-11.7337991457667
      30
0
      10
-107.1602016897
      20
-11.4053706135333
      30
0
      10
-106.3497121264
      20
-11.0769420813
      30
0
      10
-106.3497121264
      20
-11.0769420813
      30
0
      10
-105.5297239967
      20
-10.8507763375333
      30
0
      10
-104.709735867
      20
-10.6246105937667
      30
0
      10
-103.8897477373
      20
-10.39844485
      30
0
      10
-103.8897477373
      20
-10.39844485
      30
0
      10
-103.889747737294
      20
-12.6892455653866
      30
0
      10
-103.889747737289
      20
-14.9800462807732
      30
0
      10
-103.889747737284
      20
-17.2708469961599
      30
0
      10
-103.889747737284
      20
-17.2708469961599
      30
0
      10
-106.064574732568
      20
-17.9546416272365
      30
0
      10
-108.352158041388
      20
-19.235974193072
      30
0
      10
-110.385833888054
      20
-21.0032972211263
      30
0
      10
-110.385833888054
      20
-21.0032972211263
      30
0
      10
-112.854042012655
      20
-23.1306576160778
      30
0
      10
-114.920256667784
      20
-25.9642632178469
      30
0
      10
-116.16647815367
      20
-28.912151705853
      30
0
      10
-116.16647815367
      20
-28.912151705853
      30
0
      10
-117.375062984059
      20
-31.7305047758581
      30
0
      10
-117.824525636837
      20
-34.6201964130171
      30
0
      10
-117.593784544914
      20
-37.0163295940729
      30
0
      10
-117.593784544914
      20
-37.0163295940729
      30
0
      10
-109.992322885276
      20
-32.5700650013486
      30
0
      10
-102.390861225638
      20
-28.1238004086243
      30
0
      10
-94.789399566
      20
-23.6775358159
      30
0
      10
-94.789399566
      20
-23.6775358159
      30
0
      10
-94.4459865456514
      20
-23.4766658752077
      30
0
      10
-94.1437167468256
      20
-23.2125426552895
      30
0
      10
-93.8986120133871
      20
-22.8991660364649
      30
0
      10
-93.8986120133871
      20
-22.8991660364649
      30
0
      10
-93.6535072799485
      20
-22.5857894176404
      30
0
      10
-93.4699761038804
      20
-22.2287958406769
      30
0
      10
-93.357746575351
      20
-21.8471077893759
      30
0
      10
-93.357746575351
      20
-21.8471077893759
      30
0
      10
-93.2455170468216
      20
-21.4654197380749
      30
0
      10
-93.2066077436441
      20
-21.0659023132879
      30
0
      10
-93.2430810577118
      20
-20.6697319800463
      30
0
      10
-93.2430810577118
      20
-20.6697319800463
      30
0
      10
-93.2795543717795
      20
-20.2735616468046
      30
0
      10
-93.390754288374
      20
-19.8878639865427
      30
0
      10
-93.5707866436889
      20
-19.5330829461535
      30
0
      10
-93.5707866436889
      20
-19.5330829461535
      30
0
      10
-93.7508189990038
      20
-19.1783019057642
      30
0
      10
-93.9964457030031
      20
-18.8608186324023
      30
0
      10
-94.2946472852325
      20
-18.5974613618822
      30
0
      10
-94.2946472852325
      20
-18.5974613618822
      30
0
      10
-95.0111194272083
      20
-17.9655143107028
      30
0
      10
-95.8388225627009
      20
-17.476806105826
      30
0
      10
-96.8036001485
      20
-17.1359472101096
      30
0
      10
-96.8036001485
      20
-17.1359472101096
      30
0
      10
-97.9658811872679
      20
-16.7268236842183
      30
0
      10
-99.3410287227829
      20
-16.5388778495445
      30
0
      10
-100.889747737284
      20
-16.6661578056373
      30
0
      10
-100.889747737284
      20
-16.6661578056373
      30
0
      10
-100.8897477373
      20
-14.5614911555333
      30
0
      10
-100.8897477373
      20
-12.4568245054667
      30
0
      10
-100.8897477373
      20
-10.3521578554
      30
0
      10
-100.8897477373
      20
-10.3521578554
      30
0
      10
-99.0448742732204
      20
-10.2058720785698
      30
0
      10
-97.1889161878811
      20
-10.4127907730042
      30
0
      10
-95.42156038261
      20
-10.961799957392
      30
0
      10
-95.42156038261
      20
-10.961799957392
      30
0
      10
-93.6542045773388
      20
-11.5108091417797
      30
0
      10
-92.0076705450579
      20
-12.3919001933649
      30
0
      10
-90.5703966383924
      20
-13.5577481011927
      30
0
      10
-90.5703966383924
      20
-13.5577481011927
      30
0
      10
-89.133122731727
      20
-14.7235960090204
      30
0
      10
-87.9313109391644
      20
-16.1529469721853
      30
0
      10
-87.029512768913
      20
-17.7690279377
      30
0
      10
-87.029512768913
      20
-17.7690279377
      30
0
      10
-86.1277145986615
      20
-19.3851089032147
      30
0
      10
-85.5423701357775
      20
-21.1584581695505
      30
0
      10
-85.3049193013321
      20
-22.9938259060515
      30
0
    1001
FS_CYPCUT
    1000
Channel
    1070
1
    1000
LeadIn
    1002
{
    1070
3
    1040
0.5
    1040
1.5707963267949
    1040
0.5
    1040
0.3
    1070
0
    1040
0.5
    1070
0
    1002
}
    1000
LeadOut
    1002
{
    1070
0
    1040
0
    1040
0
    1040
0
    1070
0
    1002
}
    1000
IsFill
    1070
0
    1000
PathStart
    1040
0.5
    1000
ToolCompensation
    1002
{
    1070
0
    1040
0
    1070
0
    1002
}
       0
LWPOLYLINE
       5
20FB
     100
AcDbEntity
       8
1
     100
AcDbPolyline
      90
12
      70
1
      10
-45.0989073794
      20
-10.5769130584
      42
0
      10
-45.0989073794
      20
-16.8769130582
      42
0
      10
-63.3674982214
      20
-16.8769130582
      42
0.761737062257188
      10
-65.7875047094395
      20
-25.6601384833963
      42
0
      10
-59.1872503606128
      20
-29.5960111043954
      42
-0.865240744479164
      10
-62.4239073859643
      20
-51.8788305989474
      42
0
      10
-83.5922424996
      20
-51.8788305989
      42
0
      10
-83.5922424996
      20
-45.2273530073
      42
0
      10
-66.6417001886989
      20
-45.2273530072515
      42
0.73516930096669
      10
-63.9510907546
      20
-36.6182513252
      42
0
      10
-72.5453311728931
      20
-30.6648169834685
      42
-0.735169300966689
      10
-66.2672424931
      20
-10.5769130584
      42
0
    1001
FS_CYPCUT
    1000
Channel
    1070
1
    1000
LeadIn
    1002
{
    1070
3
    1040
4.5
    1040
1.5707963267949
    1040
0.5
    1040
0.3
    1070
0
    1040
0.5
    1070
0
    1002
}
    1000
LeadOut
    1002
{
    1070
0
    1040
0
    1040
0
    1040
0
    1070
0
    1002
}
    1000
IsFill
    1070
0
    1000
PathStart
    1040
4.5
    1000
ToolCompensation
    1002
{
    1070
0
    1040
0
    1070
0
    1002
}
       0
LINE
       5
20FC
     100
AcDbEntity
       8
2
     100
AcDbLine
      10
-44
      20
-88.5866238723
      30
0
      11
106
      21
-88.5866238723
      31
0
    1001
FS_CYPCUT
    1000
Channel
    1070
2
    1000
LeadIn
    1002
{
    1070
3
    1040
0
    1040
1.5707963267949
    1040
0.5
    1040
0.3
    1070
0
    1040
0.5
    1070
0
    1002
}
    1000
LeadOut
    1002
{
    1070
0
    1040
0
    1040
0
    1040
0
    1070
0
    1002
}
    1000
IsFill
    1070
0
    1000
PathStart
    1040
0
    1000
ToolCompensation
    1002
{
    1070
0
    1040
0
    1070
0
    1002
}
       0
LINE
       5
20FD
     100
AcDbEntity
       8
2
     100
AcDbLine
      10
106
      20
-111.4249556048
      30
0
      11
-44
      21
-111.4249556048
      31
0
    1001
FS_CYPCUT
    1000
Channel
    1070
2
    1000
LeadIn
    1002
{
    1070
3
    1040
0
    1040
1.5707963267949
    1040
0.5
    1040
0.3
    1070
0
    1040
0.5
    1070
0
    1002
}
    1000
LeadOut
    1002
{
    1070
0
    1040
0
    1040
0
    1040
0
    1070
0
    1002
}
    1000
IsFill
    1070
0
    1000
PathStart
    1040
0
    1000
ToolCompensation
    1002
{
    1070
0
    1040
0
    1070
0
    1002
}
       0
CIRCLE
       5
20FE
     100
AcDbEntity
       8
1
     100
AcDbCircle
      10
31
      20
-126.6766634651
      30
0
      40
3.75
    1001
FS_CYPCUT
    1000
Channel
    1070
1
    1000
LeadIn
    1002
{
    1070
3
    1040
0
    1040
1.5707963267949
    1040
0.5
    1040
0.3
    1070
0
    1040
0.5
    1070
0
    1002
}
    1000
LeadOut
    1002
{
    1070
0
    1040
0
    1040
0
    1040
0
    1070
0
    1002
}
    1000
IsFill
    1070
0
    1000
PathStart
    1040
1
    1000
ToolCompensation
    1002
{
    1070
0
    1040
0
    1070
0
    1002
}
       0
LWPOLYLINE
       5
20FF
     100
AcDbEntity
       8
1
     100
AcDbPolyline
      90
12
      70
1
      10
-15.9553273573
      20
-20.0269130574
      42
0
      10
-30.917508989
      20
-20.0269130574
      42
0
      10
-29.2512190195
      20
-10.5769130576
      42
0
      10
-35.6484066744
      20
-10.5769130576
      42
0
      10
-41.3651369656558
      20
-42.9981015898522
      42
0.386919480665599
      10
-31.6070026671646
      20
-51.8788305988588
      42
0
      10
-21.8496052059
      20
-51.8788305989
      42
0
      10
-21.8496052059
      20
-45.2273530074
      42
0
      10
-31.6070026653
      20
-45.2273530074
      42
-0.466307658154998
      10
-34.7091470873
      20
-41.5303612478
      42
0
      10
-32.0283689717
      20
-26.3269130584
      42
0
      10
-15.9553273573
      20
-26.3269130584
      42
0
    1001
FS_CYPCUT
    1000
Channel
    1070
1
    1000
LeadIn
    1002
{
    1070
3
    1040
3.5
    1040
1.5707963267949
    1040
0.5
    1040
0.3
    1070
0
    1040
0.5
    1070
0
    1002
}
    1000
LeadOut
    1002
{
    1070
0
    1040
0
    1040
0
    1040
0
    1070
0
    1002
}
    1000
IsFill
    1070
0
    1000
PathStart
    1040
3.5
    1000
ToolCompensation
    1002
{
    1070
0
    1040
0
    1070
0
    1002
}
       0
SPLINE
       5
2100
     100
AcDbEntity
       8
1
     100
AcDbSpline
      70
0
      71
3
      72
132
      73
128
      74
0
      40
0
      40
0
      40
0
      40
0
      40
0.03125
      40
0.03125
      40
0.03125
      40
0.03125
      40
0.0625
      40
0.0625
      40
0.0625
      40
0.0625
      40
0.09375
      40
0.09375
      40
0.09375
      40
0.09375
      40
0.125
      40
0.125
      40
0.125
      40
0.125
      40
0.15625
      40
0.15625
      40
0.15625
      40
0.15625
      40
0.1875
      40
0.1875
      40
0.1875
      40
0.1875
      40
0.21875
      40
0.21875
      40
0.21875
      40
0.21875
      40
0.25
      40
0.25
      40
0.25
      40
0.25
      40
0.28125
      40
0.28125
      40
0.28125
      40
0.28125
      40
0.3125
      40
0.3125
      40
0.3125
      40
0.3125
      40
0.34375
      40
0.34375
      40
0.34375
      40
0.34375
      40
0.375
      40
0.375
      40
0.375
      40
0.375
      40
0.40625
      40
0.40625
      40
0.40625
      40
0.40625
      40
0.4375
      40
0.4375
      40
0.4375
      40
0.4375
      40
0.46875
      40
0.46875
      40
0.46875
      40
0.46875
      40
0.5
      40
0.5
      40
0.5
      40
0.5
      40
0.53125
      40
0.53125
      40
0.53125
      40
0.53125
      40
0.5625
      40
0.5625
      40
0.5625
      40
0.5625
      40
0.59375
      40
0.59375
      40
0.59375
      40
0.59375
      40
0.625
      40
0.625
      40
0.625
      40
0.625
      40
0.65625
      40
0.65625
      40
0.65625
      40
0.65625
      40
0.6875
      40
0.6875
      40
0.6875
      40
0.6875
      40
0.71875
      40
0.71875
      40
0.71875
      40
0.71875
      40
0.75
      40
0.75
      40
0.75
      40
0.75
      40
0.78125
      40
0.78125
      40
0.78125
      40
0.78125
      40
0.8125
      40
0.8125
      40
0.8125
      40
0.8125
      40
0.84375
      40
0.84375
      40
0.84375
      40
0.84375
      40
0.875
      40
0.875
      40
0.875
      40
0.875
      40
0.90625
      40
0.90625
      40
0.90625
      40
0.90625
      40
0.9375
      40
0.9375
      40
0.9375
      40
0.9375
      40
0.96875
      40
0.96875
      40
0.96875
      40
0.96875
      40
1
      40
1
      40
1
      40
1
      10
5.6658561263
      20
-10.849681822
      30
0
      10
4.83591602863333
      20
-11.0836105176667
      30
0
      10
4.00597593096667
      20
-11.3175392133333
      30
0
      10
3.1760358333
      20
-11.551467909
      30
0
      10
3.1760358333
      20
-11.551467909
      30
0
      10
2.35634599043333
      20
-11.891897495
      30
0
      10
1.53665614756667
      20
-12.232327081
      30
0
      10
0.7169663047
      20
-12.572756667
      30
0
      10
0.7169663047
      20
-12.572756667
      30
0
      10
-0.0790200671666667
      20
-13.0140998192667
      30
0
      10
-0.875006439033333
      20
-13.4554429715333
      30
0
      10
-1.6709928109
      20
-13.8967861238
      30
0
      10
-1.6709928109
      20
-13.8967861238
      30
0
      10
-2.4302115304
      20
-14.4317992672667
      30
0
      10
-3.1894302499
      20
-14.9668124107333
      30
0
      10
-3.9486489694
      20
-15.5018255542
      30
0
      10
-3.9486489694
      20
-15.5018255542
      30
0
      10
-4.65863930676667
      20
-16.1217277487
      30
0
      10
-5.36862964413333
      20
-16.7416299432
      30
0
      10
-6.0786199815
      20
-17.3615321377
      30
0
      10
-6.0786199815
      20
-17.3615321377
      30
0
      10
-6.72772917123333
      20
-18.0561491955667
      30
0
      10
-7.37683836096667
      20
-18.7507662534333
      30
0
      10
-8.0259475507
      20
-19.4453833113
      30
0
      10
-8.0259475507
      20
-19.4453833113
      30
0
      10
-8.60352204336667
      20
-20.2033147820667
      30
0
      10
-9.18109653603333
      20
-20.9612462528333
      30
0
      10
-9.7586710287
      20
-21.7191777236
      30
0
      10
-9.7586710287
      20
-21.7191777236
      30
0
      10
-10.2552313429667
      20
-22.5279840045667
      30
0
      10
-10.7517916572333
      20
-23.3367902855333
      30
0
      10
-11.2483519715
      20
-24.1455965665
      30
0
      10
-11.2483519715
      20
-24.1455965665
      30
0
      10
-11.6557482769333
      20
-24.9920030687
      30
0
      10
-12.0631445823667
      20
-25.8384095709
      30
0
      10
-12.4705408878
      20
-26.6848160731
      30
0
      10
-12.4705408878
      20
-26.6848160731
      30
0
      10
-12.7820867642667
      20
-27.5549310912333
      30
0
      10
-13.0936326407333
      20
-28.4250461093667
      30
0
      10
-13.4051785172
      20
-29.2951611275
      30
0
      10
-13.4051785172
      20
-29.2951611275
      30
0
      10
-13.6157606965667
      20
-30.1747038387
      30
0
      10
-13.8263428759333
      20
-31.0542465499
      30
0
      10
-14.0369250553
      20
-31.9337892611
      30
0
      10
-14.0369250553
      20
-31.9337892611
      30
0
      10
-14.1430873429
      20
-32.8083241098
      30
0
      10
-14.2492496305
      20
-33.6828589585
      30
0
      10
-14.3554119181
      20
-34.5573938072
      30
0
      10
-14.3554119181
      20
-34.5573938072
      30
0
      10
-14.3554119181
      20
-35.4125674297
      30
0
      10
-14.3554119181
      20
-36.2677410522
      30
0
      10
-14.3554119181
      20
-37.1229146747
      30
0
      10
-14.3554119181
      20
-37.1229146747
      30
0
      10
-14.2492496305
      20
-37.9446914748
      30
0
      10
-14.1430873429
      20
-38.7664682749
      30
0
      10
-14.0369250553
      20
-39.588245075
      30
0
      10
-14.0369250553
      20
-39.588245075
      30
0
      10
-13.8263428759333
      20
-40.3631375841333
      30
0
      10
-13.6157606965667
      20
-41.1380300932667
      30
0
      10
-13.4051785172
      20
-41.9129226024
      30
0
      10
-13.4051785172
      20
-41.9129226024
      30
0
      10
-13.0936326407333
      20
-42.6282128437
      30
0
      10
-12.7820867642667
      20
-43.343503085
      30
0
      10
-12.4705408878
      20
-44.0587933263
      30
0
      10
-12.4705408878
      20
-44.0587933263
      30
0
      10
-12.0631445823667
      20
-44.7027415492333
      30
0
      10
-11.6557482769333
      20
-45.3466897721667
      30
0
      10
-11.2483519715
      20
-45.9906379951
      30
0
      10
-11.2483519715
      20
-45.9906379951
      30
0
      10
-10.7517916572333
      20
-46.5526753548667
      30
0
      10
-10.2552313429667
      20
-47.1147127146333
      30
0
      10
-9.7586710287
      20
-47.6767500744
      30
0
      10
-9.7586710287
      20
-47.6767500744
      30
0
      10
-9.18109653603333
      20
-48.1476520940333
      30
0
      10
-8.60352204336667
      20
-48.6185541136667
      30
0
      10
-8.0259475507
      20
-49.0894561333
      30
0
      10
-8.0259475507
      20
-49.0894561333
      30
0
      10
-7.37683836096667
      20
-49.4614941008
      30
0
      10
-6.72772917123333
      20
-49.8335320683
      30
0
      10
-6.0786199815
      20
-50.2055700358
      30
0
      10
-6.0786199815
      20
-50.2055700358
      30
0
      10
-5.36862964413333
      20
-50.4726378523333
      30
0
      10
-4.65863930676667
      20
-50.7397056688667
      30
0
      10
-3.9486489694
      20
-51.0067734854
      30
0
      10
-3.9486489694
      20
-51.0067734854
      30
0
      10
-3.1894302499
      20
-51.1644878819667
      30
0
      10
-2.4302115304
      20
-51.3222022785333
      30
0
      10
-1.6709928109
      20
-51.4799166751
      30
0
      10
-1.6709928109
      20
-51.4799166751
      30
0
      10
-0.875006439033333
      20
-51.5256891532
      30
0
      10
-0.0790200671666667
      20
-51.5714616313
      30
0
      10
0.7169663047
      20
-51.6172341094
      30
0
      10
0.7169663047
      20
-51.6172341094
      30
0
      10
1.53665614756667
      20
-51.5503134251
      30
0
      10
2.35634599043333
      20
-51.4833927408
      30
0
      10
3.1760358333
      20
-51.4164720565
      30
0
      10
3.1760358333
      20
-51.4164720565
      30
0
      10
4.00597593096667
      20
-51.2379565502
      30
0
      10
4.83591602863333
      20
-51.0594410439
      30
0
      10
5.6658561263
      20
-50.8809255376
      30
0
      10
5.6658561263
      20
-50.8809255376
      30
0
      10
5.66585612629819
      20
-47.9459636314442
      30
0
      10
5.66585612629638
      20
-45.0110017252884
      30
0
      10
5.66585612629457
      20
-42.0760398191327
      30
0
      10
5.66585612629457
      20
-42.0760398191327
      30
0
      10
2.95250214998807
      20
-43.1927773037101
      30
0
      10
0.215281564364549
      20
-43.402817766249
      30
0
      10
-1.97315983275984
      20
-42.7793125268304
      30
0
      10
-1.97315983275984
      20
-42.7793125268304
      30
0
      10
-4.86993117356817
      20
-41.9641925766874
      30
0
      10
-6.87243375189195
      20
-39.7976523912693
      30
0
      10
-7.52448076402492
      20
-36.6922762289006
      30
0
      10
-7.52448076402492
      20
-36.6922762289006
      30
0
      10
-8.02121993314689
      20
-34.3517516676965
      30
0
      10
-7.66910051617672
      20
-31.4840009582718
      30
0
      10
-6.44597200804329
      20
-28.7112027722746
      30
0
      10
-6.44597200804329
      20
-28.7112027722746
      30
0
      10
-5.14400204804379
      20
-25.7145588338991
      30
0
      10
-2.83597197564818
      20
-22.8747758081384
      30
0
      10
-0.0926431438309149
      20
-20.9111569411647
      30
0
      10
-0.0926431438309149
      20
-20.9111569411647
      30
0
      10
1.73062240022246
      20
-19.5953422898892
      30
0
      10
3.73097827187163
      20
-18.6641644646782
      30
0
      10
5.66585612629478
      20
-18.2059818570659
      30
0
      10
5.66585612629478
      20
-18.2059818570659
      30
0
      10
5.66585612629652
      20
-15.7538818453773
      30
0
      10
5.66585612629826
      20
-13.3017818336886
      30
0
      10
5.6658561263
      20
-10.849681822
      30
0
    1001
FS_CYPCUT
    1000
Channel
    1070
1
    1000
LeadIn
    1002
{
    1070
3
    1040
29.5
    1040
1.5707963267949
    1040
0.5
    1040
0.3
    1070
0
    1040
0.5
    1070
0
    1002
}
    1000
LeadOut
    1002
{
    1070
0
    1040
0
    1040
0
    1040
0
    1070
0
    1002
}
    1000
IsFill
    1070
0
    1000
PathStart
    1040
29.5
    1000
ToolCompensation
    1002
{
    1070
0
    1040
0
    1070
0
    1002
}
       0
SPLINE
       5
2101
     100
AcDbEntity
       8
1
     100
AcDbSpline
      70
0
      71
3
      72
92
      73
88
      74
0
      40
0
      40
0
      40
0
      40
0
      40
0.0454545454545455
      40
0.0454545454545455
      40
0.0454545454545455
      40
0.0454545454545455
      40
0.0909090909090909
      40
0.0909090909090909
      40
0.0909090909090909
      40
0.0909090909090909
      40
0.136363636363636
      40
0.136363636363636
      40
0.136363636363636
      40
0.136363636363636
      40
0.181818181818182
      40
0.181818181818182
      40
0.181818181818182
      40
0.181818181818182
      40
0.227272727272727
      40
0.227272727272727
      40
0.227272727272727
      40
0.227272727272727
      40
0.272727272727273
      40
0.272727272727273
      40
0.272727272727273
      40
0.272727272727273
      40
0.318181818181818
      40
0.318181818181818
      40
0.318181818181818
      40
0.318181818181818
      40
0.363636363636364
      40
0.363636363636364
      40
0.363636363636364
      40
0.363636363636364
      40
0.409090909090909
      40
0.409090909090909
      40
0.409090909090909
      40
0.409090909090909
      40
0.454545454545455
      40
0.454545454545455
      40
0.454545454545455
      40
0.454545454545455
      40
0.5
      40
0.5
      40
0.5
      40
0.5
      40
0.545454545454545
      40
0.545454545454545
      40
0.545454545454545
      40
0.545454545454545
      40
0.590909090909091
      40
0.590909090909091
      40
0.590909090909091
      40
0.590909090909091
      40
0.636363636363636
      40
0.636363636363636
      40
0.636363636363636
      40
0.636363636363636
      40
0.681818181818182
      40
0.681818181818182
      40
0.681818181818182
      40
0.681818181818182
      40
0.727272727272727
      40
0.727272727272727
      40
0.727272727272727
      40
0.727272727272727
      40
0.772727272727273
      40
0.772727272727273
      40
0.772727272727273
      40
0.772727272727273
      40
0.818181818181818
      40
0.818181818181818
      40
0.818181818181818
      40
0.818181818181818
      40
0.863636363636364
      40
0.863636363636364
      40
0.863636363636364
      40
0.863636363636364
      40
0.909090909090909
      40
0.909090909090909
      40
0.909090909090909
      40
0.909090909090909
      40
0.954545454545455
      40
0.954545454545455
      40
0.954545454545455
      40
0.954545454545455
      40
1
      40
1
      40
1
      40
1
      10
24.8195082654
      20
-26.1060368402
      30
0
      10
24.8195082654
      20
-34.6969680931
      30
0
      10
24.8195082654
      20
-43.287899346
      30
0
      10
24.8195082654
      20
-51.8788305989
      30
0
      10
24.8195082654
      20
-51.8788305989
      30
0
      10
22.4400270104667
      20
-51.8788305989
      30
0
      10
20.0605457555333
      20
-51.8788305989
      30
0
      10
17.6810645006
      20
-51.8788305989
      30
0
      10
17.6810645006
      20
-51.8788305989
      30
0
      10
17.6810645005873
      20
-48.9541787803061
      30
0
      10
17.6810645005746
      20
-46.0295269617122
      30
0
      10
17.6810645005619
      20
-43.1048751431182
      30
0
      10
17.6810645005619
      20
-43.1048751431182
      30
0
      10
16.4376624815333
      20
-44.5245299127131
      30
0
      10
15.0464739782657
      20
-45.8076155603355
      30
0
      10
13.5310904721741
      20
-46.9323737900114
      30
0
      10
13.5310904721741
      20
-46.9323737900114
      30
0
      10
12.0157069660825
      20
-48.0571320196874
      30
0
      10
10.3847430030835
      20
-49.0171688846861
      30
0
      10
8.66585612629999
      20
-49.7962042822
      30
0
      10
8.66585612629999
      20
-49.7962042822
      30
0
      10
8.66585612629827
      20
-46.6901259346866
      30
0
      10
8.66585612629653
      20
-43.5840475871732
      30
0
      10
8.6658561262948
      20
-40.4779692396598
      30
0
      10
8.6658561262948
      20
-40.4779692396598
      30
0
      10
11.0600721590938
      20
-38.8955842155085
      30
0
      10
13.1848149995479
      20
-36.6481042570203
      30
0
      10
14.6399259079062
      20
-34.1580744150901
      30
0
      10
14.6399259079062
      20
-34.1580744150901
      30
0
      10
16.1536959815433
      20
-31.590956243423
      30
0
      10
16.9383032375028
      20
-28.7860323553132
      30
0
      10
16.8977683854211
      20
-26.3200195948244
      30
0
      10
16.8977683854211
      20
-26.3200195948244
      30
0
      10
16.8665315858695
      20
-23.8440362129195
      30
0
      10
16.042487741335
      20
-21.7431300028611
      30
0
      10
14.648943149354
      20
-20.2856490349619
      30
0
      10
14.648943149354
      20
-20.2856490349619
      30
0
      10
13.2169022474482
      20
-18.77752531382
      30
0
      10
11.1390320967492
      20
-17.8967010182779
      30
0
      10
8.66585612629445
      20
-17.8605813186922
      30
0
      10
8.66585612629445
      20
-17.8605813186922
      30
0
      10
8.6658561262963
      20
-15.2747615835948
      30
0
      10
8.66585612629815
      20
-12.6889418484974
      30
0
      10
8.6658561263
      20
-10.1031221134
      30
0
      10
8.6658561263
      20
-10.1031221134
      30
0
      10
9.47094968816667
      20
-10.112130109
      30
0
      10
10.2760432500333
      20
-10.1211381046
      30
0
      10
11.0811368119
      20
-10.1301461002
      30
0
      10
11.0811368119
      20
-10.1301461002
      30
0
      10
11.8543150866667
      20
-10.2496831973333
      30
0
      10
12.6274933614333
      20
-10.3692202944667
      30
0
      10
13.4006716362
      20
-10.4887573916
      30
0
      10
13.4006716362
      20
-10.4887573916
      30
0
      10
14.1296609377
      20
-10.7169260190667
      30
0
      10
14.8586502392
      20
-10.9450946465333
      30
0
      10
15.5876395407
      20
-11.173263274
      30
0
      10
15.5876395407
      20
-11.173263274
      30
0
      10
16.2608676529333
      20
-11.506441408
      30
0
      10
16.9340957651667
      20
-11.839619542
      30
0
      10
17.6073238774
      20
-12.172797676
      30
0
      10
17.6073238774
      20
-12.172797676
      30
0
      10
18.2141037559667
      20
-12.6056963372
      30
0
      10
18.8208836345333
      20
-13.0385949984
      30
0
      10
19.4276635131
      20
-13.4714936596
      30
0
      10
19.4276635131
      20
-13.4714936596
      30
0
      10
19.9583629345667
      20
-13.9972408723
      30
0
      10
20.4890623560333
      20
-14.522988085
      30
0
      10
21.0197617775
      20
-15.0487352977
      30
0
      10
21.0197617775
      20
-15.0487352977
      30
0
      10
21.4659562447
      20
-15.6589851777667
      30
0
      10
21.9121507119
      20
-16.2692350578333
      30
0
      10
22.3583451791
      20
-16.8794849379
      30
0
      10
22.3583451791
      20
-16.8794849379
      30
0
      10
22.7129516544
      20
-17.5645501779333
      30
0
      10
23.0675581297
      20
-18.2496154179667
      30
0
      10
23.422164605
      20
-18.934680658
      30
0
      10
23.422164605
      20
-18.934680658
      30
0
      10
23.6795539484667
      20
-19.6836863071667
      30
0
      10
23.9369432919333
      20
-20.4326919563333
      30
0
      10
24.1943326354
      20
-21.1816976055
      30
0
      10
24.1943326354
      20
-21.1816976055
      30
0
      10
24.3504189640333
      20
-21.9827537017
      30
0
      10
24.5065052926667
      20
-22.7838097979
      30
0
      10
24.6625916213
      20
-23.5848658941
      30
0
      10
24.6625916213
      20
-23.5848658941
      30
0
      10
24.7148971693333
      20
-24.4252562094667
      30
0
      10
24.7672027173667
      20
-25.2656465248333
      30
0
      10
24.8195082654
      20
-26.1060368402
      30
0
    1001
FS_CYPCUT
    1000
Channel
    1070
1
    1000
LeadIn
    1002
{
    1070
3
    1040
0.5
    1040
1.5707963267949
    1040
0.5
    1040
0.3
    1070
0
    1040
0.5
    1070
0
    1002
}
    1000
LeadOut
    1002
{
    1070
0
    1040
0
    1040
0
    1040
0
    1070
0
    1002
}
    1000
IsFill
    1070
0
    1000
PathStart
    1040
0.5
    1000
ToolCompensation
    1002
{
    1070
0
    1040
0
    1070
0
    1002
}
       0
LWPOLYLINE
       5
2102
     100
AcDbEntity
       8
1
     100
AcDbPolyline
      90
12
      70
1
      10
53.3942645848
      20
-20.0269130576
      42
0
      10
38.4320829531
      20
-20.0269130576
      42
0
      10
40.0983729226
      20
-10.5769130578
      42
0
      10
33.7011852677
      20
-10.5769130578
      42
0
      10
27.9844549766
      20
-42.9981015894
      42
0.386919480687171
      10
37.7425892750525
      20
-51.8788305988583
      42
0
      10
47.4999867363
      20
-51.8788305989
      42
0
      10
47.4999867363
      20
-45.2273530076
      42
0
      10
37.7425892769
      20
-45.2273530076001
      42
-0.466307658154997
      10
34.6404448549
      20
-41.530361248
      42
0
      10
37.3212229705
      20
-26.3269130586
      42
0
      10
53.3942645848
      20
-26.3269130586
      42
0
    1001
FS_CYPCUT
    1000
Channel
    1070
1
    1000
LeadIn
    1002
{
    1070
3
    1040
3.5
    1040
1.5707963267949
    1040
0.5
    1040
0.3
    1070
0
    1040
0.5
    1070
0
    1002
}
    1000
LeadOut
    1002
{
    1070
0
    1040
0
    1040
0
    1040
0
    1070
0
    1002
}
    1000
IsFill
    1070
0
    1000
PathStart
    1040
3.5
    1000
ToolCompensation
    1002
{
    1070
0
    1040
0
    1070
0
    1002
}
       0
LWPOLYLINE
       5
2103
     100
AcDbEntity
       8
1
     100
AcDbPolyline
      90
4
      70
1
      10
67.5136879914
      20
-20.3783906502
      42
0
      10
61.1165003365
      20
-20.3783906502
      42
0
      10
55.5621228694
      20
-51.8788305989
      42
0
      10
61.9593105242
      20
-51.8788305989
      42
0
    1001
FS_CYPCUT
    1000
Channel
    1070
1
    1000
LeadIn
    1002
{
    1070
3
    1040
1.5
    1040
1.5707963267949
    1040
0.5
    1040
0.3
    1070
0
    1040
0.5
    1070
0
    1002
}
    1000
LeadOut
    1002
{
    1070
0
    1040
0
    1040
0
    1040
0
    1070
0
    1002
}
    1000
IsFill
    1070
0
    1000
PathStart
    1040
1.5
    1000
ToolCompensation
    1002
{
    1070
0
    1040
0
    1070
0
    1002
}
       0
LWPOLYLINE
       5
2104
     100
AcDbEntity
       8
1
     100
AcDbPolyline
      90
4
      70
1
      10
69.1799779591
      20
-10.9283906502
      42
0
      10
62.7827903042
      20
-10.9283906502
      42
0
      10
61.6719303257
      20
-17.2283906502
      42
0
      10
68.0691179806
      20
-17.2283906502
      42
0
    1001
FS_CYPCUT
    1000
Channel
    1070
1
    1000
LeadIn
    1002
{
    1070
3
    1040
0.499999999999999
    1040
1.5707963267949
    1040
0.5
    1040
0.3
    1070
0
    1040
0.5
    1070
0
    1002
}
    1000
LeadOut
    1002
{
    1070
0
    1040
0
    1040
0
    1040
0
    1070
0
    1002
}
    1000
IsFill
    1070
0
    1000
PathStart
    1040
0.499999999999999
    1000
ToolCompensation
    1002
{
    1070
0
    1040
0
    1070
0
    1002
}
       0
SPLINE
       5
2105
     100
AcDbEntity
       8
1
     100
AcDbSpline
      70
0
      71
3
      72
136
      73
132
      74
0
      40
0
      40
0
      40
0
      40
0
      40
0.0303030303030303
      40
0.0303030303030303
      40
0.0303030303030303
      40
0.0303030303030303
      40
0.0606060606060606
      40
0.0606060606060606
      40
0.0606060606060606
      40
0.0606060606060606
      40
0.0909090909090909
      40
0.0909090909090909
      40
0.0909090909090909
      40
0.0909090909090909
      40
0.121212121212121
      40
0.121212121212121
      40
0.121212121212121
      40
0.121212121212121
      40
0.151515151515152
      40
0.151515151515152
      40
0.151515151515152
      40
0.151515151515152
      40
0.181818181818182
      40
0.181818181818182
      40
0.181818181818182
      40
0.181818181818182
      40
0.212121212121212
      40
0.212121212121212
      40
0.212121212121212
      40
0.212121212121212
      40
0.242424242424242
      40
0.242424242424242
      40
0.242424242424242
      40
0.242424242424242
      40
0.272727272727273
      40
0.272727272727273
      40
0.272727272727273
      40
0.272727272727273
      40
0.303030303030303
      40
0.303030303030303
      40
0.303030303030303
      40
0.303030303030303
      40
0.333333333333333
      40
0.333333333333333
      40
0.333333333333333
      40
0.333333333333333
      40
0.363636363636364
      40
0.363636363636364
      40
0.363636363636364
      40
0.363636363636364
      40
0.393939393939394
      40
0.393939393939394
      40
0.393939393939394
      40
0.393939393939394
      40
0.424242424242424
      40
0.424242424242424
      40
0.424242424242424
      40
0.424242424242424
      40
0.454545454545455
      40
0.454545454545455
      40
0.454545454545455
      40
0.454545454545455
      40
0.484848484848485
      40
0.484848484848485
      40
0.484848484848485
      40
0.484848484848485
      40
0.515151515151515
      40
0.515151515151515
      40
0.515151515151515
      40
0.515151515151515
      40
0.545454545454545
      40
0.545454545454545
      40
0.545454545454545
      40
0.545454545454545
      40
0.575757575757576
      40
0.575757575757576
      40
0.575757575757576
      40
0.575757575757576
      40
0.606060606060606
      40
0.606060606060606
      40
0.606060606060606
      40
0.606060606060606
      40
0.636363636363636
      40
0.636363636363636
      40
0.636363636363636
      40
0.636363636363636
      40
0.666666666666667
      40
0.666666666666667
      40
0.666666666666667
      40
0.666666666666667
      40
0.696969696969697
      40
0.696969696969697
      40
0.696969696969697
      40
0.696969696969697
      40
0.727272727272727
      40
0.727272727272727
      40
0.727272727272727
      40
0.727272727272727
      40
0.757575757575758
      40
0.757575757575758
      40
0.757575757575758
      40
0.757575757575758
      40
0.787878787878788
      40
0.787878787878788
      40
0.787878787878788
      40
0.787878787878788
      40
0.818181818181818
      40
0.818181818181818
      40
0.818181818181818
      40
0.818181818181818
      40
0.848484848484849
      40
0.848484848484849
      40
0.848484848484849
      40
0.848484848484849
      40
0.878787878787879
      40
0.878787878787879
      40
0.878787878787879
      40
0.878787878787879
      40
0.909090909090909
      40
0.909090909090909
      40
0.909090909090909
      40
0.909090909090909
      40
0.939393939393939
      40
0.939393939393939
      40
0.939393939393939
      40
0.939393939393939
      40
0.96969696969697
      40
0.96969696969697
      40
0.96969696969697
      40
0.96969696969697
      40
1
      40
1
      40
1
      40
1
      10
108.8024008605
      20
-10.5769130603
      30
0
      10
108.8024008605
      20
-12.6769130592
      30
0
      10
108.8024008605
      20
-14.7769130581
      30
0
      10
108.8024008605
      20
-16.876913057
      30
0
      10
108.8024008605
      20
-16.876913057
      30
0
      10
103.968170746536
      20
-16.876913056999
      30
0
      10
99.1339406325723
      20
-16.876913056998
      30
0
      10
94.2997105186084
      20
-16.8769130569971
      30
0
      10
94.2997105186084
      20
-16.8769130569971
      30
0
      10
91.645100967437
      20
-17.1691716802293
      30
0
      10
88.7598743877928
      20
-18.3060118373796
      30
0
      10
86.1748236433271
      20
-20.1381393588289
      30
0
      10
86.1748236433271
      20
-20.1381393588289
      30
0
      10
82.9830484276492
      20
-22.3769726188436
      30
0
      10
80.2915820707903
      20
-25.6638468375727
      30
0
      10
78.7927000681462
      20
-29.1343636515811
      30
0
      10
78.7927000681462
      20
-29.1343636515811
      30
0
      10
77.4138403573138
      20
-32.2770094217675
      30
0
      10
77.0219582472729
      20
-35.524086460362
      30
0
      10
77.5900097383266
      20
-38.1726828429258
      30
0
      10
77.5900097383266
      20
-38.1726828429258
      30
0
      10
78.3888352044365
      20
-41.9355867942376
      30
0
      10
80.9393995549591
      20
-44.480797624296
      30
0
      10
84.6089369983828
      20
-45.2273530078263
      30
0
      10
84.6089369983828
      20
-45.2273530078263
      30
0
      10
90.4835516005667
      20
-45.2273530078
      30
0
      10
96.3581662027333
      20
-45.2273530078
      30
0
      10
102.2327808049
      20
-45.2273530078
      30
0
      10
102.2327808049
      20
-45.2273530078
      30
0
      10
102.2327808049
      20
-47.4445122048333
      30
0
      10
102.2327808049
      20
-49.6616714018667
      30
0
      10
102.2327808049
      20
-51.8788305989
      30
0
      10
102.2327808049
      20
-51.8788305989
      30
0
      10
95.9160188456
      20
-51.8788305989
      30
0
      10
89.5992568863
      20
-51.8788305989
      30
0
      10
83.282494927
      20
-51.8788305989
      30
0
      10
83.282494927
      20
-51.8788305989
      30
0
      10
82.5277967991333
      20
-51.8067349221
      30
0
      10
81.7730986712667
      20
-51.7346392453
      30
0
      10
81.0184005434
      20
-51.6625435685
      30
0
      10
81.0184005434
      20
-51.6625435685
      30
0
      10
80.3098105393333
      20
-51.4795465674333
      30
0
      10
79.6012205352667
      20
-51.2965495663667
      30
0
      10
78.8926305312
      20
-51.1135525653
      30
0
      10
78.8926305312
      20
-51.1135525653
      30
0
      10
78.2415683990667
      20
-50.8226034484667
      30
0
      10
77.5905062669333
      20
-50.5316543316333
      30
0
      10
76.9394441348
      20
-50.2407052148
      30
0
      10
76.9394441348
      20
-50.2407052148
      30
0
      10
76.3564024945333
      20
-49.8464929639333
      30
0
      10
75.7733608542667
      20
-49.4522807130667
      30
0
      10
75.190319214
      20
-49.0580684622
      30
0
      10
75.190319214
      20
-49.0580684622
      30
0
      10
74.6846944564
      20
-48.5669462641
      30
0
      10
74.1790696988
      20
-48.075824066
      30
0
      10
73.6734449412
      20
-47.5847018679
      30
0
      10
73.6734449412
      20
-47.5847018679
      30
0
      10
73.2533857946
      20
-47.0045847252667
      30
0
      10
72.833326648
      20
-46.4244675826333
      30
0
      10
72.4132675014
      20
-45.84435044
      30
0
      10
72.4132675014
      20
-45.84435044
      30
0
      10
72.0855437051333
      20
-45.1845876120333
      30
0
      10
71.7578199088667
      20
-44.5248247840667
      30
0
      10
71.4300961126
      20
-43.8650619561
      30
0
      10
71.4300961126
      20
-43.8650619561
      30
0
      10
71.1999893149667
      20
-43.1362862844667
      30
0
      10
70.9698825173333
      20
-42.4075106128333
      30
0
      10
70.7397757197
      20
-41.6787349412
      30
0
      10
70.7397757197
      20
-41.6787349412
      30
0
      10
70.6109943581333
      20
-40.8926914894667
      30
0
      10
70.4822129965667
      20
-40.1066480377333
      30
0
      10
70.353431635
      20
-39.320604586
      30
0
      10
70.353431635
      20
-39.320604586
      30
0
      10
70.3280511702
      20
-38.4899613541667
      30
0
      10
70.3026707054
      20
-37.6593181223333
      30
0
      10
70.2772902406
      20
-36.8286748905
      30
0
      10
70.2772902406
      20
-36.8286748905
      30
0
      10
70.3557197081
      20
-35.9668186558
      30
0
      10
70.4341491756
      20
-35.1049624211
      30
0
      10
70.5125786431
      20
-34.2431061864
      30
0
      10
70.5125786431
      20
-34.2431061864
      30
0
      10
70.6935540613
      20
-33.3639267596
      30
0
      10
70.8745294795
      20
-32.4847473328
      30
0
      10
71.0555048977
      20
-31.605567906
      30
0
      10
71.0555048977
      20
-31.605567906
      30
0
      10
71.3361096382
      20
-30.7232342812667
      30
0
      10
71.6167143787
      20
-29.8409006565333
      30
0
      10
71.8973191192
      20
-28.9585670318
      30
0
      10
71.8973191192
      20
-28.9585670318
      30
0
      10
72.2730309118667
      20
-28.0872990368
      30
0
      10
72.6487427045333
      20
-27.2160310418
      30
0
      10
73.0244544972
      20
-26.3447630468
      30
0
      10
73.0244544972
      20
-26.3447630468
      30
0
      10
73.4892183115333
      20
-25.4986021737667
      30
0
      10
73.9539821258667
      20
-24.6524413007333
      30
0
      10
74.4187459402
      20
-23.8062804277
      30
0
      10
74.4187459402
      20
-23.8062804277
      30
0
      10
74.9650715694
      20
-22.9988635385333
      30
0
      10
75.5113971986
      20
-22.1914466493667
      30
0
      10
76.0577228278
      20
-21.3840297602
      30
0
      10
76.0577228278
      20
-21.3840297602
      30
0
      10
76.676805602
      20
-20.6283693127
      30
0
      10
77.2958883762
      20
-19.8727088652
      30
0
      10
77.9149711504
      20
-19.1170484177
      30
0
      10
77.9149711504
      20
-19.1170484177
      30
0
      10
78.5968338340333
      20
-18.4253227546333
      30
0
      10
79.2786965176667
      20
-17.7335970915667
      30
0
      10
79.9605592013
      20
-17.0418714285
      30
0
      10
79.9605592013
      20
-17.0418714285
      30
0
      10
80.6942127880333
      20
-16.4252285096333
      30
0
      10
81.4278663747667
      20
-15.8085855907667
      30
0
      10
82.1615199615
      20
-15.1919426719
      30
0
      10
82.1615199615
      20
-15.1919426719
      30
0
      10
82.9351407745
      20
-14.6603204116
      30
0
      10
83.7087615875
      20
-14.1286981513
      30
0
      10
84.4823824005
      20
-13.597075891
      30
0
      10
84.4823824005
      20
-13.597075891
      30
0
      10
85.2835026449333
      20
-13.1590419973667
      30
0
      10
86.0846228893667
      20
-12.7210081037333
      30
0
      10
86.8857431338
      20
-12.2829742101
      30
0
      10
86.8857431338
      20
-12.2829742101
      30
0
      10
87.7014518296
      20
-11.9455881064
      30
0
      10
88.5171605254
      20
-11.6082020027
      30
0
      10
89.3328692212
      20
-11.270815899
      30
0
      10
89.3328692212
      20
-11.270815899
      30
0
      10
90.1500202785667
      20
-11.0395149527667
      30
0
      10
90.9671713359333
      20
-10.8082140065333
      30
0
      10
91.7843223933
      20
-10.5769130603
      30
0
      10
91.7843223933
      20
-10.5769130603
      30
0
      10
97.4570152157
      20
-10.5769130603
      30
0
      10
103.1297080381
      20
-10.5769130603
      30
0
      10
108.8024008605
      20
-10.5769130603
      30
0
    1001
FS_CYPCUT
    1000
Channel
    1070
1
    1000
LeadIn
    1002
{
    1070
3
    1040
8.5
    1040
1.5707963267949
    1040
0.5
    1040
0.3
    1070
0
    1040
0.5
    1070
0
    1002
}
    1000
LeadOut
    1002
{
    1070
0
    1040
0
    1040
0
    1040
0
    1070
0
    1002
}
    1000
IsFill
    1070
0
    1000
PathStart
    1040
8.5
    1000
ToolCompensation
    1002
{
    1070
0
    1040
0
    1070
0
    1002
}
       0
SPLINE
       5
2106
     100
AcDbEntity
       8
1
     100
AcDbSpline
      70
0
      71
3
      72
132
      73
128
      74
0
      40
0
      40
0
      40
0
      40
0
      40
0.03125
      40
0.03125
      40
0.03125
      40
0.03125
      40
0.0625
      40
0.0625
      40
0.0625
      40
0.0625
      40
0.09375
      40
0.09375
      40
0.09375
      40
0.09375
      40
0.125
      40
0.125
      40
0.125
      40
0.125
      40
0.15625
      40
0.15625
      40
0.15625
      40
0.15625
      40
0.1875
      40
0.1875
      40
0.1875
      40
0.1875
      40
0.21875
      40
0.21875
      40
0.21875
      40
0.21875
      40
0.25
      40
0.25
      40
0.25
      40
0.25
      40
0.28125
      40
0.28125
      40
0.28125
      40
0.28125
      40
0.3125
      40
0.3125
      40
0.3125
      40
0.3125
      40
0.34375
      40
0.34375
      40
0.34375
      40
0.34375
      40
0.375
      40
0.375
      40
0.375
      40
0.375
      40
0.40625
      40
0.40625
      40
0.40625
      40
0.40625
      40
0.4375
      40
0.4375
      40
0.4375
      40
0.4375
      40
0.46875
      40
0.46875
      40
0.46875
      40
0.46875
      40
0.5
      40
0.5
      40
0.5
      40
0.5
      40
0.53125
      40
0.53125
      40
0.53125
      40
0.53125
      40
0.5625
      40
0.5625
      40
0.5625
      40
0.5625
      40
0.59375
      40
0.59375
      40
0.59375
      40
0.59375
      40
0.625
      40
0.625
      40
0.625
      40
0.625
      40
0.65625
      40
0.65625
      40
0.65625
      40
0.65625
      40
0.6875
      40
0.6875
      40
0.6875
      40
0.6875
      40
0.71875
      40
0.71875
      40
0.71875
      40
0.71875
      40
0.75
      40
0.75
      40
0.75
      40
0.75
      40
0.78125
      40
0.78125
      40
0.78125
      40
0.78125
      40
0.8125
      40
0.8125
      40
0.8125
      40
0.8125
      40
0.84375
      40
0.84375
      40
0.84375
      40
0.84375
      40
0.875
      40
0.875
      40
0.875
      40
0.875
      40
0.90625
      40
0.90625
      40
0.90625
      40
0.90625
      40
0.9375
      40
0.9375
      40
0.9375
      40
0.9375
      40
0.96875
      40
0.96875
      40
0.96875
      40
0.96875
      40
1
      40
1
      40
1
      40
1
      10
130.4235843459
      20
-10.8496818224
      30
0
      10
130.4235843459
      20
-13.3017818340667
      30
0
      10
130.4235843459
      20
-15.7538818457333
      30
0
      10
130.4235843459
      20
-18.2059818574
      30
0
      10
130.4235843459
      20
-18.2059818574
      30
0
      10
128.488706491495
      20
-18.6641644650337
      30
0
      10
126.488350619847
      20
-19.5953422902454
      30
0
      10
124.665085075792
      20
-20.9111569415217
      30
0
      10
124.665085075792
      20
-20.9111569415217
      30
0
      10
121.921756243973
      20
-22.8747758084961
      30
0
      10
119.613726171582
      20
-25.7145588342573
      30
0
      10
118.31175621158
      20
-28.7112027726338
      30
0
      10
118.31175621158
      20
-28.7112027726338
      30
0
      10
117.088627703442
      20
-31.4840009586303
      30
0
      10
116.736508286478
      20
-34.3517516680571
      30
0
      10
117.233247455598
      20
-36.692276229261
      30
0
      10
117.233247455598
      20
-36.692276229261
      30
0
      10
117.885294467735
      20
-39.7976523916311
      30
0
      10
119.887797046054
      20
-41.9641925770484
      30
0
      10
122.784568386866
      20
-42.7793125271921
      30
0
      10
122.784568386866
      20
-42.7793125271921
      30
0
      10
124.973009783991
      20
-43.4028177666107
      30
0
      10
127.710230369615
      20
-43.1927773040717
      30
0
      10
130.42358434592
      20
-42.076039819494
      30
0
      10
130.42358434592
      20
-42.076039819494
      30
0
      10
130.4235843459
      20
-45.0110017256333
      30
0
      10
130.4235843459
      20
-47.9459636317667
      30
0
      10
130.4235843459
      20
-50.8809255379
      30
0
      10
130.4235843459
      20
-50.8809255379
      30
0
      10
129.593644248233
      20
-51.0594410442333
      30
0
      10
128.763704150567
      20
-51.2379565505667
      30
0
      10
127.9337640529
      20
-51.4164720569
      30
0
      10
127.9337640529
      20
-51.4164720569
      30
0
      10
127.114074210033
      20
-51.4833927411667
      30
0
      10
126.294384367167
      20
-51.5503134254333
      30
0
      10
125.4746945243
      20
-51.6172341097
      30
0
      10
125.4746945243
      20
-51.6172341097
      30
0
      10
124.678708152433
      20
-51.5714616316
      30
0
      10
123.882721780567
      20
-51.5256891535
      30
0
      10
123.0867354087
      20
-51.4799166754
      30
0
      10
123.0867354087
      20
-51.4799166754
      30
0
      10
122.3275166892
      20
-51.3222022788667
      30
0
      10
121.5682979697
      20
-51.1644878823333
      30
0
      10
120.8090792502
      20
-51.0067734858
      30
0
      10
120.8090792502
      20
-51.0067734858
      30
0
      10
120.099088912833
      20
-50.7397056692667
      30
0
      10
119.389098575467
      20
-50.4726378527333
      30
0
      10
118.6791082381
      20
-50.2055700362
      30
0
      10
118.6791082381
      20
-50.2055700362
      30
0
      10
118.029999048367
      20
-49.8335320687
      30
0
      10
117.380889858633
      20
-49.4614941012
      30
0
      10
116.7317806689
      20
-49.0894561337
      30
0
      10
116.7317806689
      20
-49.0894561337
      30
0
      10
116.154206176233
      20
-48.6185541140667
      30
0
      10
115.576631683567
      20
-48.1476520944333
      30
0
      10
114.9990571909
      20
-47.6767500748
      30
0
      10
114.9990571909
      20
-47.6767500748
      30
0
      10
114.502496876633
      20
-47.114712715
      30
0
      10
114.005936562367
      20
-46.5526753552
      30
0
      10
113.5093762481
      20
-45.9906379954
      30
0
      10
113.5093762481
      20
-45.9906379954
      30
0
      10
113.1019799427
      20
-45.3466897725
      30
0
      10
112.6945836373
      20
-44.7027415496
      30
0
      10
112.2871873319
      20
-44.0587933267
      30
0
      10
112.2871873319
      20
-44.0587933267
      30
0
      10
111.9756414554
      20
-43.3435030854
      30
0
      10
111.6640955789
      20
-42.6282128441
      30
0
      10
111.3525497024
      20
-41.9129226028
      30
0
      10
111.3525497024
      20
-41.9129226028
      30
0
      10
111.141967523033
      20
-41.1380300936333
      30
0
      10
110.931385343667
      20
-40.3631375844667
      30
0
      10
110.7208031643
      20
-39.5882450753
      30
0
      10
110.7208031643
      20
-39.5882450753
      30
0
      10
110.6146408767
      20
-38.7664682752
      30
0
      10
110.5084785891
      20
-37.9446914751
      30
0
      10
110.4023163015
      20
-37.122914675
      30
0
      10
110.4023163015
      20
-37.122914675
      30
0
      10
110.4023163015
      20
-36.2677410525
      30
0
      10
110.4023163015
      20
-35.41256743
      30
0
      10
110.4023163015
      20
-34.5573938075
      30
0
      10
110.4023163015
      20
-34.5573938075
      30
0
      10
110.5084785891
      20
-33.6828589588333
      30
0
      10
110.6146408767
      20
-32.8083241101667
      30
0
      10
110.7208031643
      20
-31.9337892615
      30
0
      10
110.7208031643
      20
-31.9337892615
      30
0
      10
110.931385343667
      20
-31.0542465503
      30
0
      10
111.141967523033
      20
-30.1747038391
      30
0
      10
111.3525497024
      20
-29.2951611279
      30
0
      10
111.3525497024
      20
-29.2951611279
      30
0
      10
111.6640955789
      20
-28.4250461097333
      30
0
      10
111.9756414554
      20
-27.5549310915667
      30
0
      10
112.2871873319
      20
-26.6848160734
      30
0
      10
112.2871873319
      20
-26.6848160734
      30
0
      10
112.6945836373
      20
-25.8384095712333
      30
0
      10
113.1019799427
      20
-24.9920030690667
      30
0
      10
113.5093762481
      20
-24.1455965669
      30
0
      10
113.5093762481
      20
-24.1455965669
      30
0
      10
114.005936562367
      20
-23.3367902859
      30
0
      10
114.502496876633
      20
-22.5279840049
      30
0
      10
114.9990571909
      20
-21.7191777239
      30
0
      10
114.9990571909
      20
-21.7191777239
      30
0
      10
115.576631683567
      20
-20.9612462531667
      30
0
      10
116.154206176233
      20
-20.2033147824333
      30
0
      10
116.7317806689
      20
-19.4453833117
      30
0
      10
116.7317806689
      20
-19.4453833117
      30
0
      10
117.380889858633
      20
-18.7507662538
      30
0
      10
118.029999048367
      20
-18.0561491959
      30
0
      10
118.6791082381
      20
-17.361532138
      30
0
      10
118.6791082381
      20
-17.361532138
      30
0
      10
119.389098575467
      20
-16.7416299435333
      30
0
      10
120.099088912833
      20
-16.1217277490667
      30
0
      10
120.8090792502
      20
-15.5018255546
      30
0
      10
120.8090792502
      20
-15.5018255546
      30
0
      10
121.5682979697
      20
-14.9668124111
      30
0
      10
122.3275166892
      20
-14.4317992676
      30
0
      10
123.0867354087
      20
-13.8967861241
      30
0
      10
123.0867354087
      20
-13.8967861241
      30
0
      10
123.882721780567
      20
-13.4554429718667
      30
0
      10
124.678708152433
      20
-13.0140998196333
      30
0
      10
125.4746945243
      20
-12.5727566674
      30
0
      10
125.4746945243
      20
-12.5727566674
      30
0
      10
126.294384367167
      20
-12.2323270814
      30
0
      10
127.114074210033
      20
-11.8918974954
      30
0
      10
127.9337640529
      20
-11.5514679094
      30
0
      10
127.9337640529
      20
-11.5514679094
      30
0
      10
128.763704150567
      20
-11.3175392137333
      30
0
      10
129.593644248233
      20
-11.0836105180667
      30
0
      10
130.4235843459
      20
-10.8496818224
      30
0
    1001
FS_CYPCUT
    1000
Channel
    1070
1
    1000
LeadIn
    1002
{
    1070
3
    1040
2.5
    1040
1.5707963267949
    1040
0.5
    1040
0.3
    1070
0
    1040
0.5
    1070
0
    1002
}
    1000
LeadOut
    1002
{
    1070
0
    1040
0
    1040
0
    1040
0
    1070
0
    1002
}
    1000
IsFill
    1070
0
    1000
PathStart
    1040
2.5
    1000
ToolCompensation
    1002
{
    1070
0
    1040
0
    1070
0
    1002
}
       0
SPLINE
       5
2107
     100
AcDbEntity
       8
1
     100
AcDbSpline
      70
0
      71
3
      72
92
      73
88
      74
0
      40
0
      40
0
      40
0
      40
0
      40
0.0454545454545455
      40
0.0454545454545455
      40
0.0454545454545455
      40
0.0454545454545455
      40
0.0909090909090909
      40
0.0909090909090909
      40
0.0909090909090909
      40
0.0909090909090909
      40
0.136363636363636
      40
0.136363636363636
      40
0.136363636363636
      40
0.136363636363636
      40
0.181818181818182
      40
0.181818181818182
      40
0.181818181818182
      40
0.181818181818182
      40
0.227272727272727
      40
0.227272727272727
      40
0.227272727272727
      40
0.227272727272727
      40
0.272727272727273
      40
0.272727272727273
      40
0.272727272727273
      40
0.272727272727273
      40
0.318181818181818
      40
0.318181818181818
      40
0.318181818181818
      40
0.318181818181818
      40
0.363636363636364
      40
0.363636363636364
      40
0.363636363636364
      40
0.363636363636364
      40
0.409090909090909
      40
0.409090909090909
      40
0.409090909090909
      40
0.409090909090909
      40
0.454545454545455
      40
0.454545454545455
      40
0.454545454545455
      40
0.454545454545455
      40
0.5
      40
0.5
      40
0.5
      40
0.5
      40
0.545454545454545
      40
0.545454545454545
      40
0.545454545454545
      40
0.545454545454545
      40
0.590909090909091
      40
0.590909090909091
      40
0.590909090909091
      40
0.590909090909091
      40
0.636363636363636
      40
0.636363636363636
      40
0.636363636363636
      40
0.636363636363636
      40
0.681818181818182
      40
0.681818181818182
      40
0.681818181818182
      40
0.681818181818182
      40
0.727272727272727
      40
0.727272727272727
      40
0.727272727272727
      40
0.727272727272727
      40
0.772727272727273
      40
0.772727272727273
      40
0.772727272727273
      40
0.772727272727273
      40
0.818181818181818
      40
0.818181818181818
      40
0.818181818181818
      40
0.818181818181818
      40
0.863636363636364
      40
0.863636363636364
      40
0.863636363636364
      40
0.863636363636364
      40
0.909090909090909
      40
0.909090909090909
      40
0.909090909090909
      40
0.909090909090909
      40
0.954545454545455
      40
0.954545454545455
      40
0.954545454545455
      40
0.954545454545455
      40
1
      40
1
      40
1
      40
1
      10
149.2523668953
      20
-26.1867598825
      30
0
      10
149.2523668953
      20
-34.7507834546333
      30
0
      10
149.2523668953
      20
-43.3148070267667
      30
0
      10
149.2523668953
      20
-51.8788305989
      30
0
      10
149.2523668953
      20
-51.8788305989
      30
0
      10
146.9811755036
      20
-51.8788305989
      30
0
      10
144.7099841119
      20
-51.8788305989
      30
0
      10
142.4387927202
      20
-51.8788305989
      30
0
      10
142.4387927202
      20
-51.8788305989
      30
0
      10
142.438792720187
      20
-48.9541787804389
      30
0
      10
142.438792720174
      20
-46.0295269619779
      30
0
      10
142.43879272016
      20
-43.1048751435168
      30
0
      10
142.43879272016
      20
-43.1048751435168
      30
0
      10
141.195390701132
      20
-44.5245299131119
      30
0
      10
139.804202197865
      20
-45.8076155607345
      30
0
      10
138.288818691773
      20
-46.9323737904106
      30
0
      10
138.288818691773
      20
-46.9323737904106
      30
0
      10
136.773435185682
      20
-48.0571320200868
      30
0
      10
135.142471222683
      20
-49.0171688850858
      30
0
      10
133.4235843459
      20
-49.7962042826
      30
0
      10
133.4235843459
      20
-49.7962042826
      30
0
      10
133.423584345907
      20
-46.6901259350741
      30
0
      10
133.423584345913
      20
-43.5840475875482
      30
0
      10
133.42358434592
      20
-40.4779692400222
      30
0
      10
133.42358434592
      20
-40.4779692400222
      30
0
      10
135.817800378721
      20
-38.895584215871
      30
0
      10
137.942543219172
      20
-36.648104257381
      30
0
      10
139.397654127532
      20
-34.158074415451
      30
0
      10
139.397654127532
      20
-34.158074415451
      30
0
      10
140.911424201166
      20
-31.5909562437812
      30
0
      10
141.696031457133
      20
-28.7860323556725
      30
0
      10
141.655496605049
      20
-26.3200195951829
      30
0
      10
141.655496605049
      20
-26.3200195951829
      30
0
      10
141.624259805497
      20
-23.8440362132764
      30
0
      10
140.800215960961
      20
-21.7431300032159
      30
0
      10
139.406671368982
      20
-20.2856490353176
      30
0
      10
139.406671368982
      20
-20.2856490353176
      30
0
      10
137.974630467074
      20
-18.7775253141752
      30
0
      10
135.896760316375
      20
-17.8967010186327
      30
0
      10
133.42358434592
      20
-17.8605813190481
      30
0
      10
133.42358434592
      20
-17.8605813190481
      30
0
      10
133.423584345913
      20
-15.3882319803987
      30
0
      10
133.423584345907
      20
-12.9158826417494
      30
0
      10
133.4235843459
      20
-10.4435333031
      30
0
      10
133.4235843459
      20
-10.4435333031
      30
0
      10
134.213080385867
      20
-10.4549353264333
      30
0
      10
135.002576425833
      20
-10.4663373497667
      30
0
      10
135.7920724658
      20
-10.4777393731
      30
0
      10
135.7920724658
      20
-10.4777393731
      30
0
      10
136.5500424717
      20
-10.5973450472667
      30
0
      10
137.3080124776
      20
-10.7169507214333
      30
0
      10
138.0659824835
      20
-10.8365563956
      30
0
      10
138.0659824835
      20
-10.8365563956
      30
0
      10
138.780448011733
      20
-11.0624755536667
      30
0
      10
139.494913539967
      20
-11.2883947117333
      30
0
      10
140.2093790682
      20
-11.5143138698
      30
0
      10
140.2093790682
      20
-11.5143138698
      30
0
      10
140.869049190333
      20
-11.8429762387333
      30
0
      10
141.528719312467
      20
-12.1716386076667
      30
0
      10
142.1883894346
      20
-12.5003009766
      30
0
      10
142.1883894346
      20
-12.5003009766
      30
0
      10
142.782839171733
      20
-12.9265125993667
      30
0
      10
143.377288908867
      20
-13.3527242221333
      30
0
      10
143.971738646
      20
-13.7789358449
      30
0
      10
143.971738646
      20
-13.7789358449
      30
0
      10
144.491573717833
      20
-14.2959611622
      30
0
      10
145.011408789667
      20
-14.8129864795
      30
0
      10
145.5312438615
      20
-15.3300117968
      30
0
      10
145.5312438615
      20
-15.3300117968
      30
0
      10
145.968249147367
      20
-15.9296800913667
      30
0
      10
146.405254433233
      20
-16.5293483859333
      30
0
      10
146.8422597191
      20
-17.1290166805
      30
0
      10
146.8422597191
      20
-17.1290166805
      30
0
      10
147.189529083967
      20
-17.8018512015667
      30
0
      10
147.536798448833
      20
-18.4746857226333
      30
0
      10
147.8840678137
      20
-19.1475202437
      30
0
      10
147.8840678137
      20
-19.1475202437
      30
0
      10
148.1361132482
      20
-19.8828879711
      30
0
      10
148.3881586827
      20
-20.6182556985
      30
0
      10
148.6402041172
      20
-21.3536234259
      30
0
      10
148.6402041172
      20
-21.3536234259
      30
0
      10
148.793042466367
      20
-22.1399031070333
      30
0
      10
148.945880815533
      20
-22.9261827881667
      30
0
      10
149.0987191647
      20
-23.7124624693
      30
0
      10
149.0987191647
      20
-23.7124624693
      30
0
      10
149.1499350749
      20
-24.5372282737
      30
0
      10
149.2011509851
      20
-25.3619940781
      30
0
      10
149.2523668953
      20
-26.1867598825
      30
0
    1001
FS_CYPCUT
    1000
Channel
    1070
1
    1000
LeadIn
    1002
{
    1070
3
    1040
0.5
    1040
1.5707963267949
    1040
0.5
    1040
0.3
    1070
0
    1040
0.5
    1070
0
    1002
}
    1000
LeadOut
    1002
{
    1070
0
    1040
0
    1040
0
    1040
0
    1070
0
    1002
}
    1000
IsFill
    1070
0
    1000
PathStart
    1040
0.5
    1000
ToolCompensation
    1002
{
    1070
0
    1040
0
    1070
0
    1002
}
       0
LWPOLYLINE
       5
2108
     100
AcDbEntity
       8
1
     100
AcDbPolyline
      90
106
      70
1
      10
66.0433591142
      20
-0.9283906502
      42
0
      10
68.2534310809
      20
2.8354787249
      42
0
      10
70.1470283989
      20
6.5690277329
      42
0
      10
71.7183109019
      20
10.2607414932
      42
0
      10
72.9624324957
      20
13.8992341522
      42
0
      10
73.8755561042
      20
17.4732839988
      42
0
      10
74.4548655038
      20
20.9718680744
      42
0
      10
74.6985740088
      20
24.3841961689
      42
0
      10
74.605929982
      20
27.6997441002
      42
0
      10
74.1772191528
      20
30.908286172
      42
0
      10
73.4137637362
      20
33.9999267117
      42
0
      10
72.3179183543
      20
36.9651305903
      42
0
      10
70.8930627751
      20
39.7947526305
      42
0
      10
69.1435914879
      20
42.4800658114
      42
0
      10
67.0749001505
      20
45.0127881847
      42
0
      10
64.693368948
      20
47.3851084172
      42
0
      10
62.006342915
      20
49.5897098821
      42
0
      10
59.0221092828
      20
51.6197932254
      42
0
      10
55.7498719196
      20
53.4690973353
      42
0
      10
52.1997229449
      20
55.1319186532
      42
0
      10
48.3826116031
      20
56.6031287642
      42
0
      10
44.3103104947
      20
57.8781902137
      42
0
      10
39.9953792676
      20
58.9531705021
      42
0
      10
35.4511258808
      20
59.824754213
      42
0
      10
30.6915655606
      20
60.4902532386
      42
0
      10
25.7313775756
      20
60.9476150703
      42
0
      10
20.585859963
      20
61.1954291287
      42
0
      10
15.2708823471
      20
61.2329311145
      42
0
      10
9.8028369949
      20
61.0600053654
      42
0
      10
4.1985882594
      20
60.6771852128
      42
0
      10
-1.5245794326
      20
60.0856513372
      42
0
      10
-7.3490148886
      20
59.2872281266
      42
0
      10
-13.2567545899
      20
58.2843780498
      42
0
      10
-19.2295780935
      20
57.0801940616
      42
0
      10
-25.2490642273
      20
55.678390064
      42
0
      10
-31.296647904
      20
54.0832894515
      42
0
      10
-37.3536773788
      20
52.2998117773
      42
0
      10
-43.4014717747
      20
50.3334575805
      42
0
      10
-49.4213786968
      20
48.1902914215
      42
0
      10
-55.39483176
      20
45.8769231779
      42
0
      10
-61.3034078508
      20
43.4004876587
      42
0
      10
-67.1288839465
      20
40.7686225992
      42
0
      10
-72.8532933188
      20
37.989445105
      42
0
      10
-78.4589809458
      20
35.0715266175
      42
0
      10
-83.9286579628
      20
32.0238664783
      42
0
      10
-89.2454549846
      20
28.8558641735
      42
0
      10
-94.3929741328
      20
25.5772903443
      42
0
      10
-99.3553396101
      20
22.1982566527
      42
0
      10
-104.1172466633
      20
18.7291845957
      42
0
      10
-108.6640087864
      20
15.1807733631
      42
0
      10
-112.9816030156
      20
11.5639668401
      42
0
      10
-117.0567131786
      20
7.8899198539
      42
0
      10
-120.8767709643
      20
4.1699637711
      42
0
      10
-124.4299946846
      20
0.4155715494
      42
0
      10
-127.7054256121
      20
-3.361677647
      42
0
      10
-130.692961778
      20
-7.1501341589
      42
0
      10
-133.3833891282
      20
-10.9381137621
      42
0
      10
-130.0395331488
      20
-7.9471788233
      42
0
      10
-126.4125011916
      20
-4.9775900035
      42
0
      10
-122.5137504111
      20
-2.0387277105
      42
0
      10
-118.355596274
      20
0.8601247078
      42
0
      10
-113.9511736561
      20
3.7098102875
      42
0
      10
-109.3143953524
      20
6.5013273743
      42
0
      10
-104.459908128
      20
9.2258580575
      42
0
      10
-99.4030464526
      20
11.8747960251
      42
0
      10
-94.1597840608
      20
14.4397737489
      42
0
      10
-88.7466834943
      20
16.9126889164
      42
0
      10
-83.1808437838
      20
19.2857300244
      42
0
      10
-77.4798464358
      20
21.5514010544
      42
0
      10
-71.661699896
      20
23.7025451509
      42
0
      10
-65.744782664
      20
25.7323672288
      42
0
      10
-59.7477852383
      20
27.6344554381
      42
0
      10
-53.6896510767
      20
29.4028014173
      42
0
      10
-47.5895167573
      20
31.0318192731
      42
0
      10
-41.4666515292
      20
32.5163632253
      42
0
      10
-35.3403964444
      20
33.8517438613
      42
0
      10
-29.2301032628
      20
35.0337429489
      42
0
      10
-23.1550733238
      20
36.0586267613
      42
0
      10
-17.1344965759
      20
36.9231578713
      42
0
      10
-11.1873909601
      20
37.6246053775
      42
0
      10
-5.3325423347
      20
38.1607535308
      42
0
      10
0.4115548655
      20
38.5299087337
      42
0
      10
6.0267560499
      20
38.73090489
      42
0
      10
11.4953237876
      20
38.7631070883
      42
0
      10
16.799983837
      20
38.6264136075
      42
0
      10
21.9239797122
      20
38.3212562381
      42
0
      10
26.8511256132
      20
37.8485989186
      42
0
      10
31.5658575546
      20
37.2099346902
      42
0
      10
36.0532825293
      20
36.4072809804
      42
0
      10
40.2992255526
      20
35.443173231
      42
0
      10
44.2902744391
      20
34.3206568884
      42
0
      10
48.0138221686
      20
33.0432777838
      42
0
      10
51.4581067103
      20
31.6150709328
      42
0
      10
54.6122481764
      20
30.0405477889
      42
0
      10
57.4662831899
      20
28.3246819933
      42
0
      10
60.0111963572
      20
26.4728936635
      42
0
      10
62.2389487463
      20
24.4910322727
      42
0
      10
64.14250328
      20
22.3853581714
      42
0
      10
65.7158469651
      20
20.1625228131
      42
0
      10
66.9540098861
      20
17.8295477429
      42
0
      10
67.8530809047
      20
15.3938024178
      42
0
      10
68.410220014
      20
12.862980928
      42
0
      10
68.6236673097
      20
10.2450776924
      42
0
      10
68.4927485494
      20
7.548362206
      42
0
      10
68.0178772825
      20
4.7813529177
      42
0
      10
67.2005535435
      20
1.9527903221
      42
0
    1001
FS_CYPCUT
    1000
Channel
    1070
1
    1000
LeadIn
    1002
{
    1070
3
    1040
39.5
    1040
1.5707963267949
    1040
0.5
    1040
0.3
    1070
0
    1040
0.5
    1070
0
    1002
}
    1000
LeadOut
    1002
{
    1070
0
    1040
0
    1040
0
    1040
0
    1070
0
    1002
}
    1000
IsFill
    1070
0
    1000
PathStart
    1040
39.5
    1000
ToolCompensation
    1002
{
    1070
0
    1040
0
    1070
0
    1002
}
    1000
MicroConnect
    1002
{
    1070
1
    1040
83
    1041
0.6
    1042
0
    1002
}
       0
LWPOLYLINE
       5
2109
     100
AcDbEntity
       8
1
     100
AcDbPolyline
      90
4
      70
1
      10
186
      20
128.1574330868
      42
0
      10
186
      20
118.1574330868
      42
-1
      10
178
      20
118.1574330868
      42
0
      10
178
      20
128.1574330868
      42
-1.00000000000001
    1001
FS_CYPCUT
    1000
Channel
    1070
1
    1000
LeadIn
    1002
{
    1070
3
    1040
0.499999999999999
    1040
1.5707963267949
    1040
0.5
    1040
0.3
    1070
0
    1040
0.5
    1070
0
    1002
}
    1000
LeadOut
    1002
{
    1070
0
    1040
0
    1040
0
    1040
0
    1070
0
    1002
}
    1000
IsFill
    1070
0
    1000
PathStart
    1040
0.499999999999999
    1000
ToolCompensation
    1002
{
    1070
0
    1040
0
    1070
0
    1002
}
       0
CIRCLE
       5
210A
     100
AcDbEntity
       8
1
     100
AcDbCircle
      10
297
      20
114.1574330868
      30
0
      40
2.5
    1001
FS_CYPCUT
    1000
Channel
    1070
1
    1000
LeadIn
    1002
{
    1070
3
    1040
0
    1040
1.5707963267949
    1040
0.5
    1040
0.3
    1070
0
    1040
0.5
    1070
0
    1002
}
    1000
LeadOut
    1002
{
    1070
0
    1040
0
    1040
0
    1040
0
    1070
0
    1002
}
    1000
IsFill
    1070
0
    1000
PathStart
    1040
0.999999999999999
    1000
ToolCompensation
    1002
{
    1070
0
    1040
0
    1070
0
    1002
}
       0
CIRCLE
       5
210B
     100
AcDbEntity
       8
1
     100
AcDbCircle
      10
297
      20
21
      30
0
      40
2.5
    1001
FS_CYPCUT
    1000
Channel
    1070
1
    1000
LeadIn
    1002
{
    1070
3
    1040
0
    1040
1.5707963267949
    1040
0.5
    1040
0.3
    1070
0
    1040
0.5
    1070
0
    1002
}
    1000
LeadOut
    1002
{
    1070
0
    1040
0
    1040
0
    1040
0
    1070
0
    1002
}
    1000
IsFill
    1070
0
    1000
PathStart
    1040
0.999999999999999
    1000
ToolCompensation
    1002
{
    1070
0
    1040
0
    1070
0
    1002
}
       0
LWPOLYLINE
       5
210C
     100
AcDbEntity
       8
1
     100
AcDbPolyline
      90
8
      70
1
      10
537
      20
113.6574330868
      42
0.41421356237309
      10
527
      20
123.6574330868
      42
0
      10
317
      20
123.6574330868
      42
0.414213562373096
      10
307
      20
113.6574330868
      42
0
      10
307
      20
-26
      42
0.4142135623731
      10
317
      20
-36.0000000000001
      42
0
      10
527
      20
-36
      42
0.414213562373089
      10
537
      20
-26
      42
0
    1001
FS_CYPCUT
    1000
Channel
    1070
1
    1000
LeadIn
    1002
{
    1070
3
    1040
1.50181785285714
    1040
1.5707963267949
    1040
0.5
    1040
0.3
    1070
0
    1040
0.5
    1070
0
    1002
}
    1000
LeadOut
    1002
{
    1070
0
    1040
0
    1040
0
    1040
0
    1070
0
    1002
}
    1000
IsFill
    1070
0
    1000
PathStart
    1040
1.5
    1000
ToolCompensation
    1002
{
    1070
0
    1040
0
    1070
0
    1002
}
    1000
MicroConnect
    1002
{
    1070
3
    1040
1.49896071
    1041
0.6
    1042
0
    1040
5.13685585
    1041
0.6
    1042
0
    1040
5.85250151
    1041
0.6
    1042
0
    1002
}
       0
CIRCLE
       5
210D
     100
AcDbEntity
       8
1
     100
AcDbCircle
      10
547
      20
114.1574330868
      30
0
      40
2.49999999999989
    1001
FS_CYPCUT
    1000
Channel
    1070
1
    1000
LeadIn
    1002
{
    1070
3
    1040
0
    1040
1.5707963267949
    1040
0.5
    1040
0.3
    1070
0
    1040
0.5
    1070
0
    1002
}
    1000
LeadOut
    1002
{
    1070
0
    1040
0
    1040
0
    1040
0
    1070
0
    1002
}
    1000
IsFill
    1070
0
    1000
PathStart
    1040
0.999999999999998
    1000
ToolCompensation
    1002
{
    1070
0
    1040
0
    1070
0
    1002
}
       0
CIRCLE
       5
210E
     100
AcDbEntity
       8
1
     100
AcDbCircle
      10
547
      20
21
      30
0
      40
2.5
    1001
FS_CYPCUT
    1000
Channel
    1070
1
    1000
LeadIn
    1002
{
    1070
3
    1040
1.9151347174784E-15
    1040
1.5707963267949
    1040
0.5
    1040
0.3
    1070
0
    1040
0.5
    1070
0
    1002
}
    1000
LeadOut
    1002
{
    1070
0
    1040
0
    1040
0
    1040
0
    1070
0
    1002
}
    1000
IsFill
    1070
0
    1000
PathStart
    1040
1.9151347174784E-15
    1000
ToolCompensation
    1002
{
    1070
0
    1040
0
    1070
0
    1002
}
       0
LINE
       5
210F
     100
AcDbEntity
       8
2
     100
AcDbLine
      10
592
      20
-88.5866238723
      30
0
      11
442
      21
-88.5866238723
      31
0
    1001
FS_CYPCUT
    1000
Channel
    1070
2
    1000
LeadIn
    1002
{
    1070
3
    1040
0
    1040
1.5707963267949
    1040
0.5
    1040
0.3
    1070
0
    1040
0.5
    1070
0
    1002
}
    1000
LeadOut
    1002
{
    1070
0
    1040
0
    1040
0
    1040
0
    1070
0
    1002
}
    1000
IsFill
    1070
0
    1000
PathStart
    1040
0
    1000
ToolCompensation
    1002
{
    1070
0
    1040
0
    1070
0
    1002
}
       0
LINE
       5
2110
     100
AcDbEntity
       8
2
     100
AcDbLine
      10
442
      20
-111.4249556048
      30
0
      11
592
      21
-111.4249556048
      31
0
    1001
FS_CYPCUT
    1000
Channel
    1070
2
    1000
LeadIn
    1002
{
    1070
3
    1040
0
    1040
1.5707963267949
    1040
0.5
    1040
0.3
    1070
0
    1040
0.5
    1070
0
    1002
}
    1000
LeadOut
    1002
{
    1070
0
    1040
0
    1040
0
    1040
0
    1070
0
    1002
}
    1000
IsFill
    1070
0
    1000
PathStart
    1040
0
    1000
ToolCompensation
    1002
{
    1070
0
    1040
0
    1070
0
    1002
}
       0
CIRCLE
       5
2111
     100
AcDbEntity
       8
1
     100
AcDbCircle
      10
517
      20
-126.6766634651
      30
0
      40
3.74999999999993
    1001
FS_CYPCUT
    1000
Channel
    1070
1
    1000
LeadIn
    1002
{
    1070
3
    1040
0
    1040
1.5707963267949
    1040
0.5
    1040
0.3
    1070
0
    1040
0.5
    1070
0
    1002
}
    1000
LeadOut
    1002
{
    1070
0
    1040
0
    1040
0
    1040
0
    1070
0
    1002
}
    1000
IsFill
    1070
0
    1000
PathStart
    1040
0.999999999999999
    1000
ToolCompensation
    1002
{
    1070
0
    1040
0
    1070
0
    1002
}
       0
LINE
       5
2112
     100
AcDbEntity
       8
2
     100
AcDbLine
      10
537
      20
86.3287165434
      30
0
      11
622
      21
86.3287165434
      31
0
    1001
FS_CYPCUT
    1000
Channel
    1070
2
    1000
LeadIn
    1002
{
    1070
3
    1040
0
    1040
1.5707963267949
    1040
0.5
    1040
0.3
    1070
0
    1040
0.5
    1070
0
    1002
}
    1000
LeadOut
    1002
{
    1070
0
    1040
0
    1040
0
    1040
0
    1070
0
    1002
}
    1000
IsFill
    1070
0
    1000
PathStart
    1040
0
    1000
ToolCompensation
    1002
{
    1070
0
    1040
0
    1070
0
    1002
}
       0
LWPOLYLINE
       5
2113
     100
AcDbEntity
       8
1
     100
AcDbPolyline
      90
45
      70
1
      10
622
      20
193.6574330868
      42
0.414213562373107
      10
617
      20
198.6574330868
      42
0
      10
-560.5
      20
198.6574330868
      42
0.414213562373095
      10
-563.5
      20
195.6574330868
      42
0
      10
-563.5
      20
157.1574330868
      42
0.414213562373092
      10
-560.5
      20
154.1574330868
      42
0
      10
-484.5
      20
154.1574330868
      42
-0.414213562373087
      10
-481.5
      20
151.1574330868
      42
0
      10
-481.5
      20
147.1574330868
      42
-0.414213562373081
      10
-484.5
      20
144.1574330868
      42
0
      10
-619
      20
144.1574330868
      42
0.414213562373101
      10
-622
      20
141.1574330868
      42
0
      10
-622
      20
94.6574330868
      42
0.414213562373082
      10
-617
      20
89.6574330868
      42
0
      10
-542
      20
89.6574330868
      42
0
      10
-542
      20
89.5174330868
      42
0
      10
-545.1158172695
      20
83.14
      42
0
      10
-577.3574655928
      20
22.5022787121
      42
0.565772778187753
      10
-572.9427276285
      20
15.1549208981999
      42
0
      10
-535
      20
15.1549208982
      42
-0.41421356237312
      10
-530
      20
10.1549208982
      42
0
      10
-530
      20
-131.6766634651
      42
0.41421356237309
      10
-525
      20
-136.6766634651
      42
0
      10
-385
      20
-136.6766634651
      42
0.414213562373095
      10
-380
      20
-131.6766634651
      42
0
      10
-380
      20
-84.8450791018
      42
-0.414213562373089
      10
-375
      20
-79.8450791018
      42
0
      10
-49
      20
-79.8450791018
      42
-0.414213562373097
      10
-43.9999999999998
      20
-84.8450791018
      42
0
      10
-44
      20
-131.6766634651
      42
0.414213562373098
      10
-39
      20
-136.6766634651
      42
0
      10
101
      20
-136.6766634651
      42
0.414213562373096
      10
106
      20
-131.6766634651
      42
0
      10
106
      20
-84.8450791018
      42
-0.414213562373093
      10
111
      20
-79.8450791018001
      42
0
      10
437
      20
-79.8450791017998
      42
-0.414213562373088
      10
442
      20
-84.8450791018
      42
0
      10
442
      20
-131.6766634651
      42
0.414213562373086
      10
447
      20
-136.6766634651
      42
0
      10
587
      20
-136.6766634651
      42
0.414213562373113
      10
592
      20
-131.6766634651
      42
0
      10
592
      20
-61.8450791018
      42
-0.414213562373095
      10
597
      20
-56.8450791017999
      42
0
      10
617
      20
-56.8450791018003
      42
0.414213562373106
      10
622
      20
-51.8450791018
      42
0
    1001
FS_CYPCUT
    1000
Channel
    1070
1
    1000
LeadIn
    1002
{
    1070
3
    1040
1.50027474414013
    1040
1.5707963267949
    1040
0.5
    1040
0.3
    1070
0
    1040
0.5
    1070
0
    1002
}
    1000
LeadOut
    1002
{
    1070
0
    1040
0
    1040
0
    1040
0
    1070
0
    1002
}
    1000
IsFill
    1070
1
    1000
PathStart
    1040
1.5
    1000
ToolCompensation
    1002
{
    1070
0
    1040
0
    1070
0
    1002
}
    1000
MicroConnect
    1002
{
    1070
6
    1040
1.14356092
    1041
0.6
    1042
0
    1040
1.49976519
    1041
0.6
    1042
0
    1040
1.85867594
    1041
0.6
    1042
0
    1040
22.6238386
    1041
0.6
    1042
0
    1040
30.366002
    1041
0.6
    1042
0
    1040
38.3976781
    1041
0.6
    1042
0
    1002
}
       0
ENDBLK
       5
2114
     330
200F
     100
AcDbEntity
       8
0
     100
AcDbBlockEnd
       0
BLOCK
       5
2115
     330
2010
     100
AcDbEntity
       8
0
     100
AcDbBlockBegin
       2
Part528026419
      70
0
      10
-233.81242
      20
-153.5
      30
0
       3
Part528026419
       1

       4
CypCutBlock
       0
LINE
       5
2116
     100
AcDbEntity
       8
2
     100
AcDbLine
      10
-55.0627808381
      20
-143.85
      30
0
      11
-55.0627808381
      21
143.85
      31
0
    1001
FS_CYPCUT
    1000
Channel
    1070
2
    1000
LeadIn
    1002
{
    1070
3
    1040
0
    1040
1.5707963267949
    1040
0.5
    1040
0.5
    1070
0
    1040
0.5
    1070
0
    1002
}
    1000
LeadOut
    1002
{
    1070
0
    1040
0
    1040
0
    1040
0
    1070
0
    1002
}
    1000
IsFill
    1070
0
    1000
PathStart
    1040
0
    1000
ToolCompensation
    1002
{
    1070
0
    1040
0
    1070
0
    1002
}
       0
SPLINE
       5
2117
     100
AcDbEntity
       8
1
     100
AcDbSpline
      70
0
      71
3
      72
476
      73
472
      74
0
      40
0
      40
0
      40
0
      40
0
      40
0.00847457627118644
      40
0.00847457627118644
      40
0.00847457627118644
      40
0.00847457627118644
      40
0.0169491525423729
      40
0.0169491525423729
      40
0.0169491525423729
      40
0.0169491525423729
      40
0.0254237288135593
      40
0.0254237288135593
      40
0.0254237288135593
      40
0.0254237288135593
      40
0.0338983050847458
      40
0.0338983050847458
      40
0.0338983050847458
      40
0.0338983050847458
      40
0.0423728813559322
      40
0.0423728813559322
      40
0.0423728813559322
      40
0.0423728813559322
      40
0.0508474576271186
      40
0.0508474576271186
      40
0.0508474576271186
      40
0.0508474576271186
      40
0.0593220338983051
      40
0.0593220338983051
      40
0.0593220338983051
      40
0.0593220338983051
      40
0.0677966101694915
      40
0.0677966101694915
      40
0.0677966101694915
      40
0.0677966101694915
      40
0.076271186440678
      40
0.076271186440678
      40
0.076271186440678
      40
0.076271186440678
      40
0.0847457627118644
      40
0.0847457627118644
      40
0.0847457627118644
      40
0.0847457627118644
      40
0.0932203389830508
      40
0.0932203389830508
      40
0.0932203389830508
      40
0.0932203389830508
      40
0.101694915254237
      40
0.101694915254237
      40
0.101694915254237
      40
0.101694915254237
      40
0.110169491525424
      40
0.110169491525424
      40
0.110169491525424
      40
0.110169491525424
      40
0.11864406779661
      40
0.11864406779661
      40
0.11864406779661
      40
0.11864406779661
      40
0.127118644067797
      40
0.127118644067797
      40
0.127118644067797
      40
0.127118644067797
      40
0.135593220338983
      40
0.135593220338983
      40
0.135593220338983
      40
0.135593220338983
      40
0.144067796610169
      40
0.144067796610169
      40
0.144067796610169
      40
0.144067796610169
      40
0.152542372881356
      40
0.152542372881356
      40
0.152542372881356
      40
0.152542372881356
      40
0.161016949152542
      40
0.161016949152542
      40
0.161016949152542
      40
0.161016949152542
      40
0.169491525423729
      40
0.169491525423729
      40
0.169491525423729
      40
0.169491525423729
      40
0.177966101694915
      40
0.177966101694915
      40
0.177966101694915
      40
0.177966101694915
      40
0.186440677966102
      40
0.186440677966102
      40
0.186440677966102
      40
0.186440677966102
      40
0.194915254237288
      40
0.194915254237288
      40
0.194915254237288
      40
0.194915254237288
      40
0.203389830508475
      40
0.203389830508475
      40
0.203389830508475
      40
0.203389830508475
      40
0.211864406779661
      40
0.211864406779661
      40
0.211864406779661
      40
0.211864406779661
      40
0.220338983050847
      40
0.220338983050847
      40
0.220338983050847
      40
0.220338983050847
      40
0.228813559322034
      40
0.228813559322034
      40
0.228813559322034
      40
0.228813559322034
      40
0.23728813559322
      40
0.23728813559322
      40
0.23728813559322
      40
0.23728813559322
      40
0.245762711864407
      40
0.245762711864407
      40
0.245762711864407
      40
0.245762711864407
      40
0.254237288135593
      40
0.254237288135593
      40
0.254237288135593
      40
0.254237288135593
      40
0.26271186440678
      40
0.26271186440678
      40
0.26271186440678
      40
0.26271186440678
      40
0.271186440677966
      40
0.271186440677966
      40
0.271186440677966
      40
0.271186440677966
      40
0.279661016949153
      40
0.279661016949153
      40
0.279661016949153
      40
0.279661016949153
      40
0.288135593220339
      40
0.288135593220339
      40
0.288135593220339
      40
0.288135593220339
      40
0.296610169491525
      40
0.296610169491525
      40
0.296610169491525
      40
0.296610169491525
      40
0.305084745762712
      40
0.305084745762712
      40
0.305084745762712
      40
0.305084745762712
      40
0.313559322033898
      40
0.313559322033898
      40
0.313559322033898
      40
0.313559322033898
      40
0.322033898305085
      40
0.322033898305085
      40
0.322033898305085
      40
0.322033898305085
      40
0.330508474576271
      40
0.330508474576271
      40
0.330508474576271
      40
0.330508474576271
      40
0.338983050847458
      40
0.338983050847458
      40
0.338983050847458
      40
0.338983050847458
      40
0.347457627118644
      40
0.347457627118644
      40
0.347457627118644
      40
0.347457627118644
      40
0.355932203389831
      40
0.355932203389831
      40
0.355932203389831
      40
0.355932203389831
      40
0.364406779661017
      40
0.364406779661017
      40
0.364406779661017
      40
0.364406779661017
      40
0.372881355932203
      40
0.372881355932203
      40
0.372881355932203
      40
0.372881355932203
      40
0.38135593220339
      40
0.38135593220339
      40
0.38135593220339
      40
0.38135593220339
      40
0.389830508474576
      40
0.389830508474576
      40
0.389830508474576
      40
0.389830508474576
      40
0.398305084745763
      40
0.398305084745763
      40
0.398305084745763
      40
0.398305084745763
      40
0.406779661016949
      40
0.406779661016949
      40
0.406779661016949
      40
0.406779661016949
      40
0.415254237288136
      40
0.415254237288136
      40
0.415254237288136
      40
0.415254237288136
      40
0.423728813559322
      40
0.423728813559322
      40
0.423728813559322
      40
0.423728813559322
      40
0.432203389830508
      40
0.432203389830508
      40
0.432203389830508
      40
0.432203389830508
      40
0.440677966101695
      40
0.440677966101695
      40
0.440677966101695
      40
0.440677966101695
      40
0.449152542372881
      40
0.449152542372881
      40
0.449152542372881
      40
0.449152542372881
      40
0.457627118644068
      40
0.457627118644068
      40
0.457627118644068
      40
0.457627118644068
      40
0.466101694915254
      40
0.466101694915254
      40
0.466101694915254
      40
0.466101694915254
      40
0.474576271186441
      40
0.474576271186441
      40
0.474576271186441
      40
0.474576271186441
      40
0.483050847457627
      40
0.483050847457627
      40
0.483050847457627
      40
0.483050847457627
      40
0.491525423728814
      40
0.491525423728814
      40
0.491525423728814
      40
0.491525423728814
      40
0.5
      40
0.5
      40
0.5
      40
0.5
      40
0.508474576271186
      40
0.508474576271186
      40
0.508474576271186
      40
0.508474576271186
      40
0.516949152542373
      40
0.516949152542373
      40
0.516949152542373
      40
0.516949152542373
      40
0.525423728813559
      40
0.525423728813559
      40
0.525423728813559
      40
0.525423728813559
      40
0.533898305084746
      40
0.533898305084746
      40
0.533898305084746
      40
0.533898305084746
      40
0.542372881355932
      40
0.542372881355932
      40
0.542372881355932
      40
0.542372881355932
      40
0.550847457627119
      40
0.550847457627119
      40
0.550847457627119
      40
0.550847457627119
      40
0.559322033898305
      40
0.559322033898305
      40
0.559322033898305
      40
0.559322033898305
      40
0.567796610169492
      40
0.567796610169492
      40
0.567796610169492
      40
0.567796610169492
      40
0.576271186440678
      40
0.576271186440678
      40
0.576271186440678
      40
0.576271186440678
      40
0.584745762711864
      40
0.584745762711864
      40
0.584745762711864
      40
0.584745762711864
      40
0.593220338983051
      40
0.593220338983051
      40
0.593220338983051
      40
0.593220338983051
      40
0.601694915254237
      40
0.601694915254237
      40
0.601694915254237
      40
0.601694915254237
      40
0.610169491525424
      40
0.610169491525424
      40
0.610169491525424
      40
0.610169491525424
      40
0.61864406779661
      40
0.61864406779661
      40
0.61864406779661
      40
0.61864406779661
      40
0.627118644067797
      40
0.627118644067797
      40
0.627118644067797
      40
0.627118644067797
      40
0.635593220338983
      40
0.635593220338983
      40
0.635593220338983
      40
0.635593220338983
      40
0.644067796610169
      40
0.644067796610169
      40
0.644067796610169
      40
0.644067796610169
      40
0.652542372881356
      40
0.652542372881356
      40
0.652542372881356
      40
0.652542372881356
      40
0.661016949152542
      40
0.661016949152542
      40
0.661016949152542
      40
0.661016949152542
      40
0.669491525423729
      40
0.669491525423729
      40
0.669491525423729
      40
0.669491525423729
      40
0.677966101694915
      40
0.677966101694915
      40
0.677966101694915
      40
0.677966101694915
      40
0.686440677966102
      40
0.686440677966102
      40
0.686440677966102
      40
0.686440677966102
      40
0.694915254237288
      40
0.694915254237288
      40
0.694915254237288
      40
0.694915254237288
      40
0.703389830508475
      40
0.703389830508475
      40
0.703389830508475
      40
0.703389830508475
      40
0.711864406779661
      40
0.711864406779661
      40
0.711864406779661
      40
0.711864406779661
      40
0.720338983050847
      40
0.720338983050847
      40
0.720338983050847
      40
0.720338983050847
      40
0.728813559322034
      40
0.728813559322034
      40
0.728813559322034
      40
0.728813559322034
      40
0.73728813559322
      40
0.73728813559322
      40
0.73728813559322
      40
0.73728813559322
      40
0.745762711864407
      40
0.745762711864407
      40
0.745762711864407
      40
0.745762711864407
      40
0.754237288135593
      40
0.754237288135593
      40
0.754237288135593
      40
0.754237288135593
      40
0.76271186440678
      40
0.76271186440678
      40
0.76271186440678
      40
0.76271186440678
      40
0.771186440677966
      40
0.771186440677966
      40
0.771186440677966
      40
0.771186440677966
      40
0.779661016949153
      40
0.779661016949153
      40
0.779661016949153
      40
0.779661016949153
      40
0.788135593220339
      40
0.788135593220339
      40
0.788135593220339
      40
0.788135593220339
      40
0.796610169491525
      40
0.796610169491525
      40
0.796610169491525
      40
0.796610169491525
      40
0.805084745762712
      40
0.805084745762712
      40
0.805084745762712
      40
0.805084745762712
      40
0.813559322033898
      40
0.813559322033898
      40
0.813559322033898
      40
0.813559322033898
      40
0.822033898305085
      40
0.822033898305085
      40
0.822033898305085
      40
0.822033898305085
      40
0.830508474576271
      40
0.830508474576271
      40
0.830508474576271
      40
0.830508474576271
      40
0.838983050847458
      40
0.838983050847458
      40
0.838983050847458
      40
0.838983050847458
      40
0.847457627118644
      40
0.847457627118644
      40
0.847457627118644
      40
0.847457627118644
      40
0.855932203389831
      40
0.855932203389831
      40
0.855932203389831
      40
0.855932203389831
      40
0.864406779661017
      40
0.864406779661017
      40
0.864406779661017
      40
0.864406779661017
      40
0.872881355932203
      40
0.872881355932203
      40
0.872881355932203
      40
0.872881355932203
      40
0.88135593220339
      40
0.88135593220339
      40
0.88135593220339
      40
0.88135593220339
      40
0.889830508474576
      40
0.889830508474576
      40
0.889830508474576
      40
0.889830508474576
      40
0.898305084745763
      40
0.898305084745763
      40
0.898305084745763
      40
0.898305084745763
      40
0.906779661016949
      40
0.906779661016949
      40
0.906779661016949
      40
0.906779661016949
      40
0.915254237288136
      40
0.915254237288136
      40
0.915254237288136
      40
0.915254237288136
      40
0.923728813559322
      40
0.923728813559322
      40
0.923728813559322
      40
0.923728813559322
      40
0.932203389830508
      40
0.932203389830508
      40
0.932203389830508
      40
0.932203389830508
      40
0.940677966101695
      40
0.940677966101695
      40
0.940677966101695
      40
0.940677966101695
      40
0.949152542372881
      40
0.949152542372881
      40
0.949152542372881
      40
0.949152542372881
      40
0.957627118644068
      40
0.957627118644068
      40
0.957627118644068
      40
0.957627118644068
      40
0.966101694915254
      40
0.966101694915254
      40
0.966101694915254
      40
0.966101694915254
      40
0.974576271186441
      40
0.974576271186441
      40
0.974576271186441
      40
0.974576271186441
      40
0.983050847457627
      40
0.983050847457627
      40
0.983050847457627
      40
0.983050847457627
      40
0.991525423728814
      40
0.991525423728814
      40
0.991525423728814
      40
0.991525423728814
      40
1
      40
1
      40
1
      40
1
      10
123.686858473324
      20
133.428932188135
      30
0
      10
123.685821010117
      20
133.469811883731
      30
0
      10
123.68478354691
      20
133.510691579328
      30
0
      10
123.683746083703
      20
133.551571274924
      30
0
      10
123.683746083703
      20
133.551571274924
      30
0
      10
123.663819432396
      20
134.225696781142
      30
0
      10
123.51534202945
      20
134.897692170761
      30
0
      10
123.232719111258
      20
135.510978541831
      30
0
      10
123.232719111258
      20
135.510978541831
      30
0
      10
123.045358413339
      20
135.920089328605
      30
0
      10
122.80072951616
      20
136.302527453128
      30
0
      10
122.511293785941
      20
136.646896991641
      30
0
      10
122.511293785941
      20
136.646896991641
      30
0
      10
122.445262197224
      20
136.724922306817
      30
0
      10
122.376280855219
      20
136.800363773333
      30
0
      10
122.306451394622
      20
136.875061669837
      30
0
      10
122.306451394622
      20
136.875061669837
      30
0
      10
122.278429861472
      20
136.904862230783
      30
0
      10
122.250408328322
      20
136.93466279173
      30
0
      10
122.222386795171
      20
136.964463352677
      30
0
      10
122.222386795171
      20
136.964463352677
      30
0
      10
117.194697478967
      20
141.988152759833
      30
0
      10
112.167008162733
      20
147.011842166967
      30
0
      10
107.1393188465
      20
152.0355315741
      30
0
      10
107.1393188465
      20
152.0355315741
      30
0
      10
107.10958181006
      20
152.063733932862
      30
0
      10
107.079844773651
      20
152.091936291649
      30
0
      10
107.050107737243
      20
152.120138650436
      30
0
      10
107.050107737243
      20
152.120138650436
      30
0
      10
106.557723901883
      20
152.583211986573
      30
0
      10
105.975744103096
      20
152.953380776722
      30
0
      10
105.340587254673
      20
153.187017735353
      30
0
      10
105.340587254673
      20
153.187017735353
      30
0
      10
104.917710082713
      20
153.343706227503
      30
0
      10
104.473266171533
      20
153.441009416546
      30
0
      10
104.024090852734
      20
153.479782790184
      30
0
      10
104.024090852734
      20
153.479782790184
      30
0
      10
103.921998000434
      20
153.488247285994
      30
0
      10
103.819647829091
      20
153.49280415485
      30
0
      10
103.717224135696
      20
153.496237105701
      30
0
      10
103.717224135696
      20
153.496237105701
      30
0
      10
103.676246816299
      20
153.497491403801
      30
0
      10
103.635269496902
      20
153.498745701901
      30
0
      10
103.594292177505
      20
153.5
      30
0
      10
103.594292177505
      20
153.5
      30
0
      10
53.8188187639883
      20
153.5
      30
0
      10
4.04334535047664
      20
153.5
      30
0
      10
-45.732128063035
      20
153.5
      30
0
      10
-45.732128063035
      20
153.5
      30
0
      10
-45.7648085983738
      20
153.498294288495
      30
0
      10
-45.7974891337123
      20
153.496588576989
      30
0
      10
-45.8300280855421
      20
153.493474550954
      30
0
      10
-45.8300280855421
      20
153.493474550954
      30
0
      10
-45.8544322886853
      20
153.49116219817
      30
0
      10
-45.8787569163679
      20
153.487916748869
      30
0
      10
-45.9029419538195
      20
153.483757789368
      30
0
      10
-45.9029419538195
      20
153.483757789368
      30
0
      10
-45.9513074180372
      20
153.475402224796
      30
0
      10
-45.9991375979906
      20
153.463788651107
      30
0
      10
-46.0458727417304
      20
153.448878950483
      30
0
      10
-46.0458727417304
      20
153.448878950483
      30
0
      10
-46.1627996493495
      20
153.411696370593
      30
0
      10
-46.2723104433143
      20
153.351511296734
      30
0
      10
-46.3666932117468
      20
153.273145883192
      30
0
      10
-46.3666932117468
      20
153.273145883192
      30
0
      10
-46.4232965587863
      20
153.226178854865
      30
0
      10
-46.4751920547444
      20
153.173278680299
      30
0
      10
-46.5210729971752
      20
153.115596764153
      30
0
      10
-46.5210729971752
      20
153.115596764153
      30
0
      10
-46.6151088953359
      20
152.997213749659
      30
0
      10
-46.6819066695653
      20
152.855991693294
      30
0
      10
-46.7107844098014
      20
152.70733576816
      30
0
      10
-46.7107844098014
      20
152.70733576816
      30
0
      10
-46.7130843024852
      20
152.695298502143
      30
0
      10
-46.7151084259252
      20
152.683219134121
      30
0
      10
-46.7169045063057
      20
152.671105133895
      30
0
      10
-46.7169045063057
      20
152.671105133895
      30
0
      10
-46.7228917036662
      20
152.630725121936
      30
0
      10
-46.7263490306373
      20
152.589960139654
      30
0
      10
-46.7290835374971
      20
152.549085165851
      30
0
      10
-46.7290835374971
      20
152.549085165851
      30
0
      10
-46.7301002394291
      20
152.5327234439
      30
0
      10
-46.7311169413612
      20
152.51636172195
      30
0
      10
-46.7321336432932
      20
152.5
      30
0
      10
-46.7321336432932
      20
152.5
      30
0
      10
-46.7321336433
      20
149.616666666667
      30
0
      10
-46.7321336433
      20
146.733333333333
      30
0
      10
-46.7321336433
      20
143.85
      30
0
      10
-46.7321336433
      20
143.85
      30
0
      10
-57.1031185719
      20
143.85
      30
0
      10
-67.4741035005
      20
143.85
      30
0
      10
-77.8450884291
      20
143.85
      30
0
      10
-77.8450884291
      20
143.85
      30
0
      10
-77.8450884290854
      20
146.733333333333
      30
0
      10
-77.8450884290708
      20
149.616666666667
      30
0
      10
-77.8450884290562
      20
152.5
      30
0
      10
-77.8450884290562
      20
152.5
      30
0
      10
-77.8467942564969
      20
152.532680529968
      30
0
      10
-77.8485000839373
      20
152.565361059936
      30
0
      10
-77.8516142394469
      20
152.597899999501
      30
0
      10
-77.8516142394469
      20
152.597899999501
      30
0
      10
-77.8539266892636
      20
152.622304193526
      30
0
      10
-77.8571722443847
      20
152.64662880772
      30
0
      10
-77.8613313151492
      20
152.670813826546
      30
0
      10
-77.8613313151492
      20
152.670813826546
      30
0
      10
-77.869687102877
      20
152.719179253435
      30
0
      10
-77.8813009202748
      20
152.767009376672
      30
0
      10
-77.8962108806951
      20
152.813744438031
      30
0
      10
-77.8962108806951
      20
152.813744438031
      30
0
      10
-77.9333941106849
      20
152.930671145694
      30
0
      10
-77.9935799273938
      20
153.040181542839
      30
0
      10
-78.0719459347718
      20
153.134563814769
      30
0
      10
-78.0719459347718
      20
153.134563814769
      30
0
      10
-78.1189133166248
      20
153.191166869619
      30
0
      10
-78.1718138073463
      20
153.243062043666
      30
0
      10
-78.2294960115972
      20
153.288942625268
      30
0
      10
-78.2294960115972
      20
153.288942625268
      30
0
      10
-78.3478796207452
      20
153.382977789256
      30
0
      10
-78.4891020926305
      20
153.449774626357
      30
0
      10
-78.6377581479391
      20
153.478651638349
      30
0
      10
-78.6377581479391
      20
153.478651638349
      30
0
      10
-78.6497954253239
      20
153.480951472184
      30
0
      10
-78.6618748031547
      20
153.482975538692
      30
0
      10
-78.6739888119085
      20
153.484771563853
      30
0
      10
-78.6739888119085
      20
153.484771563853
      30
0
      10
-78.7143688522904
      20
153.490758577111
      30
0
      10
-78.7551338487444
      20
153.494215738447
      30
0
      10
-78.7960088326473
      20
153.496950084947
      30
0
      10
-78.7960088326473
      20
153.496950084947
      30
0
      10
-78.812370558203
      20
153.497966723298
      30
0
      10
-78.8287322837588
      20
153.498983361649
      30
0
      10
-78.8450940093145
      20
153.5
      30
0
      10
-78.8450940093145
      20
153.5
      30
0
      10
-128.8340910358
      20
153.5
      30
0
      10
-178.8230880623
      20
153.5
      30
0
      10
-228.8120850888
      20
153.5
      30
0
      10
-228.8120850888
      20
153.5
      30
0
      10
-228.852944845857
      20
153.498963461595
      30
0
      10
-228.893804602915
      20
153.49792692319
      30
0
      10
-228.934664359974
      20
153.496890384785
      30
0
      10
-228.934664359974
      20
153.496890384785
      30
0
      10
-228.975498183788
      20
153.495245391432
      30
0
      10
-229.016332007602
      20
153.493600398078
      30
0
      10
-229.057165831417
      20
153.491955404724
      30
0
      10
-229.057165831417
      20
153.491955404724
      30
0
      10
-229.077565205896
      20
153.490749278796
      30
0
      10
-229.097964580376
      20
153.489543152867
      30
0
      10
-229.118363954856
      20
153.488337026939
      30
0
      10
-229.118363954856
      20
153.488337026939
      30
0
      10
-229.128602708232
      20
153.488464985106
      30
0
      10
-229.322213885145
      20
153.473133384785
      30
0
      10
-229.423520031301
      20
153.459540709602
      30
0
      10
-229.423520031301
      20
153.459540709602
      30
0
      10
-229.585789812871
      20
153.439670194255
      30
0
      10
-229.747145103214
      20
153.412155194006
      30
0
      10
-229.906784570526
      20
153.376887785276
      30
0
      10
-229.906784570526
      20
153.376887785276
      30
0
      10
-230.186166047399
      20
153.315201478163
      30
0
      10
-230.460208127158
      20
153.229304845564
      30
0
      10
-230.724583072183
      20
153.119883972549
      30
0
      10
-230.724583072183
      20
153.119883972549
      30
0
      10
-230.837944258388
      20
153.073045263001
      30
0
      10
-230.949709026312
      20
153.022043631112
      30
0
      10
-231.05949528834
      20
152.966993093564
      30
0
      10
-231.05949528834
      20
152.966993093564
      30
0
      10
-231.425693281883
      20
152.783696179392
      30
0
      10
-231.768764086142
      20
152.554450186689
      30
0
      10
-232.078155990495
      20
152.286503117934
      30
0
      10
-232.078155990495
      20
152.286503117934
      30
0
      10
-232.263911782617
      20
152.125834144862
      30
0
      10
-232.438075670648
      20
151.951690247484
      30
0
      10
-232.598768071146
      20
151.765941498318
      30
0
      10
-232.598768071146
      20
151.765941498318
      30
0
      10
-232.866778053365
      20
151.456554341916
      30
0
      10
-233.09594285881
      20
151.113525886793
      30
0
      10
-233.279240854162
      20
150.747350805327
      30
0
      10
-233.279240854162
      20
150.747350805327
      30
0
      10
-233.297144761524
      20
150.710540669548
      30
0
      10
-233.315048668887
      20
150.673730533769
      30
0
      10
-233.332952576249
      20
150.63692039799
      30
0
      10
-233.332952576249
      20
150.63692039799
      30
0
      10
-233.385312296011
      20
150.525853369657
      30
0
      10
-233.433615088321
      20
150.412939480778
      30
0
      10
-233.477745654569
      20
150.298516604718
      30
0
      10
-233.477745654569
      20
150.298516604718
      30
0
      10
-233.580768849671
      20
150.03160038387
      30
0
      10
-233.660670588273
      20
149.755653775661
      30
0
      10
-233.71575734151
      20
149.474872206755
      30
0
      10
-233.71575734151
      20
149.474872206755
      30
0
      10
-233.723179416479
      20
149.43467180226
      30
0
      10
-233.730601491448
      20
149.394471397765
      30
0
      10
-233.738023566417
      20
149.354270993269
      30
0
      10
-233.738023566417
      20
149.354270993269
      30
0
      10
-233.744511303063
      20
149.313901908664
      30
0
      10
-233.750999039709
      20
149.273532824058
      30
0
      10
-233.757486776355
      20
149.233163739453
      30
0
      10
-233.757486776355
      20
149.233163739453
      30
0
      10
-233.775548251826
      20
149.111828320226
      30
0
      10
-233.789281142532
      20
148.989845159817
      30
0
      10
-233.797521635812
      20
148.867543562526
      30
0
      10
-233.797521635812
      20
148.867543562526
      30
0
      10
-233.805800421777
      20
148.745241902715
      30
0
      10
-233.809110285618
      20
148.622620951358
      30
0
      10
-233.812420149458
      20
148.5
      30
0
      10
-233.812420149458
      20
148.5
      30
0
      10
-233.812420149486
      20
49.4999999999999
      30
0
      10
-233.812420149472
      20
-49.5000000000001
      30
0
      10
-233.812420149458
      20
-148.5
      30
0
      10
-233.812420149458
      20
-148.5
      30
0
      10
-233.811383214914
      20
-148.540859752222
      30
0
      10
-233.810346280369
      20
-148.581719504444
      30
0
      10
-233.809309345825
      20
-148.622579256666
      30
0
      10
-233.809309345825
      20
-148.622579256666
      30
0
      10
-233.807663736602
      20
-148.663413057484
      30
0
      10
-233.806018127379
      20
-148.704246858301
      30
0
      10
-233.804372518156
      20
-148.745080659119
      30
0
      10
-233.804372518156
      20
-148.745080659119
      30
0
      10
-233.803165958293
      20
-148.765480010077
      30
0
      10
-233.801959398431
      20
-148.785879361035
      30
0
      10
-233.800752838568
      20
-148.806278711993
      30
0
      10
-233.800752838568
      20
-148.806278711993
      30
0
      10
-233.800880776033
      20
-148.816517480123
      30
0
      10
-233.785543957081
      20
-149.010128307757
      30
0
      10
-233.771947000964
      20
-149.111433908767
      30
0
      10
-233.771947000964
      20
-149.111433908767
      30
0
      10
-233.752070153557
      20
-149.27370293491
      30
0
      10
-233.724546825778
      20
-149.435056912959
      30
0
      10
-233.689269751524
      20
-149.594694259277
      30
0
      10
-233.689269751524
      20
-149.594694259277
      30
0
      10
-233.627566539269
      20
-149.874072078901
      30
0
      10
-233.541648846046
      20
-150.148107809181
      30
0
      10
-233.432207415721
      20
-150.412474234539
      30
0
      10
-233.432207415721
      20
-150.412474234539
      30
0
      10
-233.385359882199
      20
-150.525831788437
      30
0
      10
-233.334349467059
      20
-150.637592559812
      30
0
      10
-233.279290252564
      20
-150.747374482596
      30
0
      10
-233.279290252564
      20
-150.747374482596
      30
0
      10
-233.095964348804
      20
-151.1135580159
      30
0
      10
-232.866690857387
      20
-151.456610531535
      30
0
      10
-232.598719242287
      20
-151.765981190678
      30
0
      10
-232.598719242287
      20
-151.765981190678
      30
0
      10
-232.438035501735
      20
-151.951724230483
      30
0
      10
-232.26387777412
      20
-152.125874329041
      30
0
      10
-232.078116250079
      20
-152.286552006313
      30
0
      10
-232.078116250079
      20
-152.286552006313
      30
0
      10
-231.768707827041
      20
-152.554537557717
      30
0
      10
-231.425660956025
      20
-152.783674712693
      30
0
      10
-231.059471320171
      20
-152.966943684847
      30
0
      10
-231.059471320171
      20
-152.966943684847
      30
0
      10
-231.022659770704
      20
-152.984844694022
      30
0
      10
-230.985848221237
      20
-153.002745703197
      30
0
      10
-230.94903667177
      20
-153.020646712371
      30
0
      10
-230.94903667177
      20
-153.020646712371
      30
0
      10
-230.837965523949
      20
-153.072997722896
      30
0
      10
-230.725047879305
      20
-153.121291745826
      30
0
      10
-230.610621654143
      20
-153.16541362527
      30
0
      10
-230.610621654143
      20
-153.16541362527
      30
0
      10
-230.343697555387
      20
-153.268416497817
      30
0
      10
-230.067745730811
      20
-153.34829917774
      30
0
      10
-229.786961242199
      20
-153.403370982607
      30
0
      10
-229.786961242199
      20
-153.403370982607
      30
0
      10
-229.746760456102
      20
-153.410790993554
      30
0
      10
-229.706559670006
      20
-153.418211004501
      30
0
      10
-229.666358883909
      20
-153.425631015448
      30
0
      10
-229.666358883909
      20
-153.425631015448
      30
0
      10
-229.625989496266
      20
-153.432116849479
      30
0
      10
-229.585620108623
      20
-153.438602683511
      30
0
      10
-229.545250720979
      20
-153.445088517543
      30
0
      10
-229.545250720979
      20
-153.445088517543
      30
0
      10
-229.423914503529
      20
-153.4631445306
      30
0
      10
-229.301930866557
      20
-153.476872713276
      30
0
      10
-229.179629010832
      20
-153.485109684024
      30
0
      10
-229.179629010832
      20
-153.485109684024
      30
0
      10
-229.057327091902
      20
-153.493384954629
      30
0
      10
-228.934706090352
      20
-153.496692477315
      30
0
      10
-228.812085088801
      20
-153.5
      30
0
      10
-228.812085088801
      20
-153.5
      30
0
      10
-178.823088062301
      20
-153.5
      30
0
      10
-128.8340910358
      20
-153.5
      30
0
      10
-78.8450940093
      20
-153.5
      30
0
      10
-78.8450940093
      20
-153.5
      30
0
      10
-78.8124134739758
      20
-153.498294288495
      30
0
      10
-78.7797329386371
      20
-153.49658857699
      30
0
      10
-78.7471939868074
      20
-153.493474550955
      30
0
      10
-78.7471939868074
      20
-153.493474550955
      30
0
      10
-78.7227897836642
      20
-153.491162198171
      30
0
      10
-78.6984651559816
      20
-153.48791674887
      30
0
      10
-78.6742801185299
      20
-153.483757789368
      30
0
      10
-78.6742801185299
      20
-153.483757789368
      30
0
      10
-78.6259146543122
      20
-153.475402224798
      30
0
      10
-78.5780844743587
      20
-153.463788651109
      30
0
      10
-78.5313493306187
      20
-153.448878950485
      30
0
      10
-78.5313493306187
      20
-153.448878950485
      30
0
      10
-78.4144224229992
      20
-153.411696370596
      30
0
      10
-78.3049116290337
      20
-153.351511296738
      30
0
      10
-78.2105288606023
      20
-153.273145883195
      30
0
      10
-78.2105288606023
      20
-153.273145883195
      30
0
      10
-78.1539255135637
      20
-153.226178854867
      30
0
      10
-78.102030017607
      20
-153.173278680299
      30
0
      10
-78.0561490751771
      20
-153.115596764152
      30
0
      10
-78.0561490751771
      20
-153.115596764152
      30
0
      10
-77.9621131770184
      20
-152.997213749658
      30
0
      10
-77.8953154027867
      20
-152.855991693294
      30
0
      10
-77.866437662549
      20
-152.70733576816
      30
0
      10
-77.866437662549
      20
-152.70733576816
      30
0
      10
-77.864137769865
      20
-152.695298502143
      30
0
      10
-77.8621136464252
      20
-152.683219134122
      30
0
      10
-77.8603175660444
      20
-152.671105133895
      30
0
      10
-77.8603175660444
      20
-152.671105133895
      30
0
      10
-77.8543303686835
      20
-152.630725121936
      30
0
      10
-77.8508730417124
      20
-152.589960139654
      30
0
      10
-77.8481385348525
      20
-152.549085165851
      30
0
      10
-77.8481385348525
      20
-152.549085165851
      30
0
      10
-77.8471218329204
      20
-152.532723443901
      30
0
      10
-77.8461051309883
      20
-152.51636172195
      30
0
      10
-77.8450884290562
      20
-152.5
      30
0
      10
-77.8450884290562
      20
-152.5
      30
0
      10
-77.8450884291
      20
-149.616666666667
      30
0
      10
-77.8450884291
      20
-146.733333333333
      30
0
      10
-77.8450884291
      20
-143.85
      30
0
      10
-77.8450884291
      20
-143.85
      30
0
      10
-67.4741035005
      20
-143.85
      30
0
      10
-57.1031185719
      20
-143.85
      30
0
      10
-46.7321336433
      20
-143.85
      30
0
      10
-46.7321336433
      20
-143.85
      30
0
      10
-46.7321336433
      20
-146.733333333333
      30
0
      10
-46.7321336433
      20
-149.616666666667
      30
0
      10
-46.7321336433
      20
-152.5
      30
0
      10
-46.7321336433
      20
-152.5
      30
0
      10
-46.7304278158527
      20
-152.532680529968
      30
0
      10
-46.7287219884122
      20
-152.565361059937
      30
0
      10
-46.7256078329029
      20
-152.597899999501
      30
0
      10
-46.7256078329029
      20
-152.597899999501
      30
0
      10
-46.7232953830862
      20
-152.622304193526
      30
0
      10
-46.7200498279655
      20
-152.646628807721
      30
0
      10
-46.7158907572013
      20
-152.670813826546
      30
0
      10
-46.7158907572013
      20
-152.670813826546
      30
0
      10
-46.7075349694739
      20
-152.719179253435
      30
0
      10
-46.6959211520768
      20
-152.767009376672
      30
0
      10
-46.681011191657
      20
-152.813744438031
      30
0
      10
-46.681011191657
      20
-152.813744438031
      30
0
      10
-46.6438279616689
      20
-152.930671145695
      30
0
      10
-46.5836421449608
      20
-153.040181542841
      30
0
      10
-46.5052761375809
      20
-153.134563814769
      30
0
      10
-46.5052761375809
      20
-153.134563814769
      30
0
      10
-46.4583087557267
      20
-153.191166869618
      30
0
      10
-46.4054082650032
      20
-153.243062043663
      30
0
      10
-46.3477260607518
      20
-153.288942625265
      30
0
      10
-46.3477260607518
      20
-153.288942625265
      30
0
      10
-46.2293424516021
      20
-153.38297778925
      30
0
      10
-46.0881199797185
      20
-153.449774626353
      30
0
      10
-45.9394639244102
      20
-153.478651638347
      30
0
      10
-45.9394639244102
      20
-153.478651638347
      30
0
      10
-45.9274266470253
      20
-153.480951472183
      30
0
      10
-45.9153472691947
      20
-153.48297553869
      30
0
      10
-45.9032332604409
      20
-153.484771563852
      30
0
      10
-45.9032332604409
      20
-153.484771563852
      30
0
      10
-45.8628532200589
      20
-153.49075857711
      30
0
      10
-45.8220882236052
      20
-153.494215738446
      30
0
      10
-45.7812132397022
      20
-153.496950084947
      30
0
      10
-45.7812132397022
      20
-153.496950084947
      30
0
      10
-45.7648515141465
      20
-153.497966723298
      30
0
      10
-45.7484897885908
      20
-153.498983361649
      30
0
      10
-45.732128063035
      20
-153.5
      30
0
      10
-45.732128063035
      20
-153.5
      30
0
      10
4.0433453505
      20
-153.5
      30
0
      10
53.818818764
      20
-153.5
      30
0
      10
103.5942921775
      20
-153.5
      30
0
      10
103.5942921775
      20
-153.5
      30
0
      10
103.635262896898
      20
-153.49896431769
      30
0
      10
103.676233616313
      20
-153.497928635379
      30
0
      10
103.717204335729
      20
-153.496892953069
      30
0
      10
103.717204335729
      20
-153.496892953069
      30
0
      10
104.392825436807
      20
-153.476997988554
      30
0
      10
105.066376682361
      20
-153.328812633215
      30
0
      10
105.681382023871
      20
-153.046320650809
      30
0
      10
105.681382023871
      20
-153.046320650809
      30
0
      10
106.091635325943
      20
-152.859064121676
      30
0
      10
106.475319600218
      20
-152.614503194036
      30
0
      10
106.82077828423
      20
-152.324797340345
      30
0
      10
106.82077828423
      20
-152.324797340345
      30
0
      10
106.899049900875
      20
-152.258704777778
      30
0
      10
106.974721096766
      20
-152.189637823547
      30
0
      10
107.049643658895
      20
-152.119715370568
      30
0
      10
107.049643658895
      20
-152.119715370568
      30
0
      10
107.079533590186
      20
-152.091655899057
      30
0
      10
107.109423521478
      20
-152.063596427545
      30
0
      10
107.139313452769
      20
-152.035536956034
      30
0
      10
107.139313452769
      20
-152.035536956034
      30
0
      10
112.167002937513
      20
-147.011847384256
      30
0
      10
117.194692422256
      20
-141.988157812478
      30
0
      10
122.222381907
      20
-136.9644682407
      30
0
      10
122.222381907
      20
-136.9644682407
      30
0
      10
122.250554922743
      20
-136.934828525341
      30
0
      10
122.278727938469
      20
-136.905188809935
      30
0
      10
122.306900954195
      20
-136.875549094528
      30
0
      10
122.306900954195
      20
-136.875549094528
      30
0
      10
122.769494388434
      20
-136.384783106246
      30
0
      10
123.139679319577
      20
-135.804620448912
      30
0
      10
123.37349493501
      20
-135.17111624771
      30
0
      10
123.37349493501
      20
-135.17111624771
      30
0
      10
123.530296623961
      20
-134.749346605628
      30
0
      10
123.627742309522
      20
-134.305942596863
      30
0
      10
123.666589355756
      20
-133.85777416067
      30
0
      10
123.666589355756
      20
-133.85777416067
      30
0
      10
123.675070877609
      20
-133.75591042943
      30
0
      10
123.679639815029
      20
-133.653787949566
      30
0
      10
123.6830833385
      20
-133.551591538348
      30
0
      10
123.6830833385
      20
-133.551591538348
      30
0
      10
123.684341716775
      20
-133.510705088277
      30
0
      10
123.685600095049
      20
-133.469818638206
      30
0
      10
123.686858473324
      20
-133.428932188135
      30
0
      10
123.686858473324
      20
-133.428932188135
      30
0
      10
123.686858473316
      20
-114.914833212857
      30
0
      10
123.686858473308
      20
-96.4007342375783
      30
0
      10
123.6868584733
      20
-77.8866352623
      30
0
      10
123.6868584733
      20
-77.8866352623
      30
0
      10
123.685808832234
      20
-77.82913496011
      30
0
      10
123.684759191145
      20
-77.7716346579656
      30
0
      10
123.683709550055
      20
-77.7141343558212
      30
0
      10
123.683709550055
      20
-77.7141343558212
      30
0
      10
123.657528602114
      20
-76.4784066406139
      30
0
      10
123.414395195426
      20
-75.2447303730326
      30
0
      10
122.94188811307
      20
-74.1011750106402
      30
0
      10
122.94188811307
      20
-74.1011750106402
      30
0
      10
122.777354951809
      20
-73.7025127369796
      30
0
      10
122.589545612513
      20
-73.3129632959706
      30
0
      10
122.374258317114
      20
-72.9392943709067
      30
0
      10
122.374258317114
      20
-72.9392943709067
      30
0
      10
122.345484266168
      20
-72.8894972984915
      30
0
      10
122.316710215222
      20
-72.8397002260764
      30
0
      10
122.287936164276
      20
-72.7899031536612
      30
0
      10
122.287936164276
      20
-72.7899031536612
      30
0
      10
122.258868789712
      20
-72.7402675231619
      30
0
      10
122.229801415148
      20
-72.6906318926625
      30
0
      10
122.200734040585
      20
-72.6409962621632
      30
0
      10
122.200734040585
      20
-72.6409962621632
      30
0
      10
111.74220428174
      20
-55.6980919616028
      30
0
      10
105.025117752163
      20
-36.4595181313305
      30
0
      10
102.653098228837
      20
-16.6863763435965
      30
0
      10
102.653098228837
      20
-16.6863763435965
      30
0
      10
99.6105591449955
      20
8.22369610942333
      30
0
      10
103.490097259272
      20
33.9423999453043
      30
0
      10
113.814431376963
      20
56.8201716089637
      30
0
      10
113.814431376963
      20
56.8201716089637
      30
0
      10
115.936289145152
      20
61.5418860877904
      30
0
      10
118.326473335578
      20
66.1427258899922
      30
0
      10
120.967596662253
      20
70.5944978779553
      30
0
      10
120.967596662253
      20
70.5944978779553
      30
0
      10
121.378578386542
      20
71.2765986315065
      30
0
      10
121.78956011083
      20
71.9586993850577
      30
0
      10
122.200541835119
      20
72.6408001386088
      30
0
      10
122.200541835119
      20
72.6408001386088
      30
0
      10
122.229793664751
      20
72.6903168323006
      30
0
      10
122.259045494384
      20
72.7398335259924
      30
0
      10
122.288297324016
      20
72.7893502196842
      30
0
      10
122.288297324016
      20
72.7893502196842
      30
0
      10
122.899527145945
      20
73.8306348585942
      30
0
      10
123.331017838103
      20
74.9793750022034
      30
0
      10
123.536564884
      20
76.1700132606833
      30
0
      10
123.536564884
      20
76.1700132606833
      30
0
      10
123.625022201305
      20
76.6799665726494
      30
0
      10
123.674643547088
      20
77.1967646190868
      30
0
      10
123.684223101138
      20
77.7142364116006
      30
0
      10
123.684223101138
      20
77.7142364116006
      30
0
      10
123.685101558533
      20
77.7717413160978
      30
0
      10
123.685980015928
      20
77.829246220595
      30
0
      10
123.686858473324
      20
77.8867511250922
      30
0
      10
123.686858473324
      20
77.8867511250922
      30
0
      10
123.686858473316
      20
96.4008114794281
      30
0
      10
123.686858473308
      20
114.914871833764
      30
0
      10
123.6868584733
      20
133.4289321881
      30
0
    1001
FS_CYPCUT
    1000
Channel
    1070
1
    1000
LeadIn
    1002
{
    1070
3
    1040
51.5
    1040
1.5707963267949
    1040
0.5
    1040
0.5
    1070
0
    1040
0.5
    1070
0
    1002
}
    1000
LeadOut
    1002
{
    1070
0
    1040
0
    1040
0
    1040
0
    1070
0
    1002
}
    1000
IsFill
    1070
1
    1000
PathStart
    1040
51.5
    1000
ToolCompensation
    1002
{
    1070
0
    1040
0
    1070
0
    1002
}
    1000
MicroConnect
    1002
{
    1070
5
    1040
33.1459874
    1041
0.4
    1042
0
    1040
51.4873943
    1041
0.4
    1042
0
    1040
91.316937
    1041
0.4
    1042
0
    1040
110
    1041
0.4
    1042
0
    1040
110.212385
    1041
0.4
    1042
0
    1002
}
       0
ENDBLK
       5
2118
     330
2010
     100
AcDbEntity
       8
0
     100
AcDbBlockEnd
       0
BLOCK
       5
2119
     330
2011
     100
AcDbEntity
       8
0
     100
AcDbBlockBegin
       2
Part2092942849
      70
0
      10
-233.81242
      20
-153.5
      30
0
       3
Part2092942849
       1

       4
CypCutBlock
       0
LINE
       5
211A
     100
AcDbEntity
       8
2
     100
AcDbLine
      10
-55.0627808381
      20
-143.85
      30
0
      11
-55.0627808381
      21
143.85
      31
0
    1001
FS_CYPCUT
    1000
Channel
    1070
2
    1000
LeadIn
    1002
{
    1070
3
    1040
0
    1040
1.5707963267949
    1040
0.5
    1040
0.5
    1070
0
    1040
0.5
    1070
0
    1002
}
    1000
LeadOut
    1002
{
    1070
0
    1040
0
    1040
0
    1040
0
    1070
0
    1002
}
    1000
IsFill
    1070
0
    1000
PathStart
    1040
0
    1000
ToolCompensation
    1002
{
    1070
0
    1040
0
    1070
0
    1002
}
       0
SPLINE
       5
211B
     100
AcDbEntity
       8
1
     100
AcDbSpline
      70
0
      71
3
      72
476
      73
472
      74
0
      40
0
      40
0
      40
0
      40
0
      40
0.00847457627118644
      40
0.00847457627118644
      40
0.00847457627118644
      40
0.00847457627118644
      40
0.0169491525423729
      40
0.0169491525423729
      40
0.0169491525423729
      40
0.0169491525423729
      40
0.0254237288135593
      40
0.0254237288135593
      40
0.0254237288135593
      40
0.0254237288135593
      40
0.0338983050847458
      40
0.0338983050847458
      40
0.0338983050847458
      40
0.0338983050847458
      40
0.0423728813559322
      40
0.0423728813559322
      40
0.0423728813559322
      40
0.0423728813559322
      40
0.0508474576271186
      40
0.0508474576271186
      40
0.0508474576271186
      40
0.0508474576271186
      40
0.0593220338983051
      40
0.0593220338983051
      40
0.0593220338983051
      40
0.0593220338983051
      40
0.0677966101694915
      40
0.0677966101694915
      40
0.0677966101694915
      40
0.0677966101694915
      40
0.076271186440678
      40
0.076271186440678
      40
0.076271186440678
      40
0.076271186440678
      40
0.0847457627118644
      40
0.0847457627118644
      40
0.0847457627118644
      40
0.0847457627118644
      40
0.0932203389830508
      40
0.0932203389830508
      40
0.0932203389830508
      40
0.0932203389830508
      40
0.101694915254237
      40
0.101694915254237
      40
0.101694915254237
      40
0.101694915254237
      40
0.110169491525424
      40
0.110169491525424
      40
0.110169491525424
      40
0.110169491525424
      40
0.11864406779661
      40
0.11864406779661
      40
0.11864406779661
      40
0.11864406779661
      40
0.127118644067797
      40
0.127118644067797
      40
0.127118644067797
      40
0.127118644067797
      40
0.135593220338983
      40
0.135593220338983
      40
0.135593220338983
      40
0.135593220338983
      40
0.144067796610169
      40
0.144067796610169
      40
0.144067796610169
      40
0.144067796610169
      40
0.152542372881356
      40
0.152542372881356
      40
0.152542372881356
      40
0.152542372881356
      40
0.161016949152542
      40
0.161016949152542
      40
0.161016949152542
      40
0.161016949152542
      40
0.169491525423729
      40
0.169491525423729
      40
0.169491525423729
      40
0.169491525423729
      40
0.177966101694915
      40
0.177966101694915
      40
0.177966101694915
      40
0.177966101694915
      40
0.186440677966102
      40
0.186440677966102
      40
0.186440677966102
      40
0.186440677966102
      40
0.194915254237288
      40
0.194915254237288
      40
0.194915254237288
      40
0.194915254237288
      40
0.203389830508475
      40
0.203389830508475
      40
0.203389830508475
      40
0.203389830508475
      40
0.211864406779661
      40
0.211864406779661
      40
0.211864406779661
      40
0.211864406779661
      40
0.220338983050847
      40
0.220338983050847
      40
0.220338983050847
      40
0.220338983050847
      40
0.228813559322034
      40
0.228813559322034
      40
0.228813559322034
      40
0.228813559322034
      40
0.23728813559322
      40
0.23728813559322
      40
0.23728813559322
      40
0.23728813559322
      40
0.245762711864407
      40
0.245762711864407
      40
0.245762711864407
      40
0.245762711864407
      40
0.254237288135593
      40
0.254237288135593
      40
0.254237288135593
      40
0.254237288135593
      40
0.26271186440678
      40
0.26271186440678
      40
0.26271186440678
      40
0.26271186440678
      40
0.271186440677966
      40
0.271186440677966
      40
0.271186440677966
      40
0.271186440677966
      40
0.279661016949153
      40
0.279661016949153
      40
0.279661016949153
      40
0.279661016949153
      40
0.288135593220339
      40
0.288135593220339
      40
0.288135593220339
      40
0.288135593220339
      40
0.296610169491525
      40
0.296610169491525
      40
0.296610169491525
      40
0.296610169491525
      40
0.305084745762712
      40
0.305084745762712
      40
0.305084745762712
      40
0.305084745762712
      40
0.313559322033898
      40
0.313559322033898
      40
0.313559322033898
      40
0.313559322033898
      40
0.322033898305085
      40
0.322033898305085
      40
0.322033898305085
      40
0.322033898305085
      40
0.330508474576271
      40
0.330508474576271
      40
0.330508474576271
      40
0.330508474576271
      40
0.338983050847458
      40
0.338983050847458
      40
0.338983050847458
      40
0.338983050847458
      40
0.347457627118644
      40
0.347457627118644
      40
0.347457627118644
      40
0.347457627118644
      40
0.355932203389831
      40
0.355932203389831
      40
0.355932203389831
      40
0.355932203389831
      40
0.364406779661017
      40
0.364406779661017
      40
0.364406779661017
      40
0.364406779661017
      40
0.372881355932203
      40
0.372881355932203
      40
0.372881355932203
      40
0.372881355932203
      40
0.38135593220339
      40
0.38135593220339
      40
0.38135593220339
      40
0.38135593220339
      40
0.389830508474576
      40
0.389830508474576
      40
0.389830508474576
      40
0.389830508474576
      40
0.398305084745763
      40
0.398305084745763
      40
0.398305084745763
      40
0.398305084745763
      40
0.406779661016949
      40
0.406779661016949
      40
0.406779661016949
      40
0.406779661016949
      40
0.415254237288136
      40
0.415254237288136
      40
0.415254237288136
      40
0.415254237288136
      40
0.423728813559322
      40
0.423728813559322
      40
0.423728813559322
      40
0.423728813559322
      40
0.432203389830508
      40
0.432203389830508
      40
0.432203389830508
      40
0.432203389830508
      40
0.440677966101695
      40
0.440677966101695
      40
0.440677966101695
      40
0.440677966101695
      40
0.449152542372881
      40
0.449152542372881
      40
0.449152542372881
      40
0.449152542372881
      40
0.457627118644068
      40
0.457627118644068
      40
0.457627118644068
      40
0.457627118644068
      40
0.466101694915254
      40
0.466101694915254
      40
0.466101694915254
      40
0.466101694915254
      40
0.474576271186441
      40
0.474576271186441
      40
0.474576271186441
      40
0.474576271186441
      40
0.483050847457627
      40
0.483050847457627
      40
0.483050847457627
      40
0.483050847457627
      40
0.491525423728814
      40
0.491525423728814
      40
0.491525423728814
      40
0.491525423728814
      40
0.5
      40
0.5
      40
0.5
      40
0.5
      40
0.508474576271186
      40
0.508474576271186
      40
0.508474576271186
      40
0.508474576271186
      40
0.516949152542373
      40
0.516949152542373
      40
0.516949152542373
      40
0.516949152542373
      40
0.525423728813559
      40
0.525423728813559
      40
0.525423728813559
      40
0.525423728813559
      40
0.533898305084746
      40
0.533898305084746
      40
0.533898305084746
      40
0.533898305084746
      40
0.542372881355932
      40
0.542372881355932
      40
0.542372881355932
      40
0.542372881355932
      40
0.550847457627119
      40
0.550847457627119
      40
0.550847457627119
      40
0.550847457627119
      40
0.559322033898305
      40
0.559322033898305
      40
0.559322033898305
      40
0.559322033898305
      40
0.567796610169492
      40
0.567796610169492
      40
0.567796610169492
      40
0.567796610169492
      40
0.576271186440678
      40
0.576271186440678
      40
0.576271186440678
      40
0.576271186440678
      40
0.584745762711864
      40
0.584745762711864
      40
0.584745762711864
      40
0.584745762711864
      40
0.593220338983051
      40
0.593220338983051
      40
0.593220338983051
      40
0.593220338983051
      40
0.601694915254237
      40
0.601694915254237
      40
0.601694915254237
      40
0.601694915254237
      40
0.610169491525424
      40
0.610169491525424
      40
0.610169491525424
      40
0.610169491525424
      40
0.61864406779661
      40
0.61864406779661
      40
0.61864406779661
      40
0.61864406779661
      40
0.627118644067797
      40
0.627118644067797
      40
0.627118644067797
      40
0.627118644067797
      40
0.635593220338983
      40
0.635593220338983
      40
0.635593220338983
      40
0.635593220338983
      40
0.644067796610169
      40
0.644067796610169
      40
0.644067796610169
      40
0.644067796610169
      40
0.652542372881356
      40
0.652542372881356
      40
0.652542372881356
      40
0.652542372881356
      40
0.661016949152542
      40
0.661016949152542
      40
0.661016949152542
      40
0.661016949152542
      40
0.669491525423729
      40
0.669491525423729
      40
0.669491525423729
      40
0.669491525423729
      40
0.677966101694915
      40
0.677966101694915
      40
0.677966101694915
      40
0.677966101694915
      40
0.686440677966102
      40
0.686440677966102
      40
0.686440677966102
      40
0.686440677966102
      40
0.694915254237288
      40
0.694915254237288
      40
0.694915254237288
      40
0.694915254237288
      40
0.703389830508475
      40
0.703389830508475
      40
0.703389830508475
      40
0.703389830508475
      40
0.711864406779661
      40
0.711864406779661
      40
0.711864406779661
      40
0.711864406779661
      40
0.720338983050847
      40
0.720338983050847
      40
0.720338983050847
      40
0.720338983050847
      40
0.728813559322034
      40
0.728813559322034
      40
0.728813559322034
      40
0.728813559322034
      40
0.73728813559322
      40
0.73728813559322
      40
0.73728813559322
      40
0.73728813559322
      40
0.745762711864407
      40
0.745762711864407
      40
0.745762711864407
      40
0.745762711864407
      40
0.754237288135593
      40
0.754237288135593
      40
0.754237288135593
      40
0.754237288135593
      40
0.76271186440678
      40
0.76271186440678
      40
0.76271186440678
      40
0.76271186440678
      40
0.771186440677966
      40
0.771186440677966
      40
0.771186440677966
      40
0.771186440677966
      40
0.779661016949153
      40
0.779661016949153
      40
0.779661016949153
      40
0.779661016949153
      40
0.788135593220339
      40
0.788135593220339
      40
0.788135593220339
      40
0.788135593220339
      40
0.796610169491525
      40
0.796610169491525
      40
0.796610169491525
      40
0.796610169491525
      40
0.805084745762712
      40
0.805084745762712
      40
0.805084745762712
      40
0.805084745762712
      40
0.813559322033898
      40
0.813559322033898
      40
0.813559322033898
      40
0.813559322033898
      40
0.822033898305085
      40
0.822033898305085
      40
0.822033898305085
      40
0.822033898305085
      40
0.830508474576271
      40
0.830508474576271
      40
0.830508474576271
      40
0.830508474576271
      40
0.838983050847458
      40
0.838983050847458
      40
0.838983050847458
      40
0.838983050847458
      40
0.847457627118644
      40
0.847457627118644
      40
0.847457627118644
      40
0.847457627118644
      40
0.855932203389831
      40
0.855932203389831
      40
0.855932203389831
      40
0.855932203389831
      40
0.864406779661017
      40
0.864406779661017
      40
0.864406779661017
      40
0.864406779661017
      40
0.872881355932203
      40
0.872881355932203
      40
0.872881355932203
      40
0.872881355932203
      40
0.88135593220339
      40
0.88135593220339
      40
0.88135593220339
      40
0.88135593220339
      40
0.889830508474576
      40
0.889830508474576
      40
0.889830508474576
      40
0.889830508474576
      40
0.898305084745763
      40
0.898305084745763
      40
0.898305084745763
      40
0.898305084745763
      40
0.906779661016949
      40
0.906779661016949
      40
0.906779661016949
      40
0.906779661016949
      40
0.915254237288136
      40
0.915254237288136
      40
0.915254237288136
      40
0.915254237288136
      40
0.923728813559322
      40
0.923728813559322
      40
0.923728813559322
      40
0.923728813559322
      40
0.932203389830508
      40
0.932203389830508
      40
0.932203389830508
      40
0.932203389830508
      40
0.940677966101695
      40
0.940677966101695
      40
0.940677966101695
      40
0.940677966101695
      40
0.949152542372881
      40
0.949152542372881
      40
0.949152542372881
      40
0.949152542372881
      40
0.957627118644068
      40
0.957627118644068
      40
0.957627118644068
      40
0.957627118644068
      40
0.966101694915254
      40
0.966101694915254
      40
0.966101694915254
      40
0.966101694915254
      40
0.974576271186441
      40
0.974576271186441
      40
0.974576271186441
      40
0.974576271186441
      40
0.983050847457627
      40
0.983050847457627
      40
0.983050847457627
      40
0.983050847457627
      40
0.991525423728814
      40
0.991525423728814
      40
0.991525423728814
      40
0.991525423728814
      40
1
      40
1
      40
1
      40
1
      10
123.686858473324
      20
133.428932188135
      30
0
      10
123.685821010117
      20
133.469811883731
      30
0
      10
123.68478354691
      20
133.510691579328
      30
0
      10
123.683746083703
      20
133.551571274924
      30
0
      10
123.683746083703
      20
133.551571274924
      30
0
      10
123.663819432396
      20
134.225696781142
      30
0
      10
123.51534202945
      20
134.897692170761
      30
0
      10
123.232719111258
      20
135.510978541831
      30
0
      10
123.232719111258
      20
135.510978541831
      30
0
      10
123.045358413339
      20
135.920089328605
      30
0
      10
122.80072951616
      20
136.302527453128
      30
0
      10
122.511293785941
      20
136.646896991641
      30
0
      10
122.511293785941
      20
136.646896991641
      30
0
      10
122.445262197224
      20
136.724922306817
      30
0
      10
122.376280855219
      20
136.800363773333
      30
0
      10
122.306451394622
      20
136.875061669837
      30
0
      10
122.306451394622
      20
136.875061669837
      30
0
      10
122.278429861472
      20
136.904862230783
      30
0
      10
122.250408328322
      20
136.93466279173
      30
0
      10
122.222386795171
      20
136.964463352677
      30
0
      10
122.222386795171
      20
136.964463352677
      30
0
      10
117.194697478967
      20
141.988152759833
      30
0
      10
112.167008162733
      20
147.011842166967
      30
0
      10
107.1393188465
      20
152.0355315741
      30
0
      10
107.1393188465
      20
152.0355315741
      30
0
      10
107.10958181006
      20
152.063733932862
      30
0
      10
107.079844773651
      20
152.091936291649
      30
0
      10
107.050107737243
      20
152.120138650436
      30
0
      10
107.050107737243
      20
152.120138650436
      30
0
      10
106.557723901883
      20
152.583211986573
      30
0
      10
105.975744103096
      20
152.953380776722
      30
0
      10
105.340587254673
      20
153.187017735353
      30
0
      10
105.340587254673
      20
153.187017735353
      30
0
      10
104.917710082713
      20
153.343706227503
      30
0
      10
104.473266171533
      20
153.441009416546
      30
0
      10
104.024090852734
      20
153.479782790184
      30
0
      10
104.024090852734
      20
153.479782790184
      30
0
      10
103.921998000434
      20
153.488247285994
      30
0
      10
103.819647829091
      20
153.49280415485
      30
0
      10
103.717224135696
      20
153.496237105701
      30
0
      10
103.717224135696
      20
153.496237105701
      30
0
      10
103.676246816299
      20
153.497491403801
      30
0
      10
103.635269496902
      20
153.498745701901
      30
0
      10
103.594292177505
      20
153.5
      30
0
      10
103.594292177505
      20
153.5
      30
0
      10
53.8188187639883
      20
153.5
      30
0
      10
4.04334535047664
      20
153.5
      30
0
      10
-45.732128063035
      20
153.5
      30
0
      10
-45.732128063035
      20
153.5
      30
0
      10
-45.7648085983738
      20
153.498294288495
      30
0
      10
-45.7974891337123
      20
153.496588576989
      30
0
      10
-45.8300280855421
      20
153.493474550954
      30
0
      10
-45.8300280855421
      20
153.493474550954
      30
0
      10
-45.8544322886853
      20
153.49116219817
      30
0
      10
-45.8787569163679
      20
153.487916748869
      30
0
      10
-45.9029419538195
      20
153.483757789368
      30
0
      10
-45.9029419538195
      20
153.483757789368
      30
0
      10
-45.9513074180372
      20
153.475402224796
      30
0
      10
-45.9991375979906
      20
153.463788651107
      30
0
      10
-46.0458727417304
      20
153.448878950483
      30
0
      10
-46.0458727417304
      20
153.448878950483
      30
0
      10
-46.1627996493495
      20
153.411696370593
      30
0
      10
-46.2723104433143
      20
153.351511296734
      30
0
      10
-46.3666932117468
      20
153.273145883192
      30
0
      10
-46.3666932117468
      20
153.273145883192
      30
0
      10
-46.4232965587863
      20
153.226178854865
      30
0
      10
-46.4751920547444
      20
153.173278680299
      30
0
      10
-46.5210729971752
      20
153.115596764153
      30
0
      10
-46.5210729971752
      20
153.115596764153
      30
0
      10
-46.6151088953359
      20
152.997213749659
      30
0
      10
-46.6819066695653
      20
152.855991693294
      30
0
      10
-46.7107844098014
      20
152.70733576816
      30
0
      10
-46.7107844098014
      20
152.70733576816
      30
0
      10
-46.7130843024852
      20
152.695298502143
      30
0
      10
-46.7151084259252
      20
152.683219134121
      30
0
      10
-46.7169045063057
      20
152.671105133895
      30
0
      10
-46.7169045063057
      20
152.671105133895
      30
0
      10
-46.7228917036662
      20
152.630725121936
      30
0
      10
-46.7263490306373
      20
152.589960139654
      30
0
      10
-46.7290835374971
      20
152.549085165851
      30
0
      10
-46.7290835374971
      20
152.549085165851
      30
0
      10
-46.7301002394291
      20
152.5327234439
      30
0
      10
-46.7311169413612
      20
152.51636172195
      30
0
      10
-46.7321336432932
      20
152.5
      30
0
      10
-46.7321336432932
      20
152.5
      30
0
      10
-46.7321336433
      20
149.616666666667
      30
0
      10
-46.7321336433
      20
146.733333333333
      30
0
      10
-46.7321336433
      20
143.85
      30
0
      10
-46.7321336433
      20
143.85
      30
0
      10
-57.1031185719
      20
143.85
      30
0
      10
-67.4741035005
      20
143.85
      30
0
      10
-77.8450884291
      20
143.85
      30
0
      10
-77.8450884291
      20
143.85
      30
0
      10
-77.8450884290854
      20
146.733333333333
      30
0
      10
-77.8450884290708
      20
149.616666666667
      30
0
      10
-77.8450884290562
      20
152.5
      30
0
      10
-77.8450884290562
      20
152.5
      30
0
      10
-77.8467942564969
      20
152.532680529968
      30
0
      10
-77.8485000839373
      20
152.565361059936
      30
0
      10
-77.8516142394469
      20
152.597899999501
      30
0
      10
-77.8516142394469
      20
152.597899999501
      30
0
      10
-77.8539266892636
      20
152.622304193526
      30
0
      10
-77.8571722443847
      20
152.64662880772
      30
0
      10
-77.8613313151492
      20
152.670813826546
      30
0
      10
-77.8613313151492
      20
152.670813826546
      30
0
      10
-77.869687102877
      20
152.719179253435
      30
0
      10
-77.8813009202748
      20
152.767009376672
      30
0
      10
-77.8962108806951
      20
152.813744438031
      30
0
      10
-77.8962108806951
      20
152.813744438031
      30
0
      10
-77.9333941106849
      20
152.930671145694
      30
0
      10
-77.9935799273938
      20
153.040181542839
      30
0
      10
-78.0719459347718
      20
153.134563814769
      30
0
      10
-78.0719459347718
      20
153.134563814769
      30
0
      10
-78.1189133166248
      20
153.191166869619
      30
0
      10
-78.1718138073463
      20
153.243062043666
      30
0
      10
-78.2294960115972
      20
153.288942625268
      30
0
      10
-78.2294960115972
      20
153.288942625268
      30
0
      10
-78.3478796207452
      20
153.382977789256
      30
0
      10
-78.4891020926305
      20
153.449774626357
      30
0
      10
-78.6377581479391
      20
153.478651638349
      30
0
      10
-78.6377581479391
      20
153.478651638349
      30
0
      10
-78.6497954253239
      20
153.480951472184
      30
0
      10
-78.6618748031547
      20
153.482975538692
      30
0
      10
-78.6739888119085
      20
153.484771563853
      30
0
      10
-78.6739888119085
      20
153.484771563853
      30
0
      10
-78.7143688522904
      20
153.490758577111
      30
0
      10
-78.7551338487444
      20
153.494215738447
      30
0
      10
-78.7960088326473
      20
153.496950084947
      30
0
      10
-78.7960088326473
      20
153.496950084947
      30
0
      10
-78.812370558203
      20
153.497966723298
      30
0
      10
-78.8287322837588
      20
153.498983361649
      30
0
      10
-78.8450940093145
      20
153.5
      30
0
      10
-78.8450940093145
      20
153.5
      30
0
      10
-128.8340910358
      20
153.5
      30
0
      10
-178.8230880623
      20
153.5
      30
0
      10
-228.8120850888
      20
153.5
      30
0
      10
-228.8120850888
      20
153.5
      30
0
      10
-228.852944845857
      20
153.498963461595
      30
0
      10
-228.893804602915
      20
153.49792692319
      30
0
      10
-228.934664359974
      20
153.496890384785
      30
0
      10
-228.934664359974
      20
153.496890384785
      30
0
      10
-228.975498183788
      20
153.495245391432
      30
0
      10
-229.016332007602
      20
153.493600398078
      30
0
      10
-229.057165831417
      20
153.491955404724
      30
0
      10
-229.057165831417
      20
153.491955404724
      30
0
      10
-229.077565205896
      20
153.490749278796
      30
0
      10
-229.097964580376
      20
153.489543152867
      30
0
      10
-229.118363954856
      20
153.488337026939
      30
0
      10
-229.118363954856
      20
153.488337026939
      30
0
      10
-229.128602708232
      20
153.488464985106
      30
0
      10
-229.322213885145
      20
153.473133384785
      30
0
      10
-229.423520031301
      20
153.459540709602
      30
0
      10
-229.423520031301
      20
153.459540709602
      30
0
      10
-229.585789812871
      20
153.439670194255
      30
0
      10
-229.747145103214
      20
153.412155194006
      30
0
      10
-229.906784570526
      20
153.376887785276
      30
0
      10
-229.906784570526
      20
153.376887785276
      30
0
      10
-230.186166047399
      20
153.315201478163
      30
0
      10
-230.460208127158
      20
153.229304845564
      30
0
      10
-230.724583072183
      20
153.119883972549
      30
0
      10
-230.724583072183
      20
153.119883972549
      30
0
      10
-230.837944258388
      20
153.073045263001
      30
0
      10
-230.949709026312
      20
153.022043631112
      30
0
      10
-231.05949528834
      20
152.966993093564
      30
0
      10
-231.05949528834
      20
152.966993093564
      30
0
      10
-231.425693281883
      20
152.783696179392
      30
0
      10
-231.768764086142
      20
152.554450186689
      30
0
      10
-232.078155990495
      20
152.286503117934
      30
0
      10
-232.078155990495
      20
152.286503117934
      30
0
      10
-232.263911782617
      20
152.125834144862
      30
0
      10
-232.438075670648
      20
151.951690247484
      30
0
      10
-232.598768071146
      20
151.765941498318
      30
0
      10
-232.598768071146
      20
151.765941498318
      30
0
      10
-232.866778053365
      20
151.456554341916
      30
0
      10
-233.09594285881
      20
151.113525886793
      30
0
      10
-233.279240854162
      20
150.747350805327
      30
0
      10
-233.279240854162
      20
150.747350805327
      30
0
      10
-233.297144761524
      20
150.710540669548
      30
0
      10
-233.315048668887
      20
150.673730533769
      30
0
      10
-233.332952576249
      20
150.63692039799
      30
0
      10
-233.332952576249
      20
150.63692039799
      30
0
      10
-233.385312296011
      20
150.525853369657
      30
0
      10
-233.433615088321
      20
150.412939480778
      30
0
      10
-233.477745654569
      20
150.298516604718
      30
0
      10
-233.477745654569
      20
150.298516604718
      30
0
      10
-233.580768849671
      20
150.03160038387
      30
0
      10
-233.660670588273
      20
149.755653775661
      30
0
      10
-233.71575734151
      20
149.474872206755
      30
0
      10
-233.71575734151
      20
149.474872206755
      30
0
      10
-233.723179416479
      20
149.43467180226
      30
0
      10
-233.730601491448
      20
149.394471397765
      30
0
      10
-233.738023566417
      20
149.354270993269
      30
0
      10
-233.738023566417
      20
149.354270993269
      30
0
      10
-233.744511303063
      20
149.313901908664
      30
0
      10
-233.750999039709
      20
149.273532824058
      30
0
      10
-233.757486776355
      20
149.233163739453
      30
0
      10
-233.757486776355
      20
149.233163739453
      30
0
      10
-233.775548251826
      20
149.111828320226
      30
0
      10
-233.789281142532
      20
148.989845159817
      30
0
      10
-233.797521635812
      20
148.867543562526
      30
0
      10
-233.797521635812
      20
148.867543562526
      30
0
      10
-233.805800421777
      20
148.745241902715
      30
0
      10
-233.809110285618
      20
148.622620951358
      30
0
      10
-233.812420149458
      20
148.5
      30
0
      10
-233.812420149458
      20
148.5
      30
0
      10
-233.812420149486
      20
49.4999999999999
      30
0
      10
-233.812420149472
      20
-49.5000000000001
      30
0
      10
-233.812420149458
      20
-148.5
      30
0
      10
-233.812420149458
      20
-148.5
      30
0
      10
-233.811383214914
      20
-148.540859752222
      30
0
      10
-233.810346280369
      20
-148.581719504444
      30
0
      10
-233.809309345825
      20
-148.622579256666
      30
0
      10
-233.809309345825
      20
-148.622579256666
      30
0
      10
-233.807663736602
      20
-148.663413057484
      30
0
      10
-233.806018127379
      20
-148.704246858301
      30
0
      10
-233.804372518156
      20
-148.745080659119
      30
0
      10
-233.804372518156
      20
-148.745080659119
      30
0
      10
-233.803165958293
      20
-148.765480010077
      30
0
      10
-233.801959398431
      20
-148.785879361035
      30
0
      10
-233.800752838568
      20
-148.806278711993
      30
0
      10
-233.800752838568
      20
-148.806278711993
      30
0
      10
-233.800880776033
      20
-148.816517480123
      30
0
      10
-233.785543957081
      20
-149.010128307757
      30
0
      10
-233.771947000964
      20
-149.111433908767
      30
0
      10
-233.771947000964
      20
-149.111433908767
      30
0
      10
-233.752070153557
      20
-149.27370293491
      30
0
      10
-233.724546825778
      20
-149.435056912959
      30
0
      10
-233.689269751524
      20
-149.594694259277
      30
0
      10
-233.689269751524
      20
-149.594694259277
      30
0
      10
-233.627566539269
      20
-149.874072078901
      30
0
      10
-233.541648846046
      20
-150.148107809181
      30
0
      10
-233.432207415721
      20
-150.412474234539
      30
0
      10
-233.432207415721
      20
-150.412474234539
      30
0
      10
-233.385359882199
      20
-150.525831788437
      30
0
      10
-233.334349467059
      20
-150.637592559812
      30
0
      10
-233.279290252564
      20
-150.747374482596
      30
0
      10
-233.279290252564
      20
-150.747374482596
      30
0
      10
-233.095964348804
      20
-151.1135580159
      30
0
      10
-232.866690857387
      20
-151.456610531535
      30
0
      10
-232.598719242287
      20
-151.765981190678
      30
0
      10
-232.598719242287
      20
-151.765981190678
      30
0
      10
-232.438035501735
      20
-151.951724230483
      30
0
      10
-232.26387777412
      20
-152.125874329041
      30
0
      10
-232.078116250079
      20
-152.286552006313
      30
0
      10
-232.078116250079
      20
-152.286552006313
      30
0
      10
-231.768707827041
      20
-152.554537557717
      30
0
      10
-231.425660956025
      20
-152.783674712693
      30
0
      10
-231.059471320171
      20
-152.966943684847
      30
0
      10
-231.059471320171
      20
-152.966943684847
      30
0
      10
-231.022659770704
      20
-152.984844694022
      30
0
      10
-230.985848221237
      20
-153.002745703197
      30
0
      10
-230.94903667177
      20
-153.020646712371
      30
0
      10
-230.94903667177
      20
-153.020646712371
      30
0
      10
-230.837965523949
      20
-153.072997722896
      30
0
      10
-230.725047879305
      20
-153.121291745826
      30
0
      10
-230.610621654143
      20
-153.16541362527
      30
0
      10
-230.610621654143
      20
-153.16541362527
      30
0
      10
-230.343697555387
      20
-153.268416497817
      30
0
      10
-230.067745730811
      20
-153.34829917774
      30
0
      10
-229.786961242199
      20
-153.403370982607
      30
0
      10
-229.786961242199
      20
-153.403370982607
      30
0
      10
-229.746760456102
      20
-153.410790993554
      30
0
      10
-229.706559670006
      20
-153.418211004501
      30
0
      10
-229.666358883909
      20
-153.425631015448
      30
0
      10
-229.666358883909
      20
-153.425631015448
      30
0
      10
-229.625989496266
      20
-153.432116849479
      30
0
      10
-229.585620108623
      20
-153.438602683511
      30
0
      10
-229.545250720979
      20
-153.445088517543
      30
0
      10
-229.545250720979
      20
-153.445088517543
      30
0
      10
-229.423914503529
      20
-153.4631445306
      30
0
      10
-229.301930866557
      20
-153.476872713276
      30
0
      10
-229.179629010832
      20
-153.485109684024
      30
0
      10
-229.179629010832
      20
-153.485109684024
      30
0
      10
-229.057327091902
      20
-153.493384954629
      30
0
      10
-228.934706090352
      20
-153.496692477315
      30
0
      10
-228.812085088801
      20
-153.5
      30
0
      10
-228.812085088801
      20
-153.5
      30
0
      10
-178.823088062301
      20
-153.5
      30
0
      10
-128.8340910358
      20
-153.5
      30
0
      10
-78.8450940093
      20
-153.5
      30
0
      10
-78.8450940093
      20
-153.5
      30
0
      10
-78.8124134739758
      20
-153.498294288495
      30
0
      10
-78.7797329386371
      20
-153.49658857699
      30
0
      10
-78.7471939868074
      20
-153.493474550955
      30
0
      10
-78.7471939868074
      20
-153.493474550955
      30
0
      10
-78.7227897836642
      20
-153.491162198171
      30
0
      10
-78.6984651559816
      20
-153.48791674887
      30
0
      10
-78.6742801185299
      20
-153.483757789368
      30
0
      10
-78.6742801185299
      20
-153.483757789368
      30
0
      10
-78.6259146543122
      20
-153.475402224798
      30
0
      10
-78.5780844743587
      20
-153.463788651109
      30
0
      10
-78.5313493306187
      20
-153.448878950485
      30
0
      10
-78.5313493306187
      20
-153.448878950485
      30
0
      10
-78.4144224229992
      20
-153.411696370596
      30
0
      10
-78.3049116290337
      20
-153.351511296738
      30
0
      10
-78.2105288606023
      20
-153.273145883195
      30
0
      10
-78.2105288606023
      20
-153.273145883195
      30
0
      10
-78.1539255135637
      20
-153.226178854867
      30
0
      10
-78.102030017607
      20
-153.173278680299
      30
0
      10
-78.0561490751771
      20
-153.115596764152
      30
0
      10
-78.0561490751771
      20
-153.115596764152
      30
0
      10
-77.9621131770184
      20
-152.997213749658
      30
0
      10
-77.8953154027867
      20
-152.855991693294
      30
0
      10
-77.866437662549
      20
-152.70733576816
      30
0
      10
-77.866437662549
      20
-152.70733576816
      30
0
      10
-77.864137769865
      20
-152.695298502143
      30
0
      10
-77.8621136464252
      20
-152.683219134122
      30
0
      10
-77.8603175660444
      20
-152.671105133895
      30
0
      10
-77.8603175660444
      20
-152.671105133895
      30
0
      10
-77.8543303686835
      20
-152.630725121936
      30
0
      10
-77.8508730417124
      20
-152.589960139654
      30
0
      10
-77.8481385348525
      20
-152.549085165851
      30
0
      10
-77.8481385348525
      20
-152.549085165851
      30
0
      10
-77.8471218329204
      20
-152.532723443901
      30
0
      10
-77.8461051309883
      20
-152.51636172195
      30
0
      10
-77.8450884290562
      20
-152.5
      30
0
      10
-77.8450884290562
      20
-152.5
      30
0
      10
-77.8450884291
      20
-149.616666666667
      30
0
      10
-77.8450884291
      20
-146.733333333333
      30
0
      10
-77.8450884291
      20
-143.85
      30
0
      10
-77.8450884291
      20
-143.85
      30
0
      10
-67.4741035005
      20
-143.85
      30
0
      10
-57.1031185719
      20
-143.85
      30
0
      10
-46.7321336433
      20
-143.85
      30
0
      10
-46.7321336433
      20
-143.85
      30
0
      10
-46.7321336433
      20
-146.733333333333
      30
0
      10
-46.7321336433
      20
-149.616666666667
      30
0
      10
-46.7321336433
      20
-152.5
      30
0
      10
-46.7321336433
      20
-152.5
      30
0
      10
-46.7304278158527
      20
-152.532680529968
      30
0
      10
-46.7287219884122
      20
-152.565361059937
      30
0
      10
-46.7256078329029
      20
-152.597899999501
      30
0
      10
-46.7256078329029
      20
-152.597899999501
      30
0
      10
-46.7232953830862
      20
-152.622304193526
      30
0
      10
-46.7200498279655
      20
-152.646628807721
      30
0
      10
-46.7158907572013
      20
-152.670813826546
      30
0
      10
-46.7158907572013
      20
-152.670813826546
      30
0
      10
-46.7075349694739
      20
-152.719179253435
      30
0
      10
-46.6959211520768
      20
-152.767009376672
      30
0
      10
-46.681011191657
      20
-152.813744438031
      30
0
      10
-46.681011191657
      20
-152.813744438031
      30
0
      10
-46.6438279616689
      20
-152.930671145695
      30
0
      10
-46.5836421449608
      20
-153.040181542841
      30
0
      10
-46.5052761375809
      20
-153.134563814769
      30
0
      10
-46.5052761375809
      20
-153.134563814769
      30
0
      10
-46.4583087557267
      20
-153.191166869618
      30
0
      10
-46.4054082650032
      20
-153.243062043663
      30
0
      10
-46.3477260607518
      20
-153.288942625265
      30
0
      10
-46.3477260607518
      20
-153.288942625265
      30
0
      10
-46.2293424516021
      20
-153.38297778925
      30
0
      10
-46.0881199797185
      20
-153.449774626353
      30
0
      10
-45.9394639244102
      20
-153.478651638347
      30
0
      10
-45.9394639244102
      20
-153.478651638347
      30
0
      10
-45.9274266470253
      20
-153.480951472183
      30
0
      10
-45.9153472691947
      20
-153.48297553869
      30
0
      10
-45.9032332604409
      20
-153.484771563852
      30
0
      10
-45.9032332604409
      20
-153.484771563852
      30
0
      10
-45.8628532200589
      20
-153.49075857711
      30
0
      10
-45.8220882236052
      20
-153.494215738446
      30
0
      10
-45.7812132397022
      20
-153.496950084947
      30
0
      10
-45.7812132397022
      20
-153.496950084947
      30
0
      10
-45.7648515141465
      20
-153.497966723298
      30
0
      10
-45.7484897885908
      20
-153.498983361649
      30
0
      10
-45.732128063035
      20
-153.5
      30
0
      10
-45.732128063035
      20
-153.5
      30
0
      10
4.0433453505
      20
-153.5
      30
0
      10
53.818818764
      20
-153.5
      30
0
      10
103.5942921775
      20
-153.5
      30
0
      10
103.5942921775
      20
-153.5
      30
0
      10
103.635262896898
      20
-153.49896431769
      30
0
      10
103.676233616313
      20
-153.497928635379
      30
0
      10
103.717204335729
      20
-153.496892953069
      30
0
      10
103.717204335729
      20
-153.496892953069
      30
0
      10
104.392825436807
      20
-153.476997988554
      30
0
      10
105.066376682361
      20
-153.328812633215
      30
0
      10
105.681382023871
      20
-153.046320650809
      30
0
      10
105.681382023871
      20
-153.046320650809
      30
0
      10
106.091635325943
      20
-152.859064121676
      30
0
      10
106.475319600218
      20
-152.614503194036
      30
0
      10
106.82077828423
      20
-152.324797340345
      30
0
      10
106.82077828423
      20
-152.324797340345
      30
0
      10
106.899049900875
      20
-152.258704777778
      30
0
      10
106.974721096766
      20
-152.189637823547
      30
0
      10
107.049643658895
      20
-152.119715370568
      30
0
      10
107.049643658895
      20
-152.119715370568
      30
0
      10
107.079533590186
      20
-152.091655899057
      30
0
      10
107.109423521478
      20
-152.063596427545
      30
0
      10
107.139313452769
      20
-152.035536956034
      30
0
      10
107.139313452769
      20
-152.035536956034
      30
0
      10
112.167002937513
      20
-147.011847384256
      30
0
      10
117.194692422256
      20
-141.988157812478
      30
0
      10
122.222381907
      20
-136.9644682407
      30
0
      10
122.222381907
      20
-136.9644682407
      30
0
      10
122.250554922743
      20
-136.934828525341
      30
0
      10
122.278727938469
      20
-136.905188809935
      30
0
      10
122.306900954195
      20
-136.875549094528
      30
0
      10
122.306900954195
      20
-136.875549094528
      30
0
      10
122.769494388434
      20
-136.384783106246
      30
0
      10
123.139679319577
      20
-135.804620448912
      30
0
      10
123.37349493501
      20
-135.17111624771
      30
0
      10
123.37349493501
      20
-135.17111624771
      30
0
      10
123.530296623961
      20
-134.749346605628
      30
0
      10
123.627742309522
      20
-134.305942596863
      30
0
      10
123.666589355756
      20
-133.85777416067
      30
0
      10
123.666589355756
      20
-133.85777416067
      30
0
      10
123.675070877609
      20
-133.75591042943
      30
0
      10
123.679639815029
      20
-133.653787949566
      30
0
      10
123.6830833385
      20
-133.551591538348
      30
0
      10
123.6830833385
      20
-133.551591538348
      30
0
      10
123.684341716775
      20
-133.510705088277
      30
0
      10
123.685600095049
      20
-133.469818638206
      30
0
      10
123.686858473324
      20
-133.428932188135
      30
0
      10
123.686858473324
      20
-133.428932188135
      30
0
      10
123.686858473316
      20
-114.914833212857
      30
0
      10
123.686858473308
      20
-96.4007342375783
      30
0
      10
123.6868584733
      20
-77.8866352623
      30
0
      10
123.6868584733
      20
-77.8866352623
      30
0
      10
123.685808832234
      20
-77.82913496011
      30
0
      10
123.684759191145
      20
-77.7716346579656
      30
0
      10
123.683709550055
      20
-77.7141343558212
      30
0
      10
123.683709550055
      20
-77.7141343558212
      30
0
      10
123.657528602114
      20
-76.4784066406139
      30
0
      10
123.414395195426
      20
-75.2447303730326
      30
0
      10
122.94188811307
      20
-74.1011750106402
      30
0
      10
122.94188811307
      20
-74.1011750106402
      30
0
      10
122.777354951809
      20
-73.7025127369796
      30
0
      10
122.589545612513
      20
-73.3129632959706
      30
0
      10
122.374258317114
      20
-72.9392943709067
      30
0
      10
122.374258317114
      20
-72.9392943709067
      30
0
      10
122.345484266168
      20
-72.8894972984915
      30
0
      10
122.316710215222
      20
-72.8397002260764
      30
0
      10
122.287936164276
      20
-72.7899031536612
      30
0
      10
122.287936164276
      20
-72.7899031536612
      30
0
      10
122.258868789712
      20
-72.7402675231619
      30
0
      10
122.229801415148
      20
-72.6906318926625
      30
0
      10
122.200734040585
      20
-72.6409962621632
      30
0
      10
122.200734040585
      20
-72.6409962621632
      30
0
      10
111.74220428174
      20
-55.6980919616028
      30
0
      10
105.025117752163
      20
-36.4595181313305
      30
0
      10
102.653098228837
      20
-16.6863763435965
      30
0
      10
102.653098228837
      20
-16.6863763435965
      30
0
      10
99.6105591449955
      20
8.22369610942333
      30
0
      10
103.490097259272
      20
33.9423999453043
      30
0
      10
113.814431376963
      20
56.8201716089637
      30
0
      10
113.814431376963
      20
56.8201716089637
      30
0
      10
115.936289145152
      20
61.5418860877904
      30
0
      10
118.326473335578
      20
66.1427258899922
      30
0
      10
120.967596662253
      20
70.5944978779553
      30
0
      10
120.967596662253
      20
70.5944978779553
      30
0
      10
121.378578386542
      20
71.2765986315065
      30
0
      10
121.78956011083
      20
71.9586993850577
      30
0
      10
122.200541835119
      20
72.6408001386088
      30
0
      10
122.200541835119
      20
72.6408001386088
      30
0
      10
122.229793664751
      20
72.6903168323006
      30
0
      10
122.259045494384
      20
72.7398335259924
      30
0
      10
122.288297324016
      20
72.7893502196842
      30
0
      10
122.288297324016
      20
72.7893502196842
      30
0
      10
122.899527145945
      20
73.8306348585942
      30
0
      10
123.331017838103
      20
74.9793750022034
      30
0
      10
123.536564884
      20
76.1700132606833
      30
0
      10
123.536564884
      20
76.1700132606833
      30
0
      10
123.625022201305
      20
76.6799665726494
      30
0
      10
123.674643547088
      20
77.1967646190868
      30
0
      10
123.684223101138
      20
77.7142364116006
      30
0
      10
123.684223101138
      20
77.7142364116006
      30
0
      10
123.685101558533
      20
77.7717413160978
      30
0
      10
123.685980015928
      20
77.829246220595
      30
0
      10
123.686858473324
      20
77.8867511250922
      30
0
      10
123.686858473324
      20
77.8867511250922
      30
0
      10
123.686858473316
      20
96.4008114794281
      30
0
      10
123.686858473308
      20
114.914871833764
      30
0
      10
123.6868584733
      20
133.4289321881
      30
0
    1001
FS_CYPCUT
    1000
Channel
    1070
1
    1000
LeadIn
    1002
{
    1070
3
    1040
51.5
    1040
1.5707963267949
    1040
0.5
    1040
0.5
    1070
0
    1040
0.5
    1070
0
    1002
}
    1000
LeadOut
    1002
{
    1070
0
    1040
0
    1040
0
    1040
0
    1070
0
    1002
}
    1000
IsFill
    1070
1
    1000
PathStart
    1040
51.5
    1000
ToolCompensation
    1002
{
    1070
0
    1040
0
    1070
0
    1002
}
    1000
MicroConnect
    1002
{
    1070
5
    1040
33.1459874
    1041
0.4
    1042
0
    1040
51.4873943
    1041
0.4
    1042
0
    1040
91.316937
    1041
0.4
    1042
0
    1040
110
    1041
0.4
    1042
0
    1040
110.212385
    1041
0.4
    1042
0
    1002
}
       0
ENDBLK
       5
211C
     330
2011
     100
AcDbEntity
       8
0
     100
AcDbBlockEnd
       0
BLOCK
       5
211D
     330
2012
     100
AcDbEntity
       8
0
     100
AcDbBlockBegin
       2
Part1886971956
      70
0
      10
-149.675519
      20
-250
      30
0
       3
Part1886971956
       1

       4
CypCutBlock
       0
CIRCLE
       5
211E
     100
AcDbEntity
       8
1
     100
AcDbCircle
      10
-120
      20
-207.8460969083
      30
0
      40
3.75
    1001
FS_CYPCUT
    1000
Channel
    1070
1
    1000
LeadIn
    1002
{
    1070
3
    1040
0
    1040
1.5707963267949
    1040
0.5
    1040
0.5
    1070
0
    1040
0.5
    1070
0
    1002
}
    1000
LeadOut
    1002
{
    1070
0
    1040
0
    1040
0
    1040
0
    1070
0
    1002
}
    1000
IsFill
    1070
0
    1000
PathStart
    1040
0
    1000
ToolCompensation
    1002
{
    1070
0
    1040
0
    1070
0
    1002
}
       0
CIRCLE
       5
211F
     100
AcDbEntity
       8
1
     100
AcDbCircle
      10
0
      20
-240
      30
0
      40
3.75
    1001
FS_CYPCUT
    1000
Channel
    1070
1
    1000
LeadIn
    1002
{
    1070
3
    1040
0
    1040
1.5707963267949
    1040
0.5
    1040
0.5
    1070
0
    1040
0.5
    1070
0
    1002
}
    1000
LeadOut
    1002
{
    1070
0
    1040
0
    1040
0
    1040
0
    1070
0
    1002
}
    1000
IsFill
    1070
0
    1000
PathStart
    1040
1
    1000
ToolCompensation
    1002
{
    1070
0
    1040
0
    1070
0
    1002
}
       0
CIRCLE
       5
2120
     100
AcDbEntity
       8
1
     100
AcDbCircle
      10
120
      20
-207.8460969083
      30
0
      40
3.75
    1001
FS_CYPCUT
    1000
Channel
    1070
1
    1000
LeadIn
    1002
{
    1070
3
    1040
0
    1040
1.5707963267949
    1040
0.5
    1040
0.5
    1070
0
    1040
0.5
    1070
0
    1002
}
    1000
LeadOut
    1002
{
    1070
0
    1040
0
    1040
0
    1040
0
    1070
0
    1002
}
    1000
IsFill
    1070
0
    1000
PathStart
    1040
0
    1000
ToolCompensation
    1002
{
    1070
0
    1040
0
    1070
0
    1002
}
       0
LWPOLYLINE
       5
2121
     100
AcDbEntity
       8
1
     100
AcDbPolyline
      90
6
      70
1
      10
76.3856548004807
      20
-174.829150145785
      42
-0.465759848623048
      10
72.4351408364653
      20
-186.421968587393
      42
-0.0495074708814147
      10
34.3749999999455
      20
-197.023753326861
      42
-0.465759848623043
      10
25
      20
-189.1428031938
      42
0
      10
25
      20
-118.469170849
      42
-0.759517827193472
      10
39.8479195974807
      20
-114.333231150885
      42
0
    1001
FS_CYPCUT
    1000
Channel
    1070
1
    1000
LeadIn
    1002
{
    1070
3
    1040
3.5056598194649
    1040
1.5707963267949
    1040
0.5
    1040
0.5
    1070
0
    1040
0.5
    1070
0
    1002
}
    1000
LeadOut
    1002
{
    1070
0
    1040
0
    1040
0
    1040
0
    1070
0
    1002
}
    1000
IsFill
    1070
0
    1000
PathStart
    1040
3.5
    1000
ToolCompensation
    1002
{
    1070
0
    1040
0
    1070
0
    1002
}
    1000
MicroConnect
    1002
{
    1070
2
    1040
3.5
    1041
0.4
    1042
0
    1040
5.51610276
    1041
0.4
    1042
0
    1002
}
       0
LWPOLYLINE
       5
2122
     100
AcDbEntity
       8
1
     100
AcDbPolyline
      90
6
      70
1
      10
-25
      20
-118.469170849
      42
0
      10
-25
      20
-189.1428031938
      42
-0.465759848623043
      10
-34.3749999999978
      20
-197.023753326874
      42
-0.0495074708814147
      10
-72.4351408366321
      20
-186.421968587335
      42
-0.465759848623044
      10
-76.3856548005
      20
-174.8291501458
      42
0
      10
-39.8479195974807
      20
-114.333231150885
      42
-0.759517827193472
    1001
FS_CYPCUT
    1000
Channel
    1070
1
    1000
LeadIn
    1002
{
    1070
3
    1040
0.505659819464896
    1040
1.5707963267949
    1040
0.5
    1040
0.5
    1070
0
    1040
0.5
    1070
0
    1002
}
    1000
LeadOut
    1002
{
    1070
0
    1040
0
    1040
0
    1040
0
    1070
0
    1002
}
    1000
IsFill
    1070
0
    1000
PathStart
    1040
0.5
    1000
ToolCompensation
    1002
{
    1070
0
    1040
0
    1070
0
    1002
}
    1000
MicroConnect
    1002
{
    1070
2
    1040
0.5
    1041
0.4
    1042
0
    1040
4.36219546
    1041
0.4
    1042
0
    1002
}
       0
LWPOLYLINE
       5
2123
     100
AcDbEntity
       8
1
     100
AcDbPolyline
      90
4
      70
1
      10
-24.5228386912
      20
-43.6008358008
      42
0
      10
-27.1764075352
      20
-41.9981591678
      42
0
      10
-35.0346929616
      20
-55.009206403
      42
0
      10
-32.3811241176
      20
-56.611883036
      42
0
    1001
FS_CYPCUT
    1000
Channel
    1070
1
    1000
LeadIn
    1002
{
    1070
3
    1040
1.5
    1040
1.5707963267949
    1040
0.5
    1040
0.5
    1070
0
    1040
0.5
    1070
0
    1002
}
    1000
LeadOut
    1002
{
    1070
0
    1040
0
    1040
0
    1040
0
    1070
0
    1002
}
    1000
IsFill
    1070
0
    1000
PathStart
    1040
1.5
    1000
ToolCompensation
    1002
{
    1070
0
    1040
0
    1070
0
    1002
}
       0
LWPOLYLINE
       5
2124
     100
AcDbEntity
       8
1
     100
AcDbPolyline
      90
4
      70
1
      10
35.0346929616
      20
-55.009206403
      42
0
      10
32.3811241176
      20
-56.611883036
      42
0
      10
24.5228386912
      20
-43.6008358008
      42
0
      10
27.1764075352
      20
-41.9981591678
      42
0
    1001
FS_CYPCUT
    1000
Channel
    1070
1
    1000
LeadIn
    1002
{
    1070
3
    1040
1.5
    1040
1.5707963267949
    1040
0.5
    1040
0.5
    1070
0
    1040
0.5
    1070
0
    1002
}
    1000
LeadOut
    1002
{
    1070
0
    1040
0
    1040
0
    1040
0
    1070
0
    1002
}
    1000
IsFill
    1070
0
    1000
PathStart
    1040
1.5
    1000
ToolCompensation
    1002
{
    1070
0
    1040
0
    1070
0
    1002
}
       0
CIRCLE
       5
2125
     100
AcDbEntity
       8
1
     100
AcDbCircle
      10
0
      20
0
      30
0
      40
12.65
    1001
FS_CYPCUT
    1000
Channel
    1070
1
    1000
LeadIn
    1002
{
    1070
3
    1040
0
    1040
1.5707963267949
    1040
0.5
    1040
0.5
    1070
0
    1040
0.5
    1070
0
    1002
}
    1000
LeadOut
    1002
{
    1070
0
    1040
0
    1040
0
    1040
0
    1070
0
    1002
}
    1000
IsFill
    1070
0
    1000
PathStart
    1040
0
    1000
ToolCompensation
    1002
{
    1070
0
    1040
0
    1070
0
    1002
}
       0
LWPOLYLINE
       5
2126
     100
AcDbEntity
       8
1
     100
AcDbPolyline
      90
6
      70
1
      10
149.5315093672
      20
-199.2243150481
      42
0
      10
21.3997487421273
      20
12.9248115566078
      42
0.564267767294909
      10
-21.3997487421
      20
12.9248115566
      42
0
      10
-149.531509367185
      20
-199.224315048036
      42
0.386213464171041
      10
-149.272609856846
      20
-200.543481436136
      42
0.331316767431704
      10
149.272609856846
      20
-200.543481436136
      42
0.386213464171041
    1001
FS_CYPCUT
    1000
Channel
    1070
1
    1000
LeadIn
    1002
{
    1070
3
    1040
4.50125025572242
    1040
1.5707963267949
    1040
0.5
    1040
0.5
    1070
0
    1040
0.5
    1070
0
    1002
}
    1000
LeadOut
    1002
{
    1070
0
    1040
0
    1040
0
    1040
0
    1070
0
    1002
}
    1000
IsFill
    1070
1
    1000
PathStart
    1040
4.5
    1000
ToolCompensation
    1002
{
    1070
0
    1040
0
    1070
0
    1002
}
    1000
MicroConnect
    1002
{
    1070
3
    1040
0.751715764
    1041
0.4
    1042
0
    1040
2.32653109
    1041
0.4
    1042
0
    1040
4.5
    1041
0.4
    1042
0
    1002
}
       0
ENDBLK
       5
2127
     330
2012
     100
AcDbEntity
       8
0
     100
AcDbBlockEnd
       0
BLOCK
       5
2128
     330
2013
     100
AcDbEntity
       8
0
     100
AcDbBlockBegin
       2
Part300410378
      70
0
      10
-149.675519
      20
-250
      30
0
       3
Part300410378
       1

       4
CypCutBlock
       0
CIRCLE
       5
2129
     100
AcDbEntity
       8
1
     100
AcDbCircle
      10
-120
      20
-207.8460969083
      30
0
      40
3.75
    1001
FS_CYPCUT
    1000
Channel
    1070
1
    1000
LeadIn
    1002
{
    1070
3
    1040
0
    1040
1.5707963267949
    1040
0.5
    1040
0.5
    1070
0
    1040
0.5
    1070
0
    1002
}
    1000
LeadOut
    1002
{
    1070
0
    1040
0
    1040
0
    1040
0
    1070
0
    1002
}
    1000
IsFill
    1070
0
    1000
PathStart
    1040
0
    1000
ToolCompensation
    1002
{
    1070
0
    1040
0
    1070
0
    1002
}
       0
CIRCLE
       5
212A
     100
AcDbEntity
       8
1
     100
AcDbCircle
      10
0
      20
-240
      30
0
      40
3.75
    1001
FS_CYPCUT
    1000
Channel
    1070
1
    1000
LeadIn
    1002
{
    1070
3
    1040
0
    1040
1.5707963267949
    1040
0.5
    1040
0.5
    1070
0
    1040
0.5
    1070
0
    1002
}
    1000
LeadOut
    1002
{
    1070
0
    1040
0
    1040
0
    1040
0
    1070
0
    1002
}
    1000
IsFill
    1070
0
    1000
PathStart
    1040
1
    1000
ToolCompensation
    1002
{
    1070
0
    1040
0
    1070
0
    1002
}
       0
CIRCLE
       5
212B
     100
AcDbEntity
       8
1
     100
AcDbCircle
      10
120
      20
-207.8460969083
      30
0
      40
3.75
    1001
FS_CYPCUT
    1000
Channel
    1070
1
    1000
LeadIn
    1002
{
    1070
3
    1040
0
    1040
1.5707963267949
    1040
0.5
    1040
0.5
    1070
0
    1040
0.5
    1070
0
    1002
}
    1000
LeadOut
    1002
{
    1070
0
    1040
0
    1040
0
    1040
0
    1070
0
    1002
}
    1000
IsFill
    1070
0
    1000
PathStart
    1040
0
    1000
ToolCompensation
    1002
{
    1070
0
    1040
0
    1070
0
    1002
}
       0
LWPOLYLINE
       5
212C
     100
AcDbEntity
       8
1
     100
AcDbPolyline
      90
6
      70
1
      10
76.3856548004807
      20
-174.829150145785
      42
-0.465759848623048
      10
72.4351408364653
      20
-186.421968587393
      42
-0.0495074708814147
      10
34.3749999999455
      20
-197.023753326861
      42
-0.465759848623043
      10
25
      20
-189.1428031938
      42
0
      10
25
      20
-118.469170849
      42
-0.759517827193472
      10
39.8479195974807
      20
-114.333231150885
      42
0
    1001
FS_CYPCUT
    1000
Channel
    1070
1
    1000
LeadIn
    1002
{
    1070
3
    1040
3.5056598194649
    1040
1.5707963267949
    1040
0.5
    1040
0.5
    1070
0
    1040
0.5
    1070
0
    1002
}
    1000
LeadOut
    1002
{
    1070
0
    1040
0
    1040
0
    1040
0
    1070
0
    1002
}
    1000
IsFill
    1070
0
    1000
PathStart
    1040
3.5
    1000
ToolCompensation
    1002
{
    1070
0
    1040
0
    1070
0
    1002
}
    1000
MicroConnect
    1002
{
    1070
2
    1040
3.5
    1041
0.4
    1042
0
    1040
5.51610276
    1041
0.4
    1042
0
    1002
}
       0
LWPOLYLINE
       5
212D
     100
AcDbEntity
       8
1
     100
AcDbPolyline
      90
6
      70
1
      10
-25
      20
-118.469170849
      42
0
      10
-25
      20
-189.1428031938
      42
-0.465759848623043
      10
-34.3749999999978
      20
-197.023753326874
      42
-0.0495074708814147
      10
-72.4351408366321
      20
-186.421968587335
      42
-0.465759848623044
      10
-76.3856548005
      20
-174.8291501458
      42
0
      10
-39.8479195974807
      20
-114.333231150885
      42
-0.759517827193472
    1001
FS_CYPCUT
    1000
Channel
    1070
1
    1000
LeadIn
    1002
{
    1070
3
    1040
0.505659819464896
    1040
1.5707963267949
    1040
0.5
    1040
0.5
    1070
0
    1040
0.5
    1070
0
    1002
}
    1000
LeadOut
    1002
{
    1070
0
    1040
0
    1040
0
    1040
0
    1070
0
    1002
}
    1000
IsFill
    1070
0
    1000
PathStart
    1040
0.5
    1000
ToolCompensation
    1002
{
    1070
0
    1040
0
    1070
0
    1002
}
    1000
MicroConnect
    1002
{
    1070
2
    1040
0.5
    1041
0.4
    1042
0
    1040
4.36219546
    1041
0.4
    1042
0
    1002
}
       0
LWPOLYLINE
       5
212E
     100
AcDbEntity
       8
1
     100
AcDbPolyline
      90
4
      70
1
      10
-24.5228386912
      20
-43.6008358008
      42
0
      10
-27.1764075352
      20
-41.9981591678
      42
0
      10
-35.0346929616
      20
-55.009206403
      42
0
      10
-32.3811241176
      20
-56.611883036
      42
0
    1001
FS_CYPCUT
    1000
Channel
    1070
1
    1000
LeadIn
    1002
{
    1070
3
    1040
1.5
    1040
1.5707963267949
    1040
0.5
    1040
0.5
    1070
0
    1040
0.5
    1070
0
    1002
}
    1000
LeadOut
    1002
{
    1070
0
    1040
0
    1040
0
    1040
0
    1070
0
    1002
}
    1000
IsFill
    1070
0
    1000
PathStart
    1040
1.5
    1000
ToolCompensation
    1002
{
    1070
0
    1040
0
    1070
0
    1002
}
       0
LWPOLYLINE
       5
212F
     100
AcDbEntity
       8
1
     100
AcDbPolyline
      90
4
      70
1
      10
35.0346929616
      20
-55.009206403
      42
0
      10
32.3811241176
      20
-56.611883036
      42
0
      10
24.5228386912
      20
-43.6008358008
      42
0
      10
27.1764075352
      20
-41.9981591678
      42
0
    1001
FS_CYPCUT
    1000
Channel
    1070
1
    1000
LeadIn
    1002
{
    1070
3
    1040
1.5
    1040
1.5707963267949
    1040
0.5
    1040
0.5
    1070
0
    1040
0.5
    1070
0
    1002
}
    1000
LeadOut
    1002
{
    1070
0
    1040
0
    1040
0
    1040
0
    1070
0
    1002
}
    1000
IsFill
    1070
0
    1000
PathStart
    1040
1.5
    1000
ToolCompensation
    1002
{
    1070
0
    1040
0
    1070
0
    1002
}
       0
CIRCLE
       5
2130
     100
AcDbEntity
       8
1
     100
AcDbCircle
      10
0
      20
0
      30
0
      40
12.65
    1001
FS_CYPCUT
    1000
Channel
    1070
1
    1000
LeadIn
    1002
{
    1070
3
    1040
0
    1040
1.5707963267949
    1040
0.5
    1040
0.5
    1070
0
    1040
0.5
    1070
0
    1002
}
    1000
LeadOut
    1002
{
    1070
0
    1040
0
    1040
0
    1040
0
    1070
0
    1002
}
    1000
IsFill
    1070
0
    1000
PathStart
    1040
0
    1000
ToolCompensation
    1002
{
    1070
0
    1040
0
    1070
0
    1002
}
       0
LWPOLYLINE
       5
2131
     100
AcDbEntity
       8
1
     100
AcDbPolyline
      90
6
      70
1
      10
149.5315093672
      20
-199.2243150481
      42
0
      10
21.3997487421273
      20
12.9248115566078
      42
0.564267767294909
      10
-21.3997487421
      20
12.9248115566
      42
0
      10
-149.531509367185
      20
-199.224315048036
      42
0.386213464171041
      10
-149.272609856846
      20
-200.543481436136
      42
0.331316767431704
      10
149.272609856846
      20
-200.543481436136
      42
0.386213464171041
    1001
FS_CYPCUT
    1000
Channel
    1070
1
    1000
LeadIn
    1002
{
    1070
3
    1040
4.50125025572242
    1040
1.5707963267949
    1040
0.5
    1040
0.5
    1070
0
    1040
0.5
    1070
0
    1002
}
    1000
LeadOut
    1002
{
    1070
0
    1040
0
    1040
0
    1040
0
    1070
0
    1002
}
    1000
IsFill
    1070
1
    1000
PathStart
    1040
4.5
    1000
ToolCompensation
    1002
{
    1070
0
    1040
0
    1070
0
    1002
}
    1000
MicroConnect
    1002
{
    1070
3
    1040
0.751715764
    1041
0.4
    1042
0
    1040
2.32653109
    1041
0.4
    1042
0
    1040
4.5
    1041
0.4
    1042
0
    1002
}
       0
ENDBLK
       5
2132
     330
2013
     100
AcDbEntity
       8
0
     100
AcDbBlockEnd
       0
BLOCK
       5
2133
     330
2014
     100
AcDbEntity
       8
0
     100
AcDbBlockBegin
       2
Part1941953800
      70
0
      10
-149.675519
      20
-250
      30
0
       3
Part1941953800
       1

       4
CypCutBlock
       0
CIRCLE
       5
2134
     100
AcDbEntity
       8
1
     100
AcDbCircle
      10
-120
      20
-207.8460969083
      30
0
      40
3.75
    1001
FS_CYPCUT
    1000
Channel
    1070
1
    1000
LeadIn
    1002
{
    1070
3
    1040
0
    1040
1.5707963267949
    1040
0.5
    1040
0.5
    1070
0
    1040
0.5
    1070
0
    1002
}
    1000
LeadOut
    1002
{
    1070
0
    1040
0
    1040
0
    1040
0
    1070
0
    1002
}
    1000
IsFill
    1070
0
    1000
PathStart
    1040
0
    1000
ToolCompensation
    1002
{
    1070
0
    1040
0
    1070
0
    1002
}
       0
CIRCLE
       5
2135
     100
AcDbEntity
       8
1
     100
AcDbCircle
      10
0
      20
-240
      30
0
      40
3.75
    1001
FS_CYPCUT
    1000
Channel
    1070
1
    1000
LeadIn
    1002
{
    1070
3
    1040
0
    1040
1.5707963267949
    1040
0.5
    1040
0.5
    1070
0
    1040
0.5
    1070
0
    1002
}
    1000
LeadOut
    1002
{
    1070
0
    1040
0
    1040
0
    1040
0
    1070
0
    1002
}
    1000
IsFill
    1070
0
    1000
PathStart
    1040
1
    1000
ToolCompensation
    1002
{
    1070
0
    1040
0
    1070
0
    1002
}
       0
CIRCLE
       5
2136
     100
AcDbEntity
       8
1
     100
AcDbCircle
      10
120
      20
-207.8460969083
      30
0
      40
3.75
    1001
FS_CYPCUT
    1000
Channel
    1070
1
    1000
LeadIn
    1002
{
    1070
3
    1040
0
    1040
1.5707963267949
    1040
0.5
    1040
0.5
    1070
0
    1040
0.5
    1070
0
    1002
}
    1000
LeadOut
    1002
{
    1070
0
    1040
0
    1040
0
    1040
0
    1070
0
    1002
}
    1000
IsFill
    1070
0
    1000
PathStart
    1040
0
    1000
ToolCompensation
    1002
{
    1070
0
    1040
0
    1070
0
    1002
}
       0
LWPOLYLINE
       5
2137
     100
AcDbEntity
       8
1
     100
AcDbPolyline
      90
6
      70
1
      10
76.3856548004807
      20
-174.829150145785
      42
-0.465759848623048
      10
72.4351408364653
      20
-186.421968587393
      42
-0.0495074708814147
      10
34.3749999999455
      20
-197.023753326861
      42
-0.465759848623043
      10
25
      20
-189.1428031938
      42
0
      10
25
      20
-118.469170849
      42
-0.759517827193472
      10
39.8479195974807
      20
-114.333231150885
      42
0
    1001
FS_CYPCUT
    1000
Channel
    1070
1
    1000
LeadIn
    1002
{
    1070
3
    1040
3.5056598194649
    1040
1.5707963267949
    1040
0.5
    1040
0.5
    1070
0
    1040
0.5
    1070
0
    1002
}
    1000
LeadOut
    1002
{
    1070
0
    1040
0
    1040
0
    1040
0
    1070
0
    1002
}
    1000
IsFill
    1070
0
    1000
PathStart
    1040
3.5
    1000
ToolCompensation
    1002
{
    1070
0
    1040
0
    1070
0
    1002
}
    1000
MicroConnect
    1002
{
    1070
2
    1040
3.5
    1041
0.4
    1042
0
    1040
5.51610276
    1041
0.4
    1042
0
    1002
}
       0
LWPOLYLINE
       5
2138
     100
AcDbEntity
       8
1
     100
AcDbPolyline
      90
6
      70
1
      10
-25
      20
-118.469170849
      42
0
      10
-25
      20
-189.1428031938
      42
-0.465759848623043
      10
-34.3749999999978
      20
-197.023753326874
      42
-0.0495074708814147
      10
-72.4351408366321
      20
-186.421968587335
      42
-0.465759848623044
      10
-76.3856548005
      20
-174.8291501458
      42
0
      10
-39.8479195974807
      20
-114.333231150885
      42
-0.759517827193472
    1001
FS_CYPCUT
    1000
Channel
    1070
1
    1000
LeadIn
    1002
{
    1070
3
    1040
0.505659819464896
    1040
1.5707963267949
    1040
0.5
    1040
0.5
    1070
0
    1040
0.5
    1070
0
    1002
}
    1000
LeadOut
    1002
{
    1070
0
    1040
0
    1040
0
    1040
0
    1070
0
    1002
}
    1000
IsFill
    1070
0
    1000
PathStart
    1040
0.5
    1000
ToolCompensation
    1002
{
    1070
0
    1040
0
    1070
0
    1002
}
    1000
MicroConnect
    1002
{
    1070
2
    1040
0.5
    1041
0.4
    1042
0
    1040
4.36219546
    1041
0.4
    1042
0
    1002
}
       0
LWPOLYLINE
       5
2139
     100
AcDbEntity
       8
1
     100
AcDbPolyline
      90
4
      70
1
      10
-24.5228386912
      20
-43.6008358008
      42
0
      10
-27.1764075352
      20
-41.9981591678
      42
0
      10
-35.0346929616
      20
-55.009206403
      42
0
      10
-32.3811241176
      20
-56.611883036
      42
0
    1001
FS_CYPCUT
    1000
Channel
    1070
1
    1000
LeadIn
    1002
{
    1070
3
    1040
1.5
    1040
1.5707963267949
    1040
0.5
    1040
0.5
    1070
0
    1040
0.5
    1070
0
    1002
}
    1000
LeadOut
    1002
{
    1070
0
    1040
0
    1040
0
    1040
0
    1070
0
    1002
}
    1000
IsFill
    1070
0
    1000
PathStart
    1040
1.5
    1000
ToolCompensation
    1002
{
    1070
0
    1040
0
    1070
0
    1002
}
       0
LWPOLYLINE
       5
213A
     100
AcDbEntity
       8
1
     100
AcDbPolyline
      90
4
      70
1
      10
35.0346929616
      20
-55.009206403
      42
0
      10
32.3811241176
      20
-56.611883036
      42
0
      10
24.5228386912
      20
-43.6008358008
      42
0
      10
27.1764075352
      20
-41.9981591678
      42
0
    1001
FS_CYPCUT
    1000
Channel
    1070
1
    1000
LeadIn
    1002
{
    1070
3
    1040
1.5
    1040
1.5707963267949
    1040
0.5
    1040
0.5
    1070
0
    1040
0.5
    1070
0
    1002
}
    1000
LeadOut
    1002
{
    1070
0
    1040
0
    1040
0
    1040
0
    1070
0
    1002
}
    1000
IsFill
    1070
0
    1000
PathStart
    1040
1.5
    1000
ToolCompensation
    1002
{
    1070
0
    1040
0
    1070
0
    1002
}
       0
CIRCLE
       5
213B
     100
AcDbEntity
       8
1
     100
AcDbCircle
      10
0
      20
0
      30
0
      40
12.65
    1001
FS_CYPCUT
    1000
Channel
    1070
1
    1000
LeadIn
    1002
{
    1070
3
    1040
0
    1040
1.5707963267949
    1040
0.5
    1040
0.5
    1070
0
    1040
0.5
    1070
0
    1002
}
    1000
LeadOut
    1002
{
    1070
0
    1040
0
    1040
0
    1040
0
    1070
0
    1002
}
    1000
IsFill
    1070
0
    1000
PathStart
    1040
0
    1000
ToolCompensation
    1002
{
    1070
0
    1040
0
    1070
0
    1002
}
       0
LWPOLYLINE
       5
213C
     100
AcDbEntity
       8
1
     100
AcDbPolyline
      90
6
      70
1
      10
149.5315093672
      20
-199.2243150481
      42
0
      10
21.3997487421273
      20
12.9248115566078
      42
0.564267767294909
      10
-21.3997487421
      20
12.9248115566
      42
0
      10
-149.531509367185
      20
-199.224315048036
      42
0.386213464171041
      10
-149.272609856846
      20
-200.543481436136
      42
0.331316767431704
      10
149.272609856846
      20
-200.543481436136
      42
0.386213464171041
    1001
FS_CYPCUT
    1000
Channel
    1070
1
    1000
LeadIn
    1002
{
    1070
3
    1040
4.50125025572242
    1040
1.5707963267949
    1040
0.5
    1040
0.5
    1070
0
    1040
0.5
    1070
0
    1002
}
    1000
LeadOut
    1002
{
    1070
0
    1040
0
    1040
0
    1040
0
    1070
0
    1002
}
    1000
IsFill
    1070
1
    1000
PathStart
    1040
4.5
    1000
ToolCompensation
    1002
{
    1070
0
    1040
0
    1070
0
    1002
}
    1000
MicroConnect
    1002
{
    1070
3
    1040
0.751715764
    1041
0.4
    1042
0
    1040
2.32653109
    1041
0.4
    1042
0
    1040
4.5
    1041
0.4
    1042
0
    1002
}
       0
ENDBLK
       5
213D
     330
2014
     100
AcDbEntity
       8
0
     100
AcDbBlockEnd
       0
ENDSEC
       0
SECTION
       2
ENTITIES
       0
LWPOLYLINE
       5
213E
     100
AcDbEntity
       8
1
     100
AcDbPolyline
      90
8
      70
1
      10
9224.22585914687
      20
14102.9679027525
      42
0.414213562373095
      10
9221.22585914687
      20
14105.9679027525
      42
0
      10
9163.72585914687
      20
14105.9679027525
      42
0.414213562373094
      10
9160.72585914687
      20
14102.9679027525
      42
0
      10
9160.72585914687
      20
14045.4679027525
      42
0.414213562373096
      10
9163.72585914687
      20
14042.4679027525
      42
0
      10
9221.22585914687
      20
14042.4679027525
      42
0.414213562373095
      10
9224.22585914687
      20
14045.4679027525
      42
0
    1001
FS_CYPCUT
    1000
Channel
    1070
1
    1000
LeadIn
    1002
{
    1070
3
    1040
1.50695652173913
    1040
1.5707963267949
    1040
0.5
    1040
0.5
    1070
0
    1040
0.5
    1070
0
    1002
}
    1000
LeadOut
    1002
{
    1070
0
    1040
0
    1040
0
    1040
0
    1070
0
    1002
}
    1000
IsFill
    1070
1
    1000
PathStart
    1040
1.5
    1000
ToolCompensation
    1002
{
    1070
0
    1040
0
    1070
0
    1002
}
    1000
MicroConnect
    1002
{
    1070
4
    1040
1.5
    1041
0.4
    1042
0
    1040
3.48832803
    1041
0.4
    1042
0
    1040
5.47037116
    1041
0.4
    1042
0
    1040
7.54399434
    1041
0.4
    1042
0
    1002
}
       0
LWPOLYLINE
       5
213F
     100
AcDbEntity
       8
1
     100
AcDbPolyline
      90
8
      70
1
      10
9290.72585914687
      20
14102.9679027525
      42
0.414213562373095
      10
9287.72585914687
      20
14105.9679027525
      42
0
      10
9230.22585914687
      20
14105.9679027525
      42
0.414213562373094
      10
9227.22585914687
      20
14102.9679027525
      42
0
      10
9227.22585914687
      20
14045.4679027525
      42
0.414213562373096
      10
9230.22585914687
      20
14042.4679027525
      42
0
      10
9287.72585914687
      20
14042.4679027525
      42
0.414213562373095
      10
9290.72585914687
      20
14045.4679027525
      42
0
    1001
FS_CYPCUT
    1000
Channel
    1070
1
    1000
LeadIn
    1002
{
    1070
3
    1040
1.50695652173913
    1040
1.5707963267949
    1040
0.5
    1040
0.5
    1070
0
    1040
0.5
    1070
0
    1002
}
    1000
LeadOut
    1002
{
    1070
0
    1040
0
    1040
0
    1040
0
    1070
0
    1002
}
    1000
IsFill
    1070
1
    1000
PathStart
    1040
1.5
    1000
ToolCompensation
    1002
{
    1070
0
    1040
0
    1070
0
    1002
}
    1000
MicroConnect
    1002
{
    1070
4
    1040
1.5
    1041
0.4
    1042
0
    1040
3.48832803
    1041
0.4
    1042
0
    1040
5.47037116
    1041
0.4
    1042
0
    1040
7.54399434
    1041
0.4
    1042
0
    1002
}
       0
INSERT
       5
2140
     100
AcDbEntity
       8
1
     100
AcDbBlockReference
       2
Part2130793501
      10
9309.55342414045
      20
14042.4679031906
      30
0
      41
1
      42
1
      50
90.0000001836389
    1001
FS_CYPCUT
    1000
Channel
    1070
1
    1000
LeadIn
    1002
{
    1070
0
    1040
0
    1040
0
    1040
0
    1040
0
    1070
0
    1040
0
    1070
0
    1002
}
    1000
LeadOut
    1002
{
    1070
0
    1040
0
    1040
0
    1040
0
    1070
0
    1002
}
       0
INSERT
       5
2141
     100
AcDbEntity
       8
1
     100
AcDbBlockReference
       2
Part967037636
      10
9395.21086129589
      20
14042.5679028326
      30
0
      41
1
      42
1
      50
90.0000001836389
    1001
FS_CYPCUT
    1000
Channel
    1070
1
    1000
LeadIn
    1002
{
    1070
0
    1040
0
    1040
0
    1040
0
    1040
0
    1070
0
    1040
0
    1070
0
    1002
}
    1000
LeadOut
    1002
{
    1070
0
    1040
0
    1040
0
    1040
0
    1070
0
    1002
}
       0
INSERT
       5
2142
     100
AcDbEntity
       8
1
     100
AcDbBlockReference
       2
Part1392799702
      10
9480.86826129589
      20
14042.5679028326
      30
0
      41
1
      42
1
      50
90.0000001836389
    1001
FS_CYPCUT
    1000
Channel
    1070
1
    1000
LeadIn
    1002
{
    1070
0
    1040
0
    1040
0
    1040
0
    1040
0
    1070
0
    1040
0
    1070
0
    1002
}
    1000
LeadOut
    1002
{
    1070
0
    1040
0
    1040
0
    1040
0
    1070
0
    1002
}
       0
INSERT
       5
2143
     100
AcDbEntity
       8
1
     100
AcDbBlockReference
       2
Part1988496389
      10
8971.2192982132
      20
14042.5679031899
      30
0
      41
1
      42
1
      50
90.0000001836389
    1001
FS_CYPCUT
    1000
Channel
    1070
1
    1000
LeadIn
    1002
{
    1070
0
    1040
0
    1040
0
    1040
0
    1040
0
    1070
0
    1040
0
    1070
0
    1002
}
    1000
LeadOut
    1002
{
    1070
0
    1040
0
    1040
0
    1040
0
    1070
0
    1002
}
       0
INSERT
       5
2144
     100
AcDbEntity
       8
1
     100
AcDbBlockReference
       2
Part1080933478
      10
8631.0437982132
      20
14042.5679031899
      30
0
      41
1
      42
1
      50
90.0000001836389
    1001
FS_CYPCUT
    1000
Channel
    1070
1
    1000
LeadIn
    1002
{
    1070
0
    1040
0
    1040
0
    1040
0
    1040
0
    1070
0
    1040
0
    1070
0
    1002
}
    1000
LeadOut
    1002
{
    1070
0
    1040
0
    1040
0
    1040
0
    1070
0
    1002
}
       0
INSERT
       5
2145
     100
AcDbEntity
       8
1
     100
AcDbBlockReference
       2
Part1694775087
      10
8662.13645914687
      20
15063.0257028871
      30
0
      41
1
      42
1
      50
90.0000001836389
    1001
FS_CYPCUT
    1000
Channel
    1070
1
    1000
LeadIn
    1002
{
    1070
0
    1040
0
    1040
0
    1040
0
    1040
0
    1070
0
    1040
0
    1070
0
    1002
}
    1000
LeadOut
    1002
{
    1070
0
    1040
0
    1040
0
    1040
0
    1070
0
    1002
}
       0
LWPOLYLINE
       5
2146
     100
AcDbEntity
       8
1
     100
AcDbPolyline
      90
8
      70
1
      10
8974.21935914687
      20
15292.4671027525
      42
0.414213562373095
      10
8977.21935914687
      20
15289.4671027525
      42
0
      10
9034.71935914687
      20
15289.4671027525
      42
0.414213562373094
      10
9037.71935914687
      20
15292.4671027525
      42
0
      10
9037.71935914687
      20
15349.9671027525
      42
0.414213562373096
      10
9034.71935914687
      20
15352.9671027525
      42
0
      10
8977.21935914687
      20
15352.9671027525
      42
0.414213562373095
      10
8974.21935914687
      20
15349.9671027525
      42
0
    1001
FS_CYPCUT
    1000
Channel
    1070
1
    1000
LeadIn
    1002
{
    1070
3
    1040
1.50695652173913
    1040
1.5707963267949
    1040
0.5
    1040
0.5
    1070
0
    1040
0.5
    1070
0
    1002
}
    1000
LeadOut
    1002
{
    1070
0
    1040
0
    1040
0
    1040
0
    1070
0
    1002
}
    1000
IsFill
    1070
1
    1000
PathStart
    1040
1.5
    1000
ToolCompensation
    1002
{
    1070
0
    1040
0
    1070
0
    1002
}
    1000
MicroConnect
    1002
{
    1070
4
    1040
1.5
    1041
0.4
    1042
0
    1040
3.48832803
    1041
0.4
    1042
0
    1040
5.47037116
    1041
0.4
    1042
0
    1040
7.54399434
    1041
0.4
    1042
0
    1002
}
       0
LWPOLYLINE
       5
2147
     100
AcDbEntity
       8
1
     100
AcDbPolyline
      90
8
      70
1
      10
9232.73245914687
      20
15262.5679027525
      42
0.414213562373095
      10
9235.73245914687
      20
15259.5679027525
      42
0
      10
9293.23245914687
      20
15259.5679027525
      42
0.414213562373094
      10
9296.23245914687
      20
15262.5679027525
      42
0
      10
9296.23245914687
      20
15320.0679027525
      42
0.414213562373096
      10
9293.23245914687
      20
15323.0679027525
      42
0
      10
9235.73245914687
      20
15323.0679027525
      42
0.414213562373095
      10
9232.73245914687
      20
15320.0679027525
      42
0
    1001
FS_CYPCUT
    1000
Channel
    1070
1
    1000
LeadIn
    1002
{
    1070
3
    1040
1.50695652173913
    1040
1.5707963267949
    1040
0.5
    1040
0.5
    1070
0
    1040
0.5
    1070
0
    1002
}
    1000
LeadOut
    1002
{
    1070
0
    1040
0
    1040
0
    1040
0
    1070
0
    1002
}
    1000
IsFill
    1070
1
    1000
PathStart
    1040
1.5
    1000
ToolCompensation
    1002
{
    1070
0
    1040
0
    1070
0
    1002
}
    1000
MicroConnect
    1002
{
    1070
4
    1040
1.5
    1041
0.4
    1042
0
    1040
3.48832803
    1041
0.4
    1042
0
    1040
5.47037116
    1041
0.4
    1042
0
    1040
7.54399434
    1041
0.4
    1042
0
    1002
}
       0
INSERT
       5
2148
     100
AcDbEntity
       8
1
     100
AcDbBlockReference
       2
Part1492936435
      10
8970.53649638615
      20
16575.3679058051
      30
0
      41
1
      42
1
      50
269.999999977959
    1001
FS_CYPCUT
    1000
Channel
    1070
1
    1000
LeadIn
    1002
{
    1070
0
    1040
0
    1040
0
    1040
0
    1040
0
    1070
0
    1040
0
    1070
0
    1002
}
    1000
LeadOut
    1002
{
    1070
0
    1040
0
    1040
0
    1040
0
    1070
0
    1002
}
       0
LWPOLYLINE
       5
2149
     100
AcDbEntity
       8
1
     100
AcDbPolyline
      90
8
      70
1
      10
9375.36765914687
      20
15389.6679027525
      42
0.414213562373095
      10
9378.36765914687
      20
15386.6679027525
      42
0
      10
9435.86765914687
      20
15386.6679027525
      42
0.414213562373094
      10
9438.86765914687
      20
15389.6679027525
      42
0
      10
9438.86765914687
      20
15447.1679027525
      42
0.414213562373096
      10
9435.86765914687
      20
15450.1679027525
      42
0
      10
9378.36765914687
      20
15450.1679027525
      42
0.414213562373095
      10
9375.36765914687
      20
15447.1679027525
      42
0
    1001
FS_CYPCUT
    1000
Channel
    1070
1
    1000
LeadIn
    1002
{
    1070
3
    1040
1.50695652173913
    1040
1.5707963267949
    1040
0.5
    1040
0.5
    1070
0
    1040
0.5
    1070
0
    1002
}
    1000
LeadOut
    1002
{
    1070
0
    1040
0
    1040
0
    1040
0
    1070
0
    1002
}
    1000
IsFill
    1070
1
    1000
PathStart
    1040
1.5
    1000
ToolCompensation
    1002
{
    1070
0
    1040
0
    1070
0
    1002
}
    1000
MicroConnect
    1002
{
    1070
4
    1040
1.5
    1041
0.4
    1042
0
    1040
3.48832803
    1041
0.4
    1042
0
    1040
5.47037116
    1041
0.4
    1042
0
    1040
7.54399434
    1041
0.4
    1042
0
    1002
}
       0
LWPOLYLINE
       5
214A
     100
AcDbEntity
       8
1
     100
AcDbPolyline
      90
8
      70
1
      10
9308.87045914687
      20
15389.6679027525
      42
0.414213562373095
      10
9311.87045914687
      20
15386.6679027525
      42
0
      10
9369.37045914687
      20
15386.6679027525
      42
0.414213562373094
      10
9372.37045914687
      20
15389.6679027525
      42
0
      10
9372.37045914687
      20
15447.1679027525
      42
0.414213562373096
      10
9369.37045914687
      20
15450.1679027525
      42
0
      10
9311.87045914687
      20
15450.1679027525
      42
0.414213562373095
      10
9308.87045914687
      20
15447.1679027525
      42
0
    1001
FS_CYPCUT
    1000
Channel
    1070
1
    1000
LeadIn
    1002
{
    1070
3
    1040
1.50695652173913
    1040
1.5707963267949
    1040
0.5
    1040
0.5
    1070
0
    1040
0.5
    1070
0
    1002
}
    1000
LeadOut
    1002
{
    1070
0
    1040
0
    1040
0
    1040
0
    1070
0
    1002
}
    1000
IsFill
    1070
1
    1000
PathStart
    1040
1.5
    1000
ToolCompensation
    1002
{
    1070
0
    1040
0
    1070
0
    1002
}
    1000
MicroConnect
    1002
{
    1070
4
    1040
1.5
    1041
0.4
    1042
0
    1040
3.48832803
    1041
0.4
    1042
0
    1040
5.47037116
    1041
0.4
    1042
0
    1040
7.54399434
    1041
0.4
    1042
0
    1002
}
       0
LWPOLYLINE
       5
214B
     100
AcDbEntity
       8
1
     100
AcDbPolyline
      90
8
      70
1
      10
9308.87025914687
      20
15456.1679027525
      42
0.414213562373095
      10
9311.87025914687
      20
15453.1679027525
      42
0
      10
9369.37025914687
      20
15453.1679027525
      42
0.414213562373094
      10
9372.37025914687
      20
15456.1679027525
      42
0
      10
9372.37025914687
      20
15513.6679027525
      42
0.414213562373096
      10
9369.37025914687
      20
15516.6679027525
      42
0
      10
9311.87025914687
      20
15516.6679027525
      42
0.414213562373095
      10
9308.87025914687
      20
15513.6679027525
      42
0
    1001
FS_CYPCUT
    1000
Channel
    1070
1
    1000
LeadIn
    1002
{
    1070
3
    1040
1.50695652173913
    1040
1.5707963267949
    1040
0.5
    1040
0.5
    1070
0
    1040
0.5
    1070
0
    1002
}
    1000
LeadOut
    1002
{
    1070
0
    1040
0
    1040
0
    1040
0
    1070
0
    1002
}
    1000
IsFill
    1070
1
    1000
PathStart
    1040
1.5
    1000
ToolCompensation
    1002
{
    1070
0
    1040
0
    1070
0
    1002
}
    1000
MicroConnect
    1002
{
    1070
4
    1040
1.5
    1041
0.4
    1042
0
    1040
3.48832803
    1041
0.4
    1042
0
    1040
5.47037116
    1041
0.4
    1042
0
    1040
7.54399434
    1041
0.4
    1042
0
    1002
}
       0
LWPOLYLINE
       5
214C
     100
AcDbEntity
       8
1
     100
AcDbPolyline
      90
8
      70
1
      10
9308.87005914687
      20
15522.6679027525
      42
0.414213562373095
      10
9311.87005914687
      20
15519.6679027525
      42
0
      10
9369.37005914687
      20
15519.6679027525
      42
0.414213562373094
      10
9372.37005914687
      20
15522.6679027525
      42
0
      10
9372.37005914687
      20
15580.1679027525
      42
0.414213562373096
      10
9369.37005914687
      20
15583.1679027525
      42
0
      10
9311.87005914687
      20
15583.1679027525
      42
0.414213562373095
      10
9308.87005914687
      20
15580.1679027525
      42
0
    1001
FS_CYPCUT
    1000
Channel
    1070
1
    1000
LeadIn
    1002
{
    1070
3
    1040
1.50695652173913
    1040
1.5707963267949
    1040
0.5
    1040
0.5
    1070
0
    1040
0.5
    1070
0
    1002
}
    1000
LeadOut
    1002
{
    1070
0
    1040
0
    1040
0
    1040
0
    1070
0
    1002
}
    1000
IsFill
    1070
1
    1000
PathStart
    1040
1.5
    1000
ToolCompensation
    1002
{
    1070
0
    1040
0
    1070
0
    1002
}
    1000
MicroConnect
    1002
{
    1070
4
    1040
1.5
    1041
0.4
    1042
0
    1040
3.48832803
    1041
0.4
    1042
0
    1040
5.47037116
    1041
0.4
    1042
0
    1040
7.54399434
    1041
0.4
    1042
0
    1002
}
       0
LWPOLYLINE
       5
214D
     100
AcDbEntity
       8
1
     100
AcDbPolyline
      90
8
      70
1
      10
9375.36745914687
      20
15456.1679027525
      42
0.414213562373095
      10
9378.36745914687
      20
15453.1679027525
      42
0
      10
9435.86745914687
      20
15453.1679027525
      42
0.414213562373094
      10
9438.86745914687
      20
15456.1679027525
      42
0
      10
9438.86745914687
      20
15513.6679027525
      42
0.414213562373096
      10
9435.86745914687
      20
15516.6679027525
      42
0
      10
9378.36745914687
      20
15516.6679027525
      42
0.414213562373095
      10
9375.36745914687
      20
15513.6679027525
      42
0
    1001
FS_CYPCUT
    1000
Channel
    1070
1
    1000
LeadIn
    1002
{
    1070
3
    1040
1.50695652173913
    1040
1.5707963267949
    1040
0.5
    1040
0.5
    1070
0
    1040
0.5
    1070
0
    1002
}
    1000
LeadOut
    1002
{
    1070
0
    1040
0
    1040
0
    1040
0
    1070
0
    1002
}
    1000
IsFill
    1070
1
    1000
PathStart
    1040
1.5
    1000
ToolCompensation
    1002
{
    1070
0
    1040
0
    1070
0
    1002
}
    1000
MicroConnect
    1002
{
    1070
4
    1040
1.5
    1041
0.4
    1042
0
    1040
3.48832803
    1041
0.4
    1042
0
    1040
5.47037116
    1041
0.4
    1042
0
    1040
7.54399434
    1041
0.4
    1042
0
    1002
}
       0
LWPOLYLINE
       5
214E
     100
AcDbEntity
       8
1
     100
AcDbPolyline
      90
8
      70
1
      10
9375.36725914687
      20
15522.6679027525
      42
0.414213562373095
      10
9378.36725914687
      20
15519.6679027525
      42
0
      10
9435.86725914687
      20
15519.6679027525
      42
0.414213562373094
      10
9438.86725914687
      20
15522.6679027525
      42
0
      10
9438.86725914687
      20
15580.1679027525
      42
0.414213562373096
      10
9435.86725914687
      20
15583.1679027525
      42
0
      10
9378.36725914687
      20
15583.1679027525
      42
0.414213562373095
      10
9375.36725914687
      20
15580.1679027525
      42
0
    1001
FS_CYPCUT
    1000
Channel
    1070
1
    1000
LeadIn
    1002
{
    1070
3
    1040
1.50695652173913
    1040
1.5707963267949
    1040
0.5
    1040
0.5
    1070
0
    1040
0.5
    1070
0
    1002
}
    1000
LeadOut
    1002
{
    1070
0
    1040
0
    1040
0
    1040
0
    1070
0
    1002
}
    1000
IsFill
    1070
1
    1000
PathStart
    1040
1.5
    1000
ToolCompensation
    1002
{
    1070
0
    1040
0
    1070
0
    1002
}
    1000
MicroConnect
    1002
{
    1070
4
    1040
1.5
    1041
0.4
    1042
0
    1040
3.48832803
    1041
0.4
    1042
0
    1040
5.47037116
    1041
0.4
    1042
0
    1040
7.54399434
    1041
0.4
    1042
0
    1002
}
       0
LWPOLYLINE
       5
214F
     100
AcDbEntity
       8
1
     100
AcDbPolyline
      90
8
      70
1
      10
9375.36715914687
      20
15589.1679027525
      42
0.414213562373095
      10
9378.36715914687
      20
15586.1679027525
      42
0
      10
9435.86715914687
      20
15586.1679027525
      42
0.414213562373094
      10
9438.86715914687
      20
15589.1679027525
      42
0
      10
9438.86715914687
      20
15646.6679027525
      42
0.414213562373096
      10
9435.86715914687
      20
15649.6679027525
      42
0
      10
9378.36715914687
      20
15649.6679027525
      42
0.414213562373095
      10
9375.36715914687
      20
15646.6679027525
      42
0
    1001
FS_CYPCUT
    1000
Channel
    1070
1
    1000
LeadIn
    1002
{
    1070
3
    1040
1.50695652173913
    1040
1.5707963267949
    1040
0.5
    1040
0.5
    1070
0
    1040
0.5
    1070
0
    1002
}
    1000
LeadOut
    1002
{
    1070
0
    1040
0
    1040
0
    1040
0
    1070
0
    1002
}
    1000
IsFill
    1070
1
    1000
PathStart
    1040
1.5
    1000
ToolCompensation
    1002
{
    1070
0
    1040
0
    1070
0
    1002
}
    1000
MicroConnect
    1002
{
    1070
4
    1040
1.5
    1041
0.4
    1042
0
    1040
3.48832803
    1041
0.4
    1042
0
    1040
5.47037116
    1041
0.4
    1042
0
    1040
7.54399434
    1041
0.4
    1042
0
    1002
}
       0
LWPOLYLINE
       5
2150
     100
AcDbEntity
       8
1
     100
AcDbPolyline
      90
8
      70
1
      10
9308.86995914687
      20
15589.1679027525
      42
0.414213562373095
      10
9311.86995914687
      20
15586.1679027525
      42
0
      10
9369.36995914687
      20
15586.1679027525
      42
0.414213562373094
      10
9372.36995914687
      20
15589.1679027525
      42
0
      10
9372.36995914687
      20
15646.6679027525
      42
0.414213562373096
      10
9369.36995914687
      20
15649.6679027525
      42
0
      10
9311.86995914687
      20
15649.6679027525
      42
0.414213562373095
      10
9308.86995914687
      20
15646.6679027525
      42
0
    1001
FS_CYPCUT
    1000
Channel
    1070
1
    1000
LeadIn
    1002
{
    1070
3
    1040
1.50695652173913
    1040
1.5707963267949
    1040
0.5
    1040
0.5
    1070
0
    1040
0.5
    1070
0
    1002
}
    1000
LeadOut
    1002
{
    1070
0
    1040
0
    1040
0
    1040
0
    1070
0
    1002
}
    1000
IsFill
    1070
1
    1000
PathStart
    1040
1.5
    1000
ToolCompensation
    1002
{
    1070
0
    1040
0
    1070
0
    1002
}
    1000
MicroConnect
    1002
{
    1070
4
    1040
1.5
    1041
0.4
    1042
0
    1040
3.48832803
    1041
0.4
    1042
0
    1040
5.47037116
    1041
0.4
    1042
0
    1040
7.54399434
    1041
0.4
    1042
0
    1002
}
       0
LWPOLYLINE
       5
2151
     100
AcDbEntity
       8
1
     100
AcDbPolyline
      90
8
      70
1
      10
9308.86995914687
      20
15655.6679027525
      42
0.414213562373095
      10
9311.86995914687
      20
15652.6679027525
      42
0
      10
9369.36995914687
      20
15652.6679027525
      42
0.414213562373094
      10
9372.36995914687
      20
15655.6679027525
      42
0
      10
9372.36995914687
      20
15713.1679027525
      42
0.414213562373096
      10
9369.36995914687
      20
15716.1679027525
      42
0
      10
9311.86995914687
      20
15716.1679027525
      42
0.414213562373095
      10
9308.86995914687
      20
15713.1679027525
      42
0
    1001
FS_CYPCUT
    1000
Channel
    1070
1
    1000
LeadIn
    1002
{
    1070
3
    1040
1.50695652173913
    1040
1.5707963267949
    1040
0.5
    1040
0.5
    1070
0
    1040
0.5
    1070
0
    1002
}
    1000
LeadOut
    1002
{
    1070
0
    1040
0
    1040
0
    1040
0
    1070
0
    1002
}
    1000
IsFill
    1070
1
    1000
PathStart
    1040
1.5
    1000
ToolCompensation
    1002
{
    1070
0
    1040
0
    1070
0
    1002
}
    1000
MicroConnect
    1002
{
    1070
4
    1040
1.5
    1041
0.4
    1042
0
    1040
3.48832803
    1041
0.4
    1042
0
    1040
5.47037116
    1041
0.4
    1042
0
    1040
7.54399434
    1041
0.4
    1042
0
    1002
}
       0
INSERT
       5
2152
     100
AcDbEntity
       8
1
     100
AcDbBlockReference
       2
Part1594479599
      10
9375.77045914687
      20
15610.6679027525
      30
0
      41
1
      42
1
      50
0
    1001
FS_CYPCUT
    1000
Channel
    1070
1
    1000
LeadIn
    1002
{
    1070
0
    1040
0
    1040
0
    1040
0
    1040
0
    1070
0
    1040
0
    1070
0
    1002
}
    1000
LeadOut
    1002
{
    1070
0
    1040
0
    1040
0
    1040
0
    1070
0
    1002
}
       0
INSERT
       5
2153
     100
AcDbEntity
       8
1
     100
AcDbBlockReference
       2
Part268248498
      10
9487.86835914687
      20
15742.1194027525
      30
0
      41
1
      42
1
      50
180
    1001
FS_CYPCUT
    1000
Channel
    1070
1
    1000
LeadIn
    1002
{
    1070
0
    1040
0
    1040
0
    1040
0
    1040
0
    1070
0
    1040
0
    1070
0
    1002
}
    1000
LeadOut
    1002
{
    1070
0
    1040
0
    1040
0
    1040
0
    1070
0
    1002
}
       0
INSERT
       5
2154
     100
AcDbEntity
       8
1
     100
AcDbBlockReference
       2
Part486148223
      10
9487.86835914687
      20
15791.8429027525
      30
0
      41
1
      42
1
      50
180
    1001
FS_CYPCUT
    1000
Channel
    1070
1
    1000
LeadIn
    1002
{
    1070
0
    1040
0
    1040
0
    1040
0
    1040
0
    1070
0
    1040
0
    1070
0
    1002
}
    1000
LeadOut
    1002
{
    1070
0
    1040
0
    1040
0
    1040
0
    1070
0
    1002
}
       0
INSERT
       5
2155
     100
AcDbEntity
       8
1
     100
AcDbBlockReference
       2
Part1027598461
      10
9393.86975914687
      20
15719.1671028871
      30
0
      41
1
      42
1
      50
90.0000001836389
    1001
FS_CYPCUT
    1000
Channel
    1070
1
    1000
LeadIn
    1002
{
    1070
0
    1040
0
    1040
0
    1040
0
    1040
0
    1070
0
    1040
0
    1070
0
    1002
}
    1000
LeadOut
    1002
{
    1070
0
    1040
0
    1040
0
    1040
0
    1070
0
    1002
}
       0
INSERT
       5
2156
     100
AcDbEntity
       8
1
     100
AcDbBlockReference
       2
Part1511031413
      10
9487.86835914687
      20
15874.2039027525
      30
0
      41
1
      42
1
      50
180
    1001
FS_CYPCUT
    1000
Channel
    1070
1
    1000
LeadIn
    1002
{
    1070
0
    1040
0
    1040
0
    1040
0
    1040
0
    1070
0
    1040
0
    1070
0
    1002
}
    1000
LeadOut
    1002
{
    1070
0
    1040
0
    1040
0
    1040
0
    1070
0
    1002
}
       0
INSERT
       5
2157
     100
AcDbEntity
       8
1
     100
AcDbBlockReference
       2
Part223061584
      10
9487.86835914687
      20
15923.9274027525
      30
0
      41
1
      42
1
      50
180
    1001
FS_CYPCUT
    1000
Channel
    1070
1
    1000
LeadIn
    1002
{
    1070
0
    1040
0
    1040
0
    1040
0
    1040
0
    1070
0
    1040
0
    1070
0
    1002
}
    1000
LeadOut
    1002
{
    1070
0
    1040
0
    1040
0
    1040
0
    1070
0
    1002
}
       0
INSERT
       5
2158
     100
AcDbEntity
       8
1
     100
AcDbBlockReference
       2
Part2126775188
      10
9393.86955914687
      20
15837.4804028871
      30
0
      41
1
      42
1
      50
90.0000001836389
    1001
FS_CYPCUT
    1000
Channel
    1070
1
    1000
LeadIn
    1002
{
    1070
0
    1040
0
    1040
0
    1040
0
    1040
0
    1070
0
    1040
0
    1070
0
    1002
}
    1000
LeadOut
    1002
{
    1070
0
    1040
0
    1040
0
    1040
0
    1070
0
    1002
}
       0
INSERT
       5
2159
     100
AcDbEntity
       8
1
     100
AcDbBlockReference
       2
Part307412221
      10
8632.20239638615
      20
16575.3679058051
      30
0
      41
1
      42
1
      50
269.999999977959
    1001
FS_CYPCUT
    1000
Channel
    1070
1
    1000
LeadIn
    1002
{
    1070
0
    1040
0
    1040
0
    1040
0
    1040
0
    1070
0
    1040
0
    1070
0
    1002
}
    1000
LeadOut
    1002
{
    1070
0
    1040
0
    1040
0
    1040
0
    1070
0
    1002
}
       0
INSERT
       5
215A
     100
AcDbEntity
       8
1
     100
AcDbBlockReference
       2
Part1062887064
      10
8293.86829638615
      20
16575.3679058051
      30
0
      41
1
      42
1
      50
269.999999977959
    1001
FS_CYPCUT
    1000
Channel
    1070
1
    1000
LeadIn
    1002
{
    1070
0
    1040
0
    1040
0
    1040
0
    1040
0
    1070
0
    1040
0
    1070
0
    1002
}
    1000
LeadOut
    1002
{
    1070
0
    1040
0
    1040
0
    1040
0
    1070
0
    1002
}
       0
INSERT
       5
215B
     100
AcDbEntity
       8
2
     100
AcDbBlockReference
       2
Part528026419
      10
8293.86823914687
      20
16578.3679027525
      30
0
      41
1
      42
1
      50
0
    1001
FS_CYPCUT
    1000
Channel
    1070
2
    1000
LeadIn
    1002
{
    1070
0
    1040
0
    1040
0
    1040
0
    1040
0
    1070
0
    1040
0
    1070
0
    1002
}
    1000
LeadOut
    1002
{
    1070
0
    1040
0
    1040
0
    1040
0
    1070
0
    1002
}
       0
INSERT
       5
215C
     100
AcDbEntity
       8
2
     100
AcDbBlockReference
       2
Part2092942849
      10
8654.34803914687
      20
16578.3679027525
      30
0
      41
1
      42
1
      50
0
    1001
FS_CYPCUT
    1000
Channel
    1070
2
    1000
LeadIn
    1002
{
    1070
0
    1040
0
    1040
0
    1040
0
    1040
0
    1070
0
    1040
0
    1070
0
    1002
}
    1000
LeadOut
    1002
{
    1070
0
    1040
0
    1040
0
    1040
0
    1070
0
    1002
}
       0
INSERT
       5
215D
     100
AcDbEntity
       8
1
     100
AcDbBlockReference
       2
Part1886971956
      10
9012.13895920445
      20
16841.1377218487
      30
0
      41
1
      42
1
      50
269.999999977959
    1001
FS_CYPCUT
    1000
Channel
    1070
1
    1000
LeadIn
    1002
{
    1070
0
    1040
0
    1040
0
    1040
0
    1040
0
    1070
0
    1040
0
    1070
0
    1002
}
    1000
LeadOut
    1002
{
    1070
0
    1040
0
    1040
0
    1040
0
    1070
0
    1002
}
       0
INSERT
       5
215E
     100
AcDbEntity
       8
1
     100
AcDbBlockReference
       2
Part300410378
      10
9487.8745596266
      20
16465.2409845538
      30
0
      41
1
      42
1
      50
90.0000001836389
    1001
FS_CYPCUT
    1000
Channel
    1070
1
    1000
LeadIn
    1002
{
    1070
0
    1040
0
    1040
0
    1040
0
    1040
0
    1070
0
    1040
0
    1070
0
    1002
}
    1000
LeadOut
    1002
{
    1070
0
    1040
0
    1040
0
    1040
0
    1070
0
    1002
}
       0
INSERT
       5
215F
     100
AcDbEntity
       8
1
     100
AcDbBlockReference
       2
Part1941953800
      10
9363.6401596266
      20
16693.3789845538
      30
0
      41
1
      42
1
      50
90.0000001836389
    1001
FS_CYPCUT
    1000
Channel
    1070
1
    1000
LeadIn
    1002
{
    1070
0
    1040
0
    1040
0
    1040
0
    1040
0
    1070
0
    1040
0
    1070
0
    1002
}
    1000
LeadOut
    1002
{
    1070
0
    1040
0
    1040
0
    1040
0
    1070
0
    1002
}
       0
ENDSEC
  0
SECTION
  2
OBJECTS
  0
DICTIONARY
  5
111
330
0
100
AcDbDictionary
281
     1
  3
ACAD_COLOR
350
120
  3
ACAD_GROUP
350
112
  3
ACAD_LAYOUT
350
11E
  3
ACAD_MATERIAL
350
11F
  3
ACAD_MLINESTYLE
350
11B
  3
ACAD_PLOTSETTINGS
350
11D
  3
ACAD_PLOTSTYLENAME
350
113
  3
ACAD_TABLESTYLE
350
121
  3
AcDbVariableDictionary
350
135
  0
DICTIONARY
  5
120
102
{ACAD_REACTORS
330
111
102
}
330
111
100
AcDbDictionary
281
     1
  0
DICTIONARY
  5
112
102
{ACAD_REACTORS
330
111
102
}
330
111
100
AcDbDictionary
281
     1
  0
DICTIONARY
  5
11E
102
{ACAD_REACTORS
330
111
102
}
330
111
100
AcDbDictionary
281
     1
  3
Model
350
12A
  3
布局1
350
126
  0
DICTIONARY
  5
11F
102
{ACAD_REACTORS
330
111
102
}
330
111
100
AcDbDictionary
281
     1
  0
DICTIONARY
  5
11B
102
{ACAD_REACTORS
330
111
102
}
330
111
100
AcDbDictionary
281
     1
  3
Standard
350
11C
  0
DICTIONARY
  5
11D
102
{ACAD_REACTORS
330
111
102
}
330
111
100
AcDbDictionary
281
     1
  0
ACDBDICTIONARYWDFLT
  5
113
102
{ACAD_REACTORS
330
111
102
}
330
111
100
AcDbDictionary
281
     1
  3
Normal
350
114
100
AcDbDictionaryWithDefault
340
114
  0
DICTIONARY
  5
121
102
{ACAD_REACTORS
330
111
102
}
330
111
100
AcDbDictionary
281
     1
  3
Standard
350
122
  0
DICTIONARY
  5
135
102
{ACAD_REACTORS
330
111
102
}
330
111
100
AcDbDictionary
281
     1
  3
CTABLESTYLE
350
136
  0
LAYOUT
  5
12A
102
{ACAD_REACTORS
330
11E
102
}
330
11E
100
AcDbPlotSettings
  1

  2
发送至 OneNote 2010
  4

  6

 40
0.0
 41
0.0
 42
0.0
 43
0.0
 44
0.0
 45
0.0
 46
0.0
 47
0.0
 48
0.0
 49
0.0
140
0.0
141
0.0
142
1.0
143
1.0
 70
  1712
 72
     0
 73
     0
 74
     0
  7

 75
     0
147
1.0
 76
     0
 77
     2
 78
   300
148
0.0
149
0.0
100
AcDbLayout
  1
Model
 70
     1
 71
     0
 10
0.0
 20
0.0
 11
12.0
 21
9.0
 12
0.0
 22
0.0
 32
0.0
 14
0.0
 24
0.0
 34
0.0
 15
0.0
 25
0.0
 35
0.0
146
0.0
 13
0.0
 23
0.0
 33
0.0
 16
1.0
 26
0.0
 36
0.0
 17
0.0
 27
1.0
 37
0.0
 76
     0
330
127
  0
LAYOUT
  5
126
102
{ACAD_REACTORS
330
11E
102
}
330
11E
100
AcDbPlotSettings
  1

  2
发送至 OneNote 2010
  4

  6

 40
0.0
 41
0.0
 42
0.0
 43
0.0
 44
0.0
 45
0.0
 46
0.0
 47
0.0
 48
0.0
 49
0.0
140
0.0
141
0.0
142
1.0
143
1.0
 70
   688
 72
     0
 73
     0
 74
     5
  7

 75
    16
147
1.0
 76
     0
 77
     2
 78
   300
148
0.0
149
0.0
100
AcDbLayout
  1
布局1
 70
     1
 71
     1
 10
0.0
 20
0.0
 11
12.0
 21
9.0
 12
0.0
 22
0.0
 32
0.0
 14
0.0
 24
0.0
 34
0.0
 15
0.0
 25
0.0
 35
0.0
146
0.0
 13
0.0
 23
0.0
 33
0.0
 16
1.0
 26
0.0
 36
0.0
 17
0.0
 27
1.0
 37
0.0
 76
     0
330
123
  0
MLINESTYLE
  5
11C
102
{ACAD_REACTORS
330
11B
102
}
330
11B
100
AcDbMlineStyle
  2
STANDARD
 70
     0
  3

 62
   256
 51
90.0
 52
90.0
 71
     2
 49
0.5
 62
   256
  6
BYLAYER
 49
-0.5
 62
   256
  6
BYLAYER
  0
ACDBPLACEHOLDER
  5
114
102
{ACAD_REACTORS
330
113
102
}
330
113
  0
TABLESTYLE
  5
122
102
{ACAD_REACTORS
330
121
102
}
330
121
100
AcDbTableStyle
  3
Standard
 70
     0
 71
     0
 40
0.06
 41
0.06
280
     0
281
     0
  7
STANDARD
140
0.18
170
     2
 62
     0
 63
     7
283
     0
274
    -2
284
     1
 64
     0
275
    -2
285
     1
 65
     0
276
    -2
286
     1
 66
     0
277
    -2
287
     1
 67
     0
278
    -2
288
     1
 68
     0
279
    -2
289
     1
 69
     0
  7
STANDARD
140
0.25
170
     5
 62
     0
 63
     7
283
     0
274
    -2
284
     1
 64
     0
275
    -2
285
     1
 65
     0
276
    -2
286
     1
 66
     0
277
    -2
287
     1
 67
     0
278
    -2
288
     1
 68
     0
279
    -2
289
     1
 69
     0
  7
STANDARD
140
0.18
170
     5
 62
     0
 63
     7
283
     0
274
    -2
284
     1
 64
     0
275
    -2
285
     1
 65
     0
276
    -2
286
     1
 66
     0
277
    -2
287
     1
 67
     0
278
    -2
288
     1
 68
     0
279
    -2
289
     1
 69
     0
  0
DICTIONARYVAR
  5
136
102
{ACAD_REACTORS
330
135
102
}
330
135
100
DictionaryVariables
280
     0
  1
STANDARD
  0
ENDSEC
  0
EOF
