  0
SECTION
  2
HEADER
  9
$ACADVER
  1
AC1018
  9
$ACADMAINTVER
 70
    77
  9
$DWGCODEPAGE
  3
ANSI_936
  9
$INSBASE
 10
0.0
 20
0.0
 30
0.0
  9
$EXTMIN
 10
-131.4445240912
 20
-49.7439827235
 30
0.0
  9
$EXTMAX
 10
143.5554759088
 20
40.2560172765
 30
0.0
  9
$LIMMIN
 10
0.0
 20
0.0
  9
$LIMMAX
 10
420.0
 20
297.0
  9
$ORTHOMODE
 70
     0
  9
$REGENMODE
 70
     1
  9
$FILLMODE
 70
     1
  9
$QTEXTMODE
 70
     0
  9
$MIRRTEXT
 70
     0
  9
$LTSCALE
 40
1.0
  9
$ATTMODE
 70
     1
  9
$TEXTSIZE
 40
2.5
  9
$TRACEWID
 40
1.0
  9
$TEXTSTYLE
  7
STANDARD
  9
$CLAYER
  8
0
  9
$CELTYPE
  6
ByLayer
  9
$CECOLOR
 62
   256
  9
$CELTSCALE
 40
1.0
  9
$DISPSILH
 70
     0
  9
$DIMSCALE
 40
1.0
  9
$DIMASZ
 40
2.5
  9
$DIMEXO
 40
0.625
  9
$DIMDLI
 40
3.75
  9
$DIMRND
 40
0.0
  9
$DIMDLE
 40
0.0
  9
$DIMEXE
 40
1.25
  9
$DIMTP
 40
0.0
  9
$DIMTM
 40
0.0
  9
$DIMTXT
 40
2.5
  9
$DIMCEN
 40
2.5
  9
$DIMTSZ
 40
0.0
  9
$DIMTOL
 70
     0
  9
$DIMLIM
 70
     0
  9
$DIMTIH
 70
     0
  9
$DIMTOH
 70
     0
  9
$DIMSE1
 70
     0
  9
$DIMSE2
 70
     0
  9
$DIMTAD
 70
     1
  9
$DIMZIN
 70
     8
  9
$DIMBLK
  1

  9
$DIMASO
 70
     1
  9
$DIMSHO
 70
     1
  9
$DIMPOST
  1

  9
$DIMAPOST
  1

  9
$DIMALT
 70
     0
  9
$DIMALTD
 70
     3
  9
$DIMALTF
 40
0.03937007874016
  9
$DIMLFAC
 40
1.0
  9
$DIMTOFL
 70
     1
  9
$DIMTVP
 40
0.0
  9
$DIMTIX
 70
     0
  9
$DIMSOXD
 70
     0
  9
$DIMSAH
 70
     0
  9
$DIMBLK1
  1

  9
$DIMBLK2
  1

  9
$DIMSTYLE
  2
ISO-25
  9
$DIMCLRD
 70
     0
  9
$DIMCLRE
 70
     0
  9
$DIMCLRT
 70
     0
  9
$DIMTFAC
 40
1.0
  9
$DIMGAP
 40
0.625
  9
$DIMJUST
 70
     0
  9
$DIMSD1
 70
     0
  9
$DIMSD2
 70
     0
  9
$DIMTOLJ
 70
     1
  9
$DIMTZIN
 70
     0
  9
$DIMALTZ
 70
     0
  9
$DIMALTTZ
 70
     0
  9
$DIMUPT
 70
     0
  9
$DIMDEC
 70
     4
  9
$DIMTDEC
 70
     4
  9
$DIMALTU
 70
     2
  9
$DIMALTTD
 70
     2
  9
$DIMTXSTY
  7
STANDARD
  9
$DIMAUNIT
 70
     0
  9
$DIMADEC
 70
     0
  9
$DIMALTRND
 40
0.0
  9
$DIMAZIN
 70
     0
  9
$DIMDSEP
 70
    46
  9
$DIMATFIT
 70
     3
  9
$DIMFRAC
 70
     0
  9
$DIMLDRBLK
  1

  9
$DIMLUNIT
 70
     2
  9
$DIMLWD
 70
    -2
  9
$DIMLWE
 70
    -2
  9
$DIMTMOVE
 70
     0
  9
$LUNITS
 70
     2
  9
$LUPREC
 70
     4
  9
$SKETCHINC
 40
1.0
  9
$FILLETRAD
 40
0.0
  9
$AUNITS
 70
     0
  9
$AUPREC
 70
     0
  9
$MENU
  1
.
  9
$ELEVATION
 40
0.0
  9
$PELEVATION
 40
0.0
  9
$THICKNESS
 40
0.0
  9
$LIMCHECK
 70
     0
  9
$CHAMFERA
 40
0.0
  9
$CHAMFERB
 40
0.0
  9
$CHAMFERC
 40
0.0
  9
$CHAMFERD
 40
0.0
  9
$SKPOLY
 70
     0
  9
$TDCREATE
 40
2456997.676706910
  9
$TDUCREATE
 40
2456997.343373576
  9
$TDUPDATE
 40
2456997.680113438
  9
$TDUUPDATE
 40
2456997.346780104
  9
$TDINDWG
 40
0.0010312963
  9
$TDUSRTIMER
 40
0.0010311806
  9
$USRTIMER
 70
     1
  9
$ANGBASE
 50
0.0
  9
$ANGDIR
 70
     0
  9
$PDMODE
 70
     0
  9
$PDSIZE
 40
0.0
  9
$PLINEWID
 40
0.0
  9
$SPLFRAME
 70
     0
  9
$SPLINETYPE
 70
     6
  9
$SPLINESEGS
 70
     8
  9
$HANDSEED
  5
2510
  9
$SURFTAB1
 70
     6
  9
$SURFTAB2
 70
     6
  9
$SURFTYPE
 70
     6
  9
$SURFU
 70
     6
  9
$SURFV
 70
     6
  9
$UCSBASE
  2

  9
$UCSNAME
  2

  9
$UCSORG
 10
0.0
 20
0.0
 30
0.0
  9
$UCSXDIR
 10
1.0
 20
0.0
 30
0.0
  9
$UCSYDIR
 10
0.0
 20
1.0
 30
0.0
  9
$UCSORTHOREF
  2

  9
$UCSORTHOVIEW
 70
     0
  9
$UCSORGTOP
 10
0.0
 20
0.0
 30
0.0
  9
$UCSORGBOTTOM
 10
0.0
 20
0.0
 30
0.0
  9
$UCSORGLEFT
 10
0.0
 20
0.0
 30
0.0
  9
$UCSORGRIGHT
 10
0.0
 20
0.0
 30
0.0
  9
$UCSORGFRONT
 10
0.0
 20
0.0
 30
0.0
  9
$UCSORGBACK
 10
0.0
 20
0.0
 30
0.0
  9
$PUCSBASE
  2

  9
$PUCSNAME
  2

  9
$PUCSORG
 10
0.0
 20
0.0
 30
0.0
  9
$PUCSXDIR
 10
1.0
 20
0.0
 30
0.0
  9
$PUCSYDIR
 10
0.0
 20
1.0
 30
0.0
  9
$PUCSORTHOREF
  2

  9
$PUCSORTHOVIEW
 70
     0
  9
$PUCSORGTOP
 10
0.0
 20
0.0
 30
0.0
  9
$PUCSORGBOTTOM
 10
0.0
 20
0.0
 30
0.0
  9
$PUCSORGLEFT
 10
0.0
 20
0.0
 30
0.0
  9
$PUCSORGRIGHT
 10
0.0
 20
0.0
 30
0.0
  9
$PUCSORGFRONT
 10
0.0
 20
0.0
 30
0.0
  9
$PUCSORGBACK
 10
0.0
 20
0.0
 30
0.0
  9
$USERI1
 70
     0
  9
$USERI2
 70
     0
  9
$USERI3
 70
     0
  9
$USERI4
 70
     0
  9
$USERI5
 70
     0
  9
$USERR1
 40
0.0
  9
$USERR2
 40
0.0
  9
$USERR3
 40
0.0
  9
$USERR4
 40
0.0
  9
$USERR5
 40
0.0
  9
$WORLDVIEW
 70
     1
  9
$SHADEDGE
 70
     3
  9
$SHADEDIF
 70
    70
  9
$TILEMODE
 70
     1
  9
$MAXACTVP
 70
    64
  9
$PINSBASE
 10
0.0
 20
0.0
 30
0.0
  9
$PLIMCHECK
 70
     0
  9
$PEXTMIN
 10
0.0
 20
0.0
 30
0.0
  9
$PEXTMAX
 10
0.0
 20
0.0
 30
0.0
  9
$PLIMMIN
 10
0.0
 20
0.0
  9
$PLIMMAX
 10
12.0
 20
9.0
  9
$UNITMODE
 70
     0
  9
$VISRETAIN
 70
     1
  9
$PLINEGEN
 70
     0
  9
$PSLTSCALE
 70
     1
  9
$TREEDEPTH
 70
  3020
  9
$CMLSTYLE
  2
Standard
  9
$CMLJUST
 70
     0
  9
$CMLSCALE
 40
1.0
  9
$PROXYGRAPHICS
 70
     1
  9
$MEASUREMENT
 70
     1
  9
$CELWEIGHT
370
    -1
  9
$ENDCAPS
280
     0
  9
$JOINSTYLE
280
     0
  9
$LWDISPLAY
290
     0
  9
$INSUNITS
 70
     0
  9
$HYPERLINKBASE
  1

  9
$STYLESHEET
  1

  9
$XEDIT
290
     1
  9
$CEPSNTYPE
380
     0
  9
$PSTYLEMODE
290
     1
  9
$FINGERPRINTGUID
  2
{1F2D6530-6BF2-4D5E-922F-A9C54F637010}
  9
$VERSIONGUID
  2
{15AD9CB5-51D1-451C-B472-5DB36EFAD6AD}
  9
$EXTNAMES
290
     1
  9
$PSVPSCALE
 40
0.0
  9
$OLESTARTUP
290
     0
  9
$SORTENTS
280
   127
  9
$INDEXCTL
280
     0
  9
$HIDETEXT
280
     0
  9
$XCLIPFRAME
290
     0
  9
$HALOGAP
280
     0
  9
$OBSCOLOR
 70
   257
  9
$OBSLTYPE
280
     0
  9
$INTERSECTIONDISPLAY
280
     0
  9
$INTERSECTIONCOLOR
 70
   257
  9
$DIMASSOC
280
     1
  9
$PROJECTNAME
  1

  0
ENDSEC
  0
SECTION
  2
CLASSES
  0
CLASS
  1
ACDBDICTIONARYWDFLT
  2
AcDbDictionaryWithDefault
  3
ObjectDBX Classes
 90
        0
 91
        1
280
     0
281
     0
  0
CLASS
  1
TABLESTYLE
  2
AcDbTableStyle
  3
ObjectDBX Classes
 90
     2047
 91
        1
280
     0
281
     0
  0
CLASS
  1
DICTIONARYVAR
  2
AcDbDictionaryVar
  3
ObjectDBX Classes
 90
        0
 91
        1
280
     0
281
     0
  0
ENDSEC
  0
SECTION
  2
TABLES
  0
TABLE
  2
VPORT
  5
10D
330
0
100
AcDbSymbolTable
 70
     2
  0
VPORT
  5
137
330
10D
100
AcDbSymbolTableRecord
100
AcDbViewportTableRecord
  2
*Active
 70
     0
 10
0.0
 20
0.0
 11
1.0
 21
1.0
 12
6.05547590880002
 22
-4.7439827235
 13
0.0
 23
0.0
 14
10.0
 24
10.0
 15
10.0
 25
10.0
 16
0.0
 26
0.0
 36
1.0
 17
0.0
 27
0.0
 37
0.0
 40
551.708552688342
 41
2.435135135135135
 42
50.0
 43
0.0
 44
0.0
 50
0.0
 51
0.0
 71
     0
 72
  1000
 73
     1
 74
     3
 75
     0
 76
     0
 77
     0
 78
     0
281
     0
 65
     1
110
0.0
120
0.0
130
0.0
111
1.0
121
0.0
131
0.0
112
0.0
122
1.0
132
0.0
 79
     0
146
0.0
  0
ENDTAB
  0
TABLE
  2
LTYPE
  5
10A
330
0
100
AcDbSymbolTable
 70
     1
  0
LTYPE
  5
118
330
10A
100
AcDbSymbolTableRecord
100
AcDbLinetypeTableRecord
  2
ByBlock
 70
     0
  3

 72
    65
 73
     0
 40
0.0
  0
LTYPE
  5
119
330
10A
100
AcDbSymbolTableRecord
100
AcDbLinetypeTableRecord
  2
ByLayer
 70
     0
  3

 72
    65
 73
     0
 40
0.0
  0
LTYPE
  5
11A
330
10A
100
AcDbSymbolTableRecord
100
AcDbLinetypeTableRecord
  2
CONTINUOUS
 70
     0
  3
Solid line
 72
    65
 73
     0
 40
0.0
  0
ENDTAB
  0
TABLE
  2
LAYER
  5
107
330
0
100
AcDbSymbolTable
 70
     1
  0
LAYER
  5
115
330
107
100
AcDbSymbolTableRecord
100
AcDbLayerTableRecord
  2
0
 70
     0
 62
     7
  6
CONTINUOUS
370
    -3
390
114
  0
ENDTAB
  0
TABLE
  2
STYLE
  5
108
330
0
100
AcDbSymbolTable
 70
     1
  0
STYLE
  5
116
330
108
100
AcDbSymbolTableRecord
100
AcDbTextStyleTableRecord
  2
STANDARD
 70
     0
 40
0.0
 41
1.0
 50
0.0
 71
     0
 42
2.5
  3
txt
  4
gbcbig.shx
  0
ENDTAB
  0
TABLE
  2
VIEW
  5
10B
330
0
100
AcDbSymbolTable
 70
     0
  0
ENDTAB
  0
TABLE
  2
UCS
  5
10C
330
0
100
AcDbSymbolTable
 70
     0
  0
ENDTAB
  0
TABLE
  2
APPID
  5
10E
330
0
100
AcDbSymbolTable
 70
     2
  0
APPID
  5
117
330
10E
100
AcDbSymbolTableRecord
100
AcDbRegAppTableRecord
  2
ACAD
 70
     0
  0
APPID
  5
12C
330
10E
100
AcDbSymbolTableRecord
100
AcDbRegAppTableRecord
  2
ACAD_PSEXT
 70
     0
  0
APPID
  5
112C
330
10E
100
AcDbSymbolTableRecord
100
AcDbRegAppTableRecord
  2
FS_CYPCUT
 70
     0
  0
ENDTAB
  0
TABLE
  2
DIMSTYLE
  5
10F
330
0
100
AcDbSymbolTable
 70
     1
100
AcDbDimStyleTable
 71
     0
  0
DIMSTYLE
105
12D
330
10F
100
AcDbSymbolTableRecord
100
AcDbDimStyleTableRecord
  2
ISO-25
 70
     0
 41
2.5
 42
0.625
 43
3.75
 44
1.25
 73
     0
 74
     0
 77
     1
 78
     8
140
2.5
141
2.5
143
0.03937007874016
147
0.625
171
     3
172
     1
274
     3
279
     2
284
     8
285
     8
286
     8
340
116
  0
ENDTAB
  0
TABLE
  2
BLOCK_RECORD
  5
106
330
0
100
AcDbSymbolTable
 70
     2
  0
BLOCK_RECORD
  5
127
330
106
100
AcDbSymbolTableRecord
100
AcDbBlockTableRecord
  2
*Model_Space
340
12A
  0
BLOCK_RECORD
  5
123
330
106
100
AcDbSymbolTableRecord
100
AcDbBlockTableRecord
  2
*Paper_Space
340
126
  0
BLOCK_RECORD
  5
130
330
106
100
AcDbSymbolTableRecord
100
AcDbBlockTableRecord
  2
$MODEL_SPACE
340
0
  0
BLOCK_RECORD
  5
132
330
106
100
AcDbSymbolTableRecord
100
AcDbBlockTableRecord
  2
$PAPER_SPACE
340
0
  0
ENDTAB
  0
ENDSEC
  0
SECTION
  2
BLOCKS
  0
BLOCK
  5
128
330
127
100
AcDbEntity
  8
0
100
AcDbBlockBegin
  2
*Model_Space
 70
     0
 10
0.0
 20
0.0
 30
0.0
  3
*Model_Space
  1

  0
ENDBLK
  5
129
330
127
100
AcDbEntity
  8
0
100
AcDbBlockEnd
  0
BLOCK
  5
124
330
123
100
AcDbEntity
 67
     1
  8
0
100
AcDbBlockBegin
  2
*Paper_Space
 70
     0
 10
0.0
 20
0.0
 30
0.0
  3
*Paper_Space
  1

  0
ENDBLK
  5
125
330
123
100
AcDbEntity
 67
     1
  8
0
100
AcDbBlockEnd
  0
BLOCK
  5
131
330
130
100
AcDbEntity
  8
0
100
AcDbBlockBegin
  2
$MODEL_SPACE
 70
     0
 10
0.0
 20
0.0
 30
0.0
  3
$MODEL_SPACE
  1

  0
ENDBLK
  5
21
330
130
100
AcDbEntity
  8
0
100
AcDbBlockEnd
  0
BLOCK
  5
133
330
132
100
AcDbEntity
  8
0
100
AcDbBlockBegin
  2
$PAPER_SPACE
 70
     0
 10
0.0
 20
0.0
 30
0.0
  3
$PAPER_SPACE
  1

  0
ENDBLK
  5
D5
330
132
100
AcDbEntity
  8
0
100
AcDbBlockEnd
       0
ENDSEC
       0
SECTION
       2
ENTITIES
       0
CIRCLE
       5
2000
     100
AcDbEntity
       8
1
     100
AcDbCircle
      10
-123.9445240912
      20
-39.7439827235
      30
0
      40
3.25
    1001
FS_CYPCUT
    1000
Channel
    1070
1
    1000
LeadIn
    1002
{
    1070
3
    1040
0
    1040
1.5707963267949
    1040
0.5
    1040
0.3
    1070
0
    1040
0.5
    1070
0
    1002
}
    1000
LeadOut
    1002
{
    1070
0
    1040
0
    1040
0.523598775598299
    1040
3
    1070
0
    1002
}
    1000
IsFill
    1070
0
    1000
PathStart
    1040
1
    1000
ToolCompensation
    1002
{
    1070
0
    1040
0
    1070
0
    1002
}
       0
CIRCLE
       5
2001
     100
AcDbEntity
       8
1
     100
AcDbCircle
      10
-123.9445240912
      20
30.2560172765
      30
0
      40
3.25
    1001
FS_CYPCUT
    1000
Channel
    1070
1
    1000
LeadIn
    1002
{
    1070
3
    1040
0
    1040
1.5707963267949
    1040
0.5
    1040
0.3
    1070
0
    1040
0.5
    1070
0
    1002
}
    1000
LeadOut
    1002
{
    1070
0
    1040
0
    1040
0.523598775598299
    1040
3
    1070
0
    1002
}
    1000
IsFill
    1070
0
    1000
PathStart
    1040
1
    1000
ToolCompensation
    1002
{
    1070
0
    1040
0
    1070
0
    1002
}
       0
SPLINE
       5
2002
     100
AcDbEntity
       8
1
     100
AcDbSpline
      70
0
      71
3
      72
116
      73
112
      74
0
      40
0
      40
0
      40
0
      40
0
      40
0.0357142857142857
      40
0.0357142857142857
      40
0.0357142857142857
      40
0.0357142857142857
      40
0.0714285714285714
      40
0.0714285714285714
      40
0.0714285714285714
      40
0.0714285714285714
      40
0.107142857142857
      40
0.107142857142857
      40
0.107142857142857
      40
0.107142857142857
      40
0.142857142857143
      40
0.142857142857143
      40
0.142857142857143
      40
0.142857142857143
      40
0.178571428571429
      40
0.178571428571429
      40
0.178571428571429
      40
0.178571428571429
      40
0.214285714285714
      40
0.214285714285714
      40
0.214285714285714
      40
0.214285714285714
      40
0.25
      40
0.25
      40
0.25
      40
0.25
      40
0.285714285714286
      40
0.285714285714286
      40
0.285714285714286
      40
0.285714285714286
      40
0.321428571428571
      40
0.321428571428571
      40
0.321428571428571
      40
0.321428571428571
      40
0.357142857142857
      40
0.357142857142857
      40
0.357142857142857
      40
0.357142857142857
      40
0.392857142857143
      40
0.392857142857143
      40
0.392857142857143
      40
0.392857142857143
      40
0.428571428571429
      40
0.428571428571429
      40
0.428571428571429
      40
0.428571428571429
      40
0.464285714285714
      40
0.464285714285714
      40
0.464285714285714
      40
0.464285714285714
      40
0.5
      40
0.5
      40
0.5
      40
0.5
      40
0.535714285714286
      40
0.535714285714286
      40
0.535714285714286
      40
0.535714285714286
      40
0.571428571428571
      40
0.571428571428571
      40
0.571428571428571
      40
0.571428571428571
      40
0.607142857142857
      40
0.607142857142857
      40
0.607142857142857
      40
0.607142857142857
      40
0.642857142857143
      40
0.642857142857143
      40
0.642857142857143
      40
0.642857142857143
      40
0.678571428571429
      40
0.678571428571429
      40
0.678571428571429
      40
0.678571428571429
      40
0.714285714285714
      40
0.714285714285714
      40
0.714285714285714
      40
0.714285714285714
      40
0.75
      40
0.75
      40
0.75
      40
0.75
      40
0.785714285714286
      40
0.785714285714286
      40
0.785714285714286
      40
0.785714285714286
      40
0.821428571428571
      40
0.821428571428571
      40
0.821428571428571
      40
0.821428571428571
      40
0.857142857142857
      40
0.857142857142857
      40
0.857142857142857
      40
0.857142857142857
      40
0.892857142857143
      40
0.892857142857143
      40
0.892857142857143
      40
0.892857142857143
      40
0.928571428571429
      40
0.928571428571429
      40
0.928571428571429
      40
0.928571428571429
      40
0.964285714285714
      40
0.964285714285714
      40
0.964285714285714
      40
0.964285714285714
      40
1
      40
1
      40
1
      40
1
      10
-40.5642281831
      20
-8.4859924023
      30
0
      10
-45.7430044057098
      20
-11.5151742074921
      30
0
      10
-50.9217806283196
      20
-14.5443560126842
      30
0
      10
-56.1005568509294
      20
-17.5735378178763
      30
0
      10
-56.1005568509294
      20
-17.5735378178763
      30
0
      10
-56.0248704906616
      20
-17.7102814191363
      30
0
      10
-55.943723831491
      20
-17.8393987749254
      30
0
      10
-55.8575299386114
      20
-17.961199281216
      30
0
      10
-55.8575299386114
      20
-17.961199281216
      30
0
      10
-55.337231856954
      20
-18.6878034814343
      30
0
      10
-54.6577448535942
      20
-19.17085801213
      30
0
      10
-53.7599794303498
      20
-19.4290052199103
      30
0
      10
-53.7599794303498
      20
-19.4290052199103
      30
0
      10
-52.9259702263207
      20
-19.6659910707404
      30
0
      10
-51.8756724885268
      20
-19.6774608824048
      30
0
      10
-50.7249471310622
      20
-19.355802893721
      30
0
      10
-50.7249471310622
      20
-19.355802893721
      30
0
      10
-49.4146667512418
      20
-18.9959854763944
      30
0
      10
-47.9999536813475
      20
-18.1867444736067
      30
0
      10
-46.8103849707192
      20
-17.0358696024614
      30
0
      10
-46.8103849707192
      20
-17.0358696024614
      30
0
      10
-45.5781638870174
      20
-15.8570180510666
      30
0
      10
-44.6006652351603
      20
-14.3274140640881
      30
0
      10
-44.0784354130391
      20
-12.7949264658257
      30
0
      10
-44.078435413
      20
-12.7949264658
      30
0
      10
-42.9229999643333
      20
-12.7949264658
      30
0
      10
-41.7675645156667
      20
-12.7949264658
      30
0
      10
-40.612129067
      20
-12.7949264658
      30
0
      10
-40.6121290666306
      20
-12.794926466009
      30
0
      10
-41.2648764874026
      20
-15.4297632662075
      30
0
      10
-42.801569945091
      20
-17.9373745621345
      30
0
      10
-44.9130227760871
      20
-19.8132225317957
      30
0
      10
-44.9130227760871
      20
-19.8132225317957
      30
0
      10
-47.0244756070832
      20
-21.689070501457
      30
0
      10
-49.5588977183776
      20
-22.798302434147
      30
0
      10
-52.006356883184
      20
-22.9177380210536
      30
0
      10
-52.006356883184
      20
-22.9177380210536
      30
0
      10
-54.4538160479903
      20
-23.0371736079602
      30
0
      10
-56.6383670361765
      20
-22.1582267520705
      30
0
      10
-58.1204725879585
      20
-20.4577438143174
      30
0
      10
-58.1204725879585
      20
-20.4577438143174
      30
0
      10
-59.6025781397406
      20
-18.7572608765644
      30
0
      10
-60.2756912670674
      20
-16.3574877624656
      30
0
      10
-60.0043798829289
      20
-13.7412649753455
      30
0
      10
-60.0043798829289
      20
-13.7412649753455
      30
0
      10
-59.7330684987904
      20
-11.1250421882254
      30
0
      10
-58.5368368893484
      20
-8.48044719510624
      30
0
      10
-56.6563699214358
      20
-6.33957928906914
      30
0
      10
-56.6563699214358
      20
-6.33957928906914
      30
0
      10
-54.7759029535231
      20
-4.19871138303205
      30
0
      10
-52.3463853927052
      20
-2.71547527547198
      30
0
      10
-49.8566424012481
      20
-2.18830187409261
      30
0
      10
-49.8566424011
      20
-2.1883018743
      30
0
      10
-49.8566424011
      20
-3.333702232
      30
0
      10
-49.8566424011
      20
-4.4791025897
      30
0
      10
-49.8566424011
      20
-5.6245029474
      30
0
      10
-49.8566424010577
      20
-5.62450294738319
      30
0
      10
-50.9440558987002
      20
-5.9664002629215
      30
0
      10
-52.0878475531099
      20
-6.60706654583926
      30
0
      10
-53.104685476443
      20
-7.49072805986643
      30
0
      10
-53.104685476443
      20
-7.49072805986643
      30
0
      10
-54.3387895387435
      20
-8.55440825734216
      30
0
      10
-55.371896866308
      20
-9.97121105822673
      30
0
      10
-55.9950076092509
      20
-11.4451553022297
      30
0
      10
-55.9950076092509
      20
-11.4451553022297
      30
0
      10
-56.5993000244453
      20
-12.8543318372323
      30
0
      10
-56.8240313508344
      20
-14.2991776558118
      30
0
      10
-56.7086608048729
      20
-15.4972442463397
      30
0
      10
-56.7086608048729
      20
-15.4972442463397
      30
0
      10
-52.9079299750486
      20
-13.2741119499932
      30
0
      10
-49.1071991452243
      20
-11.0509796536466
      30
0
      10
-45.3064683154
      20
-8.8278473573
      30
0
      10
-45.3064683153702
      20
-8.82784735725263
      30
0
      10
-45.1347618052257
      20
-8.72741238690386
      30
0
      10
-44.9836269058128
      20
-8.59535077694474
      30
0
      10
-44.8610745390935
      20
-8.43866246753247
      30
0
      10
-44.8610745390935
      20
-8.43866246753247
      30
0
      10
-44.7385221723742
      20
-8.2819741581202
      30
0
      10
-44.6467565843402
      20
-8.10347736963844
      30
0
      10
-44.5906418200755
      20
-7.91263334398794
      30
0
      10
-44.5906418200755
      20
-7.91263334398794
      30
0
      10
-44.5345270558108
      20
-7.72178931833743
      30
0
      10
-44.5150724042221
      20
-7.52203060594396
      30
0
      10
-44.5333090612559
      20
-7.32394543932313
      30
0
      10
-44.5333090612559
      20
-7.32394543932313
      30
0
      10
-44.5515457182897
      20
-7.1258602727023
      30
0
      10
-44.607145676587
      20
-6.93301144257134
      30
0
      10
-44.6971618542445
      20
-6.75562092237673
      30
0
      10
-44.6971618542445
      20
-6.75562092237673
      30
0
      10
-44.7871780319019
      20
-6.57823040218212
      30
0
      10
-44.9099913839015
      20
-6.41948876550115
      30
0
      10
-45.0590921750162
      20
-6.28781013024112
      30
0
      10
-45.0590921750398
      20
-6.28781013025685
      30
0
      10
-45.4173282460201
      20
-5.97183660465467
      30
0
      10
-45.8311798137663
      20
-5.72748250221627
      30
0
      10
-46.3135686066659
      20
-5.55705305435806
      30
0
      10
-46.3135686066659
      20
-5.55705305435806
      30
0
      10
-46.8947091260498
      20
-5.35249129141243
      30
0
      10
-47.5822828938075
      20
-5.25851837407551
      30
0
      10
-48.356642401058
      20
-5.32215835212192
      30
0
      10
-48.3566424011
      20
-5.3221583521
      30
0
      10
-48.3566424011
      20
-4.26982502706667
      30
0
      10
-48.3566424011
      20
-3.21749170203333
      30
0
      10
-48.3566424011
      20
-2.165158377
      30
0
      10
-48.3566424008412
      20
-2.16515837711393
      30
0
      10
-46.3908773900846
      20
-2.05988591062745
      30
0
      10
-44.587060410013
      20
-2.61055600090108
      30
0
      10
-43.1926711499967
      20
-3.74161793276136
      30
0
      10
-43.1926711499967
      20
-3.74161793276136
      30
0
      10
-41.7982818899804
      20
-4.87267986462164
      30
0
      10
-40.8801454743602
      20
-6.52992829068027
      30
0
      10
-40.5642281832229
      20
-8.48599240213488
      30
0
    1001
FS_CYPCUT
    1000
Channel
    1070
1
    1000
LeadIn
    1002
{
    1070
3
    1040
0.5
    1040
1.5707963267949
    1040
0.5
    1040
0.3
    1070
0
    1040
0.5
    1070
0
    1002
}
    1000
LeadOut
    1002
{
    1070
0
    1040
0
    1040
0.523598775598299
    1040
3
    1070
0
    1002
}
    1000
IsFill
    1070
0
    1000
PathStart
    1040
0.5
    1000
ToolCompensation
    1002
{
    1070
0
    1040
0
    1070
0
    1002
}
       0
SPLINE
       5
2003
     100
AcDbEntity
       8
1
     100
AcDbSpline
      70
0
      71
3
      72
116
      73
112
      74
0
      40
0
      40
0
      40
0
      40
0
      40
0.0357142857142857
      40
0.0357142857142857
      40
0.0357142857142857
      40
0.0357142857142857
      40
0.0714285714285714
      40
0.0714285714285714
      40
0.0714285714285714
      40
0.0714285714285714
      40
0.107142857142857
      40
0.107142857142857
      40
0.107142857142857
      40
0.107142857142857
      40
0.142857142857143
      40
0.142857142857143
      40
0.142857142857143
      40
0.142857142857143
      40
0.178571428571429
      40
0.178571428571429
      40
0.178571428571429
      40
0.178571428571429
      40
0.214285714285714
      40
0.214285714285714
      40
0.214285714285714
      40
0.214285714285714
      40
0.25
      40
0.25
      40
0.25
      40
0.25
      40
0.285714285714286
      40
0.285714285714286
      40
0.285714285714286
      40
0.285714285714286
      40
0.321428571428571
      40
0.321428571428571
      40
0.321428571428571
      40
0.321428571428571
      40
0.357142857142857
      40
0.357142857142857
      40
0.357142857142857
      40
0.357142857142857
      40
0.392857142857143
      40
0.392857142857143
      40
0.392857142857143
      40
0.392857142857143
      40
0.428571428571429
      40
0.428571428571429
      40
0.428571428571429
      40
0.428571428571429
      40
0.464285714285714
      40
0.464285714285714
      40
0.464285714285714
      40
0.464285714285714
      40
0.5
      40
0.5
      40
0.5
      40
0.5
      40
0.535714285714286
      40
0.535714285714286
      40
0.535714285714286
      40
0.535714285714286
      40
0.571428571428571
      40
0.571428571428571
      40
0.571428571428571
      40
0.571428571428571
      40
0.607142857142857
      40
0.607142857142857
      40
0.607142857142857
      40
0.607142857142857
      40
0.642857142857143
      40
0.642857142857143
      40
0.642857142857143
      40
0.642857142857143
      40
0.678571428571429
      40
0.678571428571429
      40
0.678571428571429
      40
0.678571428571429
      40
0.714285714285714
      40
0.714285714285714
      40
0.714285714285714
      40
0.714285714285714
      40
0.75
      40
0.75
      40
0.75
      40
0.75
      40
0.785714285714286
      40
0.785714285714286
      40
0.785714285714286
      40
0.785714285714286
      40
0.821428571428571
      40
0.821428571428571
      40
0.821428571428571
      40
0.821428571428571
      40
0.857142857142857
      40
0.857142857142857
      40
0.857142857142857
      40
0.857142857142857
      40
0.892857142857143
      40
0.892857142857143
      40
0.892857142857143
      40
0.892857142857143
      40
0.928571428571429
      40
0.928571428571429
      40
0.928571428571429
      40
0.928571428571429
      40
0.964285714285714
      40
0.964285714285714
      40
0.964285714285714
      40
0.964285714285714
      40
1
      40
1
      40
1
      40
1
      10
-37.3512898173
      20
-30.1720844923
      30
0
      10
-38.1205205865155
      20
-30.1720844923147
      30
0
      10
-38.8897513557311
      20
-30.1720844923293
      30
0
      10
-39.6589821249466
      20
-30.172084492344
      30
0
      10
-39.6589821249466
      20
-30.172084492344
      30
0
      10
-39.7199124023613
      20
-30.2457410715105
      30
0
      10
-39.7808426797761
      20
-30.319397650677
      30
0
      10
-39.8417729571908
      20
-30.3930542298435
      30
0
      10
-39.8417729571908
      20
-30.3930542298435
      30
0
      10
-39.8720391973267
      20
-30.4300382728673
      30
0
      10
-39.9023054374626
      20
-30.4670223158911
      30
0
      10
-39.9325716775986
      20
-30.5040063589149
      30
0
      10
-39.9325716775986
      20
-30.5040063589149
      30
0
      10
-39.9625992394488
      20
-30.5411773060674
      30
0
      10
-39.992626801299
      20
-30.5783482532199
      30
0
      10
-40.0226543631492
      20
-30.6155192003723
      30
0
      10
-40.0226543631492
      20
-30.6155192003723
      30
0
      10
-40.0523636872852
      20
-30.6529393530296
      30
0
      10
-40.0820730114211
      20
-30.690359505687
      30
0
      10
-40.111782335557
      20
-30.7277796583443
      30
0
      10
-40.111782335557
      20
-30.7277796583443
      30
0
      10
-40.1410940569906
      20
-30.765511152114
      30
0
      10
-40.1704057784242
      20
-30.8032426458836
      30
0
      10
-40.1997174998579
      20
-30.8409741396533
      30
0
      10
-40.1997174998579
      20
-30.8409741396533
      30
0
      10
-40.5757497223611
      20
-31.3352620953619
      30
0
      10
-40.9242275365224
      20
-31.8517358211958
      30
0
      10
-41.2282525439236
      20
-32.3935899853511
      30
0
      10
-41.2282525439236
      20
-32.3935899853511
      30
0
      10
-41.882404530517
      20
-33.563555259872
      30
0
      10
-42.2852107632838
      20
-34.8595372033563
      30
0
      10
-42.521366722707
      20
-36.174754552975
      30
0
      10
-42.521366722707
      20
-36.174754552975
      30
0
      10
-42.6443003944388
      20
-36.8807044196123
      30
0
      10
-42.7198442459601
      20
-37.5961775634159
      30
0
      10
-42.7307626250993
      20
-38.3128314622793
      30
0
      10
-42.7307626250993
      20
-38.3128314622793
      30
0
      10
-42.7324768173561
      20
-38.4084104637539
      30
0
      10
-42.7341910096129
      20
-38.5039894652284
      30
0
      10
-42.7359052018697
      20
-38.599568466703
      30
0
      10
-42.7359052018697
      20
-38.599568466703
      30
0
      10
-42.7347377074962
      20
-38.7213724969164
      30
0
      10
-42.7304749050873
      20
-38.9527236646139
      30
0
      10
-42.7297065915855
      20
-38.9648796917944
      30
0
      10
-42.7297065915855
      20
-38.9648796917944
      30
0
      10
-42.7203506606071
      20
-39.3787689750499
      30
0
      10
-42.6825379148868
      20
-39.7920665687544
      30
0
      10
-42.6217295189853
      20
-40.2015830124792
      30
0
      10
-42.6217295189853
      20
-40.2015830124792
      30
0
      10
-42.5581277353003
      20
-40.6353937800155
      30
0
      10
-42.4643431127765
      20
-41.0648786813908
      30
0
      10
-42.3371927465061
      20
-41.4845597009519
      30
0
      10
-42.3371927465061
      20
-41.4845597009519
      30
0
      10
-42.2028957520963
      20
-41.9273381028498
      30
0
      10
-42.0449808163205
      20
-42.36343278935
      30
0
      10
-41.8587848502605
      20
-42.7869743549603
      30
0
      10
-41.8587848502605
      20
-42.7869743549603
      30
0
      10
-41.8542672160439
      20
-42.79828258618
      30
0
      10
-41.7604639554409
      20
-43.0098154177208
      30
0
      10
-41.7102641762287
      20
-43.1208024410619
      30
0
      10
-41.7102641762
      20
-43.1208024411
      30
0
      10
-40.9410334069667
      20
-43.1208024411
      30
0
      10
-40.1718026377333
      20
-43.1208024411
      30
0
      10
-39.4025718685
      20
-43.1208024411
      30
0
      10
-39.4025718685363
      20
-43.1208024410619
      30
0
      10
-39.4740825565237
      20
-43.0110658471012
      30
0
      10
-39.6076324653458
      20
-42.8011018832244
      30
0
      10
-39.6140440665373
      20
-42.7896615356394
      30
0
      10
-39.6140440665373
      20
-42.7896615356394
      30
0
      10
-39.627834961261
      20
-42.7673918189635
      30
0
      10
-39.6416258559847
      20
-42.7451221022876
      30
0
      10
-39.6554167507085
      20
-42.7228523856116
      30
0
      10
-39.6554167507085
      20
-42.7228523856116
      30
0
      10
-39.6690651975223
      20
-42.7004943610779
      30
0
      10
-39.6827136443361
      20
-42.6781363365441
      30
0
      10
-39.6963620911499
      20
-42.6557783120104
      30
0
      10
-39.6963620911499
      20
-42.6557783120104
      30
0
      10
-39.9530793756785
      20
-42.2295671375891
      30
0
      10
-40.1910386807084
      20
-41.7911347590036
      30
0
      10
-40.3890365901051
      20
-41.3343254888089
      30
0
      10
-40.3890365901051
      20
-41.3343254888089
      30
0
      10
-40.5580883195292
      20
-40.9507599676842
      30
0
      10
-40.6851080103248
      20
-40.5489477498769
      30
0
      10
-40.7727506036819
      20
-40.1390556630424
      30
0
      10
-40.7727506036819
      20
-40.1390556630424
      30
0
      10
-40.8639555939776
      20
-39.7032294150059
      30
0
      10
-40.9181587074989
      20
-39.2590433773928
      30
0
      10
-40.9322769522357
      20
-38.8141862614261
      30
0
      10
-40.9322769522357
      20
-38.8141862614261
      30
0
      10
-40.9334132582385
      20
-38.8011339640419
      30
0
      10
-40.9394656674275
      20
-38.5523220475829
      30
0
      10
-40.9410334069979
      20
-38.4212832102927
      30
0
      10
-40.9410334069979
      20
-38.4212832102927
      30
0
      10
-40.9395937774848
      20
-38.3245654539128
      30
0
      10
-40.9381541479717
      20
-38.2278476975328
      30
0
      10
-40.9367145184585
      20
-38.1311299411529
      30
0
      10
-40.9367145184585
      20
-38.1311299411529
      30
0
      10
-40.9225590347384
      20
-37.3093830095047
      30
0
      10
-40.8282931171019
      20
-36.4879494115293
      30
0
      10
-40.645287494395
      20
-35.6863794090558
      30
0
      10
-40.645287494395
      20
-35.6863794090558
      30
0
      10
-40.356495726355
      20
-34.4129133055872
      30
0
      10
-39.8269380628855
      20
-33.1934754343823
      30
0
      10
-39.0813452942135
      20
-32.1207070463709
      30
0
      10
-39.0813452942135
      20
-32.1207070463709
      30
0
      10
-38.6391610693588
      20
-31.485829466629
      30
0
      10
-38.128798273268
      20
-30.8980692838237
      30
0
      10
-37.563832011191
      20
-30.3696580295173
      30
0
      10
-37.563832011191
      20
-30.3696580295173
      30
0
      10
-37.4929846132121
      20
-30.3038001837928
      30
0
      10
-37.4221372152332
      20
-30.2379423380684
      30
0
      10
-37.3512898172543
      20
-30.172084492344
      30
0
    1001
FS_CYPCUT
    1000
Channel
    1070
1
    1000
LeadIn
    1002
{
    1070
3
    1040
7.5
    1040
1.5707963267949
    1040
0.5
    1040
0.3
    1070
0
    1040
0.5
    1070
0
    1002
}
    1000
LeadOut
    1002
{
    1070
0
    1040
0
    1040
0.523598775598299
    1040
3
    1070
0
    1002
}
    1000
IsFill
    1070
0
    1000
PathStart
    1040
7.5
    1000
ToolCompensation
    1002
{
    1070
0
    1040
0
    1070
0
    1002
}
       0
LWPOLYLINE
       5
2004
     100
AcDbEntity
       8
1
     100
AcDbPolyline
      90
16
      70
1
      10
-31.2655526378
      20
-36.9669562872
      42
0
      10
-32.2451199455
      20
-36.9669562872
      42
0
      10
-31.3076199455
      20
-30.1720844923
      42
0
      10
-33.0484052019
      20
-30.1720844923
      42
0
      10
-38.3769308429
      20
-36.8988473129
      42
0
      10
-38.5051359711
      20
-38.6336229539
      42
0
      10
-35.2917230453
      20
-38.6336229539
      42
0
      10
-35.0633576607
      20
-36.9669562872
      42
0
      10
-36.503934048
      20
-36.9669562872
      42
0
      10
-33.5371872532
      20
-33.2209626975
      42
0
      10
-34.0540141762
      20
-36.9669562872
      42
0
      10
-34.2823795608
      20
-38.6336229539
      42
0
      10
-34.5307769967
      20
-40.4284947488
      42
0
      10
-32.721882766
      20
-40.4284947488
      42
0
      10
-32.4734853301
      20
-38.6336229539
      42
0
      10
-31.4818987916
      20
-38.6336229539
      42
0
    1001
FS_CYPCUT
    1000
Channel
    1070
1
    1000
LeadIn
    1002
{
    1070
3
    1040
3.5
    1040
1.5707963267949
    1040
0.5
    1040
0.3
    1070
0
    1040
0.5
    1070
0
    1002
}
    1000
LeadOut
    1002
{
    1070
0
    1040
0
    1040
0.523598775598299
    1040
3
    1070
0
    1002
}
    1000
IsFill
    1070
0
    1000
PathStart
    1040
3.5
    1000
ToolCompensation
    1002
{
    1070
0
    1040
0
    1070
0
    1002
}
       0
SPLINE
       5
2005
     100
AcDbEntity
       8
1
     100
AcDbSpline
      70
0
      71
3
      72
700
      73
696
      74
0
      40
0
      40
0
      40
0
      40
0
      40
0.00574712643678161
      40
0.00574712643678161
      40
0.00574712643678161
      40
0.00574712643678161
      40
0.0114942528735632
      40
0.0114942528735632
      40
0.0114942528735632
      40
0.0114942528735632
      40
0.0172413793103448
      40
0.0172413793103448
      40
0.0172413793103448
      40
0.0172413793103448
      40
0.0229885057471264
      40
0.0229885057471264
      40
0.0229885057471264
      40
0.0229885057471264
      40
0.028735632183908
      40
0.028735632183908
      40
0.028735632183908
      40
0.028735632183908
      40
0.0344827586206897
      40
0.0344827586206897
      40
0.0344827586206897
      40
0.0344827586206897
      40
0.0402298850574713
      40
0.0402298850574713
      40
0.0402298850574713
      40
0.0402298850574713
      40
0.0459770114942529
      40
0.0459770114942529
      40
0.0459770114942529
      40
0.0459770114942529
      40
0.0517241379310345
      40
0.0517241379310345
      40
0.0517241379310345
      40
0.0517241379310345
      40
0.0574712643678161
      40
0.0574712643678161
      40
0.0574712643678161
      40
0.0574712643678161
      40
0.0632183908045977
      40
0.0632183908045977
      40
0.0632183908045977
      40
0.0632183908045977
      40
0.0689655172413793
      40
0.0689655172413793
      40
0.0689655172413793
      40
0.0689655172413793
      40
0.0747126436781609
      40
0.0747126436781609
      40
0.0747126436781609
      40
0.0747126436781609
      40
0.0804597701149425
      40
0.0804597701149425
      40
0.0804597701149425
      40
0.0804597701149425
      40
0.0862068965517241
      40
0.0862068965517241
      40
0.0862068965517241
      40
0.0862068965517241
      40
0.0919540229885057
      40
0.0919540229885057
      40
0.0919540229885057
      40
0.0919540229885057
      40
0.0977011494252874
      40
0.0977011494252874
      40
0.0977011494252874
      40
0.0977011494252874
      40
0.103448275862069
      40
0.103448275862069
      40
0.103448275862069
      40
0.103448275862069
      40
0.109195402298851
      40
0.109195402298851
      40
0.109195402298851
      40
0.109195402298851
      40
0.114942528735632
      40
0.114942528735632
      40
0.114942528735632
      40
0.114942528735632
      40
0.120689655172414
      40
0.120689655172414
      40
0.120689655172414
      40
0.120689655172414
      40
0.126436781609195
      40
0.126436781609195
      40
0.126436781609195
      40
0.126436781609195
      40
0.132183908045977
      40
0.132183908045977
      40
0.132183908045977
      40
0.132183908045977
      40
0.137931034482759
      40
0.137931034482759
      40
0.137931034482759
      40
0.137931034482759
      40
0.14367816091954
      40
0.14367816091954
      40
0.14367816091954
      40
0.14367816091954
      40
0.149425287356322
      40
0.149425287356322
      40
0.149425287356322
      40
0.149425287356322
      40
0.155172413793103
      40
0.155172413793103
      40
0.155172413793103
      40
0.155172413793103
      40
0.160919540229885
      40
0.160919540229885
      40
0.160919540229885
      40
0.160919540229885
      40
0.166666666666667
      40
0.166666666666667
      40
0.166666666666667
      40
0.166666666666667
      40
0.172413793103448
      40
0.172413793103448
      40
0.172413793103448
      40
0.172413793103448
      40
0.17816091954023
      40
0.17816091954023
      40
0.17816091954023
      40
0.17816091954023
      40
0.183908045977011
      40
0.183908045977011
      40
0.183908045977011
      40
0.183908045977011
      40
0.189655172413793
      40
0.189655172413793
      40
0.189655172413793
      40
0.189655172413793
      40
0.195402298850575
      40
0.195402298850575
      40
0.195402298850575
      40
0.195402298850575
      40
0.201149425287356
      40
0.201149425287356
      40
0.201149425287356
      40
0.201149425287356
      40
0.206896551724138
      40
0.206896551724138
      40
0.206896551724138
      40
0.206896551724138
      40
0.21264367816092
      40
0.21264367816092
      40
0.21264367816092
      40
0.21264367816092
      40
0.218390804597701
      40
0.218390804597701
      40
0.218390804597701
      40
0.218390804597701
      40
0.224137931034483
      40
0.224137931034483
      40
0.224137931034483
      40
0.224137931034483
      40
0.229885057471264
      40
0.229885057471264
      40
0.229885057471264
      40
0.229885057471264
      40
0.235632183908046
      40
0.235632183908046
      40
0.235632183908046
      40
0.235632183908046
      40
0.241379310344828
      40
0.241379310344828
      40
0.241379310344828
      40
0.241379310344828
      40
0.247126436781609
      40
0.247126436781609
      40
0.247126436781609
      40
0.247126436781609
      40
0.252873563218391
      40
0.252873563218391
      40
0.252873563218391
      40
0.252873563218391
      40
0.258620689655172
      40
0.258620689655172
      40
0.258620689655172
      40
0.258620689655172
      40
0.264367816091954
      40
0.264367816091954
      40
0.264367816091954
      40
0.264367816091954
      40
0.270114942528736
      40
0.270114942528736
      40
0.270114942528736
      40
0.270114942528736
      40
0.275862068965517
      40
0.275862068965517
      40
0.275862068965517
      40
0.275862068965517
      40
0.281609195402299
      40
0.281609195402299
      40
0.281609195402299
      40
0.281609195402299
      40
0.28735632183908
      40
0.28735632183908
      40
0.28735632183908
      40
0.28735632183908
      40
0.293103448275862
      40
0.293103448275862
      40
0.293103448275862
      40
0.293103448275862
      40
0.298850574712644
      40
0.298850574712644
      40
0.298850574712644
      40
0.298850574712644
      40
0.304597701149425
      40
0.304597701149425
      40
0.304597701149425
      40
0.304597701149425
      40
0.310344827586207
      40
0.310344827586207
      40
0.310344827586207
      40
0.310344827586207
      40
0.316091954022989
      40
0.316091954022989
      40
0.316091954022989
      40
0.316091954022989
      40
0.32183908045977
      40
0.32183908045977
      40
0.32183908045977
      40
0.32183908045977
      40
0.327586206896552
      40
0.327586206896552
      40
0.327586206896552
      40
0.327586206896552
      40
0.333333333333333
      40
0.333333333333333
      40
0.333333333333333
      40
0.333333333333333
      40
0.339080459770115
      40
0.339080459770115
      40
0.339080459770115
      40
0.339080459770115
      40
0.344827586206897
      40
0.344827586206897
      40
0.344827586206897
      40
0.344827586206897
      40
0.350574712643678
      40
0.350574712643678
      40
0.350574712643678
      40
0.350574712643678
      40
0.35632183908046
      40
0.35632183908046
      40
0.35632183908046
      40
0.35632183908046
      40
0.362068965517241
      40
0.362068965517241
      40
0.362068965517241
      40
0.362068965517241
      40
0.367816091954023
      40
0.367816091954023
      40
0.367816091954023
      40
0.367816091954023
      40
0.373563218390805
      40
0.373563218390805
      40
0.373563218390805
      40
0.373563218390805
      40
0.379310344827586
      40
0.379310344827586
      40
0.379310344827586
      40
0.379310344827586
      40
0.385057471264368
      40
0.385057471264368
      40
0.385057471264368
      40
0.385057471264368
      40
0.390804597701149
      40
0.390804597701149
      40
0.390804597701149
      40
0.390804597701149
      40
0.396551724137931
      40
0.396551724137931
      40
0.396551724137931
      40
0.396551724137931
      40
0.402298850574713
      40
0.402298850574713
      40
0.402298850574713
      40
0.402298850574713
      40
0.408045977011494
      40
0.408045977011494
      40
0.408045977011494
      40
0.408045977011494
      40
0.413793103448276
      40
0.413793103448276
      40
0.413793103448276
      40
0.413793103448276
      40
0.419540229885057
      40
0.419540229885057
      40
0.419540229885057
      40
0.419540229885057
      40
0.425287356321839
      40
0.425287356321839
      40
0.425287356321839
      40
0.425287356321839
      40
0.431034482758621
      40
0.431034482758621
      40
0.431034482758621
      40
0.431034482758621
      40
0.436781609195402
      40
0.436781609195402
      40
0.436781609195402
      40
0.436781609195402
      40
0.442528735632184
      40
0.442528735632184
      40
0.442528735632184
      40
0.442528735632184
      40
0.448275862068966
      40
0.448275862068966
      40
0.448275862068966
      40
0.448275862068966
      40
0.454022988505747
      40
0.454022988505747
      40
0.454022988505747
      40
0.454022988505747
      40
0.459770114942529
      40
0.459770114942529
      40
0.459770114942529
      40
0.459770114942529
      40
0.46551724137931
      40
0.46551724137931
      40
0.46551724137931
      40
0.46551724137931
      40
0.471264367816092
      40
0.471264367816092
      40
0.471264367816092
      40
0.471264367816092
      40
0.477011494252874
      40
0.477011494252874
      40
0.477011494252874
      40
0.477011494252874
      40
0.482758620689655
      40
0.482758620689655
      40
0.482758620689655
      40
0.482758620689655
      40
0.488505747126437
      40
0.488505747126437
      40
0.488505747126437
      40
0.488505747126437
      40
0.494252873563218
      40
0.494252873563218
      40
0.494252873563218
      40
0.494252873563218
      40
0.5
      40
0.5
      40
0.5
      40
0.5
      40
0.505747126436782
      40
0.505747126436782
      40
0.505747126436782
      40
0.505747126436782
      40
0.511494252873563
      40
0.511494252873563
      40
0.511494252873563
      40
0.511494252873563
      40
0.517241379310345
      40
0.517241379310345
      40
0.517241379310345
      40
0.517241379310345
      40
0.522988505747126
      40
0.522988505747126
      40
0.522988505747126
      40
0.522988505747126
      40
0.528735632183908
      40
0.528735632183908
      40
0.528735632183908
      40
0.528735632183908
      40
0.53448275862069
      40
0.53448275862069
      40
0.53448275862069
      40
0.53448275862069
      40
0.540229885057471
      40
0.540229885057471
      40
0.540229885057471
      40
0.540229885057471
      40
0.545977011494253
      40
0.545977011494253
      40
0.545977011494253
      40
0.545977011494253
      40
0.551724137931034
      40
0.551724137931034
      40
0.551724137931034
      40
0.551724137931034
      40
0.557471264367816
      40
0.557471264367816
      40
0.557471264367816
      40
0.557471264367816
      40
0.563218390804598
      40
0.563218390804598
      40
0.563218390804598
      40
0.563218390804598
      40
0.568965517241379
      40
0.568965517241379
      40
0.568965517241379
      40
0.568965517241379
      40
0.574712643678161
      40
0.574712643678161
      40
0.574712643678161
      40
0.574712643678161
      40
0.580459770114943
      40
0.580459770114943
      40
0.580459770114943
      40
0.580459770114943
      40
0.586206896551724
      40
0.586206896551724
      40
0.586206896551724
      40
0.586206896551724
      40
0.591954022988506
      40
0.591954022988506
      40
0.591954022988506
      40
0.591954022988506
      40
0.597701149425287
      40
0.597701149425287
      40
0.597701149425287
      40
0.597701149425287
      40
0.603448275862069
      40
0.603448275862069
      40
0.603448275862069
      40
0.603448275862069
      40
0.609195402298851
      40
0.609195402298851
      40
0.609195402298851
      40
0.609195402298851
      40
0.614942528735632
      40
0.614942528735632
      40
0.614942528735632
      40
0.614942528735632
      40
0.620689655172414
      40
0.620689655172414
      40
0.620689655172414
      40
0.620689655172414
      40
0.626436781609195
      40
0.626436781609195
      40
0.626436781609195
      40
0.626436781609195
      40
0.632183908045977
      40
0.632183908045977
      40
0.632183908045977
      40
0.632183908045977
      40
0.637931034482759
      40
0.637931034482759
      40
0.637931034482759
      40
0.637931034482759
      40
0.64367816091954
      40
0.64367816091954
      40
0.64367816091954
      40
0.64367816091954
      40
0.649425287356322
      40
0.649425287356322
      40
0.649425287356322
      40
0.649425287356322
      40
0.655172413793103
      40
0.655172413793103
      40
0.655172413793103
      40
0.655172413793103
      40
0.660919540229885
      40
0.660919540229885
      40
0.660919540229885
      40
0.660919540229885
      40
0.666666666666667
      40
0.666666666666667
      40
0.666666666666667
      40
0.666666666666667
      40
0.672413793103448
      40
0.672413793103448
      40
0.672413793103448
      40
0.672413793103448
      40
0.67816091954023
      40
0.67816091954023
      40
0.67816091954023
      40
0.67816091954023
      40
0.683908045977011
      40
0.683908045977011
      40
0.683908045977011
      40
0.683908045977011
      40
0.689655172413793
      40
0.689655172413793
      40
0.689655172413793
      40
0.689655172413793
      40
0.695402298850575
      40
0.695402298850575
      40
0.695402298850575
      40
0.695402298850575
      40
0.701149425287356
      40
0.701149425287356
      40
0.701149425287356
      40
0.701149425287356
      40
0.706896551724138
      40
0.706896551724138
      40
0.706896551724138
      40
0.706896551724138
      40
0.71264367816092
      40
0.71264367816092
      40
0.71264367816092
      40
0.71264367816092
      40
0.718390804597701
      40
0.718390804597701
      40
0.718390804597701
      40
0.718390804597701
      40
0.724137931034483
      40
0.724137931034483
      40
0.724137931034483
      40
0.724137931034483
      40
0.729885057471264
      40
0.729885057471264
      40
0.729885057471264
      40
0.729885057471264
      40
0.735632183908046
      40
0.735632183908046
      40
0.735632183908046
      40
0.735632183908046
      40
0.741379310344828
      40
0.741379310344828
      40
0.741379310344828
      40
0.741379310344828
      40
0.747126436781609
      40
0.747126436781609
      40
0.747126436781609
      40
0.747126436781609
      40
0.752873563218391
      40
0.752873563218391
      40
0.752873563218391
      40
0.752873563218391
      40
0.758620689655172
      40
0.758620689655172
      40
0.758620689655172
      40
0.758620689655172
      40
0.764367816091954
      40
0.764367816091954
      40
0.764367816091954
      40
0.764367816091954
      40
0.770114942528736
      40
0.770114942528736
      40
0.770114942528736
      40
0.770114942528736
      40
0.775862068965517
      40
0.775862068965517
      40
0.775862068965517
      40
0.775862068965517
      40
0.781609195402299
      40
0.781609195402299
      40
0.781609195402299
      40
0.781609195402299
      40
0.78735632183908
      40
0.78735632183908
      40
0.78735632183908
      40
0.78735632183908
      40
0.793103448275862
      40
0.793103448275862
      40
0.793103448275862
      40
0.793103448275862
      40
0.798850574712644
      40
0.798850574712644
      40
0.798850574712644
      40
0.798850574712644
      40
0.804597701149425
      40
0.804597701149425
      40
0.804597701149425
      40
0.804597701149425
      40
0.810344827586207
      40
0.810344827586207
      40
0.810344827586207
      40
0.810344827586207
      40
0.816091954022989
      40
0.816091954022989
      40
0.816091954022989
      40
0.816091954022989
      40
0.82183908045977
      40
0.82183908045977
      40
0.82183908045977
      40
0.82183908045977
      40
0.827586206896552
      40
0.827586206896552
      40
0.827586206896552
      40
0.827586206896552
      40
0.833333333333333
      40
0.833333333333333
      40
0.833333333333333
      40
0.833333333333333
      40
0.839080459770115
      40
0.839080459770115
      40
0.839080459770115
      40
0.839080459770115
      40
0.844827586206897
      40
0.844827586206897
      40
0.844827586206897
      40
0.844827586206897
      40
0.850574712643678
      40
0.850574712643678
      40
0.850574712643678
      40
0.850574712643678
      40
0.85632183908046
      40
0.85632183908046
      40
0.85632183908046
      40
0.85632183908046
      40
0.862068965517241
      40
0.862068965517241
      40
0.862068965517241
      40
0.862068965517241
      40
0.867816091954023
      40
0.867816091954023
      40
0.867816091954023
      40
0.867816091954023
      40
0.873563218390805
      40
0.873563218390805
      40
0.873563218390805
      40
0.873563218390805
      40
0.879310344827586
      40
0.879310344827586
      40
0.879310344827586
      40
0.879310344827586
      40
0.885057471264368
      40
0.885057471264368
      40
0.885057471264368
      40
0.885057471264368
      40
0.890804597701149
      40
0.890804597701149
      40
0.890804597701149
      40
0.890804597701149
      40
0.896551724137931
      40
0.896551724137931
      40
0.896551724137931
      40
0.896551724137931
      40
0.902298850574713
      40
0.902298850574713
      40
0.902298850574713
      40
0.902298850574713
      40
0.908045977011494
      40
0.908045977011494
      40
0.908045977011494
      40
0.908045977011494
      40
0.913793103448276
      40
0.913793103448276
      40
0.913793103448276
      40
0.913793103448276
      40
0.919540229885057
      40
0.919540229885057
      40
0.919540229885057
      40
0.919540229885057
      40
0.925287356321839
      40
0.925287356321839
      40
0.925287356321839
      40
0.925287356321839
      40
0.931034482758621
      40
0.931034482758621
      40
0.931034482758621
      40
0.931034482758621
      40
0.936781609195402
      40
0.936781609195402
      40
0.936781609195402
      40
0.936781609195402
      40
0.942528735632184
      40
0.942528735632184
      40
0.942528735632184
      40
0.942528735632184
      40
0.948275862068966
      40
0.948275862068966
      40
0.948275862068966
      40
0.948275862068966
      40
0.954022988505747
      40
0.954022988505747
      40
0.954022988505747
      40
0.954022988505747
      40
0.959770114942529
      40
0.959770114942529
      40
0.959770114942529
      40
0.959770114942529
      40
0.96551724137931
      40
0.96551724137931
      40
0.96551724137931
      40
0.96551724137931
      40
0.971264367816092
      40
0.971264367816092
      40
0.971264367816092
      40
0.971264367816092
      40
0.977011494252874
      40
0.977011494252874
      40
0.977011494252874
      40
0.977011494252874
      40
0.982758620689655
      40
0.982758620689655
      40
0.982758620689655
      40
0.982758620689655
      40
0.988505747126437
      40
0.988505747126437
      40
0.988505747126437
      40
0.988505747126437
      40
0.994252873563218
      40
0.994252873563218
      40
0.994252873563218
      40
0.994252873563218
      40
1
      40
1
      40
1
      40
1
      10
-23.7615462275054
      20
-32.6680780820874
      30
0
      10
-23.763335875873
      20
-32.5961389895331
      30
0
      10
-23.7651255242407
      20
-32.5241998969787
      30
0
      10
-23.7707155259967
      20
-32.4525724894898
      30
0
      10
-23.7707155259967
      20
-32.4525724894898
      30
0
      10
-23.7748579746423
      20
-32.3988516136351
      30
0
      10
-23.7815060431177
      20
-32.3453084145964
      30
0
      10
-23.79022730775
      20
-32.2920613600724
      30
0
      10
-23.79022730775
      20
-32.2920613600724
      30
0
      10
-23.8078773088062
      20
-32.1855801051101
      30
0
      10
-23.8324268618606
      20
-32.0802121819393
      30
0
      10
-23.864142222478
      20
-31.9771634283497
      30
0
      10
-23.864142222478
      20
-31.9771634283497
      30
0
      10
-23.8720972995193
      20
-31.9514027134768
      30
0
      10
-23.8805386360722
      20
-31.9257892606659
      30
0
      10
-23.8894637124869
      20
-31.9003411135822
      30
0
      10
-23.8894637124869
      20
-31.9003411135822
      30
0
      10
-23.8924916894948
      20
-31.8918769329069
      30
0
      10
-23.8955196665028
      20
-31.8834127522316
      30
0
      10
-23.8985476435108
      20
-31.8749485715563
      30
0
      10
-23.8985476435108
      20
-31.8749485715563
      30
0
      10
-23.978663876281
      20
-31.6552564838622
      30
0
      10
-24.0946371558284
      20
-31.4491960007471
      30
0
      10
-24.2368824643528
      20
-31.2638466137523
      30
0
      10
-24.2368824643528
      20
-31.2638466137523
      30
0
      10
-24.3798493619387
      20
-31.0790093826563
      30
0
      10
-24.5454228306792
      20
-30.9116419806221
      30
0
      10
-24.7277092548307
      20
-30.7654400723163
      30
0
      10
-24.7277092548307
      20
-30.7654400723163
      30
0
      10
-24.8832505646556
      20
-30.6436167960414
      30
0
      10
-25.0528636736509
      20
-30.5389547432823
      30
0
      10
-25.2309392636541
      20
-30.4534255457648
      30
0
      10
-25.2309392636541
      20
-30.4534255457648
      30
0
      10
-25.426457468864
      20
-30.3624229602807
      30
0
      10
-25.632258085195
      20
-30.292813956546
      30
0
      10
-25.8429309519142
      20
-30.2469686100015
      30
0
      10
-25.8429309519
      20
-30.24696861
      30
0
      10
-25.9208026058333
      20
-30.8152950653333
      30
0
      10
-25.9986742597667
      20
-31.3836215206667
      30
0
      10
-26.0765459137
      20
-31.951947976
      30
0
      10
-26.0765459137003
      20
-31.9519479760096
      30
0
      10
-25.9591029158506
      20
-32.0142677780614
      30
0
      10
-25.8542517220817
      20
-32.1005645116528
      30
0
      10
-25.7721478262936
      20
-32.2052922166322
      30
0
      10
-25.7721478262936
      20
-32.2052922166322
      30
0
      10
-25.6859297136081
      20
-32.3145839237754
      30
0
      10
-25.6270946859812
      20
-32.4440501551058
      30
0
      10
-25.5946117201224
      20
-32.5791342160561
      30
0
      10
-25.5946117201224
      20
-32.5791342160561
      30
0
      10
-25.5744050680817
      20
-32.66145374968
      30
0
      10
-25.5653167546932
      20
-32.7456303521046
      30
0
      10
-25.5607142220065
      20
-32.8299700562255
      30
0
      10
-25.5607142220065
      20
-32.8299700562255
      30
0
      10
-25.5604122500105
      20
-32.8329697741358
      30
0
      10
-25.5575960643768
      20
-32.8902835530518
      30
0
      10
-25.5564180223825
      20
-32.9204819282414
      30
0
      10
-25.5564180223825
      20
-32.9204819282414
      30
0
      10
-25.5573352468412
      20
-32.9408809588961
      30
0
      10
-25.5582524712999
      20
-32.9612799895507
      30
0
      10
-25.5591696957586
      20
-32.9816790202053
      30
0
      10
-25.5591696957586
      20
-32.9816790202053
      30
0
      10
-25.5597334410033
      20
-32.9918621948357
      30
0
      10
-25.560297186248
      20
-33.002045369466
      30
0
      10
-25.5608609314926
      20
-33.0122285440963
      30
0
      10
-25.5608609314926
      20
-33.0122285440963
      30
0
      10
-25.5615508363557
      20
-33.0223921098902
      30
0
      10
-25.5622407412187
      20
-33.032555675684
      30
0
      10
-25.5629306460818
      20
-33.0427192414779
      30
0
      10
-25.5629306460818
      20
-33.0427192414779
      30
0
      10
-25.5637887637693
      20
-33.0528566621566
      30
0
      10
-25.5646468814569
      20
-33.0629940828353
      30
0
      10
-25.5655049991444
      20
-33.073131503514
      30
0
      10
-25.5655049991444
      20
-33.073131503514
      30
0
      10
-25.5665733828626
      20
-33.0832362427986
      30
0
      10
-25.5676417665808
      20
-33.0933409820833
      30
0
      10
-25.568710150299
      20
-33.1034457213679
      30
0
      10
-25.568710150299
      20
-33.1034457213679
      30
0
      10
-25.5782736031235
      20
-33.1891814065826
      30
0
      10
-25.6003809657309
      20
-33.2734821509229
      30
0
      10
-25.6319033317299
      20
-33.3544260677018
      30
0
      10
-25.6319033317299
      20
-33.3544260677018
      30
0
      10
-25.6326278833717
      20
-33.3568805064649
      30
0
      10
-25.6507955421738
      20
-33.4018879983863
      30
0
      10
-25.66174125954
      20
-33.4249287121255
      30
0
      10
-25.66174125954
      20
-33.4249287121255
      30
0
      10
-25.7125922173133
      20
-33.5363022766277
      30
0
      10
-25.7803768775442
      20
-33.6392956158283
      30
0
      10
-25.8628196182272
      20
-33.7297633681238
      30
0
      10
-25.8628196182272
      20
-33.7297633681238
      30
0
      10
-25.9519450292975
      20
-33.8278786901895
      30
0
      10
-26.0555002265359
      20
-33.912641584643
      30
0
      10
-26.1695381510805
      20
-33.979946742319
      30
0
      10
-26.1695381510805
      20
-33.979946742319
      30
0
      10
-26.3008062904136
      20
-34.0576853836151
      30
0
      10
-26.4480767722951
      20
-34.110706552306
      30
0
      10
-26.599324888704
      20
-34.1303030303848
      30
0
      10
-26.599324888704
      20
-34.1303030303848
      30
0
      10
-26.6496854909271
      20
-34.1369947117082
      30
0
      10
-26.7004512512435
      20
-34.1406341927152
      30
0
      10
-26.7513327710153
      20
-34.143401616489
      30
0
      10
-26.7513327710153
      20
-34.143401616489
      30
0
      10
-26.7716977265992
      20
-34.1444155665604
      30
0
      10
-26.7920626821832
      20
-34.1454295166317
      30
0
      10
-26.8124276377671
      20
-34.146443466703
      30
0
      10
-26.8124276377671
      20
-34.146443466703
      30
0
      10
-26.8300749591439
      20
-34.1455036194557
      30
0
      10
-26.8477222805206
      20
-34.1445637722083
      30
0
      10
-26.8653696018974
      20
-34.143623924961
      30
0
      10
-26.8653696018974
      20
-34.143623924961
      30
0
      10
-26.9182860117961
      20
-34.1405926539628
      30
0
      10
-26.9710874276528
      20
-34.1366086013113
      30
0
      10
-27.0234288673419
      20
-34.1288134220474
      30
0
      10
-27.0234288673419
      20
-34.1288134220474
      30
0
      10
-27.0583202685029
      20
-34.1236277296535
      30
0
      10
-27.0930339712399
      20
-34.1166456442184
      30
0
      10
-27.1272723466941
      20
-34.1077698626892
      30
0
      10
-27.1272723466941
      20
-34.1077698626892
      30
0
      10
-27.2731732875136
      20
-34.070694230173
      30
0
      10
-27.4079432586761
      20
-33.9952365214388
      30
0
      10
-27.5200719588956
      20
-33.8954491165009
      30
0
      10
-27.5200719588956
      20
-33.8954491165009
      30
0
      10
-27.6392579453184
      20
-33.7898622090974
      30
0
      10
-27.7312316890341
      20
-33.6547323739527
      30
0
      10
-27.7879290554592
      20
-33.5061055131295
      30
0
      10
-27.7879290554592
      20
-33.5061055131295
      30
0
      10
-27.7910127048764
      20
-33.4978169473168
      30
0
      10
-27.7940963542936
      20
-33.4895283815041
      30
0
      10
-27.7971800037108
      20
-33.4812398156915
      30
0
      10
-27.7971800037108
      20
-33.4812398156915
      30
0
      10
-27.8210522978941
      20
-33.4146299685086
      30
0
      10
-27.8384823297829
      20
-33.3456745022685
      30
0
      10
-27.8483536478796
      20
-33.2758784664605
      30
0
      10
-27.8483536478796
      20
-33.2758784664605
      30
0
      10
-27.8557838860819
      20
-33.2235293906992
      30
0
      10
-27.859286673174
      20
-33.1706826526414
      30
0
      10
-27.8618075974886
      20
-33.1177114990095
      30
0
      10
-27.8618075974886
      20
-33.1177114990095
      30
0
      10
-27.8625751750173
      20
-33.1000452318304
      30
0
      10
-27.863342752546
      20
-33.0823789646513
      30
0
      10
-27.8641103300748
      20
-33.0647126974722
      30
0
      10
-27.8641103300748
      20
-33.0647126974722
      30
0
      10
-27.8634109771731
      20
-33.0494046948482
      30
0
      10
-27.8627116242714
      20
-33.0340966922243
      30
0
      10
-27.8620122713696
      20
-33.0187886896003
      30
0
      10
-27.8620122713696
      20
-33.0187886896003
      30
0
      10
-27.8590211310222
      20
-32.9575874978231
      30
0
      10
-27.8548676182309
      20
-32.8965712183579
      30
0
      10
-27.8449022432209
      20
-32.8364795004519
      30
0
      10
-27.8449022432209
      20
-32.8364795004519
      30
0
      10
-27.8430353362503
      20
-32.8252122622963
      30
0
      10
-27.8409566881942
      20
-32.8139777184627
      30
0
      10
-27.8386591880169
      20
-32.8027801410296
      30
0
      10
-27.8386591880169
      20
-32.8027801410296
      30
0
      10
-27.8378703449216
      20
-32.7990517395683
      30
0
      10
-27.8370815018262
      20
-32.7953233381069
      30
0
      10
-27.8362926587308
      20
-32.7915949366456
      30
0
      10
-27.8362926587308
      20
-32.7915949366456
      30
0
      10
-27.828171074489
      20
-32.754352748803
      30
0
      10
-27.8177331612935
      20
-32.7175334878748
      30
0
      10
-27.8054350369708
      20
-32.6812769300932
      30
0
      10
-27.8054350369708
      20
-32.6812769300932
      30
0
      10
-27.7630493029044
      20
-32.558085080077
      30
0
      10
-27.7031114325475
      20
-32.4407790570025
      30
0
      10
-27.6237684801956
      20
-32.3381624633783
      30
0
      10
-27.6237684801956
      20
-32.3381624633783
      30
0
      10
-27.5582921781008
      20
-32.2537400576464
      30
0
      10
-27.4819045994516
      20
-32.1771383844286
      30
0
      10
-27.3990035221055
      20
-32.1095913135172
      30
0
      10
-27.3990035221055
      20
-32.1095913135172
      30
0
      10
-27.3042254614674
      20
-32.0322882606442
      30
0
      10
-27.1967123139395
      20
-31.9717723137684
      30
0
      10
-27.0824942695163
      20
-31.9271695238286
      30
0
      10
-27.0824942695163
      20
-31.9271695238286
      30
0
      10
-27.0028238681109
      20
-31.3457153607857
      30
0
      10
-26.9231534667054
      20
-30.7642611977429
      30
0
      10
-26.8434830653
      20
-30.1828070347
      30
0
      10
-26.8434830653121
      20
-30.1828070346962
      30
0
      10
-27.0458537259751
      20
-30.1938143462614
      30
0
      10
-27.2468897025816
      20
-30.2265791149061
      30
0
      10
-27.4438583691639
      20
-30.2761063422467
      30
0
      10
-27.4438583691639
      20
-30.2761063422467
      30
0
      10
-27.7944964985771
      20
-30.3616288514403
      30
0
      10
-28.1282321611887
      20
-30.5104521754645
      30
0
      10
-28.432257555557
      20
-30.7044020346562
      30
0
      10
-28.432257555557
      20
-30.7044020346562
      30
0
      10
-28.5269197988963
      20
-30.7654905658641
      30
0
      10
-28.6176922210221
      20
-30.8326526234842
      30
0
      10
-28.7040337663314
      20
-30.9051810914223
      30
0
      10
-28.7040337663314
      20
-30.9051810914223
      30
0
      10
-28.7558400518739
      20
-30.9486917153194
      30
0
      10
-28.8060777900298
      20
-30.9940950566203
      30
0
      10
-28.8546041746306
      20
-31.0412435077497
      30
0
      10
-28.8546041746306
      20
-31.0412435077497
      30
0
      10
-28.9841794315694
      20
-31.1668412880801
      30
0
      10
-29.100444603432
      20
-31.3058056114133
      30
0
      10
-29.2008874557807
      20
-31.4556911958973
      30
0
      10
-29.2008874557807
      20
-31.4556911958973
      30
0
      10
-29.2386374149973
      20
-31.5118313334195
      30
0
      10
-29.2743441406824
      20
-31.5693663424402
      30
0
      10
-29.3080124617663
      20
-31.6280502740405
      30
0
      10
-29.3080124617663
      20
-31.6280502740405
      30
0
      10
-29.3189950467281
      20
-31.6477452005712
      30
0
      10
-29.32997763169
      20
-31.667440127102
      30
0
      10
-29.3409602166519
      20
-31.6871350536328
      30
0
      10
-29.3409602166519
      20
-31.6871350536328
      30
0
      10
-29.3514600729971
      20
-31.7070867593866
      30
0
      10
-29.3619599293423
      20
-31.7270384651404
      30
0
      10
-29.3724597856875
      20
-31.7469901708943
      30
0
      10
-29.3724597856875
      20
-31.7469901708943
      30
0
      10
-29.4237744556662
      20
-31.8473643986974
      30
0
      10
-29.4686206283915
      20
-31.9509199631012
      30
0
      10
-29.5067574631867
      20
-32.0569735111763
      30
0
      10
-29.5067574631867
      20
-32.0569735111763
      30
0
      10
-29.5296644658906
      20
-32.1205984592271
      30
0
      10
-29.5502300162288
      20
-32.1851028639294
      30
0
      10
-29.5685226018331
      20
-32.2503026363983
      30
0
      10
-29.5685226018331
      20
-32.2503026363983
      30
0
      10
-29.6116911781835
      20
-32.402426147913
      30
0
      10
-29.6397220253084
      20
-32.5583767392327
      30
0
      10
-29.6492428739648
      20
-32.7157301866064
      30
0
      10
-29.6492428739648
      20
-32.7157301866064
      30
0
      10
-29.6538640936356
      20
-32.7831575153169
      30
0
      10
-29.6564231092911
      20
-32.8508181192151
      30
0
      10
-29.6589821249466
      20
-32.9184787231132
      30
0
      10
-29.6589821249466
      20
-32.9184787231132
      30
0
      10
-29.6573475214522
      20
-32.9616830107995
      30
0
      10
-29.6557129179578
      20
-33.0048872984858
      30
0
      10
-29.6535156370053
      20
-33.0480240786259
      30
0
      10
-29.6535156370053
      20
-33.0480240786259
      30
0
      10
-29.651684569545
      20
-33.0839713954092
      30
0
      10
-29.6494627538499
      20
-33.1198718319521
      30
0
      10
-29.6465245663911
      20
-33.1556863213875
      30
0
      10
-29.6465245663911
      20
-33.1556863213875
      30
0
      10
-29.6386754499062
      20
-33.2559834345275
      30
0
      10
-29.6231845441547
      20
-33.3555180366508
      30
0
      10
-29.6004074011385
      20
-33.4537610863076
      30
0
      10
-29.6004074011385
      20
-33.4537610863076
      30
0
      10
-29.5709713833963
      20
-33.5799645535733
      30
0
      10
-29.5330512211728
      20
-33.7047261408554
      30
0
      10
-29.4849623382091
      20
-33.8248771560837
      30
0
      10
-29.4849623382091
      20
-33.8248771560837
      30
0
      10
-29.4476955120017
      20
-33.9184582730844
      30
0
      10
-29.401891033089
      20
-34.0080422885373
      30
0
      10
-29.3522405048653
      20
-34.0957139802488
      30
0
      10
-29.3522405048653
      20
-34.0957139802488
      30
0
      10
-29.3505891870945
      20
-34.0989042998315
      30
0
      10
-29.3165911416052
      20
-34.1582579347908
      30
0
      10
-29.2982587810375
      20
-34.189285569395
      30
0
      10
-29.2982587810375
      20
-34.189285569395
      30
0
      10
-29.2909625025115
      20
-34.2017142702071
      30
0
      10
-29.2836662239854
      20
-34.2141429710191
      30
0
      10
-29.2763699454594
      20
-34.2265716718312
      30
0
      10
-29.2763699454594
      20
-34.2265716718312
      30
0
      10
-29.2533683343125
      20
-34.2601671817435
      30
0
      10
-29.2303667231656
      20
-34.2937626916558
      30
0
      10
-29.2066025175425
      20
-34.3267542959292
      30
0
      10
-29.2066025175425
      20
-34.3267542959292
      30
0
      10
-29.1976909404338
      20
-34.3391261475318
      30
0
      10
-29.1886721234769
      20
-34.3514130749038
      30
0
      10
-29.1795058517287
      20
-34.363583231459
      30
0
      10
-29.1795058517287
      20
-34.363583231459
      30
0
      10
-29.1217883259407
      20
-34.440892555013
      30
0
      10
-29.0556234884299
      20
-34.5117693463805
      30
0
      10
-28.9851781416215
      20
-34.5780540421772
      30
0
      10
-28.9851781416215
      20
-34.5780540421772
      30
0
      10
-28.9555450212615
      20
-34.6059827693849
      30
0
      10
-28.9252155258389
      20
-34.6331406824297
      30
0
      10
-28.8941956154925
      20
-34.6594505336616
      30
0
      10
-28.8941956154925
      20
-34.6594505336616
      30
0
      10
-28.8554216974584
      20
-34.6923394451082
      30
0
      10
-28.8155649761947
      20
-34.7238967110139
      30
0
      10
-28.7746475002835
      20
-34.753988675199
      30
0
      10
-28.7746475002835
      20
-34.753988675199
      30
0
      10
-28.7255560837482
      20
-34.7901146771871
      30
0
      10
-28.6750480422708
      20
-34.8243121735875
      30
0
      10
-28.6241858445579
      20
-34.8580275435911
      30
0
      10
-28.6241858445579
      20
-34.8580275435911
      30
0
      10
-28.6072055448584
      20
-34.8692302871925
      30
0
      10
-28.5902252451589
      20
-34.8804330307939
      30
0
      10
-28.5732449454594
      20
-34.8916357743953
      30
0
      10
-28.5732449454594
      20
-34.8916357743953
      30
0
      10
-28.6105684269314
      20
-34.9066581108961
      30
0
      10
-28.6478919084034
      20
-34.9216804473969
      30
0
      10
-28.6852153898754
      20
-34.9367027838977
      30
0
      10
-28.6852153898754
      20
-34.9367027838977
      30
0
      10
-28.7038200750598
      20
-34.944342934014
      30
0
      10
-28.7224247602441
      20
-34.9519830841304
      30
0
      10
-28.7410294454285
      20
-34.9596232342468
      30
0
      10
-28.7410294454285
      20
-34.9596232342468
      30
0
      10
-28.7595656639508
      20
-34.9674181626023
      30
0
      10
-28.7781018824732
      20
-34.9752130909579
      30
0
      10
-28.7966381009955
      20
-34.9830080193134
      30
0
      10
-28.7966381009955
      20
-34.9830080193134
      30
0
      10
-29.1112116671957
      20
-35.1159036519559
      30
0
      10
-29.4095415189685
      20
-35.2924796945217
      30
0
      10
-29.6662310533705
      20
-35.5189662139257
      30
0
      10
-29.6662310533705
      20
-35.5189662139257
      30
0
      10
-29.9975854010515
      20
-35.8135533789859
      30
0
      10
-30.2489387548461
      20
-36.1910825903111
      30
0
      10
-30.4216512253526
      20
-36.5977352185783
      30
0
      10
-30.4216512253526
      20
-36.5977352185783
      30
0
      10
-30.5340113465991
      20
-36.8560426887026
      30
0
      10
-30.6136545177445
      20
-37.1284104557487
      30
0
      10
-30.655068475397
      20
-37.4073199819075
      30
0
      10
-30.655068475397
      20
-37.4073199819075
      30
0
      10
-30.6608656761646
      20
-37.4471303463061
      30
0
      10
-30.6657219931813
      20
-37.4870572114906
      30
0
      10
-30.6694860014079
      20
-37.5270749911631
      30
0
      10
-30.6694860014079
      20
-37.5270749911631
      30
0
      10
-30.6789031891723
      20
-37.6271193090297
      30
0
      10
-30.6817631698799
      20
-37.7277269006868
      30
0
      10
-30.6846231505876
      20
-37.828334492344
      30
0
      10
-30.6846231505876
      20
-37.828334492344
      30
0
      10
-30.6823764390829
      20
-37.9115227745319
      30
0
      10
-30.6801297275783
      20
-37.9947110567197
      30
0
      10
-30.6738765438445
      20
-38.0775833274866
      30
0
      10
-30.6738765438445
      20
-38.0775833274866
      30
0
      10
-30.6692379617211
      20
-38.1397374073448
      30
0
      10
-30.6619754976653
      20
-38.2017146199595
      30
0
      10
-30.6523999000491
      20
-38.2633768424115
      30
0
      10
-30.6523999000491
      20
-38.2633768424115
      30
0
      10
-30.6395892107845
      20
-38.3455841406851
      30
0
      10
-30.6230053440121
      20
-38.4272719299539
      30
0
      10
-30.6028758067482
      20
-38.5079881529722
      30
0
      10
-30.6028758067482
      20
-38.5079881529722
      30
0
      10
-30.5777486404889
      20
-38.6089076030236
      30
0
      10
-30.5460095842245
      20
-38.7080549558657
      30
0
      10
-30.5077474839706
      20
-38.804760372171
      30
0
      10
-30.5077474839706
      20
-38.804760372171
      30
0
      10
-30.477186827003
      20
-38.8821327595531
      30
0
      10
-30.4431139643824
      20
-38.9581818790538
      30
0
      10
-30.4057938005502
      20
-39.0325296285646
      30
0
      10
-30.4057938005502
      20
-39.0325296285646
      30
0
      10
-30.3962254051874
      20
-39.0509921149572
      30
0
      10
-30.3866570098246
      20
-39.0694546013498
      30
0
      10
-30.3770886144618
      20
-39.0879170877425
      30
0
      10
-30.3770886144618
      20
-39.0879170877425
      30
0
      10
-30.3477316460281
      20
-39.1429567889234
      30
0
      10
-30.316172023437
      20
-39.1967787894181
      30
0
      10
-30.2825728100883
      20
-39.2493285854342
      30
0
      10
-30.2825728100883
      20
-39.2493285854342
      30
0
      10
-30.2377987631053
      20
-39.3194102752574
      30
0
      10
-30.1896769100722
      20
-39.3874088606639
      30
0
      10
-30.1394001883368
      20
-39.4537005706906
      30
0
      10
-30.1394001883368
      20
-39.4537005706906
      30
0
      10
-30.0019515788463
      20
-39.6367627001039
      30
0
      10
-29.8398481209556
      20
-39.8000057662342
      30
0
      10
-29.6654200435209
      20
-39.9479442939129
      30
0
      10
-29.6654200435209
      20
-39.9479442939129
      30
0
      10
-29.2691513954616
      20
-40.2854913459753
      30
0
      10
-28.7816877963736
      20
-40.509621381731
      30
0
      10
-28.2724209526532
      20
-40.611546655846
      30
0
      10
-28.2724209526532
      20
-40.611546655846
      30
0
      10
-28.1939761529021
      20
-40.039037245664
      30
0
      10
-28.1155313531511
      20
-39.466527835482
      30
0
      10
-28.0370865534
      20
-38.8940184253
      30
0
      10
-28.037086553363
      20
-38.894018425276
      30
0
      10
-28.1076700107175
      20
-38.8639644570574
      30
0
      10
-28.175852290924
      20
-38.8284516711503
      30
0
      10
-28.2405810974769
      20
-38.7874263997678
      30
0
      10
-28.2405810974769
      20
-38.7874263997678
      30
0
      10
-28.3626599748437
      20
-38.7096844267657
      30
0
      10
-28.4732728430758
      20
-38.613447815732
      30
0
      10
-28.5677563780956
      20
-38.5041703133578
      30
0
      10
-28.5677563780956
      20
-38.5041703133578
      30
0
      10
-28.6392932976607
      20
-38.4199192171372
      30
0
      10
-28.7025443027368
      20
-38.3281146235709
      30
0
      10
-28.752142870759
      20
-38.2292071851355
      30
0
      10
-28.752142870759
      20
-38.2292071851355
      30
0
      10
-28.8052967788302
      20
-38.1225190914053
      30
0
      10
-28.841751059798
      20
-38.0079658606356
      30
0
      10
-28.8651338875655
      20
-37.8912528082545
      30
0
      10
-28.8651338875655
      20
-37.8912528082545
      30
0
      10
-28.8801444309856
      20
-37.8160509511753
      30
0
      10
-28.8869910184929
      20
-37.7395618701673
      30
0
      10
-28.8885978822914
      20
-37.6630389394462
      30
0
      10
-28.8885978822914
      20
-37.6630389394462
      30
0
      10
-28.8889823734329
      20
-37.6460220724634
      30
0
      10
-28.8893668645744
      20
-37.6290052054806
      30
0
      10
-28.8897513557158
      20
-37.6119883384979
      30
0
      10
-28.8897513557158
      20
-37.6119883384979
      30
0
      10
-28.8883863322458
      20
-37.5537971724212
      30
0
      10
-28.8870213087756
      20
-37.4956060063445
      30
0
      10
-28.8828067832781
      20
-37.4376096637775
      30
0
      10
-28.8828067832781
      20
-37.4376096637775
      30
0
      10
-28.8807069713154
      20
-37.4086115903042
      30
0
      10
-28.8778322799265
      20
-37.3796614021878
      30
0
      10
-28.874245473777
      20
-37.3507889521672
      30
0
      10
-28.874245473777
      20
-37.3507889521672
      30
0
      10
-28.8670498600092
      20
-37.2930477236389
      30
0
      10
-28.8571219815579
      20
-37.2356016506807
      30
0
      10
-28.8447398960993
      20
-37.1787369218161
      30
0
      10
-28.8447398960993
      20
-37.1787369218161
      30
0
      10
-28.8323416256439
      20
-37.1218697435615
      30
0
      10
-28.8171375555341
      20
-37.0656599469517
      30
0
      10
-28.7989257712651
      20
-37.0104064781751
      30
0
      10
-28.7989257712651
      20
-37.0104064781751
      30
0
      10
-28.7807238035408
      20
-36.9551564256427
      30
0
      10
-28.759992738761
      20
-36.9006747422949
      30
0
      10
-28.7370418566851
      20
-36.8471750173528
      30
0
      10
-28.7370418566851
      20
-36.8471750173528
      30
0
      10
-28.7084485438052
      20
-36.7802442707166
      30
0
      10
-28.6747171293364
      20
-36.7157032537994
      30
0
      10
-28.6362745966164
      20
-36.6539052981863
      30
0
      10
-28.6362745966164
      20
-36.6539052981863
      30
0
      10
-28.6132833879797
      20
-36.6167903851119
      30
0
      10
-28.5891161920192
      20
-36.5803695632846
      30
0
      10
-28.5638482652456
      20
-36.5447799789009
      30
0
      10
-28.5638482652456
      20
-36.5447799789009
      30
0
      10
-28.5218269139209
      20
-36.4853853942703
      30
0
      10
-28.4756265095067
      20
-36.4290959230112
      30
0
      10
-28.4257097801213
      20
-36.3761370302439
      30
0
      10
-28.4257097801213
      20
-36.3761370302439
      30
0
      10
-28.3558386178071
      20
-36.3019870986981
      30
0
      10
-28.2810950977776
      20
-36.2325509407358
      30
0
      10
-28.2013028779504
      20
-36.1692107034259
      30
0
      10
-28.2013028779504
      20
-36.1692107034259
      30
0
      10
-28.1500098062619
      20
-36.1285020443348
      30
0
      10
-28.0963027007121
      20
-36.0909143121399
      30
0
      10
-28.0403150274513
      20
-36.0569773904872
      30
0
      10
-28.0403150274513
      20
-36.0569773904872
      30
0
      10
-28.0373736535706
      20
-36.0548248561861
      30
0
      10
-27.9777886208683
      20
-36.0197583873328
      30
0
      10
-27.9454171586442
      20
-36.0031162557264
      30
0
      10
-27.9454171586442
      20
-36.0031162557264
      30
0
      10
-27.8171949254898
      20
-35.9343009546982
      30
0
      10
-27.6791547339366
      20
-35.8841188475272
      30
0
      10
-27.5368924716781
      20
-35.8536494967629
      30
0
      10
-27.5368924716781
      20
-35.8536494967629
      30
0
      10
-27.5226373392468
      20
-35.8507306165842
      30
0
      10
-27.5083822068155
      20
-35.8478117364054
      30
0
      10
-27.4941270743842
      20
-35.8448928562267
      30
0
      10
-27.4941270743842
      20
-35.8448928562267
      30
0
      10
-27.4226710364697
      20
-35.8311036415244
      30
0
      10
-27.3503657625823
      20
-35.821724986852
      30
0
      10
-27.2777969867987
      20
-35.8177589552722
      30
0
      10
-27.2777969867987
      20
-35.8177589552722
      30
0
      10
-27.2342539355538
      20
-35.8152572123943
      30
0
      10
-27.1906084148655
      20
-35.8141836728819
      30
0
      10
-27.1469628941773
      20
-35.8131101333696
      30
0
      10
-27.1469628941773
      20
-35.8131101333696
      30
0
      10
-27.1347230995539
      20
-35.8133121433507
      30
0
      10
-27.1224833049304
      20
-35.8135141533317
      30
0
      10
-27.110243510307
      20
-35.8137161633128
      30
0
      10
-27.110243510307
      20
-35.8137161633128
      30
0
      10
-27.09801385242
      20
-35.8140387545941
      30
0
      10
-27.085784194533
      20
-35.8143613458754
      30
0
      10
-27.073554536646
      20
-35.8146839371567
      30
0
      10
-27.073554536646
      20
-35.8146839371567
      30
0
      10
-27.0124297801716
      20
-35.8163424831281
      30
0
      10
-26.951654699949
      20
-35.823366664306
      30
0
      10
-26.8915236868413
      20
-35.8350089295626
      30
0
      10
-26.8915236868413
      20
-35.8350089295626
      30
0
      10
-26.8554438642475
      20
-35.8418801410971
      30
0
      10
-26.8195457250435
      20
-35.8496558717058
      30
0
      10
-26.7839920671853
      20
-35.858663855883
      30
0
      10
-26.7839920671853
      20
-35.858663855883
      30
0
      10
-26.6536875170088
      20
-35.8915227070762
      30
0
      10
-26.5280247153249
      20
-35.9445691246197
      30
0
      10
-26.414244497305
      20
-36.0161772294621
      30
0
      10
-26.414244497305
      20
-36.0161772294621
      30
0
      10
-26.3728519252589
      20
-36.0422131651859
      30
0
      10
-26.3324716764973
      20
-36.0699989550737
      30
0
      10
-26.293175388759
      20
-36.0991510132985
      30
0
      10
-26.293175388759
      20
-36.0991510132985
      30
0
      10
-26.2538786031335
      20
-36.128316981481
      30
0
      10
-26.2163336423013
      20
-36.159676795612
      30
0
      10
-26.1807897777108
      20
-36.1932833184669
      30
0
      10
-26.1807897777108
      20
-36.1932833184669
      30
0
      10
-26.1452183989383
      20
-36.2268535405443
      30
0
      10
-26.1109140117771
      20
-36.2618610698387
      30
0
      10
-26.0774718603655
      20
-36.2975505978728
      30
0
      10
-26.0774718603655
      20
-36.2975505978728
      30
0
      10
-26.0692281843352
      20
-36.306580250105
      30
0
      10
-26.0609845083049
      20
-36.3156099023373
      30
0
      10
-26.0527408322747
      20
-36.3246395545696
      30
0
      10
-26.0527408322747
      20
-36.3246395545696
      30
0
      10
-25.9955363858032
      20
-36.3882500376361
      30
0
      10
-25.9448081134719
      20
-36.4578240317832
      30
0
      10
-25.9008599290217
      20
-36.5312203394148
      30
0
      10
-25.9008599290217
      20
-36.5312203394148
      30
0
      10
-25.8757229449073
      20
-36.5731529744535
      30
0
      10
-25.8522231073363
      20
-36.6161371159892
      30
0
      10
-25.8302704668636
      20
-36.6598942069978
      30
0
      10
-25.8302704668636
      20
-36.6598942069978
      30
0
      10
-25.8026991793946
      20
-36.7145345587387
      30
0
      10
-25.7798914269268
      20
-36.7713490134438
      30
0
      10
-25.7620949960438
      20
-36.8299197316171
      30
0
      10
-25.7620949960438
      20
-36.8299197316171
      30
0
      10
-25.7371036428437
      20
-36.9119001350451
      30
0
      10
-25.7172602626029
      20
-36.9952186132917
      30
0
      10
-25.7030965997213
      20
-37.0797276475494
      30
0
      10
-25.7030965997213
      20
-37.0797276475494
      30
0
      10
-25.6950589131241
      20
-37.1280194078858
      30
0
      10
-25.6896471552544
      20
-37.1766744623664
      30
0
      10
-25.6874259542398
      20
-37.2255018275385
      30
0
      10
-25.6874259542398
      20
-37.2255018275385
      30
0
      10
-25.685638129509
      20
-37.2621213705983
      30
0
      10
-25.6851306400483
      20
-37.2988337007018
      30
0
      10
-25.6846231505876
      20
-37.3355460308056
      30
0
      10
-25.6846231505876
      20
-37.3355460308056
      30
0
      10
-25.6854160398367
      20
-37.3597057549248
      30
0
      10
-25.6862089290857
      20
-37.383865479044
      30
0
      10
-25.6870018183348
      20
-37.4080252031632
      30
0
      10
-25.6870018183348
      20
-37.4080252031632
      30
0
      10
-25.6892756751398
      20
-37.4683889122423
      30
0
      10
-25.6929701473206
      20
-37.5287923967161
      30
0
      10
-25.7006558152255
      20
-37.5888152600018
      30
0
      10
-25.7006558152255
      20
-37.5888152600018
      30
0
      10
-25.7067011884607
      20
-37.636828237971
      30
0
      10
-25.7153952761118
      20
-37.6844309593032
      30
0
      10
-25.7268337663782
      20
-37.7313919936698
      30
0
      10
-25.7268337663782
      20
-37.7313919936698
      30
0
      10
-25.7442640092422
      20
-37.8017448827875
      30
0
      10
-25.7646942276113
      20
-37.871623365109
      30
0
      10
-25.7885115346517
      20
-37.9400902818486
      30
0
      10
-25.7885115346517
      20
-37.9400902818486
      30
0
      10
-25.8025614781054
      20
-37.979982357429
      30
0
      10
-25.8188071060621
      20
-38.0190566569421
      30
0
      10
-25.8370888000107
      20
-38.0572380153506
      30
0
      10
-25.8370888000107
      20
-38.0572380153506
      30
0
      10
-25.8381410736033
      20
-38.060076521782
      30
0
      10
-25.8637080589625
      20
-38.1115638804268
      30
0
      10
-25.8786168501297
      20
-38.1379005798737
      30
0
      10
-25.8786168501297
      20
-38.1379005798737
      30
0
      10
-25.9593276847268
      20
-38.286875200283
      30
0
      10
-26.064919836294
      20
-38.4214594758369
      30
0
      10
-26.1858643692511
      20
-38.5398159283251
      30
0
      10
-26.1858643692511
      20
-38.5398159283251
      30
0
      10
-26.2887609152718
      20
-38.6422823053326
      30
0
      10
-26.4063113337495
      20
-38.7291548881629
      30
0
      10
-26.5316565361999
      20
-38.8022432665925
      30
0
      10
-26.5316565361999
      20
-38.8022432665925
      30
0
      10
-26.5630410100148
      20
-38.8204104807268
      30
0
      10
-26.5951206319601
      20
-38.8373438657783
      30
0
      10
-26.6278456482932
      20
-38.8529825259134
      30
0
      10
-26.6278456482932
      20
-38.8529825259134
      30
0
      10
-26.7589448370644
      20
-38.9151925499435
      30
0
      10
-26.8977237742859
      20
-38.9614348080413
      30
0
      10
-27.0405398844327
      20
-38.9874127394931
      30
0
      10
-27.0405398844
      20
-38.9874127395
      30
0
      10
-27.1178677497922
      20
-39.5517704930342
      30
0
      10
-27.1951956151843
      20
-40.1161282465684
      30
0
      10
-27.2725234805765
      20
-40.6804860001026
      30
0
      10
-27.2725234805765
      20
-40.6804860001026
      30
0
      10
-27.1636202662698
      20
-40.6764639613601
      30
0
      10
-27.0549051491742
      20
-40.6671921371163
      30
0
      10
-26.9465481637087
      20
-40.6551676125226
      30
0
      10
-26.9465481637087
      20
-40.6551676125226
      30
0
      10
-26.5670696448347
      20
-40.6152009008115
      30
0
      10
-26.1936085525456
      20
-40.5195915254893
      30
0
      10
-25.8413190824924
      20
-40.3730424423832
      30
0
      10
-25.8413190824924
      20
-40.3730424423832
      30
0
      10
-25.7780965545671
      20
-40.3475409142912
      30
0
      10
-25.661076488917
      20
-40.2920630428122
      30
0
      10
-25.6552047442269
      20
-40.2885777333423
      30
0
      10
-25.6552047442269
      20
-40.2885777333423
      30
0
      10
-25.6430078439244
      20
-40.2825021350701
      30
0
      10
-25.6308109436219
      20
-40.276426536798
      30
0
      10
-25.6186140433194
      20
-40.2703509385259
      30
0
      10
-25.6186140433194
      20
-40.2703509385259
      30
0
      10
-25.545658682658
      20
-40.2334508703009
      30
0
      10
-25.4740990124883
      20
-40.1938344322986
      30
0
      10
-25.40369429516
      20
-40.1522314974775
      30
0
      10
-25.40369429516
      20
-40.1522314974775
      30
0
      10
-25.3803719541825
      20
-40.1381216194793
      30
0
      10
-25.357049613205
      20
-40.1240117414811
      30
0
      10
-25.3337272722275
      20
-40.1099018634829
      30
0
      10
-25.3337272722275
      20
-40.1099018634829
      30
0
      10
-25.2758010310186
      20
-40.0740101215426
      30
0
      10
-25.2190146830122
      20
-40.0363267513827
      30
0
      10
-25.1637716684663
      20
-39.9964571802543
      30
0
      10
-25.1637716684663
      20
-39.9964571802543
      30
0
      10
-25.1578902917474
      20
-39.992983225497
      30
0
      10
-25.0540192768846
      20
-39.9156402451794
      30
0
      10
-25.001577259096
      20
-39.8720481891464
      30
0
      10
-25.001577259096
      20
-39.8720481891464
      30
0
      10
-24.9167081717554
      20
-39.8035450275611
      30
0
      10
-24.8361223060398
      20
-39.7299907002246
      30
0
      10
-24.7601970483265
      20
-39.651693843773
      30
0
      10
-24.7601970483265
      20
-39.651693843773
      30
0
      10
-24.7413767832723
      20
-39.631968420584
      30
0
      10
-24.722556518218
      20
-39.612242997395
      30
0
      10
-24.7037362531638
      20
-39.5925175742059
      30
0
      10
-24.7037362531638
      20
-39.5925175742059
      30
0
      10
-24.6385038970584
      20
-39.5228601075556
      30
0
      10
-24.576505340379
      20
-39.4502719454294
      30
0
      10
-24.5193683631736
      20
-39.3738666290839
      30
0
      10
-24.5193683631736
      20
-39.3738666290839
      30
0
      10
-24.5148026031433
      20
-39.3687937368852
      30
0
      10
-24.4385555203984
      20
-39.2640563400461
      30
0
      10
-24.4014791823154
      20
-39.206855049809
      30
0
      10
-24.4014791823154
      20
-39.206855049809
      30
0
      10
-24.3409638605888
      20
-39.1161618864404
      30
0
      10
-24.2863499775666
      20
-39.0216698504212
      30
0
      10
-24.2366600087833
      20
-38.9245925468105
      30
0
      10
-24.2366600087833
      20
-38.9245925468105
      30
0
      10
-24.2244845772262
      20
-38.9002049029195
      30
0
      10
-24.212309145669
      20
-38.8758172590286
      30
0
      10
-24.2001337141118
      20
-38.8514296151377
      30
0
      10
-24.2001337141118
      20
-38.8514296151377
      30
0
      10
-24.1344512939449
      20
-38.7166928204949
      30
0
      10
-24.0798236324979
      20
-38.5765612831542
      30
0
      10
-24.036352337268
      20
-38.4331310560542
      30
0
      10
-24.036352337268
      20
-38.4331310560542
      30
0
      10
-24.0338725023895
      20
-38.4267753422519
      30
0
      10
-23.9977156505464
      20
-38.3024309367598
      30
0
      10
-23.9819444662006
      20
-38.2360879668869
      30
0
      10
-23.9819444662006
      20
-38.2360879668869
      30
0
      10
-23.962121254143
      20
-38.1567318661867
      30
0
      10
-23.9459316969768
      20
-38.0765724695898
      30
0
      10
-23.9337483170793
      20
-37.9957232846414
      30
0
      10
-23.9337483170793
      20
-37.9957232846414
      30
0
      10
-23.9299111884578
      20
-37.9687351484598
      30
0
      10
-23.9260740598362
      20
-37.9417470122781
      30
0
      10
-23.9222369312146
      20
-37.9147588760964
      30
0
      10
-23.9222369312146
      20
-37.9147588760964
      30
0
      10
-23.9125881297012
      20
-37.8472429490186
      30
0
      10
-23.8995490470866
      20
-37.7184016783528
      30
0
      10
-23.8997059214815
      20
-37.71157105652
      30
0
      10
-23.8997059214815
      20
-37.71157105652
      30
0
      10
-23.8986996741927
      20
-37.6979878948841
      30
0
      10
-23.8976934269038
      20
-37.6844047332482
      30
0
      10
-23.896687179615
      20
-37.6708215716123
      30
0
      10
-23.896687179615
      20
-37.6708215716123
      30
0
      10
-23.8959092690428
      20
-37.6572251517247
      30
0
      10
-23.8951313584705
      20
-37.6436287318372
      30
0
      10
-23.8943534478983
      20
-37.6300323119496
      30
0
      10
-23.8943534478983
      20
-37.6300323119496
      30
0
      10
-23.8932352671637
      20
-37.6232749221576
      30
0
      10
-23.8897417421811
      20
-37.4938906973857
      30
0
      10
-23.8897513557106
      20
-37.4256902615746
      30
0
      10
-23.8897513557106
      20
-37.4256902615746
      30
0
      10
-23.8899857376997
      20
-37.4098026084918
      30
0
      10
-23.8902201196889
      20
-37.393914955409
      30
0
      10
-23.890454501678
      20
-37.3780273023262
      30
0
      10
-23.890454501678
      20
-37.3780273023262
      30
0
      10
-23.8907628883013
      20
-37.3621430531749
      30
0
      10
-23.8910712749246
      20
-37.3462588040237
      30
0
      10
-23.891379661548
      20
-37.3303745548725
      30
0
      10
-23.891379661548
      20
-37.3303745548725
      30
0
      10
-23.8940708123525
      20
-37.1556438999122
      30
0
      10
-23.9156342942713
      20
-36.9813446932272
      30
0
      10
-23.9524277483687
      20
-36.8105278580398
      30
0
      10
-23.9524277483687
      20
-36.8105278580398
      30
0
      10
-23.9846243407562
      20
-36.6548422625605
      30
0
      10
-24.0345023520599
      20
-36.5032817583217
      30
0
      10
-24.0964652313847
      20
-36.3569708506888
      30
0
      10
-24.0964652313847
      20
-36.3569708506888
      30
0
      10
-24.1702126757124
      20
-36.1809224121544
      30
0
      10
-24.2708619864328
      20
-36.0173369766516
      30
0
      10
-24.3870175396969
      20
-35.8659971705569
      30
0
      10
-24.3870175396969
      20
-35.8659971705569
      30
0
      10
-24.5506769836276
      20
-35.6505753431252
      30
0
      10
-24.7551011475106
      20
-35.4679606546612
      30
0
      10
-24.9824572064017
      20
-35.3213514268383
      30
0
      10
-24.9824572064017
      20
-35.3213514268383
      30
0
      10
-25.1159225130553
      20
-35.2344216410689
      30
0
      10
-25.2597150234172
      20
-35.166519477989
      30
0
      10
-25.4063142064436
      20
-35.1049011011821
      30
0
      10
-25.4063142064436
      20
-35.1049011011821
      30
0
      10
-25.43564902543
      20
-35.0925733426805
      30
0
      10
-25.4649838444165
      20
-35.0802455841788
      30
0
      10
-25.4943186634029
      20
-35.0679178256771
      30
0
      10
-25.4943186634029
      20
-35.0679178256771
      30
0
      10
-25.4646954467847
      20
-35.0539605879994
      30
0
      10
-25.4350722301665
      20
-35.0400033503217
      30
0
      10
-25.4054490135484
      20
-35.026046112644
      30
0
      10
-25.4054490135484
      20
-35.026046112644
      30
0
      10
-25.2722444748837
      20
-34.963162729448
      30
0
      10
-25.1412146319783
      20
-34.8950765091913
      30
0
      10
-25.0163757981193
      20
-34.8166746971128
      30
0
      10
-25.0163757981193
      20
-34.8166746971128
      30
0
      10
-24.7397518922684
      20
-34.6424940764791
      30
0
      10
-24.4819302639964
      20
-34.4322490616026
      30
0
      10
-24.2808815774895
      20
-34.1727851867939
      30
0
      10
-24.2808815774895
      20
-34.1727851867939
      30
0
      10
-24.0404243040016
      20
-33.8623388884396
      30
0
      10
-23.8676911421842
      20
-33.4963473115428
      30
0
      10
-23.7987263799315
      20
-33.1083233740466
      30
0
      10
-23.7987263799315
      20
-33.1083233740466
      30
0
      10
-23.7945048182041
      20
-33.0841241867371
      30
0
      10
-23.7907328297439
      20
-33.0598582331165
      30
0
      10
-23.7874344344259
      20
-33.0355389038817
      30
0
      10
-23.7874344344259
      20
-33.0355389038817
      30
0
      10
-23.7863862133734
      20
-33.0274266572133
      30
0
      10
-23.7853379923209
      20
-33.0193144105449
      30
0
      10
-23.7842897712684
      20
-33.0112021638765
      30
0
      10
-23.7842897712684
      20
-33.0112021638765
      30
0
      10
-23.7743084446183
      20
-32.930022982341
      30
0
      10
-23.7692194720925
      20
-32.8482898417901
      30
0
      10
-23.7655283150309
      20
-32.766398427235
      30
0
      10
-23.7655283150309
      20
-32.766398427235
      30
0
      10
-23.7642009525224
      20
-32.7336249788525
      30
0
      10
-23.7628735900139
      20
-32.7008515304699
      30
0
      10
-23.7615462275054
      20
-32.6680780820874
      30
0
    1001
FS_CYPCUT
    1000
Channel
    1070
1
    1000
LeadIn
    1002
{
    1070
3
    1040
43.5
    1040
1.5707963267949
    1040
0.5
    1040
0.3
    1070
0
    1040
0.5
    1070
0
    1002
}
    1000
LeadOut
    1002
{
    1070
0
    1040
0
    1040
0.523598775598299
    1040
3
    1070
0
    1002
}
    1000
IsFill
    1070
0
    1000
PathStart
    1040
43.5
    1000
ToolCompensation
    1002
{
    1070
0
    1040
0
    1070
0
    1002
}
       0
SPLINE
       5
2006
     100
AcDbEntity
       8
1
     100
AcDbSpline
      70
0
      71
3
      72
108
      73
104
      74
0
      40
0
      40
0
      40
0
      40
0
      40
0.0384615384615385
      40
0.0384615384615385
      40
0.0384615384615385
      40
0.0384615384615385
      40
0.0769230769230769
      40
0.0769230769230769
      40
0.0769230769230769
      40
0.0769230769230769
      40
0.115384615384615
      40
0.115384615384615
      40
0.115384615384615
      40
0.115384615384615
      40
0.153846153846154
      40
0.153846153846154
      40
0.153846153846154
      40
0.153846153846154
      40
0.192307692307692
      40
0.192307692307692
      40
0.192307692307692
      40
0.192307692307692
      40
0.230769230769231
      40
0.230769230769231
      40
0.230769230769231
      40
0.230769230769231
      40
0.269230769230769
      40
0.269230769230769
      40
0.269230769230769
      40
0.269230769230769
      40
0.307692307692308
      40
0.307692307692308
      40
0.307692307692308
      40
0.307692307692308
      40
0.346153846153846
      40
0.346153846153846
      40
0.346153846153846
      40
0.346153846153846
      40
0.384615384615385
      40
0.384615384615385
      40
0.384615384615385
      40
0.384615384615385
      40
0.423076923076923
      40
0.423076923076923
      40
0.423076923076923
      40
0.423076923076923
      40
0.461538461538462
      40
0.461538461538462
      40
0.461538461538462
      40
0.461538461538462
      40
0.5
      40
0.5
      40
0.5
      40
0.5
      40
0.538461538461538
      40
0.538461538461538
      40
0.538461538461538
      40
0.538461538461538
      40
0.576923076923077
      40
0.576923076923077
      40
0.576923076923077
      40
0.576923076923077
      40
0.615384615384615
      40
0.615384615384615
      40
0.615384615384615
      40
0.615384615384615
      40
0.653846153846154
      40
0.653846153846154
      40
0.653846153846154
      40
0.653846153846154
      40
0.692307692307692
      40
0.692307692307692
      40
0.692307692307692
      40
0.692307692307692
      40
0.730769230769231
      40
0.730769230769231
      40
0.730769230769231
      40
0.730769230769231
      40
0.769230769230769
      40
0.769230769230769
      40
0.769230769230769
      40
0.769230769230769
      40
0.807692307692308
      40
0.807692307692308
      40
0.807692307692308
      40
0.807692307692308
      40
0.846153846153846
      40
0.846153846153846
      40
0.846153846153846
      40
0.846153846153846
      40
0.884615384615385
      40
0.884615384615385
      40
0.884615384615385
      40
0.884615384615385
      40
0.923076923076923
      40
0.923076923076923
      40
0.923076923076923
      40
0.923076923076923
      40
0.961538461538462
      40
0.961538461538462
      40
0.961538461538462
      40
0.961538461538462
      40
1
      40
1
      40
1
      40
1
      10
-19.4025718685363
      20
-34.6993280820876
      30
0
      10
-19.4032067357988
      20
-34.6505528704189
      30
0
      10
-19.4038416030612
      20
-34.6017776587502
      30
0
      10
-19.4044764703236
      20
-34.5530024470815
      30
0
      10
-19.4044764703236
      20
-34.5530024470815
      30
0
      10
-19.4053127519805
      20
-34.5042351323391
      30
0
      10
-19.4061490336375
      20
-34.4554678175966
      30
0
      10
-19.4069853152944
      20
-34.4067005028542
      30
0
      10
-19.4069853152944
      20
-34.4067005028542
      30
0
      10
-19.4147114110758
      20
-33.943551640863
      30
0
      10
-19.4558504097951
      20
-33.4807345157205
      30
0
      10
-19.5273168688417
      20
-33.0229872529928
      30
0
      10
-19.5273168688417
      20
-33.0229872529928
      30
0
      10
-19.596916104615
      20
-32.5896987320891
      30
0
      10
-19.6944704648772
      20
-32.1604211147064
      30
0
      10
-19.822608959508
      20
-31.7406752530968
      30
0
      10
-19.822608959508
      20
-31.7406752530968
      30
0
      10
-19.9523391784018
      20
-31.3213408903002
      30
0
      10
-20.1038866664906
      20
-30.9084703965837
      30
0
      10
-20.2799897135749
      20
-30.5065280932571
      30
0
      10
-20.2799897135749
      20
-30.5065280932571
      30
0
      10
-20.2845096494612
      20
-30.4952051853729
      30
0
      10
-20.3781318284292
      20
-30.2832860320822
      30
0
      10
-20.4282128941774
      20
-30.172084492344
      30
0
      10
-20.4282128942
      20
-30.1720844923
      30
0
      10
-21.1974436634333
      20
-30.1720844923
      30
0
      10
-21.9666744326667
      20
-30.1720844923
      30
0
      10
-22.7359052019
      20
-30.1720844923
      30
0
      10
-22.7359052018697
      20
-30.172084492344
      30
0
      10
-22.6643958249531
      20
-30.2818196331548
      30
0
      10
-22.5308476848952
      20
-30.4917805238903
      30
0
      10
-22.5244359846369
      20
-30.5032206266819
      30
0
      10
-22.5244359846369
      20
-30.5032206266819
      30
0
      10
-22.5106452003193
      20
-30.5254899871757
      30
0
      10
-22.4968544160018
      20
-30.5477593476694
      30
0
      10
-22.4830636316842
      20
-30.5700287081631
      30
0
      10
-22.4830636316842
      20
-30.5700287081631
      30
0
      10
-22.4694152927526
      20
-30.5923863747442
      30
0
      10
-22.455766953821
      20
-30.6147440413253
      30
0
      10
-22.4421186148894
      20
-30.6371017079065
      30
0
      10
-22.4421186148894
      20
-30.6371017079065
      30
0
      10
-22.1989481776933
      20
-31.0409168455999
      30
0
      10
-21.9725098920228
      20
-31.455551282447
      30
0
      10
-21.781044817054
      20
-31.8865852011419
      30
0
      10
-21.781044817054
      20
-31.8865852011419
      30
0
      10
-21.5982530985839
      20
-32.2926257458228
      30
0
      10
-21.4588492961692
      20
-32.7182821201251
      30
0
      10
-21.3656884886293
      20
-33.1538477422624
      30
0
      10
-21.3656884886293
      20
-33.1538477422624
      30
0
      10
-21.2744773416008
      20
-33.5896659653395
      30
0
      10
-21.2203736199005
      20
-34.0338687321088
      30
0
      10
-21.2061945279861
      20
-34.4787050208469
      30
0
      10
-21.2061945279861
      20
-34.4787050208469
      30
0
      10
-21.2050572162475
      20
-34.4917568856018
      30
0
      10
-21.1990076322631
      20
-34.7405658751781
      30
0
      10
-21.1974436634081
      20
-34.8716037231132
      30
0
      10
-21.1974436634081
      20
-34.8716037231132
      30
0
      10
-21.1988817062957
      20
-34.9683208867929
      30
0
      10
-21.2003197491832
      20
-35.0650380504726
      30
0
      10
-21.2017577920708
      20
-35.1617552141523
      30
0
      10
-21.2017577920708
      20
-35.1617552141523
      30
0
      10
-21.211918044923
      20
-35.7902271026953
      30
0
      10
-21.2709854831316
      20
-36.4182683427607
      30
0
      10
-21.3786982826885
      20
-37.0376059080554
      30
0
      10
-21.3786982826885
      20
-37.0376059080554
      30
0
      10
-21.6012230785572
      20
-38.3239710813279
      30
0
      10
-22.0565961471694
      20
-39.5723918547783
      30
0
      10
-22.7403761971683
      20
-40.6859167064573
      30
0
      10
-22.7403761971683
      20
-40.6859167064573
      30
0
      10
-23.2469790458589
      20
-41.5099174102982
      30
0
      10
-23.8686583201655
      20
-42.262578953798
      30
0
      10
-24.5746353575857
      20
-42.9232395232256
      30
0
      10
-24.5746353575857
      20
-42.9232395232256
      30
0
      10
-24.6454859894411
      20
-42.9890938291711
      30
0
      10
-24.7163366212964
      20
-43.0549481351165
      30
0
      10
-24.7871872531517
      20
-43.1208024410619
      30
0
      10
-24.7871872532
      20
-43.1208024411
      30
0
      10
-24.0179564839667
      20
-43.1208024411
      30
0
      10
-23.2487257147333
      20
-43.1208024411
      30
0
      10
-22.4794949455
      20
-43.1208024411
      30
0
      10
-22.4794949454594
      20
-43.1208024410619
      30
0
      10
-22.4185975933932
      20
-43.0471967482605
      30
0
      10
-22.3577002413271
      20
-42.9735910554591
      30
0
      10
-22.2968028892609
      20
-42.8999853626576
      30
0
      10
-22.2968028892609
      20
-42.8999853626576
      30
0
      10
-21.9914312497713
      20
-42.5327645233744
      30
0
      10
-21.7043636473162
      20
-42.1506333157835
      30
0
      10
-21.43820678606
      20
-41.7537764293176
      30
0
      10
-21.43820678606
      20
-41.7537764293176
      30
0
      10
-20.928055617063
      20
-41.0035142272437
      30
0
      10
-20.50731291132
      20
-40.1911750235469
      30
0
      10
-20.2021820804988
      20
-39.3362858571907
      30
0
      10
-20.2021820804988
      20
-39.3362858571907
      30
0
      10
-19.9396037583663
      20
-38.618224154442
      30
0
      10
-19.7531773340969
      20
-37.8743203293615
      30
0
      10
-19.6168725476135
      20
-37.1225979368443
      30
0
      10
-19.6168725476135
      20
-37.1225979368443
      30
0
      10
-19.4943270605829
      20
-36.4170849854483
      30
0
      10
-19.4187189973718
      20
-35.7020458158473
      30
0
      10
-19.4076752247512
      20
-34.9858842740362
      30
0
      10
-19.4076752247512
      20
-34.9858842740362
      30
0
      10
-19.4059741060129
      20
-34.8903655433866
      30
0
      10
-19.4042729872746
      20
-34.7948468127371
      30
0
      10
-19.4025718685363
      20
-34.6993280820876
      30
0
    1001
FS_CYPCUT
    1000
Channel
    1070
1
    1000
LeadIn
    1002
{
    1070
3
    1040
16.5
    1040
1.5707963267949
    1040
0.5
    1040
0.3
    1070
0
    1040
0.5
    1070
0
    1002
}
    1000
LeadOut
    1002
{
    1070
0
    1040
0
    1040
0.523598775598299
    1040
3
    1070
0
    1002
}
    1000
IsFill
    1070
0
    1000
PathStart
    1040
16.5
    1000
ToolCompensation
    1002
{
    1070
0
    1040
0
    1070
0
    1002
}
       0
SPLINE
       5
2007
     100
AcDbEntity
       8
1
     100
AcDbSpline
      70
0
      71
3
      72
520
      73
516
      74
0
      40
0
      40
0
      40
0
      40
0
      40
0.00775193798449612
      40
0.00775193798449612
      40
0.00775193798449612
      40
0.00775193798449612
      40
0.0155038759689922
      40
0.0155038759689922
      40
0.0155038759689922
      40
0.0155038759689922
      40
0.0232558139534884
      40
0.0232558139534884
      40
0.0232558139534884
      40
0.0232558139534884
      40
0.0310077519379845
      40
0.0310077519379845
      40
0.0310077519379845
      40
0.0310077519379845
      40
0.0387596899224806
      40
0.0387596899224806
      40
0.0387596899224806
      40
0.0387596899224806
      40
0.0465116279069767
      40
0.0465116279069767
      40
0.0465116279069767
      40
0.0465116279069767
      40
0.0542635658914729
      40
0.0542635658914729
      40
0.0542635658914729
      40
0.0542635658914729
      40
0.062015503875969
      40
0.062015503875969
      40
0.062015503875969
      40
0.062015503875969
      40
0.0697674418604651
      40
0.0697674418604651
      40
0.0697674418604651
      40
0.0697674418604651
      40
0.0775193798449612
      40
0.0775193798449612
      40
0.0775193798449612
      40
0.0775193798449612
      40
0.0852713178294574
      40
0.0852713178294574
      40
0.0852713178294574
      40
0.0852713178294574
      40
0.0930232558139535
      40
0.0930232558139535
      40
0.0930232558139535
      40
0.0930232558139535
      40
0.10077519379845
      40
0.10077519379845
      40
0.10077519379845
      40
0.10077519379845
      40
0.108527131782946
      40
0.108527131782946
      40
0.108527131782946
      40
0.108527131782946
      40
0.116279069767442
      40
0.116279069767442
      40
0.116279069767442
      40
0.116279069767442
      40
0.124031007751938
      40
0.124031007751938
      40
0.124031007751938
      40
0.124031007751938
      40
0.131782945736434
      40
0.131782945736434
      40
0.131782945736434
      40
0.131782945736434
      40
0.13953488372093
      40
0.13953488372093
      40
0.13953488372093
      40
0.13953488372093
      40
0.147286821705426
      40
0.147286821705426
      40
0.147286821705426
      40
0.147286821705426
      40
0.155038759689922
      40
0.155038759689922
      40
0.155038759689922
      40
0.155038759689922
      40
0.162790697674419
      40
0.162790697674419
      40
0.162790697674419
      40
0.162790697674419
      40
0.170542635658915
      40
0.170542635658915
      40
0.170542635658915
      40
0.170542635658915
      40
0.178294573643411
      40
0.178294573643411
      40
0.178294573643411
      40
0.178294573643411
      40
0.186046511627907
      40
0.186046511627907
      40
0.186046511627907
      40
0.186046511627907
      40
0.193798449612403
      40
0.193798449612403
      40
0.193798449612403
      40
0.193798449612403
      40
0.201550387596899
      40
0.201550387596899
      40
0.201550387596899
      40
0.201550387596899
      40
0.209302325581395
      40
0.209302325581395
      40
0.209302325581395
      40
0.209302325581395
      40
0.217054263565891
      40
0.217054263565891
      40
0.217054263565891
      40
0.217054263565891
      40
0.224806201550388
      40
0.224806201550388
      40
0.224806201550388
      40
0.224806201550388
      40
0.232558139534884
      40
0.232558139534884
      40
0.232558139534884
      40
0.232558139534884
      40
0.24031007751938
      40
0.24031007751938
      40
0.24031007751938
      40
0.24031007751938
      40
0.248062015503876
      40
0.248062015503876
      40
0.248062015503876
      40
0.248062015503876
      40
0.255813953488372
      40
0.255813953488372
      40
0.255813953488372
      40
0.255813953488372
      40
0.263565891472868
      40
0.263565891472868
      40
0.263565891472868
      40
0.263565891472868
      40
0.271317829457364
      40
0.271317829457364
      40
0.271317829457364
      40
0.271317829457364
      40
0.27906976744186
      40
0.27906976744186
      40
0.27906976744186
      40
0.27906976744186
      40
0.286821705426357
      40
0.286821705426357
      40
0.286821705426357
      40
0.286821705426357
      40
0.294573643410853
      40
0.294573643410853
      40
0.294573643410853
      40
0.294573643410853
      40
0.302325581395349
      40
0.302325581395349
      40
0.302325581395349
      40
0.302325581395349
      40
0.310077519379845
      40
0.310077519379845
      40
0.310077519379845
      40
0.310077519379845
      40
0.317829457364341
      40
0.317829457364341
      40
0.317829457364341
      40
0.317829457364341
      40
0.325581395348837
      40
0.325581395348837
      40
0.325581395348837
      40
0.325581395348837
      40
0.333333333333333
      40
0.333333333333333
      40
0.333333333333333
      40
0.333333333333333
      40
0.341085271317829
      40
0.341085271317829
      40
0.341085271317829
      40
0.341085271317829
      40
0.348837209302326
      40
0.348837209302326
      40
0.348837209302326
      40
0.348837209302326
      40
0.356589147286822
      40
0.356589147286822
      40
0.356589147286822
      40
0.356589147286822
      40
0.364341085271318
      40
0.364341085271318
      40
0.364341085271318
      40
0.364341085271318
      40
0.372093023255814
      40
0.372093023255814
      40
0.372093023255814
      40
0.372093023255814
      40
0.37984496124031
      40
0.37984496124031
      40
0.37984496124031
      40
0.37984496124031
      40
0.387596899224806
      40
0.387596899224806
      40
0.387596899224806
      40
0.387596899224806
      40
0.395348837209302
      40
0.395348837209302
      40
0.395348837209302
      40
0.395348837209302
      40
0.403100775193798
      40
0.403100775193798
      40
0.403100775193798
      40
0.403100775193798
      40
0.410852713178295
      40
0.410852713178295
      40
0.410852713178295
      40
0.410852713178295
      40
0.418604651162791
      40
0.418604651162791
      40
0.418604651162791
      40
0.418604651162791
      40
0.426356589147287
      40
0.426356589147287
      40
0.426356589147287
      40
0.426356589147287
      40
0.434108527131783
      40
0.434108527131783
      40
0.434108527131783
      40
0.434108527131783
      40
0.441860465116279
      40
0.441860465116279
      40
0.441860465116279
      40
0.441860465116279
      40
0.449612403100775
      40
0.449612403100775
      40
0.449612403100775
      40
0.449612403100775
      40
0.457364341085271
      40
0.457364341085271
      40
0.457364341085271
      40
0.457364341085271
      40
0.465116279069767
      40
0.465116279069767
      40
0.465116279069767
      40
0.465116279069767
      40
0.472868217054264
      40
0.472868217054264
      40
0.472868217054264
      40
0.472868217054264
      40
0.48062015503876
      40
0.48062015503876
      40
0.48062015503876
      40
0.48062015503876
      40
0.488372093023256
      40
0.488372093023256
      40
0.488372093023256
      40
0.488372093023256
      40
0.496124031007752
      40
0.496124031007752
      40
0.496124031007752
      40
0.496124031007752
      40
0.503875968992248
      40
0.503875968992248
      40
0.503875968992248
      40
0.503875968992248
      40
0.511627906976744
      40
0.511627906976744
      40
0.511627906976744
      40
0.511627906976744
      40
0.51937984496124
      40
0.51937984496124
      40
0.51937984496124
      40
0.51937984496124
      40
0.527131782945736
      40
0.527131782945736
      40
0.527131782945736
      40
0.527131782945736
      40
0.534883720930233
      40
0.534883720930233
      40
0.534883720930233
      40
0.534883720930233
      40
0.542635658914729
      40
0.542635658914729
      40
0.542635658914729
      40
0.542635658914729
      40
0.550387596899225
      40
0.550387596899225
      40
0.550387596899225
      40
0.550387596899225
      40
0.558139534883721
      40
0.558139534883721
      40
0.558139534883721
      40
0.558139534883721
      40
0.565891472868217
      40
0.565891472868217
      40
0.565891472868217
      40
0.565891472868217
      40
0.573643410852713
      40
0.573643410852713
      40
0.573643410852713
      40
0.573643410852713
      40
0.581395348837209
      40
0.581395348837209
      40
0.581395348837209
      40
0.581395348837209
      40
0.589147286821705
      40
0.589147286821705
      40
0.589147286821705
      40
0.589147286821705
      40
0.596899224806202
      40
0.596899224806202
      40
0.596899224806202
      40
0.596899224806202
      40
0.604651162790698
      40
0.604651162790698
      40
0.604651162790698
      40
0.604651162790698
      40
0.612403100775194
      40
0.612403100775194
      40
0.612403100775194
      40
0.612403100775194
      40
0.62015503875969
      40
0.62015503875969
      40
0.62015503875969
      40
0.62015503875969
      40
0.627906976744186
      40
0.627906976744186
      40
0.627906976744186
      40
0.627906976744186
      40
0.635658914728682
      40
0.635658914728682
      40
0.635658914728682
      40
0.635658914728682
      40
0.643410852713178
      40
0.643410852713178
      40
0.643410852713178
      40
0.643410852713178
      40
0.651162790697674
      40
0.651162790697674
      40
0.651162790697674
      40
0.651162790697674
      40
0.65891472868217
      40
0.65891472868217
      40
0.65891472868217
      40
0.65891472868217
      40
0.666666666666667
      40
0.666666666666667
      40
0.666666666666667
      40
0.666666666666667
      40
0.674418604651163
      40
0.674418604651163
      40
0.674418604651163
      40
0.674418604651163
      40
0.682170542635659
      40
0.682170542635659
      40
0.682170542635659
      40
0.682170542635659
      40
0.689922480620155
      40
0.689922480620155
      40
0.689922480620155
      40
0.689922480620155
      40
0.697674418604651
      40
0.697674418604651
      40
0.697674418604651
      40
0.697674418604651
      40
0.705426356589147
      40
0.705426356589147
      40
0.705426356589147
      40
0.705426356589147
      40
0.713178294573643
      40
0.713178294573643
      40
0.713178294573643
      40
0.713178294573643
      40
0.720930232558139
      40
0.720930232558139
      40
0.720930232558139
      40
0.720930232558139
      40
0.728682170542636
      40
0.728682170542636
      40
0.728682170542636
      40
0.728682170542636
      40
0.736434108527132
      40
0.736434108527132
      40
0.736434108527132
      40
0.736434108527132
      40
0.744186046511628
      40
0.744186046511628
      40
0.744186046511628
      40
0.744186046511628
      40
0.751937984496124
      40
0.751937984496124
      40
0.751937984496124
      40
0.751937984496124
      40
0.75968992248062
      40
0.75968992248062
      40
0.75968992248062
      40
0.75968992248062
      40
0.767441860465116
      40
0.767441860465116
      40
0.767441860465116
      40
0.767441860465116
      40
0.775193798449612
      40
0.775193798449612
      40
0.775193798449612
      40
0.775193798449612
      40
0.782945736434108
      40
0.782945736434108
      40
0.782945736434108
      40
0.782945736434108
      40
0.790697674418605
      40
0.790697674418605
      40
0.790697674418605
      40
0.790697674418605
      40
0.798449612403101
      40
0.798449612403101
      40
0.798449612403101
      40
0.798449612403101
      40
0.806201550387597
      40
0.806201550387597
      40
0.806201550387597
      40
0.806201550387597
      40
0.813953488372093
      40
0.813953488372093
      40
0.813953488372093
      40
0.813953488372093
      40
0.821705426356589
      40
0.821705426356589
      40
0.821705426356589
      40
0.821705426356589
      40
0.829457364341085
      40
0.829457364341085
      40
0.829457364341085
      40
0.829457364341085
      40
0.837209302325581
      40
0.837209302325581
      40
0.837209302325581
      40
0.837209302325581
      40
0.844961240310077
      40
0.844961240310077
      40
0.844961240310077
      40
0.844961240310077
      40
0.852713178294574
      40
0.852713178294574
      40
0.852713178294574
      40
0.852713178294574
      40
0.86046511627907
      40
0.86046511627907
      40
0.86046511627907
      40
0.86046511627907
      40
0.868217054263566
      40
0.868217054263566
      40
0.868217054263566
      40
0.868217054263566
      40
0.875968992248062
      40
0.875968992248062
      40
0.875968992248062
      40
0.875968992248062
      40
0.883720930232558
      40
0.883720930232558
      40
0.883720930232558
      40
0.883720930232558
      40
0.891472868217054
      40
0.891472868217054
      40
0.891472868217054
      40
0.891472868217054
      40
0.89922480620155
      40
0.89922480620155
      40
0.89922480620155
      40
0.89922480620155
      40
0.906976744186046
      40
0.906976744186046
      40
0.906976744186046
      40
0.906976744186046
      40
0.914728682170543
      40
0.914728682170543
      40
0.914728682170543
      40
0.914728682170543
      40
0.922480620155039
      40
0.922480620155039
      40
0.922480620155039
      40
0.922480620155039
      40
0.930232558139535
      40
0.930232558139535
      40
0.930232558139535
      40
0.930232558139535
      40
0.937984496124031
      40
0.937984496124031
      40
0.937984496124031
      40
0.937984496124031
      40
0.945736434108527
      40
0.945736434108527
      40
0.945736434108527
      40
0.945736434108527
      40
0.953488372093023
      40
0.953488372093023
      40
0.953488372093023
      40
0.953488372093023
      40
0.961240310077519
      40
0.961240310077519
      40
0.961240310077519
      40
0.961240310077519
      40
0.968992248062015
      40
0.968992248062015
      40
0.968992248062015
      40
0.968992248062015
      40
0.976744186046512
      40
0.976744186046512
      40
0.976744186046512
      40
0.976744186046512
      40
0.984496124031008
      40
0.984496124031008
      40
0.984496124031008
      40
0.984496124031008
      40
0.992248062015504
      40
0.992248062015504
      40
0.992248062015504
      40
0.992248062015504
      40
1
      40
1
      40
1
      40
1
      10
-7.09487956084404
      20
-32.7161550051645
      30
0
      10
-7.09842344904368
      20
-32.6331463714374
      30
0
      10
-7.10196733724333
      20
-32.5501377377103
      30
0
      10
-7.10916732771477
      20
-32.4674703348998
      30
0
      10
-7.10916732771477
      20
-32.4674703348998
      30
0
      10
-7.1246790063173
      20
-32.2814221196341
      30
0
      10
-7.1647572754753
      20
-32.0970351524674
      30
0
      10
-7.22626842106498
      20
-31.9206966595351
      30
0
      10
-7.22626842106498
      20
-31.9206966595351
      30
0
      10
-7.32893629457037
      20
-31.6266636330548
      30
0
      10
-7.47539449174373
      20
-31.3474400568402
      30
0
      10
-7.66669097898709
      20
-31.1012118605682
      30
0
      10
-7.66669097898709
      20
-31.1012118605682
      30
0
      10
-7.72396331568251
      20
-31.027340132348
      30
0
      10
-7.78519913875402
      20
-30.9565628123966
      30
0
      10
-7.85079255005732
      20
-30.8900218208326
      30
0
      10
-7.85079255005732
      20
-30.8900218208326
      30
0
      10
-8.12138703062996
      20
-30.6176586688986
      30
0
      10
-8.45726995190709
      20
-30.4086658154106
      30
0
      10
-8.82344414838051
      20
-30.2925431431866
      30
0
      10
-8.82344414838051
      20
-30.2925431431866
      30
0
      10
-8.88280467854942
      20
-30.2736212478982
      30
0
      10
-8.94289123828067
      20
-30.2568321244575
      30
0
      10
-9.00347328404821
      20
-30.2420192441294
      30
0
      10
-9.00347328404821
      20
-30.2420192441294
      30
0
      10
-9.12464439064812
      20
-30.212308491691
      30
0
      10
-9.24788167593631
      20
-30.1918205149386
      30
0
      10
-9.37197884022425
      20
-30.183071137479
      30
0
      10
-9.37197884022425
      20
-30.183071137479
      30
0
      10
-9.45470887739088
      20
-30.1768995199567
      30
0
      10
-9.5378150524508
      20
-30.1744920061504
      30
0
      10
-9.62092122751071
      20
-30.172084492344
      30
0
      10
-9.62092122751071
      20
-30.172084492344
      30
0
      10
-9.70913833405724
      20
-30.1735160153319
      30
0
      10
-9.79735544060377
      20
-30.1749475383199
      30
0
      10
-9.8852716773848
      20
-30.1810767028808
      30
0
      10
-9.8852716773848
      20
-30.1810767028808
      30
0
      10
-9.92922982073504
      20
-30.1841340467739
      30
0
      10
-9.97311246112606
      20
-30.1884486020152
      30
0
      10
-10.0168847522045
      20
-30.1938064797182
      30
0
      10
-10.0168847522045
      20
-30.1938064797182
      30
0
      10
-10.1919570433167
      20
-30.2158429289308
      30
0
      10
-10.3653194454567
      20
-30.2509398709202
      30
0
      10
-10.5346625566004
      20
-30.3003604509703
      30
0
      10
-10.5346625566004
      20
-30.3003604509703
      30
0
      10
-10.7040258268522
      20
-30.3497032709348
      30
0
      10
-10.86784672322
      20
-30.417731457872
      30
0
      10
-11.023139645134
      20
-30.501356658563
      30
0
      10
-11.023139645134
      20
-30.501356658563
      30
0
      10
-11.2368242027862
      20
-30.6161661301068
      30
0
      10
-11.4351563394786
      20
-30.7591912658448
      30
0
      10
-11.6120438223036
      20
-30.9251842231339
      30
0
      10
-11.6120438223036
      20
-30.9251842231339
      30
0
      10
-11.6925194977846
      20
-31.0005565394238
      30
0
      10
-11.7681251555225
      20
-31.0810501386273
      30
0
      10
-11.8382616210737
      20
-31.1661243674841
      30
0
      10
-11.8382616210737
      20
-31.1661243674841
      30
0
      10
-11.8943957552775
      20
-31.23415957843
      30
0
      10
-11.9473902962478
      20
-31.3047962459314
      30
0
      10
-11.9968967335594
      20
-31.377777584075
      30
0
      10
-11.9968967335594
      20
-31.377777584075
      30
0
      10
-12.0835590978409
      20
-31.5054746221805
      30
0
      10
-12.1590711887274
      20
-31.6408031162901
      30
0
      10
-12.2217208067771
      20
-31.7818700510305
      30
0
      10
-12.2217208067771
      20
-31.7818700510305
      30
0
      10
-12.2934966323481
      20
-31.9430888361016
      30
0
      10
-12.3491818104524
      20
-32.1109459004853
      30
0
      10
-12.3943730057858
      20
-32.2814896548006
      30
0
      10
-12.3943730057858
      20
-32.2814896548006
      30
0
      10
-12.4090472452455
      20
-32.3346719311613
      30
0
      10
-12.4313270538049
      20
-32.4369826993997
      30
0
      10
-12.4319608740826
      20
-32.4424668563012
      30
0
      10
-12.4319608740826
      20
-32.4424668563012
      30
0
      10
-12.4340802577483
      20
-32.4532775564429
      30
0
      10
-12.436199641414
      20
-32.4640882565845
      30
0
      10
-12.4383190250797
      20
-32.4748989567262
      30
0
      10
-12.4383190250797
      20
-32.4748989567262
      30
0
      10
-12.4547466313314
      20
-32.5614842649725
      30
0
      10
-12.4671207883954
      20
-32.6488356607095
      30
0
      10
-12.4794949454594
      20
-32.7361870564466
      30
0
      10
-12.4794949454594
      20
-32.7361870564466
      30
0
      10
-11.881204347173
      20
-32.736187056431
      30
0
      10
-11.2829137488865
      20
-32.7361870564155
      30
0
      10
-10.6846231506
      20
-32.7361870564
      30
0
      10
-10.6846231505876
      20
-32.7361870564466
      30
0
      10
-10.6815360764777
      20
-32.7214784746441
      30
0
      10
-10.6784490023678
      20
-32.7067698928417
      30
0
      10
-10.6753619282579
      20
-32.6920613110393
      30
0
      10
-10.6753619282579
      20
-32.6920613110393
      30
0
      10
-10.6553668409673
      20
-32.5966008637112
      30
0
      10
-10.6315342701079
      20
-32.5013701949569
      30
0
      10
-10.5925598876813
      20
-32.4114385080587
      30
0
      10
-10.5925598876813
      20
-32.4114385080587
      30
0
      10
-10.5853653532012
      20
-32.3940580591343
      30
0
      10
-10.5698021535188
      20
-32.3619216630689
      30
0
      10
-10.5688246716578
      20
-32.3603125873713
      30
0
      10
-10.5688246716578
      20
-32.3603125873713
      30
0
      10
-10.5671202256697
      20
-32.3569644773024
      30
0
      10
-10.5654157796817
      20
-32.3536163672335
      30
0
      10
-10.5637113336937
      20
-32.3502682571646
      30
0
      10
-10.5637113336937
      20
-32.3502682571646
      30
0
      10
-10.5221649702697
      20
-32.2703022182336
      30
0
      10
-10.4693501536666
      20
-32.1959733860122
      30
0
      10
-10.4085733334296
      20
-32.129283562292
      30
0
      10
-10.4085733334296
      20
-32.129283562292
      30
0
      10
-10.3679670810579
      20
-32.0848993096356
      30
0
      10
-10.3226530034291
      20
-32.0450130612703
      30
0
      10
-10.2735455621683
      20
-32.010185308756
      30
0
      10
-10.2735455621683
      20
-32.010185308756
      30
0
      10
-10.2306012353646
      20
-31.9796941560045
      30
0
      10
-10.1852187541381
      20
-31.9525856510874
      30
0
      10
-10.1380298832767
      20
-31.9293326989686
      30
0
      10
-10.1380298832767
      20
-31.9293326989686
      30
0
      10
-10.0505215450642
      20
-31.8861021294839
      30
0
      10
-9.95507386224489
      20
-31.8573641025675
      30
0
      10
-9.85808578231828
      20
-31.8473383424355
      30
0
      10
-9.85808578231828
      20
-31.8473383424355
      30
0
      10
-9.82824859121125
      20
-31.8440994158483
      30
0
      10
-9.79824834826256
      20
-31.842191152865
      30
0
      10
-9.76819375469998
      20
-31.8407264444163
      30
0
      10
-9.76819375469998
      20
-31.8407264444163
      30
0
      10
-9.75315739948304
      20
-31.8400680159478
      30
0
      10
-9.73812104426611
      20
-31.8394095874792
      30
0
      10
-9.72308468904917
      20
-31.8387511590107
      30
0
      10
-9.72308468904917
      20
-31.8387511590107
      30
0
      10
-9.70813715793279
      20
-31.8397223578115
      30
0
      10
-9.6931896268164
      20
-31.8406935566123
      30
0
      10
-9.67824209570002
      20
-31.8416647554131
      30
0
      10
-9.67824209570002
      20
-31.8416647554131
      30
0
      10
-9.67077990960261
      20
-31.8422289682287
      30
0
      10
-9.6633177235052
      20
-31.8427931810442
      30
0
      10
-9.65585553740778
      20
-31.8433573938598
      30
0
      10
-9.65585553740778
      20
-31.8433573938598
      30
0
      10
-9.6484072466633
      20
-31.8440159427735
      30
0
      10
-9.64095895591883
      20
-31.8446744916872
      30
0
      10
-9.63351066517435
      20
-31.8453330406009
      30
0
      10
-9.63351066517435
      20
-31.8453330406009
      30
0
      10
-9.62608090156711
      20
-31.8461173709788
      30
0
      10
-9.61865113795988
      20
-31.8469017013567
      30
0
      10
-9.61122137435265
      20
-31.8476860317347
      30
0
      10
-9.61122137435265
      20
-31.8476860317347
      30
0
      10
-9.60381476966697
      20
-31.8486275889429
      30
0
      10
-9.5964081649813
      20
-31.8495691461511
      30
0
      10
-9.58900156029562
      20
-31.8505107033593
      30
0
      10
-9.58900156029562
      20
-31.8505107033593
      30
0
      10
-9.54835433908872
      20
-31.8560825129492
      30
0
      10
-9.50802980840716
      20
-31.8650662956106
      30
0
      10
-9.46880968185718
      20
-31.877811345418
      30
0
      10
-9.46880968185718
      20
-31.877811345418
      30
0
      10
-9.35062917456578
      20
-31.915607045795
      30
0
      10
-9.24623367241791
      20
-31.9884543559439
      30
0
      10
-9.16094587210437
      20
-32.0772762982595
      30
0
      10
-9.16094587210437
      20
-32.0772762982595
      30
0
      10
-9.14019851730732
      20
-32.0988595061518
      30
0
      10
-9.12045096212054
      20
-32.1214338923604
      30
0
      10
-9.10177871365782
      20
-32.1448586138417
      30
0
      10
-9.10177871365782
      20
-32.1448586138417
      30
0
      10
-9.09718291012162
      20
-32.1507704272276
      30
0
      10
-9.09258710658542
      20
-32.1566822406135
      30
0
      10
-9.08799130304921
      20
-32.1625940539994
      30
0
      10
-9.08799130304921
      20
-32.1625940539994
      30
0
      10
-9.05174129036181
      20
-32.2103001128386
      30
0
      10
-9.02036178441331
      20
-32.2615340397135
      30
0
      10
-8.99470660690795
      20
-32.3155527195805
      30
0
      10
-8.99470660690795
      20
-32.3155527195805
      30
0
      10
-8.95646155671398
      20
-32.3966321863032
      30
0
      10
-8.92775852827403
      20
-32.4829034802708
      30
0
      10
-8.91045280782571
      20
-32.5708359220816
      30
0
      10
-8.91045280782571
      20
-32.5708359220816
      30
0
      10
-8.9076196700811
      20
-32.5855058248931
      30
0
      10
-8.90514194992
      20
-32.6002327715468
      30
0
      10
-8.90304667649617
      20
-32.6150058818117
      30
0
      10
-8.90304667649617
      20
-32.6150058818117
      30
0
      10
-8.89570939171937
      20
-32.6667117889817
      30
0
      10
-8.89291084832885
      20
-32.7189840119125
      30
0
      10
-8.8911209141353
      20
-32.7713820827903
      30
0
      10
-8.8911209141353
      20
-32.7713820827903
      30
0
      10
-8.89066439466215
      20
-32.7863598090518
      30
0
      10
-8.89020787518899
      20
-32.8013375353133
      30
0
      10
-8.88975135571584
      20
-32.8163152615748
      30
0
      10
-8.88975135571584
      20
-32.8163152615748
      30
0
      10
-8.89049823948854
      20
-32.8552131487566
      30
0
      10
-8.89124512326125
      20
-32.8941110359384
      30
0
      10
-8.89330538387922
      20
-32.9329276925732
      30
0
      10
-8.89330538387922
      20
-32.9329276925732
      30
0
      10
-8.89945293843201
      20
-33.0559022094172
      30
0
      10
-8.92328859150628
      20
-33.1779579479128
      30
0
      10
-8.96094955147237
      20
-33.2951068663477
      30
0
      10
-8.96094955147237
      20
-33.2951068663477
      30
0
      10
-8.96169130938115
      20
-33.298269821679
      30
0
      10
-8.98129288060649
      20
-33.3566470495231
      30
0
      10
-8.99339648427333
      20
-33.3867539876556
      30
0
      10
-8.99339648427333
      20
-33.3867539876556
      30
0
      10
-8.9982205266293
      20
-33.3987965958532
      30
0
      10
-9.00304456898526
      20
-33.4108392040508
      30
0
      10
-9.00786861134123
      20
-33.4228818122484
      30
0
      10
-9.00786861134123
      20
-33.4228818122484
      30
0
      10
-9.03722660794916
      20
-33.4950391809294
      30
0
      10
-9.07470202832178
      20
-33.5634943947953
      30
0
      10
-9.11867986367651
      20
-33.6277831112871
      30
0
      10
-9.11867986367651
      20
-33.6277831112871
      30
0
      10
-9.12605770594525
      20
-33.6384516373972
      30
0
      10
-9.13343554821399
      20
-33.6491201635073
      30
0
      10
-9.14081339048273
      20
-33.6597886896174
      30
0
      10
-9.14081339048273
      20
-33.6597886896174
      30
0
      10
-9.14842416858194
      20
-33.6702851002924
      30
0
      10
-9.15603494668114
      20
-33.6807815109674
      30
0
      10
-9.16364572478034
      20
-33.6912779216425
      30
0
      10
-9.16364572478034
      20
-33.6912779216425
      30
0
      10
-9.17524226458838
      20
-33.7068863427162
      30
0
      10
-9.18711423507342
      20
-33.7222848391707
      30
0
      10
-9.19928355883241
      20
-33.7374480660575
      30
0
      10
-9.19928355883241
      20
-33.7374480660575
      30
0
      10
-9.2838597275847
      20
-33.8442587885111
      30
0
      10
-9.38633492797617
      20
-33.9363062901427
      30
0
      10
-9.49949825367403
      20
-34.0119495619664
      30
0
      10
-9.49949825367403
      20
-34.0119495619664
      30
0
      10
-9.58551179270531
      20
-34.0700135378697
      30
0
      10
-9.67868928076964
      20
-34.1174590073439
      30
0
      10
-9.776603278356
      20
-34.1516612945608
      30
0
      10
-9.776603278356
      20
-34.1516612945608
      30
0
      10
-9.82547480877104
      20
-34.169062916118
      30
0
      10
-9.87486031661151
      20
-34.1851983790701
      30
0
      10
-9.9246892252807
      20
-34.199494000149
      30
0
      10
-9.9246892252807
      20
-34.199494000149
      30
0
      10
-9.96207311335446
      20
-34.210192375871
      30
0
      10
-9.99981001165981
      20
-34.2195229360111
      30
0
      10
-10.0379062484049
      20
-34.2272821096627
      30
0
      10
-10.0379062484049
      20
-34.2272821096627
      30
0
      10
-10.1778335176886
      20
-34.2549005601108
      30
0
      10
-10.3200760524339
      20
-34.2715883166264
      30
0
      10
-10.4625967690942
      20
-34.2734444510296
      30
0
      10
-10.4625967690942
      20
-34.2734444510296
      30
0
      10
-10.4885286398485
      20
-34.2738458323224
      30
0
      10
-10.5144605106027
      20
-34.2742472136153
      30
0
      10
-10.5403923813569
      20
-34.2746485949081
      30
0
      10
-10.5403923814
      20
-34.2746485949
      30
0
      10
-10.6105045608728
      20
-34.7874691077232
      30
0
      10
-10.6806167403456
      20
-35.3002896205464
      30
0
      10
-10.7507289198184
      20
-35.8131101333696
      30
0
      10
-10.7507289198184
      20
-35.8131101333696
      30
0
      10
-10.7240697629924
      20
-35.8152930949411
      30
0
      10
-10.6974106061664
      20
-35.8174760565125
      30
0
      10
-10.6707514493404
      20
-35.8196590180839
      30
0
      10
-10.6707514493404
      20
-35.8196590180839
      30
0
      10
-10.6441060765141
      20
-35.821982689175
      30
0
      10
-10.6174607036877
      20
-35.8243063602661
      30
0
      10
-10.5908153308614
      20
-35.8266300313573
      30
0
      10
-10.5908153308614
      20
-35.8266300313573
      30
0
      10
-10.3648238395631
      20
-35.8469399829532
      30
0
      10
-10.1374661627307
      20
-35.8797609484813
      30
0
      10
-9.92354962848682
      20
-35.9589374913671
      30
0
      10
-9.92354962848682
      20
-35.9589374913671
      30
0
      10
-9.84816453887392
      20
-35.9866762686438
      30
0
      10
-9.77475451948076
      20
-36.0199564186021
      30
0
      10
-9.70562252656927
      20
-36.0608506588629
      30
0
      10
-9.70562252656927
      20
-36.0608506588629
      30
0
      10
-9.4626401886191
      20
-36.2042496526529
      30
0
      10
-9.27545490090763
      20
-36.4301749763247
      30
0
      10
-9.1555560893677
      20
-36.6835365439124
      30
0
      10
-9.1555560893677
      20
-36.6835365439124
      30
0
      10
-9.08214691232767
      20
-36.8407805916573
      30
0
      10
-9.03392800668216
      20
-37.0117048816936
      30
0
      10
-9.02326187404574
      20
-37.1851591876172
      30
0
      10
-9.02326187404574
      20
-37.1851591876172
      30
0
      10
-9.02061712460116
      20
-37.2251832842259
      30
0
      10
-9.01928680426105
      20
-37.2653406190543
      30
0
      10
-9.01795648392097
      20
-37.3054979538825
      30
0
      10
-9.01795648392097
      20
-37.3054979538825
      30
0
      10
-9.01898558218507
      20
-37.3316097786535
      30
0
      10
-9.02001468044918
      20
-37.3577216034245
      30
0
      10
-9.02104377871329
      20
-37.3838334281956
      30
0
      10
-9.02104377871329
      20
-37.3838334281956
      30
0
      10
-9.02164674689707
      20
-37.3968794595178
      30
0
      10
-9.02224971508084
      20
-37.40992549084
      30
0
      10
-9.02285268326462
      20
-37.4229715221622
      30
0
      10
-9.02285268326462
      20
-37.4229715221622
      30
0
      10
-9.02356175431047
      20
-37.4360056962084
      30
0
      10
-9.02427082535632
      20
-37.4490398702546
      30
0
      10
-9.02497989640217
      20
-37.4620740443008
      30
0
      10
-9.02497989640217
      20
-37.4620740443008
      30
0
      10
-9.03195845415641
      20
-37.5922936665821
      30
0
      10
-9.04968739090276
      20
-37.7219628663618
      30
0
      10
-9.08385134931293
      20
-37.8483220029971
      30
0
      10
-9.08385134931293
      20
-37.8483220029971
      30
0
      10
-9.14129688687886
      20
-38.0628256452035
      30
0
      10
-9.235115608669
      20
-38.2676329678501
      30
0
      10
-9.36261752676165
      20
-38.4495994784922
      30
0
      10
-9.36261752676165
      20
-38.4495994784922
      30
0
      10
-9.39273364037319
      20
-38.4922605660638
      30
0
      10
-9.42495472318784
      20
-38.5333664149567
      30
0
      10
-9.45915069001868
      20
-38.5727846867928
      30
0
      10
-9.45915069001868
      20
-38.5727846867928
      30
0
      10
-9.46781295192549
      20
-38.5825423018059
      30
0
      10
-9.4764752138323
      20
-38.5922999168189
      30
0
      10
-9.4851374757391
      20
-38.6020575318319
      30
0
      10
-9.4851374757391
      20
-38.6020575318319
      30
0
      10
-9.4940265863858
      20
-38.6116155520864
      30
0
      10
-9.50291569703249
      20
-38.6211735723409
      30
0
      10
-9.51180480767919
      20
-38.6307315925954
      30
0
      10
-9.51180480767919
      20
-38.6307315925954
      30
0
      10
-9.55677042764605
      20
-38.6780630571652
      30
0
      10
-9.60457126203701
      20
-38.7227575874707
      30
0
      10
-9.65658505597989
      20
-38.7621107488871
      30
0
      10
-9.65658505597989
      20
-38.7621107488871
      30
0
      10
-9.74010795838712
      20
-38.8245105513292
      30
0
      10
-9.82953378725241
      20
-38.880532651075
      30
0
      10
-9.92663774589337
      20
-38.9189660935786
      30
0
      10
-9.92663774589337
      20
-38.9189660935786
      30
0
      10
-10.0602567263349
      20
-38.971329593951
      30
0
      10
-10.2016516331634
      20
-39.0050833524726
      30
0
      10
-10.3449285508272
      20
-39.0137266218655
      30
0
      10
-10.3449285508272
      20
-39.0137266218655
      30
0
      10
-10.3839706476071
      20
-39.0161612681988
      30
0
      10
-10.423119014482
      20
-39.0171998033483
      30
0
      10
-10.4622673813569
      20
-39.0182383384979
      30
0
      10
-10.4622673813569
      20
-39.0182383384979
      30
0
      10
-10.4742941799925
      20
-39.0177940191016
      30
0
      10
-10.4863209786281
      20
-39.0173496997053
      30
0
      10
-10.4983477772638
      20
-39.016905380309
      30
0
      10
-10.4983477772638
      20
-39.016905380309
      30
0
      10
-10.5103710874822
      20
-39.0163986837778
      30
0
      10
-10.5223943977007
      20
-39.0158919872466
      30
0
      10
-10.5344177079191
      20
-39.0153852907154
      30
0
      10
-10.5344177079191
      20
-39.0153852907154
      30
0
      10
-10.6304957677762
      20
-39.011263489201
      30
0
      10
-10.7269009023874
      20
-39.0011777192754
      30
0
      10
-10.8202439912721
      20
-38.9772243388215
      30
0
      10
-10.8202439912721
      20
-38.9772243388215
      30
0
      10
-10.9018448611718
      20
-38.9563139318887
      30
0
      10
-10.9820667343609
      20
-38.9289204029531
      30
0
      10
-11.0580300528382
      20
-38.892498588419
      30
0
      10
-11.0580300528382
      20
-38.892498588419
      30
0
      10
-11.1501217740359
      20
-38.8478503388966
      30
0
      10
-11.2368113533621
      20
-38.7921212261668
      30
0
      10
-11.3156986161329
      20
-38.7268971046391
      30
0
      10
-11.3156986161329
      20
-38.7268971046391
      30
0
      10
-11.3669418782639
      20
-38.6848015865113
      30
0
      10
-11.4133041328804
      20
-38.6374395809411
      30
0
      10
-11.4576589892251
      20
-38.5882936829715
      30
0
      10
-11.4576589892251
      20
-38.5882936829715
      30
0
      10
-11.4657389233545
      20
-38.5793649784034
      30
0
      10
-11.4738188574839
      20
-38.5704362738352
      30
0
      10
-11.4818987916133
      20
-38.5615075692671
      30
0
      10
-11.4818987916133
      20
-38.5615075692671
      30
0
      10
-11.4889304351371
      20
-38.5517073665911
      30
0
      10
-11.495962078661
      20
-38.5419071639151
      30
0
      10
-11.5029937221849
      20
-38.5321069612392
      30
0
      10
-11.5029937221849
      20
-38.5321069612392
      30
0
      10
-11.5099645365928
      20
-38.5222725411539
      30
0
      10
-11.5169353510008
      20
-38.5124381210685
      30
0
      10
-11.5239061654087
      20
-38.5026037009832
      30
0
      10
-11.5239061654087
      20
-38.5026037009832
      30
0
      10
-11.5446665358428
      20
-38.473014897204
      30
0
      10
-11.5648794442336
      20
-38.4431181367407
      30
0
      10
-11.5837236975161
      20
-38.4124514845673
      30
0
      10
-11.5837236975161
      20
-38.4124514845673
      30
0
      10
-11.6280643864822
      20
-38.341132663828
      30
0
      10
-11.6622385745947
      20
-38.2638889609509
      30
0
      10
-11.6906633810808
      20
-38.1843320857372
      30
0
      10
-11.6906633810808
      20
-38.1843320857372
      30
0
      10
-11.7432215473733
      20
-38.0363372897066
      30
0
      10
-11.7812616390734
      20
-37.8843983599826
      30
0
      10
-11.8052278219248
      20
-37.7301278526937
      30
0
      10
-11.8052278219248
      20
-37.7301278526937
      30
0
      10
-11.8146142858658
      20
-37.6708009378401
      30
0
      10
-11.8224237941835
      20
-37.6111735101619
      30
0
      10
-11.8297827437518
      20
-37.5514602216768
      30
0
      10
-11.8297827437518
      20
-37.5514602216768
      30
0
      10
-11.8326782639791
      20
-37.5275657477966
      30
0
      10
-11.8355737842065
      20
-37.5036712739165
      30
0
      10
-11.8384693044338
      20
-37.4797768000363
      30
0
      10
-11.8384693044
      20
-37.4797768
      30
0
      10
-12.4367599027
      20
-37.4797768
      30
0
      10
-13.035050501
      20
-37.4797768
      30
0
      10
-13.6333410993
      20
-37.4797768
      30
0
      10
-13.6333410993056
      20
-37.4797768000363
      30
0
      10
-13.6319415390268
      20
-37.5311004485289
      30
0
      10
-13.6305419787479
      20
-37.5824240970214
      30
0
      10
-13.6291424184691
      20
-37.633747745514
      30
0
      10
-13.6291424184691
      20
-37.633747745514
      30
0
      10
-13.6227600426998
      20
-37.8645404408794
      30
0
      10
-13.5999973685866
      20
-38.0953115145966
      30
0
      10
-13.5536027169877
      20
-38.3218470785402
      30
0
      10
-13.5536027169877
      20
-38.3218470785402
      30
0
      10
-13.5331335460759
      20
-38.4224952076962
      30
0
      10
-13.507662484014
      20
-38.5220529477383
      30
0
      10
-13.4771169647874
      20
-38.6200925437945
      30
0
      10
-13.4771169647874
      20
-38.6200925437945
      30
0
      10
-13.4542702799898
      20
-38.6936396862131
      30
0
      10
-13.4288500895778
      20
-38.7664175776979
      30
0
      10
-13.401367380537
      20
-38.8383936910156
      30
0
      10
-13.401367380537
      20
-38.8383936910156
      30
0
      10
-13.391924270513
      20
-38.8622724908087
      30
0
      10
-13.382481160489
      20
-38.8861512906018
      30
0
      10
-13.373038050465
      20
-38.9100300903949
      30
0
      10
-13.373038050465
      20
-38.9100300903949
      30
0
      10
-13.2084612288882
      20
-39.3144079825149
      30
0
      10
-12.9462367430028
      20
-39.677810861399
      30
0
      10
-12.6195963302092
      20
-39.9669557346507
      30
0
      10
-12.6195963302092
      20
-39.9669557346507
      30
0
      10
-12.600196485113
      20
-39.9837781425249
      30
0
      10
-12.5807966400167
      20
-40.000600550399
      30
0
      10
-12.5613967949205
      20
-40.0174229582732
      30
0
      10
-12.5613967949205
      20
-40.0174229582732
      30
0
      10
-12.2688005486413
      20
-40.268313604189
      30
0
      10
-11.9205796007158
      20
-40.451962461402
      30
0
      10
-11.5509886153863
      20
-40.5598239266194
      30
0
      10
-11.5509886153863
      20
-40.5598239266194
      30
0
      10
-11.5262831068196
      20
-40.5668242970751
      30
0
      10
-11.501577598253
      20
-40.5738246675308
      30
0
      10
-11.4768720896863
      20
-40.5808250379865
      30
0
      10
-11.4768720896863
      20
-40.5808250379865
      30
0
      10
-11.3034873374271
      20
-40.6281614233153
      30
0
      10
-11.1254642384922
      20
-40.6582862339892
      30
0
      10
-10.9462303700881
      20
-40.6715636358055
      30
0
      10
-10.9462303700881
      20
-40.6715636358055
      30
0
      10
-10.8438603053057
      20
-40.679318969828
      30
0
      10
-10.7412048689723
      20
-40.6821119874963
      30
0
      10
-10.6385494326389
      20
-40.6849050051645
      30
0
      10
-10.6385494326389
      20
-40.6849050051645
      30
0
      10
-10.501298324616
      20
-40.6809661133553
      30
0
      10
-10.3640408658992
      20
-40.6769681750174
      30
0
      10
-10.2273663576848
      20
-40.663511476578
      30
0
      10
-10.2273663576848
      20
-40.663511476578
      30
0
      10
-10.0906854453935
      20
-40.6502404855917
      30
0
      10
-9.9548007543949
      20
-40.6284483125313
      30
0
      10
-9.82097002759768
      20
-40.5978908945319
      30
0
      10
-9.82097002759768
      20
-40.5978908945319
      30
0
      10
-9.71389401741879
      20
-40.57347199068
      30
0
      10
-9.60784028943431
      20
-40.5442584088314
      30
0
      10
-9.50324497162469
      20
-40.5106385374651
      30
0
      10
-9.50324497162469
      20
-40.5106385374651
      30
0
      10
-9.32007021895424
      20
-40.4522450203499
      30
0
      10
-9.14323183152016
      20
-40.3746408314197
      30
0
      10
-8.97483927668087
      20
-40.2818591643868
      30
0
      10
-8.97483927668087
      20
-40.2818591643868
      30
0
      10
-8.85453181594522
      20
-40.2157317773577
      30
0
      10
-8.73801565105433
      20
-40.1426721878954
      30
0
      10
-8.62564756622484
      20
-40.063699315895
      30
0
      10
-8.62564756622484
      20
-40.063699315895
      30
0
      10
-8.53578372521314
      20
-40.0004826338547
      30
0
      10
-8.44925549301273
      20
-39.9326689729998
      30
0
      10
-8.36669011876679
      20
-39.8602249950866
      30
0
      10
-8.36669011876679
      20
-39.8602249950866
      30
0
      10
-8.24298028646109
      20
-39.7514019439428
      30
0
      10
-8.12573165392443
      20
-39.6350248522155
      30
0
      10
-8.01642883964148
      20
-39.5118279188935
      30
0
      10
-8.01642883964148
      20
-39.5118279188935
      30
0
      10
-7.91638769305943
      20
-39.3987245785889
      30
0
      10
-7.8239062802052
      20
-39.2788253762903
      30
0
      10
-7.74001354185788
      20
-39.1532143447094
      30
0
      10
-7.74001354185788
      20
-39.1532143447094
      30
0
      10
-7.44037310519401
      20
-38.7090537248009
      30
0
      10
-7.26516124329263
      20
-38.1829339802619
      30
0
      10
-7.23281384649282
      20
-37.6485809841825
      30
0
      10
-7.23281384649282
      20
-37.6485809841825
      30
0
      10
-7.22780253797971
      20
-37.5663957191065
      30
0
      10
-7.22544361351443
      20
-37.4840237595714
      30
0
      10
-7.22308468904917
      20
-37.4016518000363
      30
0
      10
-7.22308468904917
      20
-37.4016518000363
      30
0
      10
-7.2239357857126
      20
-37.3725989317046
      30
0
      10
-7.22478688237603
      20
-37.3435460633729
      30
0
      10
-7.22563797903945
      20
-37.3144931950412
      30
0
      10
-7.22563797903945
      20
-37.3144931950412
      30
0
      10
-7.22615559998756
      20
-37.2999754979784
      30
0
      10
-7.22667322093567
      20
-37.2854578009156
      30
0
      10
-7.22719084188378
      20
-37.2709401038528
      30
0
      10
-7.22719084188378
      20
-37.2709401038528
      30
0
      10
-7.23208931996791
      20
-37.1258194200599
      30
0
      10
-7.24606691356372
      20
-36.9811781620566
      30
0
      10
-7.27654180017127
      20
-36.8389023366883
      30
0
      10
-7.27654180017127
      20
-36.8389023366883
      30
0
      10
-7.33959437561381
      20
-36.5407738666462
      30
0
      10
-7.44929229024883
      20
-36.2503149280981
      30
0
      10
-7.61868484833737
      20
-35.9960992921749
      30
0
      10
-7.61868484833737
      20
-35.9960992921749
      30
0
      10
-7.74798073972526
      20
-35.8028732517504
      30
0
      10
-7.90250478584293
      20
-35.6270603732716
      30
0
      10
-8.07512726254902
      20
-35.4715271214859
      30
0
      10
-8.07512726254902
      20
-35.4715271214859
      30
0
      10
-8.2043838180685
      20
-35.3542160652707
      30
0
      10
-8.34653460328933
      20
-35.2530681580969
      30
0
      10
-8.49235513668658
      20
-35.1577690530733
      30
0
      10
-8.49235513668658
      20
-35.1577690530733
      30
0
      10
-8.51664746610659
      20
-35.1418410798387
      30
0
      10
-8.5409397955266
      20
-35.1259131066042
      30
0
      10
-8.56523212494661
      20
-35.1099851333696
      30
0
      10
-8.56523212494661
      20
-35.1099851333696
      30
0
      10
-8.50224310823061
      20
-35.0667722832545
      30
0
      10
-8.38360832538914
      20
-34.9832774067819
      30
0
      10
-8.37764223820819
      20
-34.9785130077445
      30
0
      10
-8.37764223820819
      20
-34.9785130077445
      30
0
      10
-8.36527651240252
      20
-34.9695614463317
      30
0
      10
-8.35291078659686
      20
-34.9606098849189
      30
0
      10
-8.3405450607912
      20
-34.9516583235062
      30
0
      10
-8.3405450607912
      20
-34.9516583235062
      30
0
      10
-8.32825584406385
      20
-34.9426048968001
      30
0
      10
-8.3159666273365
      20
-34.933551470094
      30
0
      10
-8.30367741060915
      20
-34.9244980433879
      30
0
      10
-8.30367741060915
      20
-34.9244980433879
      30
0
      10
-7.97203518133636
      20
-34.6801778081695
      30
0
      10
-7.68253326276822
      20
-34.3750802797289
      30
0
      10
-7.46967966918876
      20
-34.0213743201067
      30
0
      10
-7.46967966918876
      20
-34.0213743201067
      30
0
      10
-7.32112255411845
      20
-33.7721727392671
      30
0
      10
-7.20904288405961
      20
-33.5005480938637
      30
0
      10
-7.1465272770744
      20
-33.2166844881176
      30
0
      10
-7.1465272770744
      20
-33.2166844881176
      30
0
      10
-7.11654306484684
      20
-33.0822015074992
      30
0
      10
-7.10399282889931
      20
-32.9452176407583
      30
0
      10
-7.09853448358992
      20
-32.8078084860513
      30
0
      10
-7.09853448358992
      20
-32.8078084860513
      30
0
      10
-7.09731617600796
      20
-32.7772573257557
      30
0
      10
-7.096097868426
      20
-32.7467061654601
      30
0
      10
-7.09487956084404
      20
-32.7161550051645
      30
0
    1001
FS_CYPCUT
    1000
Channel
    1070
1
    1000
LeadIn
    1002
{
    1070
3
    1040
20.5
    1040
1.5707963267949
    1040
0.5
    1040
0.3
    1070
0
    1040
0.5
    1070
0
    1002
}
    1000
LeadOut
    1002
{
    1070
0
    1040
0
    1040
0.523598775598299
    1040
3
    1070
0
    1002
}
    1000
IsFill
    1070
0
    1000
PathStart
    1040
20.5
    1000
ToolCompensation
    1002
{
    1070
0
    1040
0
    1070
0
    1002
}
       0
LWPOLYLINE
       5
2008
     100
AcDbEntity
       8
1
     100
AcDbPolyline
      90
16
      70
1
      10
0.9139345417
      20
-36.9669562872
      42
0
      10
-0.065632766
      20
-36.9669562872
      42
0
      10
0.871867234
      20
-30.1720844923
      42
0
      10
-0.8689180224
      20
-30.1720844923
      42
0
      10
-6.1974436634
      20
-36.8988473129
      42
0
      10
-6.3256487916
      20
-38.6336229539
      42
0
      10
-3.1122358658
      20
-38.6336229539
      42
0
      10
-2.8838704812
      20
-36.9669562872
      42
0
      10
-4.3244468685
      20
-36.9669562872
      42
0
      10
-1.3577000737
      20
-33.2209626975
      42
0
      10
-1.8745269967
      20
-36.9669562872
      42
0
      10
-2.1028923814
      20
-38.6336229539
      42
0
      10
-2.3512898173
      20
-40.4284947488
      42
0
      10
-0.5423955865
      20
-40.4284947488
      42
0
      10
-0.2939981506
      20
-38.6336229539
      42
0
      10
0.6975883879
      20
-38.6336229539
      42
0
    1001
FS_CYPCUT
    1000
Channel
    1070
1
    1000
LeadIn
    1002
{
    1070
3
    1040
3.5
    1040
1.5707963267949
    1040
0.5
    1040
0.3
    1070
0
    1040
0.5
    1070
0
    1002
}
    1000
LeadOut
    1002
{
    1070
0
    1040
0
    1040
0.523598775598299
    1040
3
    1070
0
    1002
}
    1000
IsFill
    1070
0
    1000
PathStart
    1040
3.5
    1000
ToolCompensation
    1002
{
    1070
0
    1040
0
    1070
0
    1002
}
       0
LWPOLYLINE
       5
2009
     100
AcDbEntity
       8
1
     100
AcDbPolyline
      90
16
      70
1
      10
8.606242234
      20
-36.9669562872
      42
0
      10
8.3898960802
      20
-38.6336229539
      42
0
      10
7.3983095417
      20
-38.6336229539
      42
0
      10
7.1499121058
      20
-40.4284947488
      42
0
      10
5.3410178751
      20
-40.4284947488
      42
0
      10
5.589415311
      20
-38.6336229539
      42
0
      10
5.8177806956
      20
-36.9669562872
      42
0
      10
6.3346076186
      20
-33.2209626975
      42
0
      10
3.3678608238
      20
-36.9669562872
      42
0
      10
4.8084372111
      20
-36.9669562872
      42
0
      10
4.5800718265
      20
-38.6336229539
      42
0
      10
1.3666589007
      20
-38.6336229539
      42
0
      10
1.4948640289
      20
-36.8988473129
      42
0
      10
6.8233896699
      20
-30.1720844923
      42
0
      10
8.5641749263
      20
-30.1720844923
      42
0
      10
7.6266749263
      20
-36.9669562872
      42
0
    1001
FS_CYPCUT
    1000
Channel
    1070
1
    1000
LeadIn
    1002
{
    1070
3
    1040
12.5
    1040
1.5707963267949
    1040
0.5
    1040
0.3
    1070
0
    1040
0.5
    1070
0
    1002
}
    1000
LeadOut
    1002
{
    1070
0
    1040
0
    1040
0.523598775598299
    1040
3
    1070
0
    1002
}
    1000
IsFill
    1070
0
    1000
PathStart
    1040
12.5
    1000
ToolCompensation
    1002
{
    1070
0
    1040
0
    1070
0
    1002
}
       0
SPLINE
       5
200A
     100
AcDbEntity
       8
1
     100
AcDbSpline
      70
0
      71
3
      72
316
      73
312
      74
0
      40
0
      40
0
      40
0
      40
0
      40
0.0128205128205128
      40
0.0128205128205128
      40
0.0128205128205128
      40
0.0128205128205128
      40
0.0256410256410256
      40
0.0256410256410256
      40
0.0256410256410256
      40
0.0256410256410256
      40
0.0384615384615385
      40
0.0384615384615385
      40
0.0384615384615385
      40
0.0384615384615385
      40
0.0512820512820513
      40
0.0512820512820513
      40
0.0512820512820513
      40
0.0512820512820513
      40
0.0641025641025641
      40
0.0641025641025641
      40
0.0641025641025641
      40
0.0641025641025641
      40
0.0769230769230769
      40
0.0769230769230769
      40
0.0769230769230769
      40
0.0769230769230769
      40
0.0897435897435897
      40
0.0897435897435897
      40
0.0897435897435897
      40
0.0897435897435897
      40
0.102564102564103
      40
0.102564102564103
      40
0.102564102564103
      40
0.102564102564103
      40
0.115384615384615
      40
0.115384615384615
      40
0.115384615384615
      40
0.115384615384615
      40
0.128205128205128
      40
0.128205128205128
      40
0.128205128205128
      40
0.128205128205128
      40
0.141025641025641
      40
0.141025641025641
      40
0.141025641025641
      40
0.141025641025641
      40
0.153846153846154
      40
0.153846153846154
      40
0.153846153846154
      40
0.153846153846154
      40
0.166666666666667
      40
0.166666666666667
      40
0.166666666666667
      40
0.166666666666667
      40
0.179487179487179
      40
0.179487179487179
      40
0.179487179487179
      40
0.179487179487179
      40
0.192307692307692
      40
0.192307692307692
      40
0.192307692307692
      40
0.192307692307692
      40
0.205128205128205
      40
0.205128205128205
      40
0.205128205128205
      40
0.205128205128205
      40
0.217948717948718
      40
0.217948717948718
      40
0.217948717948718
      40
0.217948717948718
      40
0.230769230769231
      40
0.230769230769231
      40
0.230769230769231
      40
0.230769230769231
      40
0.243589743589744
      40
0.243589743589744
      40
0.243589743589744
      40
0.243589743589744
      40
0.256410256410256
      40
0.256410256410256
      40
0.256410256410256
      40
0.256410256410256
      40
0.269230769230769
      40
0.269230769230769
      40
0.269230769230769
      40
0.269230769230769
      40
0.282051282051282
      40
0.282051282051282
      40
0.282051282051282
      40
0.282051282051282
      40
0.294871794871795
      40
0.294871794871795
      40
0.294871794871795
      40
0.294871794871795
      40
0.307692307692308
      40
0.307692307692308
      40
0.307692307692308
      40
0.307692307692308
      40
0.320512820512821
      40
0.320512820512821
      40
0.320512820512821
      40
0.320512820512821
      40
0.333333333333333
      40
0.333333333333333
      40
0.333333333333333
      40
0.333333333333333
      40
0.346153846153846
      40
0.346153846153846
      40
0.346153846153846
      40
0.346153846153846
      40
0.358974358974359
      40
0.358974358974359
      40
0.358974358974359
      40
0.358974358974359
      40
0.371794871794872
      40
0.371794871794872
      40
0.371794871794872
      40
0.371794871794872
      40
0.384615384615385
      40
0.384615384615385
      40
0.384615384615385
      40
0.384615384615385
      40
0.397435897435897
      40
0.397435897435897
      40
0.397435897435897
      40
0.397435897435897
      40
0.41025641025641
      40
0.41025641025641
      40
0.41025641025641
      40
0.41025641025641
      40
0.423076923076923
      40
0.423076923076923
      40
0.423076923076923
      40
0.423076923076923
      40
0.435897435897436
      40
0.435897435897436
      40
0.435897435897436
      40
0.435897435897436
      40
0.448717948717949
      40
0.448717948717949
      40
0.448717948717949
      40
0.448717948717949
      40
0.461538461538462
      40
0.461538461538462
      40
0.461538461538462
      40
0.461538461538462
      40
0.474358974358974
      40
0.474358974358974
      40
0.474358974358974
      40
0.474358974358974
      40
0.487179487179487
      40
0.487179487179487
      40
0.487179487179487
      40
0.487179487179487
      40
0.5
      40
0.5
      40
0.5
      40
0.5
      40
0.512820512820513
      40
0.512820512820513
      40
0.512820512820513
      40
0.512820512820513
      40
0.525641025641026
      40
0.525641025641026
      40
0.525641025641026
      40
0.525641025641026
      40
0.538461538461538
      40
0.538461538461538
      40
0.538461538461538
      40
0.538461538461538
      40
0.551282051282051
      40
0.551282051282051
      40
0.551282051282051
      40
0.551282051282051
      40
0.564102564102564
      40
0.564102564102564
      40
0.564102564102564
      40
0.564102564102564
      40
0.576923076923077
      40
0.576923076923077
      40
0.576923076923077
      40
0.576923076923077
      40
0.58974358974359
      40
0.58974358974359
      40
0.58974358974359
      40
0.58974358974359
      40
0.602564102564103
      40
0.602564102564103
      40
0.602564102564103
      40
0.602564102564103
      40
0.615384615384615
      40
0.615384615384615
      40
0.615384615384615
      40
0.615384615384615
      40
0.628205128205128
      40
0.628205128205128
      40
0.628205128205128
      40
0.628205128205128
      40
0.641025641025641
      40
0.641025641025641
      40
0.641025641025641
      40
0.641025641025641
      40
0.653846153846154
      40
0.653846153846154
      40
0.653846153846154
      40
0.653846153846154
      40
0.666666666666667
      40
0.666666666666667
      40
0.666666666666667
      40
0.666666666666667
      40
0.67948717948718
      40
0.67948717948718
      40
0.67948717948718
      40
0.67948717948718
      40
0.692307692307692
      40
0.692307692307692
      40
0.692307692307692
      40
0.692307692307692
      40
0.705128205128205
      40
0.705128205128205
      40
0.705128205128205
      40
0.705128205128205
      40
0.717948717948718
      40
0.717948717948718
      40
0.717948717948718
      40
0.717948717948718
      40
0.730769230769231
      40
0.730769230769231
      40
0.730769230769231
      40
0.730769230769231
      40
0.743589743589744
      40
0.743589743589744
      40
0.743589743589744
      40
0.743589743589744
      40
0.756410256410256
      40
0.756410256410256
      40
0.756410256410256
      40
0.756410256410256
      40
0.769230769230769
      40
0.769230769230769
      40
0.769230769230769
      40
0.769230769230769
      40
0.782051282051282
      40
0.782051282051282
      40
0.782051282051282
      40
0.782051282051282
      40
0.794871794871795
      40
0.794871794871795
      40
0.794871794871795
      40
0.794871794871795
      40
0.807692307692308
      40
0.807692307692308
      40
0.807692307692308
      40
0.807692307692308
      40
0.82051282051282
      40
0.82051282051282
      40
0.82051282051282
      40
0.82051282051282
      40
0.833333333333333
      40
0.833333333333333
      40
0.833333333333333
      40
0.833333333333333
      40
0.846153846153846
      40
0.846153846153846
      40
0.846153846153846
      40
0.846153846153846
      40
0.858974358974359
      40
0.858974358974359
      40
0.858974358974359
      40
0.858974358974359
      40
0.871794871794872
      40
0.871794871794872
      40
0.871794871794872
      40
0.871794871794872
      40
0.884615384615385
      40
0.884615384615385
      40
0.884615384615385
      40
0.884615384615385
      40
0.897435897435897
      40
0.897435897435897
      40
0.897435897435897
      40
0.897435897435897
      40
0.91025641025641
      40
0.91025641025641
      40
0.91025641025641
      40
0.91025641025641
      40
0.923076923076923
      40
0.923076923076923
      40
0.923076923076923
      40
0.923076923076923
      40
0.935897435897436
      40
0.935897435897436
      40
0.935897435897436
      40
0.935897435897436
      40
0.948717948717949
      40
0.948717948717949
      40
0.948717948717949
      40
0.948717948717949
      40
0.961538461538462
      40
0.961538461538462
      40
0.961538461538462
      40
0.961538461538462
      40
0.974358974358974
      40
0.974358974358974
      40
0.974358974358974
      40
0.974358974358974
      40
0.987179487179487
      40
0.987179487179487
      40
0.987179487179487
      40
0.987179487179487
      40
1
      40
1
      40
1
      40
1
      10
16.4948640289
      20
-30.4284947488
      30
0
      10
14.9517283451333
      20
-30.4284947488
      30
0
      10
13.4085926613667
      20
-30.4284947488
      30
0
      10
11.8654569776
      20
-30.4284947488
      30
0
      10
11.8654569776
      20
-30.4284947488
      30
0
      10
11.4000456528333
      20
-32.1846379111667
      30
0
      10
10.9346343280667
      20
-33.9407810735333
      30
0
      10
10.4692230033
      20
-35.6969242359
      30
0
      10
10.4692230033
      20
-35.6969242359
      30
0
      10
11.0087529178161
      20
-35.8571806461677
      30
0
      10
11.5482828323322
      20
-36.0174370564353
      30
0
      10
12.0878127468483
      20
-36.177693466703
      30
0
      10
12.0878127468483
      20
-36.177693466703
      30
0
      10
12.1049486737628
      20
-36.1505432668651
      30
0
      10
12.1382167002782
      20
-36.0994627355083
      30
0
      10
12.1401564819363
      20
-36.0969086012577
      30
0
      10
12.1401564819363
      20
-36.0969086012577
      30
0
      10
12.1437413929587
      20
-36.091590749809
      30
0
      10
12.1473263039811
      20
-36.0862728983604
      30
0
      10
12.1509112150035
      20
-36.0809550469117
      30
0
      10
12.1509112150035
      20
-36.0809550469117
      30
0
      10
12.2263003598233
      20
-35.9693894666917
      30
0
      10
12.3184885497374
      20
-35.8690221662263
      30
0
      10
12.4228362309327
      20
-35.7837480014603
      30
0
      10
12.4228362309327
      20
-35.7837480014603
      30
0
      10
12.4775475303812
      20
-35.7389411006716
      30
0
      10
12.5368553563848
      20
-35.7001073876697
      30
0
      10
12.6003876732624
      20
-35.6691979677042
      30
0
      10
12.6003876732624
      20
-35.6691979677042
      30
0
      10
12.6696498989006
      20
-35.6354638346565
      30
0
      10
12.7413613620211
      20
-35.6060105596043
      30
0
      10
12.8161386254895
      20
-35.5875545875021
      30
0
      10
12.8161386254895
      20
-35.5875545875021
      30
0
      10
12.8910105324934
      20
-35.568774795294
      30
0
      10
12.9681336321488
      20
-35.5616783182389
      30
0
      10
13.044941288671
      20
-35.5583933032556
      30
0
      10
13.044941288671
      20
-35.5583933032556
      30
0
      10
13.0577627576361
      20
-35.5578288278235
      30
0
      10
13.0705842266011
      20
-35.5572643523915
      30
0
      10
13.0834056955662
      20
-35.5566998769594
      30
0
      10
13.0834056955662
      20
-35.5566998769594
      30
0
      10
13.1264087129038
      20
-35.5595579911059
      30
0
      10
13.1694117302414
      20
-35.5624161052525
      30
0
      10
13.2120072632365
      20
-35.5674703426915
      30
0
      10
13.2120072632365
      20
-35.5674703426915
      30
0
      10
13.2812114428711
      20
-35.5752241945418
      30
0
      10
13.3494061521245
      20
-35.5910307814795
      30
0
      10
13.4146217845668
      20
-35.6168262702792
      30
0
      10
13.4146217845668
      20
-35.6168262702792
      30
0
      10
13.5808538488292
      20
-35.6819966485142
      30
0
      10
13.7220907310631
      20
-35.7975335515711
      30
0
      10
13.8360117808963
      20
-35.9326507117218
      30
0
      10
13.8360117808963
      20
-35.9326507117218
      30
0
      10
13.8567515878257
      20
-35.9573259053954
      30
0
      10
13.8766211372317
      20
-35.9827353542708
      30
0
      10
13.8955852735724
      20
-36.0087955669176
      30
0
      10
13.8955852735724
      20
-36.0087955669176
      30
0
      10
13.9018042638763
      20
-36.0175551490161
      30
0
      10
13.9080232541802
      20
-36.0263147311147
      30
0
      10
13.9142422444841
      20
-36.0350743132132
      30
0
      10
13.9142422444841
      20
-36.0350743132132
      30
0
      10
14.0250221590838
      20
-36.193864242584
      30
0
      10
14.0982408602344
      20
-36.3766610645663
      30
0
      10
14.139613063501
      20
-36.565396095222
      30
0
      10
14.139613063501
      20
-36.565396095222
      30
0
      10
14.1703471393193
      20
-36.701874620919
      30
0
      10
14.1803372455583
      20
-36.8412728965236
      30
0
      10
14.184971574539
      20
-36.9806892913505
      30
0
      10
14.184971574539
      20
-36.9806892913505
      30
0
      10
14.1857049567617
      20
-37.0021532899722
      30
0
      10
14.1864383389845
      20
-37.023617288594
      30
0
      10
14.1871717212072
      20
-37.0450812872158
      30
0
      10
14.1871717212072
      20
-37.0450812872158
      30
0
      10
14.1868106224513
      20
-37.0743013524868
      30
0
      10
14.1864495236954
      20
-37.1035214177579
      30
0
      10
14.1860884249394
      20
-37.1327414830289
      30
0
      10
14.1860884249394
      20
-37.1327414830289
      30
0
      10
14.1857488042997
      20
-37.1473425081983
      30
0
      10
14.18540918366
      20
-37.1619435333676
      30
0
      10
14.1850695630203
      20
-37.176544558537
      30
0
      10
14.1850695630203
      20
-37.176544558537
      30
0
      10
14.1823643307231
      20
-37.2933279631821
      30
0
      10
14.1689242794463
      20
-37.4096663885609
      30
0
      10
14.1508917479901
      20
-37.5251440423469
      30
0
      10
14.1508917479901
      20
-37.5251440423469
      30
0
      10
14.1205476816124
      20
-37.7273657660221
      30
0
      10
14.0626086324098
      20
-37.9254740617887
      30
0
      10
13.9775775466388
      20
-38.111598801532
      30
0
      10
13.9775775466388
      20
-38.111598801532
      30
0
      10
13.9503002354503
      20
-38.1714205556721
      30
0
      10
13.9192335489135
      20
-38.2294261704592
      30
0
      10
13.8847940878342
      20
-38.285446079822
      30
0
      10
13.8847940878342
      20
-38.285446079822
      30
0
      10
13.8831265824457
      20
-38.2887010052879
      30
0
      10
13.8460644299711
      20
-38.3474261478684
      30
0
      10
13.8249231295201
      20
-38.3772421501054
      30
0
      10
13.8249231295201
      20
-38.3772421501054
      30
0
      10
13.7793132580735
      20
-38.4434378103192
      30
0
      10
13.7288850091704
      20
-38.5061566880326
      30
0
      10
13.6737789340443
      20
-38.5646757477641
      30
0
      10
13.6737789340443
      20
-38.5646757477641
      30
0
      10
13.6714847014577
      20
-38.5675225064781
      30
0
      10
13.6233617207582
      20
-38.6175910253753
      30
0
      10
13.5966078443474
      20
-38.6424890688976
      30
0
      10
13.5966078443474
      20
-38.6424890688976
      30
0
      10
13.4647850918727
      20
-38.7684051039733
      30
0
      10
13.3090286308072
      20
-38.8714579004501
      30
0
      10
13.1368717610477
      20
-38.9331997629495
      30
0
      10
13.1368717610477
      20
-38.9331997629495
      30
0
      10
13.0131619783182
      20
-38.9770792859097
      30
0
      10
12.8833664904861
      20
-39.0067822572124
      30
0
      10
12.752218511958
      20
-39.0143390181841
      30
0
      10
12.752218511958
      20
-39.0143390181841
      30
0
      10
12.7486064530568
      20
-39.0149196939746
      30
0
      10
12.6792682116966
      20
-39.0176596825746
      30
0
      10
12.6427005673611
      20
-39.0182383384979
      30
0
      10
12.6427005673611
      20
-39.0182383384979
      30
0
      10
12.6204568206921
      20
-39.0172369424857
      30
0
      10
12.5982130740231
      20
-39.0162355464736
      30
0
      10
12.5759693273541
      20
-39.0152341504615
      30
0
      10
12.5759693273541
      20
-39.0152341504615
      30
0
      10
12.5648587678232
      20
-39.0146280220188
      30
0
      10
12.5537482082924
      20
-39.0140218935761
      30
0
      10
12.5426376487615
      20
-39.0134157651335
      30
0
      10
12.5426376487615
      20
-39.0134157651335
      30
0
      10
12.531540665795
      20
-39.0126831201669
      30
0
      10
12.5204436828286
      20
-39.0119504752003
      30
0
      10
12.5093466998621
      20
-39.0112178302337
      30
0
      10
12.5093466998621
      20
-39.0112178302337
      30
0
      10
12.4982678189814
      20
-39.0103164965686
      30
0
      10
12.4871889381007
      20
-39.0094151629034
      30
0
      10
12.4761100572201
      20
-39.0085138292383
      30
0
      10
12.4761100572201
      20
-39.0085138292383
      30
0
      10
12.4483996642505
      20
-39.0063873604332
      30
0
      10
12.3960655149352
      20
-38.9993843810685
      30
0
      10
12.3933455114205
      20
-38.9987203863108
      30
0
      10
12.3933455114205
      20
-38.9987203863108
      30
0
      10
12.3878514905273
      20
-38.9978635973281
      30
0
      10
12.3823574696341
      20
-38.9970068083454
      30
0
      10
12.3768634487409
      20
-38.9961500193627
      30
0
      10
12.3768634487409
      20
-38.9961500193627
      30
0
      10
12.1352602796684
      20
-38.9560441118885
      30
0
      10
11.9038729967057
      20
-38.8557034120709
      30
0
      10
11.7095987961158
      20
-38.7068222306317
      30
0
      10
11.7095987961158
      20
-38.7068222306317
      30
0
      10
11.4970617761215
      20
-38.5439897376162
      30
0
      10
11.3213045667941
      20
-38.3391169424779
      30
0
      10
11.1655878664281
      20
-38.1228448494762
      30
0
      10
11.1655878664281
      20
-38.1228448494762
      30
0
      10
11.1265182887367
      20
-38.0687603165821
      30
0
      10
11.0884916171355
      20
-38.0139457682396
      30
0
      10
11.0508821079704
      20
-37.9588392137179
      30
0
      10
11.0508821079704
      20
-37.9588392137179
      30
0
      10
11.0383842310668
      20
-37.9404433246014
      30
0
      10
11.0258863541633
      20
-37.922047435485
      30
0
      10
11.0133884772597
      20
-37.9036515463685
      30
0
      10
11.0133884772597
      20
-37.9036515463685
      30
0
      10
11.0009369517379
      20
-37.885223212121
      30
0
      10
10.9884854262162
      20
-37.8667948778735
      30
0
      10
10.9760339006944
      20
-37.8483665436261
      30
0
      10
10.9760339007
      20
-37.8483665436
      30
0
      10
10.4224815502667
      20
-38.0954285094333
      30
0
      10
9.86892919983333
      20
-38.3424904752667
      30
0
      10
9.3153768494
      20
-38.5895524411
      30
0
      10
9.31537684941237
      20
-38.5895524410619
      30
0
      10
9.33461807768249
      20
-38.6270320233827
      30
0
      10
9.35385930595262
      20
-38.6645116057034
      30
0
      10
9.37310053422274
      20
-38.7019911880242
      30
0
      10
9.37310053422274
      20
-38.7019911880242
      30
0
      10
9.43109608091001
      20
-38.814251508467
      30
0
      10
9.49200635120522
      20
-38.9251340356355
      30
0
      10
9.55883810179591
      20
-39.032455488319
      30
0
      10
9.55883810179591
      20
-39.032455488319
      30
0
      10
9.69331013430546
      20
-39.2463872745912
      30
0
      10
9.84543536901102
      20
-39.4497955117637
      30
0
      10
10.0172328059335
      20
-39.6352843413831
      30
0
      10
10.0172328059335
      20
-39.6352843413831
      30
0
      10
10.218845881164
      20
-39.8501787171456
      30
0
      10
10.4450880356419
      20
-40.0439392917589
      30
0
      10
10.6978835176552
      20
-40.1963352672617
      30
0
      10
10.6978835176552
      20
-40.1963352672617
      30
0
      10
10.8964954160642
      20
-40.3154095553273
      30
0
      10
11.10439721906
      20
-40.420963361223
      30
0
      10
11.3244687666737
      20
-40.4944339645405
      30
0
      10
11.3244687666737
      20
-40.4944339645405
      30
0
      10
11.5243274674058
      20
-40.5608957035022
      30
0
      10
11.7293169834024
      20
-40.6128198694521
      30
0
      10
11.9376187424106
      20
-40.644543911531
      30
0
      10
11.9376187424106
      20
-40.644543911531
      30
0
      10
12.1251323542342
      20
-40.6741713152375
      30
0
      10
12.3149401932541
      20
-40.6829345896317
      30
0
      10
12.5044794135149
      20
-40.6849050051645
      30
0
      10
12.5044794135149
      20
-40.6849050051645
      30
0
      10
12.5967197868733
      20
-40.6820436921895
      30
0
      10
12.6889601602317
      20
-40.6791823792144
      30
0
      10
12.7810008394767
      20
-40.673323783211
      30
0
      10
12.7810008394767
      20
-40.673323783211
      30
0
      10
12.8883674968822
      20
-40.6666290831739
      30
0
      10
12.9955510580908
      20
-40.6549740640189
      30
0
      10
13.1018331456618
      20
-40.6375828489006
      30
0
      10
13.1018331456618
      20
-40.6375828489006
      30
0
      10
13.4200684331066
      20
-40.5839225817058
      30
0
      10
13.7319642888557
      20
-40.4858924295241
      30
0
      10
14.0200569362461
      20
-40.3398209197135
      30
0
      10
14.0200569362461
      20
-40.3398209197135
      30
0
      10
14.3753743036151
      20
-40.1562202538652
      30
0
      10
14.6966445281605
      20
-39.9076973708386
      30
0
      10
14.9665178404949
      20
-39.6127955997662
      30
0
      10
14.9665178404949
      20
-39.6127955997662
      30
0
      10
14.9870744865747
      20
-39.589909668121
      30
0
      10
15.0076311326545
      20
-39.5670237364759
      30
0
      10
15.0281877787343
      20
-39.5441378048307
      30
0
      10
15.0281877787343
      20
-39.5441378048307
      30
0
      10
15.0482038050412
      20
-39.5207827037456
      30
0
      10
15.068219831348
      20
-39.4974276026605
      30
0
      10
15.0882358576549
      20
-39.4740725015754
      30
0
      10
15.0882358576549
      20
-39.4740725015754
      30
0
      10
15.2562122486446
      20
-39.2737908263187
      30
0
      10
15.4026298795882
      20
-39.055076081735
      30
0
      10
15.5211203648727
      20
-38.8220280981609
      30
0
      10
15.5211203648727
      20
-38.8220280981609
      30
0
      10
15.5251621517358
      20
-38.8154692814444
      30
0
      10
15.5900199660744
      20
-38.6844778153172
      30
0
      10
15.6204244779114
      20
-38.613787343827
      30
0
      10
15.6204244779114
      20
-38.613787343827
      30
0
      10
15.6325910111311
      20
-38.585532775314
      30
0
      10
15.6447575443507
      20
-38.5572782068009
      30
0
      10
15.6569240775703
      20
-38.5290236382878
      30
0
      10
15.6569240775703
      20
-38.5290236382878
      30
0
      10
15.6983990424137
      20
-38.4296685723595
      30
0
      10
15.7356240432523
      20
-38.328591676109
      30
0
      10
15.767963582768
      20
-38.2259206366583
      30
0
      10
15.767963582768
      20
-38.2259206366583
      30
0
      10
15.7708828708939
      20
-38.2187890896985
      30
0
      10
15.8129253771943
      20
-38.0788226965773
      30
0
      10
15.8309756848395
      20
-38.0040183709677
      30
0
      10
15.8309756848395
      20
-38.0040183709677
      30
0
      10
15.9227526598172
      20
-37.6463736169755
      30
0
      10
15.9692804718822
      20
-37.2778154938496
      30
0
      10
15.9775059442426
      20
-36.9090416449358
      30
0
      10
15.9775059442426
      20
-36.9090416449358
      30
0
      10
15.9790184681881
      20
-36.8475505855249
      30
0
      10
15.9805309921335
      20
-36.7860595261139
      30
0
      10
15.982043516079
      20
-36.724568466703
      30
0
      10
15.982043516079
      20
-36.724568466703
      30
0
      10
15.9812574250422
      20
-36.6803626991267
      30
0
      10
15.9804713340053
      20
-36.6361569315504
      30
0
      10
15.9796852429684
      20
-36.5919511639741
      30
0
      10
15.9796852429684
      20
-36.5919511639741
      30
0
      10
15.979087753827
      20
-36.5698575894605
      30
0
      10
15.9784902646856
      20
-36.5477640149469
      30
0
      10
15.9778927755442
      20
-36.5256704404334
      30
0
      10
15.9778927755442
      20
-36.5256704404334
      30
0
      10
15.9696647075437
      20
-36.2163150626488
      30
0
      10
15.9216380292968
      20
-35.9082256827565
      30
0
      10
15.8389153115251
      20
-35.6099984917169
      30
0
      10
15.8389153115251
      20
-35.6099984917169
      30
0
      10
15.8089282841547
      20
-35.5036305770491
      30
0
      10
15.7715018492939
      20
-35.3993948840612
      30
0
      10
15.7278470200034
      20
-35.2977868973186
      30
0
      10
15.7278470200034
      20
-35.2977868973186
      30
0
      10
15.7188892318821
      20
-35.2775673919021
      30
0
      10
15.7099314437608
      20
-35.2573478864856
      30
0
      10
15.7009736556395
      20
-35.237128381069
      30
0
      10
15.7009736556395
      20
-35.237128381069
      30
0
      10
15.659605387558
      20
-35.1466224327081
      30
0
      10
15.6132782643578
      20
-35.0584087670336
      30
0
      10
15.5610915804294
      20
-34.9736743718568
      30
0
      10
15.5610915804294
      20
-34.9736743718568
      30
0
      10
15.3522558016013
      20
-34.635150562439
      30
0
      10
15.0551506142067
      20
-34.3498988444415
      30
0
      10
14.7040333949714
      20
-34.1620676888733
      30
0
      10
14.7040333949714
      20
-34.1620676888733
      30
0
      10
14.4008230213182
      20
-34.0012814846941
      30
0
      10
14.0607601344525
      20
-33.915384203732
      30
0
      10
13.7189223426122
      20
-33.8972008782648
      30
0
      10
13.7189223426122
      20
-33.8972008782648
      30
0
      10
13.6527362825699
      20
-33.8935101304556
      30
0
      10
13.5864203480424
      20
-33.8917716703741
      30
0
      10
13.5201044135149
      20
-33.8900332102927
      30
0
      10
13.5201044135149
      20
-33.8900332102927
      30
0
      10
13.4813166708655
      20
-33.8911371572916
      30
0
      10
13.442528928216
      20
-33.8922411042905
      30
0
      10
13.4037979947681
      20
-33.8939941071026
      30
0
      10
13.4037979947681
      20
-33.8939941071026
      30
0
      10
13.3360153112151
      20
-33.8969391149008
      30
0
      10
13.268422414103
      20
-33.9024184499415
      30
0
      10
13.2012769957973
      20
-33.9122935234144
      30
0
      10
13.2012769957973
      20
-33.9122935234144
      30
0
      10
13.1101883059829
      20
-33.9256441275812
      30
0
      10
13.0196719355229
      20
-33.944537417248
      30
0
      10
12.9307728268185
      20
-33.9685766499946
      30
0
      10
12.9307728268185
      20
-33.9685766499946
      30
0
      10
12.8605433522744
      20
-33.9875209571878
      30
0
      10
12.7918866957984
      20
-34.0113312532901
      30
0
      10
12.724363769682
      20
-34.0382531698274
      30
0
      10
12.724363769682
      20
-34.0382531698274
      30
0
      10
12.6883118849704
      20
-34.0525155963595
      30
0
      10
12.6524853928324
      20
-34.06742824948
      30
0
      10
12.6166589006944
      20
-34.0823409026004
      30
0
      10
12.6166589007
      20
-34.0823409026
      30
0
      10
12.8356759947
      20
-33.4199477402
      30
0
      10
13.0546930887
      20
-32.7575545778
      30
0
      10
13.2737101827
      20
-32.0951614154
      30
0
      10
13.2737101827
      20
-32.0951614154
      30
0
      10
14.3046930887
      20
-32.0951614154
      30
0
      10
15.3356759947
      20
-32.0951614154
      30
0
      10
16.3666589007
      20
-32.0951614154
      30
0
      10
16.3666589007
      20
-32.0951614154
      30
0
      10
16.4093939434333
      20
-31.5396058598667
      30
0
      10
16.4521289861667
      20
-30.9840503043333
      30
0
      10
16.4948640289
      20
-30.4284947488
      30
0
    1001
FS_CYPCUT
    1000
Channel
    1070
1
    1000
LeadIn
    1002
{
    1070
3
    1040
1.5
    1040
1.5707963267949
    1040
0.5
    1040
0.3
    1070
0
    1040
0.5
    1070
0
    1002
}
    1000
LeadOut
    1002
{
    1070
0
    1040
0
    1040
0.523598775598299
    1040
3
    1070
0
    1002
}
    1000
IsFill
    1070
0
    1000
PathStart
    1040
1.5
    1000
ToolCompensation
    1002
{
    1070
0
    1040
0
    1070
0
    1002
}
       0
SPLINE
       5
200B
     100
AcDbEntity
       8
1
     100
AcDbSpline
      70
0
      71
3
      72
52
      73
48
      74
0
      40
0
      40
0
      40
0
      40
0
      40
0.0833333333333333
      40
0.0833333333333333
      40
0.0833333333333333
      40
0.0833333333333333
      40
0.166666666666667
      40
0.166666666666667
      40
0.166666666666667
      40
0.166666666666667
      40
0.25
      40
0.25
      40
0.25
      40
0.25
      40
0.333333333333333
      40
0.333333333333333
      40
0.333333333333333
      40
0.333333333333333
      40
0.416666666666667
      40
0.416666666666667
      40
0.416666666666667
      40
0.416666666666667
      40
0.5
      40
0.5
      40
0.5
      40
0.5
      40
0.583333333333333
      40
0.583333333333333
      40
0.583333333333333
      40
0.583333333333333
      40
0.666666666666667
      40
0.666666666666667
      40
0.666666666666667
      40
0.666666666666667
      40
0.75
      40
0.75
      40
0.75
      40
0.75
      40
0.833333333333333
      40
0.833333333333333
      40
0.833333333333333
      40
0.833333333333333
      40
0.916666666666667
      40
0.916666666666667
      40
0.916666666666667
      40
0.916666666666667
      40
1
      40
1
      40
1
      40
1
      10
14.4979855993
      20
-10.0420978704
      30
0
      10
14.4979855993
      20
-14.3375634965333
      30
0
      10
14.4979855993
      20
-18.6330291226667
      30
0
      10
14.4979855993
      20
-22.9284947488
      30
0
      10
14.4979855993
      20
-22.9284947488
      30
0
      10
13.3082449721667
      20
-22.9284947488
      30
0
      10
12.1185043450333
      20
-22.9284947488
      30
0
      10
10.9287637179
      20
-22.9284947488
      30
0
      10
10.9287637179
      20
-22.9284947488
      30
0
      10
10.9287637177802
      20
-21.466168839366
      30
0
      10
10.9287637176603
      20
-20.0038429299321
      30
0
      10
10.9287637175405
      20
-18.5415170204981
      30
0
      10
10.9287637175405
      20
-18.5415170204981
      30
0
      10
9.64035786072548
      20
-19.9953729795503
      30
0
      10
8.0862469556283
      20
-21.1488757222275
      30
0
      10
6.42115952741086
      20
-21.8871815925466
      30
0
      10
6.4211595277
      20
-21.8871815927
      30
0
      10
6.4211595277
      20
-20.3341424185
      30
0
      10
6.4211595277
      20
-18.7811032443
      30
0
      10
6.4211595277
      20
-17.2280640701
      30
0
      10
6.4211595276732
      20
-17.228064070127
      30
0
      10
7.61826754407288
      20
-16.4368715580514
      30
0
      10
8.68063896429991
      20
-15.3131315788072
      30
0
      10
9.40819441847916
      20
-14.0681166578421
      30
0
      10
9.40819441847916
      20
-14.0681166578421
      30
0
      10
10.1650794552978
      20
-12.7845575720085
      30
0
      10
10.5573830832775
      20
-11.3820956279534
      30
0
      10
10.5371156572367
      20
-10.149089247709
      30
0
      10
10.5371156572367
      20
-10.149089247709
      30
0
      10
10.5214972574609
      20
-8.91109755675638
      30
0
      10
10.1094753351937
      20
-7.86064445172719
      30
0
      10
9.4127030392032
      20
-7.13190396777753
      30
0
      10
9.4127030392032
      20
-7.13190396777753
      30
0
      10
8.69668258825016
      20
-6.37784210720654
      30
0
      10
7.65774751290063
      20
-5.93742995943549
      30
0
      10
6.42115952767326
      20
-5.91937010964269
      30
0
      10
6.42115952767326
      20
-5.91937010964269
      30
0
      10
6.42115952768217
      20
-4.62646024209513
      30
0
      10
6.42115952769109
      20
-3.33355037454756
      30
0
      10
6.4211595277
      20
-2.040640507
      30
0
      10
6.42115952786259
      20
-2.04064050716729
      30
0
      10
8.68967393961896
      20
-1.91163488303591
      30
0
      10
10.7403312689013
      20
-2.64136658575662
      30
0
      10
12.2151876294462
      20
-4.10246035966301
      30
0
      10
12.2151876294462
      20
-4.10246035966301
      30
0
      10
13.6900439899911
      20
-5.56355413356941
      30
0
      10
14.4979855991039
      20
-7.66574642203767
      30
0
      10
14.4979855990498
      20
-10.0420978702265
      30
0
    1001
FS_CYPCUT
    1000
Channel
    1070
1
    1000
LeadIn
    1002
{
    1070
3
    1040
0.5
    1040
1.5707963267949
    1040
0.5
    1040
0.3
    1070
0
    1040
0.5
    1070
0
    1002
}
    1000
LeadOut
    1002
{
    1070
0
    1040
0
    1040
0.523598775598299
    1040
3
    1070
0
    1002
}
    1000
IsFill
    1070
0
    1000
PathStart
    1040
0.5
    1000
ToolCompensation
    1002
{
    1070
0
    1040
0
    1070
0
    1002
}
       0
SPLINE
       5
200C
     100
AcDbEntity
       8
1
     100
AcDbSpline
      70
0
      71
3
      72
52
      73
48
      74
0
      40
0
      40
0
      40
0
      40
0
      40
0.0833333333333333
      40
0.0833333333333333
      40
0.0833333333333333
      40
0.0833333333333333
      40
0.166666666666667
      40
0.166666666666667
      40
0.166666666666667
      40
0.166666666666667
      40
0.25
      40
0.25
      40
0.25
      40
0.25
      40
0.333333333333333
      40
0.333333333333333
      40
0.333333333333333
      40
0.333333333333333
      40
0.416666666666667
      40
0.416666666666667
      40
0.416666666666667
      40
0.416666666666667
      40
0.5
      40
0.5
      40
0.5
      40
0.5
      40
0.583333333333333
      40
0.583333333333333
      40
0.583333333333333
      40
0.583333333333333
      40
0.666666666666667
      40
0.666666666666667
      40
0.666666666666667
      40
0.666666666666667
      40
0.75
      40
0.75
      40
0.75
      40
0.75
      40
0.833333333333333
      40
0.833333333333333
      40
0.833333333333333
      40
0.833333333333333
      40
0.916666666666667
      40
0.916666666666667
      40
0.916666666666667
      40
0.916666666666667
      40
1
      40
1
      40
1
      40
1
      10
4.92115952789783
      20
-2.41392036148791
      30
0
      10
2.82723557236265
      20
-2.86584285846863
      30
0
      10
0.766902516234391
      20
-4.00821654497744
      30
0
      10
-0.951078524656741
      20
-5.66984551989904
      30
0
      10
-0.951078524656741
      20
-5.66984551989904
      30
0
      10
-2.66905956554787
      20
-7.33147449482064
      30
0
      10
-3.95435748772592
      20
-9.42499063516664
      30
0
      10
-4.61435779158581
      20
-11.6366600144832
      30
0
      10
-4.61435779158581
      20
-11.6366600144832
      30
0
      10
-5.27435809544569
      20
-13.8483293937997
      30
0
      10
-5.27435809549608
      20
-16.0618628733813
      30
0
      10
-4.6143577917294
      20
-17.9455407513815
      30
0
      10
-4.6143577917294
      20
-17.9455407513815
      30
0
      10
-3.95435748796273
      20
-19.8292186293817
      30
0
      10
-2.66905956586544
      20
-21.2839974953885
      30
0
      10
-0.95107852503052
      20
-22.0918644681261
      30
0
      10
-0.95107852503052
      20
-22.0918644681261
      30
0
      10
0.766902515804404
      20
-22.8997314408636
      30
0
      10
2.82723557190397
      20
-23.018209034625
      30
0
      10
4.92115952744225
      20
-22.4295422199786
      30
0
      10
4.9211595277
      20
-22.4295422202
      30
0
      10
4.9211595277
      20
-20.9620612667667
      30
0
      10
4.9211595277
      20
-19.4945803133333
      30
0
      10
4.9211595277
      20
-18.0270993599
      30
0
      10
4.92115952767304
      20
-18.0270993598633
      30
0
      10
3.56448253951989
      20
-18.5854681021519
      30
0
      10
2.19587224670828
      20
-18.6904883334213
      30
0
      10
1.10165154814619
      20
-18.3787357137119
      30
0
      10
1.10165154814619
      20
-18.3787357137119
      30
0
      10
-0.346734122257943
      20
-17.9711757386405
      30
0
      10
-1.34798541141953
      20
-16.8879056459312
      30
0
      10
-1.67400891748611
      20
-15.3352175647469
      30
0
      10
-1.67400891748611
      20
-15.3352175647469
      30
0
      10
-1.92237850204702
      20
-14.1649552841449
      30
0
      10
-1.74631879356201
      20
-12.7310799294325
      30
0
      10
-1.13475453949523
      20
-11.344680836434
      30
0
      10
-1.13475453949523
      20
-11.344680836434
      30
0
      10
-0.483769559495545
      20
-9.84635886724623
      30
0
      10
0.670245476702056
      20
-8.42646735436597
      30
0
      10
2.0419098926107
      20
-7.44465792087906
      30
0
      10
2.0419098926107
      20
-7.44465792087906
      30
0
      10
2.95354266463736
      20
-6.7867505952413
      30
0
      10
3.95372060046183
      20
-6.32116168263582
      30
0
      10
4.92115952767343
      20
-6.0920703788296
      30
0
      10
4.92115952767343
      20
-6.0920703788296
      30
0
      10
4.92115952768228
      20
-4.8660203729864
      30
0
      10
4.92115952769114
      20
-3.6399703671432
      30
0
      10
4.9211595277
      20
-2.4139203613
      30
0
    1001
FS_CYPCUT
    1000
Channel
    1070
1
    1000
LeadIn
    1002
{
    1070
3
    1040
1.5
    1040
1.5707963267949
    1040
0.5
    1040
0.3
    1070
0
    1040
0.5
    1070
0
    1002
}
    1000
LeadOut
    1002
{
    1070
0
    1040
0
    1040
0.523598775598299
    1040
3
    1070
0
    1002
}
    1000
IsFill
    1070
0
    1000
PathStart
    1040
1.5
    1000
ToolCompensation
    1002
{
    1070
0
    1040
0
    1070
0
    1002
}
       0
LWPOLYLINE
       5
200D
     100
AcDbEntity
       8
1
     100
AcDbPolyline
      90
12
      70
1
      10
-5.889432212
      20
-7.0025359784
      42
0
      10
-5.889432212
      20
-10.1525359784
      42
0
      10
-13.9259530192
      20
-10.1525359784
      42
0
      10
-15.266342077
      20
-17.7542600731
      42
0.466307658154996
      10
-13.715269866
      20
-19.6027559530001
      42
0
      10
-8.8365711354
      20
-19.602755953
      42
0
      10
-8.8365711354
      20
-22.9284947488
      42
0
      10
-13.715269866
      20
-22.9284947488
      42
-0.386919480650048
      10
-18.5943370161396
      20
-18.4881302454253
      42
0
      10
-15.7359718735
      20
-2.2775359784
      42
0
      10
-12.5373780461
      20
-2.2775359784
      42
0
      10
-13.3705230299
      20
-7.0025359784
      42
0
    1001
FS_CYPCUT
    1000
Channel
    1070
1
    1000
LeadIn
    1002
{
    1070
3
    1040
8.5
    1040
1.5707963267949
    1040
0.5
    1040
0.3
    1070
0
    1040
0.5
    1070
0
    1002
}
    1000
LeadOut
    1002
{
    1070
0
    1040
0
    1040
0.523598775598299
    1040
3
    1070
0
    1002
}
    1000
IsFill
    1070
0
    1000
PathStart
    1040
8.5
    1000
ToolCompensation
    1002
{
    1070
0
    1040
0
    1070
0
    1002
}
       0
LWPOLYLINE
       5
200E
     100
AcDbEntity
       8
1
     100
AcDbPolyline
      90
12
      70
1
      10
-20.4612222254
      20
-2.2775359784
      42
0
      10
-20.4612222254
      20
-5.4275359784
      42
0
      10
-29.5955176464
      20
-5.42753597840002
      42
0.761737062257186
      10
-30.8055208896
      20
-9.8191486913
      42
0
      10
-27.5053937149399
      20
-11.7870850011298
      42
-0.865240744487557
      10
-29.1237222254
      20
-22.9284947488039
      42
0
      10
-39.7078897822
      20
-22.9284947488
      42
0
      10
-39.7078897822
      20
-19.602755953
      42
0
      10
-31.2326186268
      20
-19.602755953
      42
0.735169300966691
      10
-29.887313910521
      20
-15.298205111658
      42
0
      10
-34.1844341202
      20
-12.3214879415
      42
-0.73516930096669
      10
-31.0453897822
      20
-2.2775359784
      42
0
    1001
FS_CYPCUT
    1000
Channel
    1070
1
    1000
LeadIn
    1002
{
    1070
3
    1040
4.5
    1040
1.5707963267949
    1040
0.5
    1040
0.3
    1070
0
    1040
0.5
    1070
0
    1002
}
    1000
LeadOut
    1002
{
    1070
0
    1040
0
    1040
0.523598775598299
    1040
3
    1070
0
    1002
}
    1000
IsFill
    1070
0
    1000
PathStart
    1040
4.5
    1000
ToolCompensation
    1002
{
    1070
0
    1040
0
    1070
0
    1002
}
       0
SPLINE
       5
200F
     100
AcDbEntity
       8
1
     100
AcDbSpline
      70
0
      71
3
      72
36
      73
32
      74
0
      40
0
      40
0
      40
0
      40
0
      40
0.125
      40
0.125
      40
0.125
      40
0.125
      40
0.25
      40
0.25
      40
0.25
      40
0.25
      40
0.375
      40
0.375
      40
0.375
      40
0.375
      40
0.5
      40
0.5
      40
0.5
      40
0.5
      40
0.625
      40
0.625
      40
0.625
      40
0.625
      40
0.75
      40
0.75
      40
0.75
      40
0.75
      40
0.875
      40
0.875
      40
0.875
      40
0.875
      40
1
      40
1
      40
1
      40
1
      10
35.1099110245853
      20
2.54672522590518
      30
0
      10
40.6994071641097
      20
11.4648266628205
      30
0
      10
40.8847811486785
      20
19.7207264045959
      30
0
      10
35.6256815428056
      20
25.5173146432605
      30
0
      10
35.6256815428056
      20
25.5173146432605
      30
0
      10
30.3665819369326
      20
31.313902881925
      30
0
      10
20.0744557135749
      20
34.1976820869103
      30
0
      10
6.98964996504033
      20
33.5409232334707
      30
0
      10
6.98964996504033
      20
33.5409232334707
      30
0
      10
-6.09515578349428
      20
32.884164380031
      30
0
      10
-20.9489480069822
      20
28.7382491613196
      30
0
      10
-34.3384151918012
      20
22.0056431032756
      30
0
      10
-34.3384151918012
      20
22.0056431032756
      30
0
      10
-47.7278823766203
      20
15.2730370452315
      30
0
      10
-58.6054962088838
      20
6.48046726661892
      30
0
      10
-64.6034630965299
      20
-2.45813633023329
      30
0
      10
-64.6034630960715
      20
-2.45813633174716
      30
0
      10
-57.8718122984625
      20
3.85217372682591
      30
0
      10
-47.449895455582
      20
9.80407065781847
      30
0
      10
-35.2039066100615
      20
14.3317817475899
      30
0
      10
-35.2039066100615
      20
14.3317817475899
      30
0
      10
-22.957917764541
      20
18.8594928373613
      30
0
      10
-9.66519488202326
      20
21.6756128161584
      30
0
      10
2.29400890098251
      20
22.2758749154973
      30
0
      10
2.29400890098251
      20
22.2758749154973
      30
0
      10
14.2532126839883
      20
22.8761370148362
      30
0
      10
24.1197636416017
      20
21.2224384301955
      30
0
      10
30.1269139772314
      20
17.6108976677474
      30
0
      10
30.1269139772314
      20
17.6108976677474
      30
0
      10
36.1340643128612
      20
13.9993569052993
      30
0
      10
37.9004984724827
      20
8.65922354092798
      30
0
      10
35.1099110244671
      20
2.54672522657958
      30
0
    1001
FS_CYPCUT
    1000
Channel
    1070
1
    1000
LeadIn
    1002
{
    1070
3
    1040
2.5
    1040
1.5707963267949
    1040
0.5
    1040
0.3
    1070
0
    1040
0.5
    1070
0
    1002
}
    1000
LeadOut
    1002
{
    1070
0
    1040
0
    1040
0.523598775598299
    1040
3
    1070
0
    1002
}
    1000
IsFill
    1070
0
    1000
PathStart
    1040
2.5
    1000
ToolCompensation
    1002
{
    1070
0
    1040
0
    1070
0
    1002
}
       0
LWPOLYLINE
       5
2010
     100
AcDbEntity
       8
1
     100
AcDbPolyline
      90
4
      70
1
      10
36.6782204471
      20
-2.4532747742
      42
0
      10
36.1227904579
      20
-5.6032747742
      42
0
      10
32.9241966305
      20
-5.6032747742
      42
0
      10
33.4796266197
      20
-2.4532747742
      42
0
    1001
FS_CYPCUT
    1000
Channel
    1070
1
    1000
LeadIn
    1002
{
    1070
3
    1040
0.5
    1040
1.5707963267949
    1040
0.5
    1040
0.3
    1070
0
    1040
0.5
    1070
0
    1002
}
    1000
LeadOut
    1002
{
    1070
0
    1040
0
    1040
0.523598775598299
    1040
3
    1070
0
    1002
}
    1000
IsFill
    1070
0
    1000
PathStart
    1040
0.5
    1000
ToolCompensation
    1002
{
    1070
0
    1040
0
    1070
0
    1002
}
       0
LWPOLYLINE
       5
2011
     100
AcDbEntity
       8
1
     100
AcDbPolyline
      90
4
      70
1
      10
35.8450754633
      20
-7.1782747742
      42
0
      10
32.6464816358
      20
-7.1782747742
      42
0
      10
29.8692929022
      20
-22.9284947488
      42
0
      10
33.0678867297
      20
-22.9284947488
      42
0
    1001
FS_CYPCUT
    1000
Channel
    1070
1
    1000
LeadIn
    1002
{
    1070
3
    1040
1.5
    1040
1.5707963267949
    1040
0.5
    1040
0.3
    1070
0
    1040
0.5
    1070
0
    1002
}
    1000
LeadOut
    1002
{
    1070
0
    1040
0
    1040
0.523598775598299
    1040
3
    1070
0
    1002
}
    1000
IsFill
    1070
0
    1000
PathStart
    1040
1.5
    1000
ToolCompensation
    1002
{
    1070
0
    1040
0
    1070
0
    1002
}
       0
LWPOLYLINE
       5
2012
     100
AcDbEntity
       8
1
     100
AcDbPolyline
      90
12
      70
1
      10
28.7853637591
      20
-7.0025359784
      42
0
      10
28.7853637591
      20
-10.1525359784
      42
0
      10
20.7488429519
      20
-10.1525359784
      42
0
      10
19.4084538941057
      20
-17.7542600731746
      42
0.466307658155
      10
20.9595261051
      20
-19.6027559530001
      42
0
      10
25.8382248357
      20
-19.602755953
      42
0
      10
25.8382248357
      20
-22.9284947488
      42
0
      10
20.9595261051
      20
-22.9284947488038
      42
-0.386919480650047
      10
16.0804589549
      20
-18.4881302454
      42
0
      10
18.9388240975
      20
-2.2775359784
      42
0
      10
22.137417925
      20
-2.2775359784
      42
0
      10
21.3042729411
      20
-7.0025359784
      42
0
    1001
FS_CYPCUT
    1000
Channel
    1070
1
    1000
LeadIn
    1002
{
    1070
3
    1040
8.5
    1040
1.5707963267949
    1040
0.5
    1040
0.3
    1070
0
    1040
0.5
    1070
0
    1002
}
    1000
LeadOut
    1002
{
    1070
0
    1040
0
    1040
0.523598775598299
    1040
3
    1070
0
    1002
}
    1000
IsFill
    1070
0
    1000
PathStart
    1040
8.5
    1000
ToolCompensation
    1002
{
    1070
0
    1040
0
    1070
0
    1002
}
       0
SPLINE
       5
2013
     100
AcDbEntity
       8
1
     100
AcDbSpline
      70
0
      71
3
      72
60
      73
56
      74
0
      40
0
      40
0
      40
0
      40
0
      40
0.0714285714285714
      40
0.0714285714285714
      40
0.0714285714285714
      40
0.0714285714285714
      40
0.142857142857143
      40
0.142857142857143
      40
0.142857142857143
      40
0.142857142857143
      40
0.214285714285714
      40
0.214285714285714
      40
0.214285714285714
      40
0.214285714285714
      40
0.285714285714286
      40
0.285714285714286
      40
0.285714285714286
      40
0.285714285714286
      40
0.357142857142857
      40
0.357142857142857
      40
0.357142857142857
      40
0.357142857142857
      40
0.428571428571429
      40
0.428571428571429
      40
0.428571428571429
      40
0.428571428571429
      40
0.5
      40
0.5
      40
0.5
      40
0.5
      40
0.571428571428571
      40
0.571428571428571
      40
0.571428571428571
      40
0.571428571428571
      40
0.642857142857143
      40
0.642857142857143
      40
0.642857142857143
      40
0.642857142857143
      40
0.714285714285714
      40
0.714285714285714
      40
0.714285714285714
      40
0.714285714285714
      40
0.785714285714286
      40
0.785714285714286
      40
0.785714285714286
      40
0.785714285714286
      40
0.857142857142857
      40
0.857142857142857
      40
0.857142857142857
      40
0.857142857142857
      40
0.928571428571429
      40
0.928571428571429
      40
0.928571428571429
      40
0.928571428571429
      40
1
      40
1
      40
1
      40
1
      10
56.4894318978
      20
-2.2775359784
      30
0
      10
56.4894318978
      20
-3.3275359784
      30
0
      10
56.4894318978
      20
-4.3775359784
      30
0
      10
56.4894318978
      20
-5.4275359784
      30
0
      10
56.4894318978
      20
-5.4275359784
      30
0
      10
54.0723168407012
      20
-5.42753597840579
      30
0
      10
51.6552017836023
      20
-5.42753597841158
      30
0
      10
49.2380867265035
      20
-5.42753597841737
      30
0
      10
49.2380867265035
      20
-5.42753597841737
      30
0
      10
47.9107819510003
      20
-5.57366529002439
      30
0
      10
46.468168661268
      20
-6.14208536856407
      30
0
      10
45.1756432891155
      20
-7.05814912923182
      30
0
      10
45.1756432891155
      20
-7.05814912923182
      30
0
      10
43.5797556813756
      20
-8.17756575916953
      30
0
      10
42.23402250303
      20
-9.82100286843215
      30
0
      10
41.4845815017545
      20
-11.5562612753284
      30
0
      10
41.4845815017545
      20
-11.5562612753284
      30
0
      10
40.7951516463812
      20
-13.1275841603239
      30
0
      10
40.5992105913728
      20
-14.7511226795201
      30
0
      10
40.8832363368821
      20
-16.0754208707197
      30
0
      10
40.8832363368821
      20
-16.0754208707197
      30
0
      10
41.2826490699123
      20
-17.9568728462587
      30
0
      10
42.557931245094
      20
-19.2294782612084
      30
0
      10
44.392699966692
      20
-19.6027559529507
      30
0
      10
44.3926999667
      20
-19.602755953
      30
0
      10
47.3300072678
      20
-19.602755953
      30
0
      10
50.2673145689
      20
-19.602755953
      30
0
      10
53.20462187
      20
-19.602755953
      30
0
      10
53.20462187
      20
-19.602755953
      30
0
      10
53.20462187
      20
-20.7113355516
      30
0
      10
53.20462187
      20
-21.8199151502
      30
0
      10
53.20462187
      20
-22.9284947488
      30
0
      10
53.20462187
      20
-22.9284947488
      30
0
      10
50.0462408902871
      20
-22.9284947487389
      30
0
      10
46.8878599105742
      20
-22.9284947486779
      30
0
      10
43.7294789308613
      20
-22.9284947486168
      30
0
      10
43.7294789308613
      20
-22.9284947486168
      30
0
      10
41.4805281182504
      20
-22.8816777820859
      30
0
      10
39.5960526238062
      20
-21.8884762635868
      30
0
      10
38.4397623923687
      20
-20.1405813403769
      30
0
      10
38.4397623923687
      20
-20.1405813403769
      30
0
      10
37.2834721609312
      20
-18.392686417167
      30
0
      10
36.9348713120945
      20
-16.0102797211883
      30
0
      10
37.4612409518614
      20
-13.4531735506294
      30
0
      10
37.4612409518614
      20
-13.4531735506294
      30
0
      10
37.9876105916284
      20
-10.8960673800706
      30
0
      10
39.35275863461
      20
-8.34008305493553
      30
0
      10
41.2932070356552
      20
-6.27853392456063
      30
0
      10
41.2932070356552
      20
-6.27853392456063
      30
0
      10
43.2336554367004
      20
-4.21698479418572
      30
0
      10
45.6159829858495
      20
-2.79161870366576
      30
0
      10
47.9803926605113
      20
-2.27753597862884
      30
0
      10
47.9803926603
      20
-2.2775359784
      30
0
      10
50.8167390728
      20
-2.2775359784
      30
0
      10
53.6530854853
      20
-2.2775359784
      30
0
      10
56.4894318978
      20
-2.2775359784
      30
0
    1001
FS_CYPCUT
    1000
Channel
    1070
1
    1000
LeadIn
    1002
{
    1070
3
    1040
8.5
    1040
1.5707963267949
    1040
0.5
    1040
0.3
    1070
0
    1040
0.5
    1070
0
    1002
}
    1000
LeadOut
    1002
{
    1070
0
    1040
0
    1040
0.523598775598299
    1040
3
    1070
0
    1002
}
    1000
IsFill
    1070
0
    1000
PathStart
    1040
8.5
    1000
ToolCompensation
    1002
{
    1070
0
    1040
0
    1070
0
    1002
}
       0
LWPOLYLINE
       5
2014
     100
AcDbEntity
       8
1
     100
AcDbPolyline
      90
16
      70
1
      10
50.9139345417
      20
-36.9669562872
      42
0
      10
49.934367234
      20
-36.9669562872
      42
0
      10
50.871867234
      20
-30.1720844923
      42
0
      10
49.1310819776
      20
-30.1720844923
      42
0
      10
43.8025563366
      20
-36.8988473129
      42
0
      10
43.6743512084
      20
-38.6336229539
      42
0
      10
46.8877641342
      20
-38.6336229539
      42
0
      10
47.1161295188
      20
-36.9669562872
      42
0
      10
45.6755531315
      20
-36.9669562872
      42
0
      10
48.6422999263
      20
-33.2209626975
      42
0
      10
48.1254730033
      20
-36.9669562872
      42
0
      10
47.8971076186
      20
-38.6336229539
      42
0
      10
47.6487101827
      20
-40.4284947488
      42
0
      10
49.4576044135
      20
-40.4284947488
      42
0
      10
49.7060018494
      20
-38.6336229539
      42
0
      10
50.6975883879
      20
-38.6336229539
      42
0
    1001
FS_CYPCUT
    1000
Channel
    1070
1
    1000
LeadIn
    1002
{
    1070
3
    1040
3.5
    1040
1.5707963267949
    1040
0.5
    1040
0.3
    1070
0
    1040
0.5
    1070
0
    1002
}
    1000
LeadOut
    1002
{
    1070
0
    1040
0
    1040
0.523598775598299
    1040
3
    1070
0
    1002
}
    1000
IsFill
    1070
0
    1000
PathStart
    1040
3.5
    1000
ToolCompensation
    1002
{
    1070
0
    1040
0
    1070
0
    1002
}
       0
SPLINE
       5
2015
     100
AcDbEntity
       8
1
     100
AcDbSpline
      70
0
      71
3
      72
316
      73
312
      74
0
      40
0
      40
0
      40
0
      40
0
      40
0.0128205128205128
      40
0.0128205128205128
      40
0.0128205128205128
      40
0.0128205128205128
      40
0.0256410256410256
      40
0.0256410256410256
      40
0.0256410256410256
      40
0.0256410256410256
      40
0.0384615384615385
      40
0.0384615384615385
      40
0.0384615384615385
      40
0.0384615384615385
      40
0.0512820512820513
      40
0.0512820512820513
      40
0.0512820512820513
      40
0.0512820512820513
      40
0.0641025641025641
      40
0.0641025641025641
      40
0.0641025641025641
      40
0.0641025641025641
      40
0.0769230769230769
      40
0.0769230769230769
      40
0.0769230769230769
      40
0.0769230769230769
      40
0.0897435897435897
      40
0.0897435897435897
      40
0.0897435897435897
      40
0.0897435897435897
      40
0.102564102564103
      40
0.102564102564103
      40
0.102564102564103
      40
0.102564102564103
      40
0.115384615384615
      40
0.115384615384615
      40
0.115384615384615
      40
0.115384615384615
      40
0.128205128205128
      40
0.128205128205128
      40
0.128205128205128
      40
0.128205128205128
      40
0.141025641025641
      40
0.141025641025641
      40
0.141025641025641
      40
0.141025641025641
      40
0.153846153846154
      40
0.153846153846154
      40
0.153846153846154
      40
0.153846153846154
      40
0.166666666666667
      40
0.166666666666667
      40
0.166666666666667
      40
0.166666666666667
      40
0.179487179487179
      40
0.179487179487179
      40
0.179487179487179
      40
0.179487179487179
      40
0.192307692307692
      40
0.192307692307692
      40
0.192307692307692
      40
0.192307692307692
      40
0.205128205128205
      40
0.205128205128205
      40
0.205128205128205
      40
0.205128205128205
      40
0.217948717948718
      40
0.217948717948718
      40
0.217948717948718
      40
0.217948717948718
      40
0.230769230769231
      40
0.230769230769231
      40
0.230769230769231
      40
0.230769230769231
      40
0.243589743589744
      40
0.243589743589744
      40
0.243589743589744
      40
0.243589743589744
      40
0.256410256410256
      40
0.256410256410256
      40
0.256410256410256
      40
0.256410256410256
      40
0.269230769230769
      40
0.269230769230769
      40
0.269230769230769
      40
0.269230769230769
      40
0.282051282051282
      40
0.282051282051282
      40
0.282051282051282
      40
0.282051282051282
      40
0.294871794871795
      40
0.294871794871795
      40
0.294871794871795
      40
0.294871794871795
      40
0.307692307692308
      40
0.307692307692308
      40
0.307692307692308
      40
0.307692307692308
      40
0.320512820512821
      40
0.320512820512821
      40
0.320512820512821
      40
0.320512820512821
      40
0.333333333333333
      40
0.333333333333333
      40
0.333333333333333
      40
0.333333333333333
      40
0.346153846153846
      40
0.346153846153846
      40
0.346153846153846
      40
0.346153846153846
      40
0.358974358974359
      40
0.358974358974359
      40
0.358974358974359
      40
0.358974358974359
      40
0.371794871794872
      40
0.371794871794872
      40
0.371794871794872
      40
0.371794871794872
      40
0.384615384615385
      40
0.384615384615385
      40
0.384615384615385
      40
0.384615384615385
      40
0.397435897435897
      40
0.397435897435897
      40
0.397435897435897
      40
0.397435897435897
      40
0.41025641025641
      40
0.41025641025641
      40
0.41025641025641
      40
0.41025641025641
      40
0.423076923076923
      40
0.423076923076923
      40
0.423076923076923
      40
0.423076923076923
      40
0.435897435897436
      40
0.435897435897436
      40
0.435897435897436
      40
0.435897435897436
      40
0.448717948717949
      40
0.448717948717949
      40
0.448717948717949
      40
0.448717948717949
      40
0.461538461538462
      40
0.461538461538462
      40
0.461538461538462
      40
0.461538461538462
      40
0.474358974358974
      40
0.474358974358974
      40
0.474358974358974
      40
0.474358974358974
      40
0.487179487179487
      40
0.487179487179487
      40
0.487179487179487
      40
0.487179487179487
      40
0.5
      40
0.5
      40
0.5
      40
0.5
      40
0.512820512820513
      40
0.512820512820513
      40
0.512820512820513
      40
0.512820512820513
      40
0.525641025641026
      40
0.525641025641026
      40
0.525641025641026
      40
0.525641025641026
      40
0.538461538461538
      40
0.538461538461538
      40
0.538461538461538
      40
0.538461538461538
      40
0.551282051282051
      40
0.551282051282051
      40
0.551282051282051
      40
0.551282051282051
      40
0.564102564102564
      40
0.564102564102564
      40
0.564102564102564
      40
0.564102564102564
      40
0.576923076923077
      40
0.576923076923077
      40
0.576923076923077
      40
0.576923076923077
      40
0.58974358974359
      40
0.58974358974359
      40
0.58974358974359
      40
0.58974358974359
      40
0.602564102564103
      40
0.602564102564103
      40
0.602564102564103
      40
0.602564102564103
      40
0.615384615384615
      40
0.615384615384615
      40
0.615384615384615
      40
0.615384615384615
      40
0.628205128205128
      40
0.628205128205128
      40
0.628205128205128
      40
0.628205128205128
      40
0.641025641025641
      40
0.641025641025641
      40
0.641025641025641
      40
0.641025641025641
      40
0.653846153846154
      40
0.653846153846154
      40
0.653846153846154
      40
0.653846153846154
      40
0.666666666666667
      40
0.666666666666667
      40
0.666666666666667
      40
0.666666666666667
      40
0.67948717948718
      40
0.67948717948718
      40
0.67948717948718
      40
0.67948717948718
      40
0.692307692307692
      40
0.692307692307692
      40
0.692307692307692
      40
0.692307692307692
      40
0.705128205128205
      40
0.705128205128205
      40
0.705128205128205
      40
0.705128205128205
      40
0.717948717948718
      40
0.717948717948718
      40
0.717948717948718
      40
0.717948717948718
      40
0.730769230769231
      40
0.730769230769231
      40
0.730769230769231
      40
0.730769230769231
      40
0.743589743589744
      40
0.743589743589744
      40
0.743589743589744
      40
0.743589743589744
      40
0.756410256410256
      40
0.756410256410256
      40
0.756410256410256
      40
0.756410256410256
      40
0.769230769230769
      40
0.769230769230769
      40
0.769230769230769
      40
0.769230769230769
      40
0.782051282051282
      40
0.782051282051282
      40
0.782051282051282
      40
0.782051282051282
      40
0.794871794871795
      40
0.794871794871795
      40
0.794871794871795
      40
0.794871794871795
      40
0.807692307692308
      40
0.807692307692308
      40
0.807692307692308
      40
0.807692307692308
      40
0.82051282051282
      40
0.82051282051282
      40
0.82051282051282
      40
0.82051282051282
      40
0.833333333333333
      40
0.833333333333333
      40
0.833333333333333
      40
0.833333333333333
      40
0.846153846153846
      40
0.846153846153846
      40
0.846153846153846
      40
0.846153846153846
      40
0.858974358974359
      40
0.858974358974359
      40
0.858974358974359
      40
0.858974358974359
      40
0.871794871794872
      40
0.871794871794872
      40
0.871794871794872
      40
0.871794871794872
      40
0.884615384615385
      40
0.884615384615385
      40
0.884615384615385
      40
0.884615384615385
      40
0.897435897435897
      40
0.897435897435897
      40
0.897435897435897
      40
0.897435897435897
      40
0.91025641025641
      40
0.91025641025641
      40
0.91025641025641
      40
0.91025641025641
      40
0.923076923076923
      40
0.923076923076923
      40
0.923076923076923
      40
0.923076923076923
      40
0.935897435897436
      40
0.935897435897436
      40
0.935897435897436
      40
0.935897435897436
      40
0.948717948717949
      40
0.948717948717949
      40
0.948717948717949
      40
0.948717948717949
      40
0.961538461538462
      40
0.961538461538462
      40
0.961538461538462
      40
0.961538461538462
      40
0.974358974358974
      40
0.974358974358974
      40
0.974358974358974
      40
0.974358974358974
      40
0.987179487179487
      40
0.987179487179487
      40
0.987179487179487
      40
0.987179487179487
      40
1
      40
1
      40
1
      40
1
      10
43.417940952
      20
-30.4284947488
      30
0
      10
41.8748052682333
      20
-30.4284947488
      30
0
      10
40.3316695844667
      20
-30.4284947488
      30
0
      10
38.7885339007
      20
-30.4284947488
      30
0
      10
38.7885339007
      20
-30.4284947488
      30
0
      10
38.3231225759
      20
-32.1846379111667
      30
0
      10
37.8577112511
      20
-33.9407810735333
      30
0
      10
37.3922999263
      20
-35.6969242359
      30
0
      10
37.3922999263
      20
-35.6969242359
      30
0
      10
37.9318298408417
      20
-35.8571806461677
      30
0
      10
38.4713597553835
      20
-36.0174370564353
      30
0
      10
39.0108896699252
      20
-36.177693466703
      30
0
      10
39.0108896699252
      20
-36.177693466703
      30
0
      10
39.0280255968397
      20
-36.1505432668652
      30
0
      10
39.0612936233551
      20
-36.0994627355083
      30
0
      10
39.0632334050132
      20
-36.0969086012577
      30
0
      10
39.0632334050132
      20
-36.0969086012577
      30
0
      10
39.0668183160356
      20
-36.091590749809
      30
0
      10
39.070403227058
      20
-36.0862728983604
      30
0
      10
39.0739881380804
      20
-36.0809550469117
      30
0
      10
39.0739881380804
      20
-36.0809550469117
      30
0
      10
39.1493772829003
      20
-35.9693894666917
      30
0
      10
39.2415654728143
      20
-35.8690221662262
      30
0
      10
39.3459131540097
      20
-35.7837480014603
      30
0
      10
39.3459131540097
      20
-35.7837480014603
      30
0
      10
39.4006244534581
      20
-35.7389411006715
      30
0
      10
39.4599322794617
      20
-35.7001073876697
      30
0
      10
39.5234645963394
      20
-35.6691979677042
      30
0
      10
39.5234645963394
      20
-35.6691979677042
      30
0
      10
39.5927268219776
      20
-35.6354638346565
      30
0
      10
39.664438285098
      20
-35.6060105596043
      30
0
      10
39.7392155485664
      20
-35.5875545875021
      30
0
      10
39.7392155485664
      20
-35.5875545875021
      30
0
      10
39.8140874555703
      20
-35.5687747952939
      30
0
      10
39.8912105552257
      20
-35.5616783182389
      30
0
      10
39.9680182117479
      20
-35.5583933032556
      30
0
      10
39.9680182117479
      20
-35.5583933032556
      30
0
      10
39.980839680713
      20
-35.5578288278235
      30
0
      10
39.9936611496781
      20
-35.5572643523915
      30
0
      10
40.0064826186431
      20
-35.5566998769594
      30
0
      10
40.0064826186431
      20
-35.5566998769594
      30
0
      10
40.0494856359807
      20
-35.5595579911059
      30
0
      10
40.0924886533183
      20
-35.5624161052525
      30
0
      10
40.1350841863134
      20
-35.5674703426915
      30
0
      10
40.1350841863134
      20
-35.5674703426915
      30
0
      10
40.2042883659481
      20
-35.5752241945418
      30
0
      10
40.2724830752014
      20
-35.5910307814795
      30
0
      10
40.3376987076437
      20
-35.6168262702793
      30
0
      10
40.3376987076437
      20
-35.6168262702793
      30
0
      10
40.5039307719062
      20
-35.6819966485142
      30
0
      10
40.64516765414
      20
-35.7975335515711
      30
0
      10
40.7590887039732
      20
-35.9326507117219
      30
0
      10
40.7590887039732
      20
-35.9326507117219
      30
0
      10
40.7798285109026
      20
-35.9573259053954
      30
0
      10
40.7996980603086
      20
-35.9827353542708
      30
0
      10
40.8186621966493
      20
-36.0087955669176
      30
0
      10
40.8186621966493
      20
-36.0087955669176
      30
0
      10
40.8248811869532
      20
-36.0175551490162
      30
0
      10
40.8311001772571
      20
-36.0263147311147
      30
0
      10
40.837319167561
      20
-36.0350743132132
      30
0
      10
40.837319167561
      20
-36.0350743132132
      30
0
      10
40.9480990821607
      20
-36.193864242584
      30
0
      10
41.0213177833114
      20
-36.3766610645663
      30
0
      10
41.062689986578
      20
-36.565396095222
      30
0
      10
41.062689986578
      20
-36.565396095222
      30
0
      10
41.0934240623963
      20
-36.701874620919
      30
0
      10
41.1034141686352
      20
-36.8412728965236
      30
0
      10
41.1080484976159
      20
-36.9806892913505
      30
0
      10
41.1080484976159
      20
-36.9806892913505
      30
0
      10
41.1087818798387
      20
-37.0021532899722
      30
0
      10
41.1095152620614
      20
-37.023617288594
      30
0
      10
41.1102486442842
      20
-37.0450812872158
      30
0
      10
41.1102486442842
      20
-37.0450812872158
      30
0
      10
41.1098875455282
      20
-37.0743013524868
      30
0
      10
41.1095264467723
      20
-37.1035214177579
      30
0
      10
41.1091653480163
      20
-37.1327414830289
      30
0
      10
41.1091653480163
      20
-37.1327414830289
      30
0
      10
41.1088257273766
      20
-37.1473425081983
      30
0
      10
41.1084861067369
      20
-37.1619435333676
      30
0
      10
41.1081464860972
      20
-37.176544558537
      30
0
      10
41.1081464860972
      20
-37.176544558537
      30
0
      10
41.1054412538
      20
-37.2933279631821
      30
0
      10
41.0920012025232
      20
-37.4096663885608
      30
0
      10
41.073968671067
      20
-37.5251440423469
      30
0
      10
41.073968671067
      20
-37.5251440423469
      30
0
      10
41.0436246046893
      20
-37.7273657660221
      30
0
      10
40.9856855554867
      20
-37.9254740617887
      30
0
      10
40.9006544697157
      20
-38.111598801532
      30
0
      10
40.9006544697157
      20
-38.111598801532
      30
0
      10
40.8733771585272
      20
-38.1714205556721
      30
0
      10
40.8423104719905
      20
-38.2294261704591
      30
0
      10
40.8078710109111
      20
-38.285446079822
      30
0
      10
40.8078710109111
      20
-38.285446079822
      30
0
      10
40.8062035055226
      20
-38.2887010052879
      30
0
      10
40.7691413530481
      20
-38.3474261478684
      30
0
      10
40.748000052597
      20
-38.3772421501054
      30
0
      10
40.748000052597
      20
-38.3772421501054
      30
0
      10
40.7023901811504
      20
-38.4434378103192
      30
0
      10
40.6519619322473
      20
-38.5061566880326
      30
0
      10
40.5968558571212
      20
-38.5646757477641
      30
0
      10
40.5968558571212
      20
-38.5646757477641
      30
0
      10
40.5945616245346
      20
-38.5675225064782
      30
0
      10
40.5464386438351
      20
-38.6175910253753
      30
0
      10
40.5196847674243
      20
-38.6424890688976
      30
0
      10
40.5196847674243
      20
-38.6424890688976
      30
0
      10
40.3878620149497
      20
-38.7684051039733
      30
0
      10
40.2321055538841
      20
-38.8714579004502
      30
0
      10
40.0599486841246
      20
-38.9331997629495
      30
0
      10
40.0599486841246
      20
-38.9331997629495
      30
0
      10
39.9362389013951
      20
-38.9770792859098
      30
0
      10
39.806443413563
      20
-39.0067822572124
      30
0
      10
39.675295435035
      20
-39.0143390181841
      30
0
      10
39.675295435035
      20
-39.0143390181841
      30
0
      10
39.6716833761338
      20
-39.0149196939746
      30
0
      10
39.6023451347735
      20
-39.0176596825746
      30
0
      10
39.565777490438
      20
-39.0182383384979
      30
0
      10
39.565777490438
      20
-39.0182383384979
      30
0
      10
39.543533743769
      20
-39.0172369424857
      30
0
      10
39.5212899971
      20
-39.0162355464736
      30
0
      10
39.499046250431
      20
-39.0152341504615
      30
0
      10
39.499046250431
      20
-39.0152341504615
      30
0
      10
39.4879356909002
      20
-39.0146280220188
      30
0
      10
39.4768251313693
      20
-39.0140218935761
      30
0
      10
39.4657145718385
      20
-39.0134157651335
      30
0
      10
39.4657145718385
      20
-39.0134157651335
      30
0
      10
39.454617588872
      20
-39.0126831201669
      30
0
      10
39.4435206059055
      20
-39.0119504752003
      30
0
      10
39.432423622939
      20
-39.0112178302337
      30
0
      10
39.432423622939
      20
-39.0112178302337
      30
0
      10
39.4213447420583
      20
-39.0103164965686
      30
0
      10
39.4102658611777
      20
-39.0094151629034
      30
0
      10
39.399186980297
      20
-39.0085138292383
      30
0
      10
39.399186980297
      20
-39.0085138292383
      30
0
      10
39.3714765873274
      20
-39.0063873604332
      30
0
      10
39.3191424380121
      20
-38.9993843810685
      30
0
      10
39.3164224344975
      20
-38.9987203863109
      30
0
      10
39.3164224344975
      20
-38.9987203863109
      30
0
      10
39.3109284136043
      20
-38.9978635973281
      30
0
      10
39.305434392711
      20
-38.9970068083454
      30
0
      10
39.2999403718178
      20
-38.9961500193627
      30
0
      10
39.2999403718178
      20
-38.9961500193627
      30
0
      10
39.0583372027453
      20
-38.9560441118884
      30
0
      10
38.8269499197826
      20
-38.8557034120709
      30
0
      10
38.6326757191927
      20
-38.7068222306317
      30
0
      10
38.6326757191927
      20
-38.7068222306317
      30
0
      10
38.4201386991984
      20
-38.5439897376163
      30
0
      10
38.2443814898711
      20
-38.3391169424779
      30
0
      10
38.088664789505
      20
-38.1228448494762
      30
0
      10
38.088664789505
      20
-38.1228448494762
      30
0
      10
38.0495952118136
      20
-38.0687603165821
      30
0
      10
38.0115685402124
      20
-38.0139457682396
      30
0
      10
37.9739590310473
      20
-37.9588392137179
      30
0
      10
37.9739590310473
      20
-37.9588392137179
      30
0
      10
37.9614611541437
      20
-37.9404433246014
      30
0
      10
37.9489632772402
      20
-37.922047435485
      30
0
      10
37.9364654003366
      20
-37.9036515463685
      30
0
      10
37.9364654003366
      20
-37.9036515463685
      30
0
      10
37.9240138748149
      20
-37.885223212121
      30
0
      10
37.9115623492931
      20
-37.8667948778735
      30
0
      10
37.8991108237714
      20
-37.8483665436261
      30
0
      10
37.8991108238
      20
-37.8483665436
      30
0
      10
37.3455584733631
      20
-38.0954285094206
      30
0
      10
36.7920061229262
      20
-38.3424904752413
      30
0
      10
36.2384537724893
      20
-38.5895524410619
      30
0
      10
36.2384537724893
      20
-38.5895524410619
      30
0
      10
36.2576950007594
      20
-38.6270320233827
      30
0
      10
36.2769362290295
      20
-38.6645116057034
      30
0
      10
36.2961774572997
      20
-38.7019911880242
      30
0
      10
36.2961774572997
      20
-38.7019911880242
      30
0
      10
36.3541730039869
      20
-38.814251508467
      30
0
      10
36.4150832742821
      20
-38.9251340356355
      30
0
      10
36.4819150248728
      20
-39.032455488319
      30
0
      10
36.4819150248728
      20
-39.032455488319
      30
0
      10
36.6163870573824
      20
-39.2463872745912
      30
0
      10
36.7685122920879
      20
-39.4497955117637
      30
0
      10
36.9403097290104
      20
-39.6352843413831
      30
0
      10
36.9403097290104
      20
-39.6352843413831
      30
0
      10
37.1419228042409
      20
-39.8501787171457
      30
0
      10
37.3681649587189
      20
-40.0439392917589
      30
0
      10
37.6209604407321
      20
-40.1963352672617
      30
0
      10
37.6209604407321
      20
-40.1963352672617
      30
0
      10
37.8195723391411
      20
-40.3154095553272
      30
0
      10
38.0274741421369
      20
-40.420963361223
      30
0
      10
38.2475456897507
      20
-40.4944339645405
      30
0
      10
38.2475456897507
      20
-40.4944339645405
      30
0
      10
38.4474043904828
      20
-40.5608957035022
      30
0
      10
38.6523939064793
      20
-40.6128198694521
      30
0
      10
38.8606956654875
      20
-40.644543911531
      30
0
      10
38.8606956654875
      20
-40.644543911531
      30
0
      10
39.0482092773111
      20
-40.6741713152375
      30
0
      10
39.2380171163311
      20
-40.6829345896317
      30
0
      10
39.4275563365919
      20
-40.6849050051645
      30
0
      10
39.4275563365919
      20
-40.6849050051645
      30
0
      10
39.5197967099502
      20
-40.6820436921895
      30
0
      10
39.6120370833086
      20
-40.6791823792145
      30
0
      10
39.7040777625537
      20
-40.673323783211
      30
0
      10
39.7040777625537
      20
-40.673323783211
      30
0
      10
39.8114444199592
      20
-40.6666290831739
      30
0
      10
39.9186279811677
      20
-40.6549740640189
      30
0
      10
40.0249100687387
      20
-40.6375828489006
      30
0
      10
40.0249100687387
      20
-40.6375828489006
      30
0
      10
40.3431453561834
      20
-40.5839225817058
      30
0
      10
40.6550412119327
      20
-40.4858924295241
      30
0
      10
40.943133859323
      20
-40.3398209197136
      30
0
      10
40.943133859323
      20
-40.3398209197136
      30
0
      10
41.298451226692
      20
-40.1562202538652
      30
0
      10
41.6197214512374
      20
-39.9076973708385
      30
0
      10
41.8895947635719
      20
-39.6127955997662
      30
0
      10
41.8895947635719
      20
-39.6127955997662
      30
0
      10
41.9101514096517
      20
-39.589909668121
      30
0
      10
41.9307080557314
      20
-39.5670237364759
      30
0
      10
41.9512647018112
      20
-39.5441378048307
      30
0
      10
41.9512647018112
      20
-39.5441378048307
      30
0
      10
41.9712807281181
      20
-39.5207827037456
      30
0
      10
41.991296754425
      20
-39.4974276026605
      30
0
      10
42.0113127807319
      20
-39.4740725015754
      30
0
      10
42.0113127807319
      20
-39.4740725015754
      30
0
      10
42.1792891717216
      20
-39.2737908263187
      30
0
      10
42.325706802665
      20
-39.0550760817349
      30
0
      10
42.4441972879496
      20
-38.8220280981609
      30
0
      10
42.4441972879496
      20
-38.8220280981609
      30
0
      10
42.4482390748128
      20
-38.8154692814444
      30
0
      10
42.5130968891512
      20
-38.6844778153172
      30
0
      10
42.5435014009883
      20
-38.613787343827
      30
0
      10
42.5435014009883
      20
-38.613787343827
      30
0
      10
42.555667934208
      20
-38.585532775314
      30
0
      10
42.5678344674276
      20
-38.5572782068009
      30
0
      10
42.5800010006473
      20
-38.5290236382878
      30
0
      10
42.5800010006473
      20
-38.5290236382878
      30
0
      10
42.6214759654907
      20
-38.4296685723595
      30
0
      10
42.6587009663292
      20
-38.328591676109
      30
0
      10
42.6910405058449
      20
-38.2259206366583
      30
0
      10
42.6910405058449
      20
-38.2259206366583
      30
0
      10
42.6939597939709
      20
-38.2187890896985
      30
0
      10
42.7360023002713
      20
-38.0788226965773
      30
0
      10
42.7540526079164
      20
-38.0040183709677
      30
0
      10
42.7540526079164
      20
-38.0040183709677
      30
0
      10
42.8458295828942
      20
-37.6463736169755
      30
0
      10
42.8923573949591
      20
-37.2778154938497
      30
0
      10
42.9005828673195
      20
-36.9090416449358
      30
0
      10
42.9005828673195
      20
-36.9090416449358
      30
0
      10
42.902095391265
      20
-36.8475505855249
      30
0
      10
42.9036079152105
      20
-36.7860595261139
      30
0
      10
42.905120439156
      20
-36.724568466703
      30
0
      10
42.905120439156
      20
-36.724568466703
      30
0
      10
42.9043343481191
      20
-36.6803626991267
      30
0
      10
42.9035482570822
      20
-36.6361569315504
      30
0
      10
42.9027621660453
      20
-36.5919511639741
      30
0
      10
42.9027621660453
      20
-36.5919511639741
      30
0
      10
42.9021646769039
      20
-36.5698575894605
      30
0
      10
42.9015671877625
      20
-36.5477640149469
      30
0
      10
42.9009696986211
      20
-36.5256704404334
      30
0
      10
42.9009696986211
      20
-36.5256704404334
      30
0
      10
42.8927416306206
      20
-36.2163150626487
      30
0
      10
42.8447149523737
      20
-35.9082256827565
      30
0
      10
42.7619922346021
      20
-35.6099984917169
      30
0
      10
42.7619922346021
      20
-35.6099984917169
      30
0
      10
42.7320052072316
      20
-35.5036305770491
      30
0
      10
42.6945787723708
      20
-35.3993948840612
      30
0
      10
42.6509239430803
      20
-35.2977868973186
      30
0
      10
42.6509239430803
      20
-35.2977868973186
      30
0
      10
42.641966154959
      20
-35.2775673919021
      30
0
      10
42.6330083668377
      20
-35.2573478864856
      30
0
      10
42.6240505787165
      20
-35.237128381069
      30
0
      10
42.6240505787165
      20
-35.237128381069
      30
0
      10
42.582682310635
      20
-35.1466224327081
      30
0
      10
42.5363551874347
      20
-35.0584087670336
      30
0
      10
42.4841685035063
      20
-34.9736743718568
      30
0
      10
42.4841685035063
      20
-34.9736743718568
      30
0
      10
42.2753327246783
      20
-34.6351505624391
      30
0
      10
41.9782275372836
      20
-34.3498988444415
      30
0
      10
41.6271103180483
      20
-34.1620676888734
      30
0
      10
41.6271103180483
      20
-34.1620676888734
      30
0
      10
41.3238999443951
      20
-34.0012814846941
      30
0
      10
40.9838370575295
      20
-33.9153842037321
      30
0
      10
40.6419992656891
      20
-33.8972008782648
      30
0
      10
40.6419992656891
      20
-33.8972008782648
      30
0
      10
40.5758132056469
      20
-33.8935101304556
      30
0
      10
40.5094972711193
      20
-33.8917716703741
      30
0
      10
40.4431813365919
      20
-33.8900332102927
      30
0
      10
40.4431813365919
      20
-33.8900332102927
      30
0
      10
40.4043935939424
      20
-33.8911371572916
      30
0
      10
40.365605851293
      20
-33.8922411042905
      30
0
      10
40.3268749178451
      20
-33.8939941071027
      30
0
      10
40.3268749178451
      20
-33.8939941071027
      30
0
      10
40.259092234292
      20
-33.8969391149009
      30
0
      10
40.1914993371799
      20
-33.9024184499415
      30
0
      10
40.1243539188743
      20
-33.9122935234144
      30
0
      10
40.1243539188743
      20
-33.9122935234144
      30
0
      10
40.0332652290598
      20
-33.9256441275812
      30
0
      10
39.9427488585998
      20
-33.944537417248
      30
0
      10
39.8538497498954
      20
-33.9685766499946
      30
0
      10
39.8538497498954
      20
-33.9685766499946
      30
0
      10
39.7836202753513
      20
-33.9875209571878
      30
0
      10
39.7149636188753
      20
-34.0113312532901
      30
0
      10
39.6474406927589
      20
-34.0382531698274
      30
0
      10
39.6474406927589
      20
-34.0382531698274
      30
0
      10
39.6113888080473
      20
-34.0525155963596
      30
0
      10
39.5755623159093
      20
-34.06742824948
      30
0
      10
39.5397358237714
      20
-34.0823409026004
      30
0
      10
39.5397358238
      20
-34.0823409026
      30
0
      10
39.7587529178
      20
-33.4199477402
      30
0
      10
39.9777700118
      20
-32.7575545778
      30
0
      10
40.1967871058
      20
-32.0951614154
      30
0
      10
40.1967871058
      20
-32.0951614154
      30
0
      10
41.2277700118
      20
-32.0951614154
      30
0
      10
42.2587529178
      20
-32.0951614154
      30
0
      10
43.2897358238
      20
-32.0951614154
      30
0
      10
43.2897358238
      20
-32.0951614154
      30
0
      10
43.3324708665333
      20
-31.5396058598667
      30
0
      10
43.3752059092667
      20
-30.9840503043333
      30
0
      10
43.417940952
      20
-30.4284947488
      30
0
    1001
FS_CYPCUT
    1000
Channel
    1070
1
    1000
LeadIn
    1002
{
    1070
3
    1040
1.5
    1040
1.5707963267949
    1040
0.5
    1040
0.3
    1070
0
    1040
0.5
    1070
0
    1002
}
    1000
LeadOut
    1002
{
    1070
0
    1040
0
    1040
0.523598775598299
    1040
3
    1070
0
    1002
}
    1000
IsFill
    1070
0
    1000
PathStart
    1040
1.5
    1000
ToolCompensation
    1002
{
    1070
0
    1040
0
    1070
0
    1002
}
       0
SPLINE
       5
2016
     100
AcDbEntity
       8
1
     100
AcDbSpline
      70
0
      71
3
      72
404
      73
400
      74
0
      40
0
      40
0
      40
0
      40
0
      40
0.01
      40
0.01
      40
0.01
      40
0.01
      40
0.02
      40
0.02
      40
0.02
      40
0.02
      40
0.03
      40
0.03
      40
0.03
      40
0.03
      40
0.04
      40
0.04
      40
0.04
      40
0.04
      40
0.05
      40
0.05
      40
0.05
      40
0.05
      40
0.06
      40
0.06
      40
0.06
      40
0.06
      40
0.07
      40
0.07
      40
0.07
      40
0.07
      40
0.08
      40
0.08
      40
0.08
      40
0.08
      40
0.09
      40
0.09
      40
0.09
      40
0.09
      40
0.1
      40
0.1
      40
0.1
      40
0.1
      40
0.11
      40
0.11
      40
0.11
      40
0.11
      40
0.12
      40
0.12
      40
0.12
      40
0.12
      40
0.13
      40
0.13
      40
0.13
      40
0.13
      40
0.14
      40
0.14
      40
0.14
      40
0.14
      40
0.15
      40
0.15
      40
0.15
      40
0.15
      40
0.16
      40
0.16
      40
0.16
      40
0.16
      40
0.17
      40
0.17
      40
0.17
      40
0.17
      40
0.18
      40
0.18
      40
0.18
      40
0.18
      40
0.19
      40
0.19
      40
0.19
      40
0.19
      40
0.2
      40
0.2
      40
0.2
      40
0.2
      40
0.21
      40
0.21
      40
0.21
      40
0.21
      40
0.22
      40
0.22
      40
0.22
      40
0.22
      40
0.23
      40
0.23
      40
0.23
      40
0.23
      40
0.24
      40
0.24
      40
0.24
      40
0.24
      40
0.25
      40
0.25
      40
0.25
      40
0.25
      40
0.26
      40
0.26
      40
0.26
      40
0.26
      40
0.27
      40
0.27
      40
0.27
      40
0.27
      40
0.28
      40
0.28
      40
0.28
      40
0.28
      40
0.29
      40
0.29
      40
0.29
      40
0.29
      40
0.3
      40
0.3
      40
0.3
      40
0.3
      40
0.31
      40
0.31
      40
0.31
      40
0.31
      40
0.32
      40
0.32
      40
0.32
      40
0.32
      40
0.33
      40
0.33
      40
0.33
      40
0.33
      40
0.34
      40
0.34
      40
0.34
      40
0.34
      40
0.35
      40
0.35
      40
0.35
      40
0.35
      40
0.36
      40
0.36
      40
0.36
      40
0.36
      40
0.37
      40
0.37
      40
0.37
      40
0.37
      40
0.38
      40
0.38
      40
0.38
      40
0.38
      40
0.39
      40
0.39
      40
0.39
      40
0.39
      40
0.4
      40
0.4
      40
0.4
      40
0.4
      40
0.41
      40
0.41
      40
0.41
      40
0.41
      40
0.42
      40
0.42
      40
0.42
      40
0.42
      40
0.43
      40
0.43
      40
0.43
      40
0.43
      40
0.44
      40
0.44
      40
0.44
      40
0.44
      40
0.45
      40
0.45
      40
0.45
      40
0.45
      40
0.46
      40
0.46
      40
0.46
      40
0.46
      40
0.47
      40
0.47
      40
0.47
      40
0.47
      40
0.48
      40
0.48
      40
0.48
      40
0.48
      40
0.49
      40
0.49
      40
0.49
      40
0.49
      40
0.5
      40
0.5
      40
0.5
      40
0.5
      40
0.51
      40
0.51
      40
0.51
      40
0.51
      40
0.52
      40
0.52
      40
0.52
      40
0.52
      40
0.53
      40
0.53
      40
0.53
      40
0.53
      40
0.54
      40
0.54
      40
0.54
      40
0.54
      40
0.55
      40
0.55
      40
0.55
      40
0.55
      40
0.56
      40
0.56
      40
0.56
      40
0.56
      40
0.57
      40
0.57
      40
0.57
      40
0.57
      40
0.58
      40
0.58
      40
0.58
      40
0.58
      40
0.59
      40
0.59
      40
0.59
      40
0.59
      40
0.6
      40
0.6
      40
0.6
      40
0.6
      40
0.61
      40
0.61
      40
0.61
      40
0.61
      40
0.62
      40
0.62
      40
0.62
      40
0.62
      40
0.63
      40
0.63
      40
0.63
      40
0.63
      40
0.64
      40
0.64
      40
0.64
      40
0.64
      40
0.65
      40
0.65
      40
0.65
      40
0.65
      40
0.66
      40
0.66
      40
0.66
      40
0.66
      40
0.67
      40
0.67
      40
0.67
      40
0.67
      40
0.68
      40
0.68
      40
0.68
      40
0.68
      40
0.69
      40
0.69
      40
0.69
      40
0.69
      40
0.7
      40
0.7
      40
0.7
      40
0.7
      40
0.71
      40
0.71
      40
0.71
      40
0.71
      40
0.72
      40
0.72
      40
0.72
      40
0.72
      40
0.73
      40
0.73
      40
0.73
      40
0.73
      40
0.74
      40
0.74
      40
0.74
      40
0.74
      40
0.75
      40
0.75
      40
0.75
      40
0.75
      40
0.76
      40
0.76
      40
0.76
      40
0.76
      40
0.77
      40
0.77
      40
0.77
      40
0.77
      40
0.78
      40
0.78
      40
0.78
      40
0.78
      40
0.79
      40
0.79
      40
0.79
      40
0.79
      40
0.8
      40
0.8
      40
0.8
      40
0.8
      40
0.81
      40
0.81
      40
0.81
      40
0.81
      40
0.82
      40
0.82
      40
0.82
      40
0.82
      40
0.83
      40
0.83
      40
0.83
      40
0.83
      40
0.84
      40
0.84
      40
0.84
      40
0.84
      40
0.85
      40
0.85
      40
0.85
      40
0.85
      40
0.86
      40
0.86
      40
0.86
      40
0.86
      40
0.87
      40
0.87
      40
0.87
      40
0.87
      40
0.88
      40
0.88
      40
0.88
      40
0.88
      40
0.89
      40
0.89
      40
0.89
      40
0.89
      40
0.9
      40
0.9
      40
0.9
      40
0.9
      40
0.91
      40
0.91
      40
0.91
      40
0.91
      40
0.92
      40
0.92
      40
0.92
      40
0.92
      40
0.93
      40
0.93
      40
0.93
      40
0.93
      40
0.94
      40
0.94
      40
0.94
      40
0.94
      40
0.95
      40
0.95
      40
0.95
      40
0.95
      40
0.96
      40
0.96
      40
0.96
      40
0.96
      40
0.97
      40
0.97
      40
0.97
      40
0.97
      40
0.98
      40
0.98
      40
0.98
      40
0.98
      40
0.99
      40
0.99
      40
0.99
      40
0.99
      40
1
      40
1
      40
1
      40
1
      10
35.3410178750474
      20
-34.1604659026006
      30
0
      10
35.3399662635415
      20
-34.0440085756736
      30
0
      10
35.3350411399505
      20
-33.8228582457967
      30
0
      10
35.3340031789081
      20
-33.811250305931
      30
0
      10
35.3340031789081
      20
-33.811250305931
      30
0
      10
35.3331423984447
      20
-33.7879851941643
      30
0
      10
35.3322816179814
      20
-33.7647200823977
      30
0
      10
35.331420837518
      20
-33.7414549706311
      30
0
      10
35.331420837518
      20
-33.7414549706311
      30
0
      10
35.3137769044308
      20
-33.3462438330158
      30
0
      10
35.2682623580171
      20
-32.9510829185011
      30
0
      10
35.1790548001739
      20
-32.5652896121028
      30
0
      10
35.1790548001739
      20
-32.5652896121028
      30
0
      10
35.1011361823574
      20
-32.2247920680939
      30
0
      10
34.9848402944455
      20
-31.8923822498752
      30
0
      10
34.8205420408938
      20
-31.5835726507498
      30
0
      10
34.8205420408938
      20
-31.5835726507498
      30
0
      10
34.7605785872954
      20
-31.4703666793483
      30
0
      10
34.6930964355616
      20
-31.3612143274698
      30
0
      10
34.6187936451515
      20
-31.2567973601385
      30
0
      10
34.6187936451515
      20
-31.2567973601385
      30
0
      10
34.615764627216
      20
-31.2518108831482
      30
0
      10
34.550559742006
      20
-31.1623444577242
      30
0
      10
34.5137085646922
      20
-31.1172109101582
      30
0
      10
34.5137085646922
      20
-31.1172109101582
      30
0
      10
34.4266617477197
      20
-31.0078168644273
      30
0
      10
34.3319888341402
      20
-30.9046773704739
      30
0
      10
34.2304127312108
      20
-30.8086682648682
      30
0
      10
34.2304127312108
      20
-30.8086682648682
      30
0
      10
34.2133170503462
      20
-30.7928385078735
      30
0
      10
34.1962213694816
      20
-30.7770087508787
      30
0
      10
34.179125688617
      20
-30.7611789938839
      30
0
      10
34.179125688617
      20
-30.7611789938839
      30
0
      10
34.161681236479
      20
-30.7457227265951
      30
0
      10
34.144236784341
      20
-30.7302664593063
      30
0
      10
34.126792332203
      20
-30.7148101920174
      30
0
      10
34.126792332203
      20
-30.7148101920174
      30
0
      10
34.1179353771878
      20
-30.7072356973699
      30
0
      10
34.1090784221728
      20
-30.6996612027224
      30
0
      10
34.1002214671576
      20
-30.6920867080748
      30
0
      10
34.1002214671576
      20
-30.6920867080748
      30
0
      10
33.9320966660009
      20
-30.5479505104357
      30
0
      10
33.7398943945374
      20
-30.4334757809953
      30
0
      10
33.5371238321905
      20
-30.3447870339595
      30
0
      10
33.5371238322
      20
-30.344787034
      30
0
      10
33.4458651655333
      20
-31.0108151984667
      30
0
      10
33.3546064988667
      20
-31.6768433629333
      30
0
      10
33.2633478322
      20
-32.3428715274
      30
0
      10
33.2633478321632
      20
-32.3428715273715
      30
0
      10
33.2801027401635
      20
-32.3715759002291
      30
0
      10
33.2957436355588
      20
-32.4009459519668
      30
0
      10
33.3104446679593
      20
-32.4307863164155
      30
0
      10
33.3104446679593
      20
-32.4307863164155
      30
0
      10
33.3140618457073
      20
-32.4382749055993
      30
0
      10
33.3176790234554
      20
-32.4457634947831
      30
0
      10
33.3212962012034
      20
-32.4532520839669
      30
0
      10
33.3212962012034
      20
-32.4532520839669
      30
0
      10
33.3498188796109
      20
-32.5133720556208
      30
0
      10
33.3743672825672
      20
-32.5753176993031
      30
0
      10
33.3941029713751
      20
-32.638766237929
      30
0
      10
33.3941029713751
      20
-32.638766237929
      30
0
      10
33.3965356217202
      20
-32.6467104160497
      30
0
      10
33.3989682720653
      20
-32.6546545941704
      30
0
      10
33.4014009224104
      20
-32.6625987722911
      30
0
      10
33.4014009224104
      20
-32.6625987722911
      30
0
      10
33.4224800120614
      20
-32.7343554400996
      30
0
      10
33.4411855110334
      20
-32.8069201137969
      30
0
      10
33.4579342545452
      20
-32.8797675896055
      30
0
      10
33.4579342545452
      20
-32.8797675896055
      30
0
      10
33.4784147300688
      20
-32.9688315431044
      30
0
      10
33.4920716315085
      20
-33.0593004646369
      30
0
      10
33.5034694178517
      20
-33.1500320429675
      30
0
      10
33.5034694178517
      20
-33.1500320429675
      30
0
      10
33.5054974198871
      20
-33.1665307189424
      30
0
      10
33.5075254219226
      20
-33.1830293949172
      30
0
      10
33.5095534239581
      20
-33.199528070892
      30
0
      10
33.5095534239581
      20
-33.199528070892
      30
0
      10
33.5105190358475
      20
-33.2077817769513
      30
0
      10
33.5114846477369
      20
-33.2160354830106
      30
0
      10
33.5124502596263
      20
-33.2242891890699
      30
0
      10
33.5124502596263
      20
-33.2242891890699
      30
0
      10
33.5308413647742
      20
-33.3810701605538
      30
0
      10
33.5408986693153
      20
-33.5388125669351
      30
0
      10
33.5438712852097
      20
-33.6966531781778
      30
0
      10
33.5438712852097
      20
-33.6966531781778
      30
0
      10
33.5452433092999
      20
-33.7631049469517
      30
0
      10
33.5456946947407
      20
-33.8295738863145
      30
0
      10
33.5461460801816
      20
-33.8960428256773
      30
0
      10
33.5461460801816
      20
-33.8960428256773
      30
0
      10
33.5450047895434
      20
-33.9576292385461
      30
0
      10
33.5438634989052
      20
-34.0192156514148
      30
0
      10
33.542722208267
      20
-34.0808020642836
      30
0
      10
33.542722208267
      20
-34.0808020642836
      30
0
      10
33.5412974152413
      20
-34.1423744815483
      30
0
      10
33.5398726222157
      20
-34.203946898813
      30
0
      10
33.53844782919
      20
-34.2655193160777
      30
0
      10
33.53844782919
      20
-34.2655193160777
      30
0
      10
33.5342981128229
      20
-34.419421180648
      30
0
      10
33.5283643573414
      20
-34.5732356611341
      30
0
      10
33.5184652026615
      20
-34.7268531729962
      30
0
      10
33.5184652026615
      20
-34.7268531729962
      30
0
      10
33.4832837458791
      20
-35.2489512275589
      30
0
      10
33.4141170876896
      20
-35.7697442685419
      30
0
      10
33.3010364997705
      20
-36.2808009763633
      30
0
      10
33.3010364997705
      20
-36.2808009763633
      30
0
      10
33.1854491930119
      20
-36.7912513704731
      30
0
      10
33.0361949060149
      20
-37.2950692929566
      30
0
      10
32.8324749010161
      20
-37.7775654739564
      30
0
      10
32.8324749010161
      20
-37.7775654739564
      30
0
      10
32.7966107093382
      20
-37.862697633779
      30
0
      10
32.7575492900711
      20
-37.9464565214899
      30
0
      10
32.7147518636516
      20
-38.0283547486445
      30
0
      10
32.7147518636516
      20
-38.0283547486445
      30
0
      10
32.6209911756875
      20
-38.2045208847915
      30
0
      10
32.5210763332109
      20
-38.3807625233716
      30
0
      10
32.3842193340266
      20
-38.5276281034635
      30
0
      10
32.3842193340266
      20
-38.5276281034635
      30
0
      10
32.2366792989844
      20
-38.6846549449764
      30
0
      10
32.0677965841441
      20
-38.8236762254558
      30
0
      10
31.8742777190535
      20
-38.920942157446
      30
0
      10
31.8742777190535
      20
-38.920942157446
      30
0
      10
31.7909859375545
      20
-38.9623199000139
      30
0
      10
31.7025261413347
      20
-38.9923832390099
      30
0
      10
31.6110683290022
      20
-39.0043405477572
      30
0
      10
31.6110683290022
      20
-39.0043405477572
      30
0
      10
31.5653882653318
      20
-39.0108681799028
      30
0
      10
31.5191085189105
      20
-39.0145532592004
      30
0
      10
31.4728287724893
      20
-39.0182383384979
      30
0
      10
31.4728287724893
      20
-39.0182383384979
      30
0
      10
31.459328089539
      20
-39.017937900027
      30
0
      10
31.4458274065888
      20
-39.0176374615561
      30
0
      10
31.4323267236385
      20
-39.0173370230852
      30
0
      10
31.4323267236385
      20
-39.0173370230852
      30
0
      10
31.4255888276214
      20
-39.0170776482818
      30
0
      10
31.4188509316043
      20
-39.0168182734785
      30
0
      10
31.4121130355871
      20
-39.0165588986752
      30
0
      10
31.4121130355871
      20
-39.0165588986752
      30
0
      10
31.3447355362964
      20
-39.0144179563538
      30
0
      10
31.2785680727589
      20
-38.9989501460538
      30
0
      10
31.2138098604872
      20
-38.9799753050405
      30
0
      10
31.2138098604872
      20
-38.9799753050405
      30
0
      10
31.1230464581447
      20
-38.9541172861889
      30
0
      10
31.0390282985041
      20
-38.9068666776763
      30
0
      10
30.9647870520457
      20
-38.8489973485148
      30
0
      10
30.9647870520457
      20
-38.8489973485148
      30
0
      10
30.8965812379812
      20
-38.7940895719148
      30
0
      10
30.8358319523309
      20
-38.7296657710785
      30
0
      10
30.7841439267523
      20
-38.6590674452622
      30
0
      10
30.7841439267523
      20
-38.6590674452622
      30
0
      10
30.7125436405977
      20
-38.5608227819148
      30
0
      10
30.6608009924684
      20
-38.449429717341
      30
0
      10
30.6241813667425
      20
-38.3338629733359
      30
0
      10
30.6241813667425
      20
-38.3338629733359
      30
0
      10
30.6117117703152
      20
-38.2953817650091
      30
0
      10
30.6003721530542
      20
-38.2565657066763
      30
0
      10
30.5900281494326
      20
-38.2174883566061
      30
0
      10
30.5900281494326
      20
-38.2174883566061
      30
0
      10
30.5481121124101
      20
-38.0611689830056
      30
0
      10
30.5241748982065
      20
-37.9007448220137
      30
0
      10
30.5076878896546
      20
-37.7399545865381
      30
0
      10
30.5076878896546
      20
-37.7399545865381
      30
0
      10
30.504918918986
      20
-37.7131463460406
      30
0
      10
30.5021499483174
      20
-37.6863381055432
      30
0
      10
30.4993809776488
      20
-37.6595298650458
      30
0
      10
30.4993809776488
      20
-37.6595298650458
      30
0
      10
30.485772389434
      20
-37.5254704335827
      30
0
      10
30.4776326209976
      20
-37.3909332929292
      30
0
      10
30.4740503529996
      20
-37.2562153270146
      30
0
      10
30.4740503529996
      20
-37.2562153270146
      30
0
      10
30.47097988258
      20
-37.1484579216718
      30
0
      10
30.4701014314596
      20
-37.0406796221819
      30
0
      10
30.4692230032585
      20
-36.9329018000363
      30
0
      10
30.4692230032585
      20
-36.9329018000363
      30
0
      10
30.4702318314153
      20
-36.8809434520904
      30
0
      10
30.471240659572
      20
-36.8289851041445
      30
0
      10
30.4722494877287
      20
-36.7770267561986
      30
0
      10
30.4722494877287
      20
-36.7770267561986
      30
0
      10
30.4734574923285
      20
-36.7250785612233
      30
0
      10
30.4746654969282
      20
-36.6731303662481
      30
0
      10
30.4758735015279
      20
-36.6211821712729
      30
0
      10
30.4758735015279
      20
-36.6211821712729
      30
0
      10
30.4812480681305
      20
-36.4134245953299
      30
0
      10
30.490327534642
      20
-36.2058236587305
      30
0
      10
30.5080256677331
      20
-35.9987206233249
      30
0
      10
30.5080256677331
      20
-35.9987206233249
      30
0
      10
30.5707994136533
      20
-35.2740182430671
      30
0
      10
30.7070995514328
      20
-34.5551697921729
      30
0
      10
30.9211125546946
      20
-33.8599489863232
      30
0
      10
30.9211125546946
      20
-33.8599489863232
      30
0
      10
30.9364979184772
      20
-33.8103228534753
      30
0
      10
30.9518832822597
      20
-33.7606967206275
      30
0
      10
30.9672686460423
      20
-33.7110705877796
      30
0
      10
30.9672686460423
      20
-33.7110705877796
      30
0
      10
30.9751578174684
      20
-33.6863185861889
      30
0
      10
30.9830469888945
      20
-33.6615665845982
      30
0
      10
30.9909361603206
      20
-33.6368145830075
      30
0
      10
30.9909361603206
      20
-33.6368145830075
      30
0
      10
31.0778930230688
      20
-33.3645703929179
      30
0
      10
31.1854622707053
      20
-33.0992287110001
      30
0
      10
31.3073834129894
      20
-32.8407411554556
      30
0
      10
31.3073834129894
      20
-32.8407411554556
      30
0
      10
31.351954223279
      20
-32.7468022141457
      30
0
      10
31.4015543739215
      20
-32.6554936140353
      30
0
      10
31.4560613307238
      20
-32.5669674639489
      30
0
      10
31.4560613307238
      20
-32.5669674639489
      30
0
      10
31.4698139792416
      20
-32.5449052487036
      30
0
      10
31.4835666277594
      20
-32.5228430334582
      30
0
      10
31.4973192762771
      20
-32.5007808182128
      30
0
      10
31.4973192762771
      20
-32.5007808182128
      30
0
      10
31.5525694019929
      20
-32.4125545161233
      30
0
      10
31.6127020277233
      20
-32.3276785904425
      30
0
      10
31.6817176402618
      20
-32.2498735004743
      30
0
      10
31.6817176402618
      20
-32.2498735004743
      30
0
      10
31.6988935732265
      20
-32.2303540875078
      30
0
      10
31.7160695061912
      20
-32.2108346745413
      30
0
      10
31.733245439156
      20
-32.1913152615748
      30
0
      10
31.733245439156
      20
-32.1913152615748
      30
0
      10
31.7436782996687
      20
-32.1813895419008
      30
0
      10
31.7541111601815
      20
-32.1714638222268
      30
0
      10
31.7645440206942
      20
-32.1615381025528
      30
0
      10
31.7645440206942
      20
-32.1615381025528
      30
0
      10
31.7697819849854
      20
-32.1566022483856
      30
0
      10
31.7750199492767
      20
-32.1516663942183
      30
0
      10
31.7802579135679
      20
-32.146730540051
      30
0
      10
31.7802579135679
      20
-32.146730540051
      30
0
      10
31.7855217187008
      20
-32.1418270926875
      30
0
      10
31.7907855238338
      20
-32.1369236453239
      30
0
      10
31.7960493289668
      20
-32.1320201979603
      30
0
      10
31.7960493289668
      20
-32.1320201979603
      30
0
      10
31.8013475885555
      20
-32.1271599596683
      30
0
      10
31.8066458481442
      20
-32.1222997213763
      30
0
      10
31.8119441077329
      20
-32.1174394830843
      30
0
      10
31.8119441077329
      20
-32.1174394830843
      30
0
      10
31.8172854353912
      20
-32.1126332561318
      30
0
      10
31.8226267630495
      20
-32.1078270291793
      30
0
      10
31.8279680907079
      20
-32.1030208022268
      30
0
      10
31.8279680907079
      20
-32.1030208022268
      30
0
      10
31.8413824229524
      20
-32.0910817509098
      30
0
      10
31.854958260458
      20
-32.0793452421157
      30
0
      10
31.8687628970835
      20
-32.0678956685627
      30
0
      10
31.8687628970835
      20
-32.0678956685627
      30
0
      10
31.9512982654712
      20
-31.9990145987678
      30
0
      10
32.0446912688254
      20
-31.9424110245284
      30
0
      10
32.1450498406305
      20
-31.9015151308285
      30
0
      10
32.1450498406305
      20
-31.9015151308285
      30
0
      10
32.201886165219
      20
-31.8784093458557
      30
0
      10
32.2608993904919
      20
-31.8614392760225
      30
0
      10
32.3211682996774
      20
-31.8526925433202
      30
0
      10
32.3211682997
      20
-31.8526925433
      30
0
      10
32.3978176723667
      20
-31.2932865922667
      30
0
      10
32.4744670450333
      20
-30.7338806412333
      30
0
      10
32.5511164177
      20
-30.1744746902
      30
0
      10
32.5511164176869
      20
-30.1744746901554
      30
0
      10
32.5270262626083
      20
-30.175428256647
      30
0
      10
32.5029361075298
      20
-30.1763818231386
      30
0
      10
32.4788459524512
      20
-30.1773353896302
      30
0
      10
32.4788459524512
      20
-30.1773353896302
      30
0
      10
32.3825556843494
      20
-30.1818826357084
      30
0
      10
32.2866783034465
      20
-30.1936763610225
      30
0
      10
32.191560656043
      20
-30.2101758756869
      30
0
      10
32.191560656043
      20
-30.2101758756869
      30
0
      10
32.1202226516394
      20
-30.2225141382515
      30
0
      10
32.0492912374204
      20
-30.2369685006532
      30
0
      10
31.9790073129954
      20
-30.2540419218956
      30
0
      10
31.9790073129954
      20
-30.2540419218956
      30
0
      10
31.9087213038725
      20
-30.2710895436002
      30
0
      10
31.8390964433074
      20
-30.2909354098247
      30
0
      10
31.7703213122793
      20
-30.3134243519515
      30
0
      10
31.7703213122793
      20
-30.3134243519515
      30
0
      10
31.587047718912
      20
-30.3736948636203
      30
0
      10
31.4095582982168
      20
-30.4512718881978
      30
0
      10
31.2395057442745
      20
-30.5422922596887
      30
0
      10
31.2395057442745
      20
-30.5422922596887
      30
0
      10
31.2289375145056
      20
-30.5480914707552
      30
0
      10
31.2183692847368
      20
-30.5538906818218
      30
0
      10
31.207801054968
      20
-30.5596898928884
      30
0
      10
31.207801054968
      20
-30.5596898928884
      30
0
      10
31.1973094925545
      20
-30.5656257620164
      30
0
      10
31.186817930141
      20
-30.5715616311445
      30
0
      10
31.1763263677275
      20
-30.5774975002725
      30
0
      10
31.1763263677275
      20
-30.5774975002725
      30
0
      10
31.0303064566529
      20
-30.6621030298568
      30
0
      10
30.8900968345718
      20
-30.7569390967388
      30
0
      10
30.7559554689191
      20
-30.8592610714116
      30
0
      10
30.7559554689191
      20
-30.8592610714116
      30
0
      10
30.3908754884761
      20
-31.1376295907267
      30
0
      10
30.0932256135234
      20
-31.4961029850606
      30
0
      10
29.8525179519452
      20
-31.8851029988457
      30
0
      10
29.8525179519452
      20
-31.8851029988457
      30
0
      10
29.6503177231351
      20
-32.213654427349
      30
0
      10
29.4810763216005
      20
-32.5623149352201
      30
0
      10
29.3417066885363
      20
-32.9218272291717
      30
0
      10
29.3417066885363
      20
-32.9218272291717
      30
0
      10
29.3242495199374
      20
-32.9667847784343
      30
0
      10
29.3067923513386
      20
-33.011742327697
      30
0
      10
29.2893351827397
      20
-33.0566998769596
      30
0
      10
29.2893351827397
      20
-33.0566998769596
      30
0
      10
29.2758820318266
      20
-33.0955534382906
      30
0
      10
29.2624288809136
      20
-33.1344069996217
      30
0
      10
29.2489757300005
      20
-33.1732605609528
      30
0
      10
29.2489757300005
      20
-33.1732605609528
      30
0
      10
29.1745569024672
      20
-33.3867976890219
      30
0
      10
29.1066986247584
      20
-33.6025155406848
      30
0
      10
29.0495718886509
      20
-33.8213906742695
      30
0
      10
29.0495718886509
      20
-33.8213906742695
      30
0
      10
28.9598056974018
      20
-34.1592142120398
      30
0
      10
28.8869009565006
      20
-34.5012861502039
      30
0
      10
28.8322877452974
      20
-34.8465060701829
      30
0
      10
28.8322877452974
      20
-34.8465060701829
      30
0
      10
28.7399835036247
      20
-35.4146649278736
      30
0
      10
28.6917510227229
      20
-35.9896436811369
      30
0
      10
28.679832630734
      20
-36.5649638541372
      30
0
      10
28.679832630734
      20
-36.5649638541372
      30
0
      10
28.6771772660399
      20
-36.6882551064743
      30
0
      10
28.6757642372103
      20
-36.8115800558194
      30
0
      10
28.6743512083807
      20
-36.9349050051647
      30
0
      10
28.6743512083807
      20
-36.9349050051647
      30
0
      10
28.6750599304689
      20
-36.9881673464974
      30
0
      10
28.6757686525571
      20
-37.0414296878301
      30
0
      10
28.6764773746453
      20
-37.0946920291628
      30
0
      10
28.6764773746453
      20
-37.0946920291628
      30
0
      10
28.6787956027585
      20
-37.2544686609435
      30
0
      10
28.6860641238059
      20
-37.4141045677022
      30
0
      10
28.697477887759
      20
-37.5735378285258
      30
0
      10
28.697477887759
      20
-37.5735378285258
      30
0
      10
28.7093944076063
      20
-37.7597012675876
      30
0
      10
28.7322238900615
      20
-37.9448078705461
      30
0
      10
28.7641251459993
      20
-38.1285878930962
      30
0
      10
28.7641251459993
      20
-38.1285878930962
      30
0
      10
28.7977077293723
      20
-38.3390399446067
      30
0
      10
28.8453986682747
      20
-38.5471341212229
      30
0
      10
28.9092175476681
      20
-38.7505699407494
      30
0
      10
28.9092175476681
      20
-38.7505699407494
      30
0
      10
28.9330221693455
      20
-38.8268448689076
      30
0
      10
28.9599661113671
      20
-38.9021042986341
      30
0
      10
28.9897554322706
      20
-38.9762659715535
      30
0
      10
28.9897554322706
      20
-38.9762659715535
      30
0
      10
29.0294929669277
      20
-39.0751467581849
      30
0
      10
29.0730721201453
      20
-39.1724330709001
      30
0
      10
29.1205818196874
      20
-39.2677996701143
      30
0
      10
29.1205818196874
      20
-39.2677996701143
      30
0
      10
29.1621230021367
      20
-39.3512707742836
      30
0
      10
29.2070961293606
      20
-39.4330310825227
      30
0
      10
29.2563666854295
      20
-39.5121715702716
      30
0
      10
29.2563666854295
      20
-39.5121715702716
      30
0
      10
29.2594297244222
      20
-39.5180995990596
      30
0
      10
29.3276056499147
      20
-39.6247328219301
      30
0
      10
29.3660958105855
      20
-39.6790767739602
      30
0
      10
29.3660958105855
      20
-39.6790767739602
      30
0
      10
29.388873252066
      20
-39.7118952059754
      30
0
      10
29.4121912487022
      20
-39.7443378448656
      30
0
      10
29.4361865998495
      20
-39.7762991465841
      30
0
      10
29.4361865998495
      20
-39.7762991465841
      30
0
      10
29.5309160558941
      20
-39.9053356114288
      30
0
      10
29.6437292518951
      20
-40.0196089557096
      30
0
      10
29.762418703581
      20
-40.1265715831769
      30
0
      10
29.762418703581
      20
-40.1265715831769
      30
0
      10
30.1198818297919
      20
-40.4453737865084
      30
0
      10
30.5860830669795
      20
-40.6452186694608
      30
0
      10
31.0647910146279
      20
-40.6748101412711
      30
0
      10
31.0647910146279
      20
-40.6748101412711
      30
0
      10
31.0713680491256
      20
-40.6758494054457
      30
0
      10
31.1977996501977
      20
-40.6826644804718
      30
0
      10
31.26449543915
      20
-40.6849050051647
      30
0
      10
31.26449543915
      20
-40.6849050051647
      30
0
      10
31.3087841457542
      20
-40.6837638172598
      30
0
      10
31.3530728523585
      20
-40.682622629355
      30
0
      10
31.3973615589628
      20
-40.6814814414501
      30
0
      10
31.3973615589628
      20
-40.6814814414501
      30
0
      10
31.4194813539114
      20
-40.6805074285634
      30
0
      10
31.44160114886
      20
-40.6795334156767
      30
0
      10
31.4637209438087
      20
-40.67855940279
      30
0
      10
31.4637209438087
      20
-40.67855940279
      30
0
      10
31.4858112662712
      20
-40.6771013691728
      30
0
      10
31.5079015887337
      20
-40.6756433355556
      30
0
      10
31.5299919111962
      20
-40.6741853019384
      30
0
      10
31.5299919111962
      20
-40.6741853019384
      30
0
      10
31.9051299666856
      20
-40.6413887203946
      30
0
      10
32.2733971451296
      20
-40.5351786311678
      30
0
      10
32.6106986463494
      20
-40.3682987905216
      30
0
      10
32.6106986463494
      20
-40.3682987905216
      30
0
      10
32.9464650061544
      20
-40.1990225880707
      30
0
      10
33.261061785215
      20
-39.9828278260825
      30
0
      10
33.5272348802834
      20
-39.7162801695785
      30
0
      10
33.5272348802834
      20
-39.7162801695785
      30
0
      10
33.7748664960031
      20
-39.4627306175511
      30
0
      10
33.9909654109196
      20
-39.1786315573239
      30
0
      10
34.1721686646887
      20
-38.874250941832
      30
0
      10
34.1721686646887
      20
-38.874250941832
      30
0
      10
34.3776750947171
      20
-38.5325258967339
      30
0
      10
34.5527520688528
      20
-38.1730044164975
      30
0
      10
34.698616258861
      20
-37.8019974587702
      30
0
      10
34.698616258861
      20
-37.8019974587702
      30
0
      10
35.1260816743561
      20
-36.7309461221197
      30
0
      10
35.3190729974422
      20
-35.5762397125714
      30
0
      10
35.3371164781082
      20
-34.4261746845534
      30
0
      10
35.3371164781082
      20
-34.4261746845534
      30
0
      10
35.3384169437546
      20
-34.3376050905691
      30
0
      10
35.339717409401
      20
-34.2490354965849
      30
0
      10
35.3410178750474
      20
-34.1604659026006
      30
0
    1001
FS_CYPCUT
    1000
Channel
    1070
1
    1000
LeadIn
    1002
{
    1070
3
    1040
98.5
    1040
1.5707963267949
    1040
0.5
    1040
0.3
    1070
0
    1040
0.5
    1070
0
    1002
}
    1000
LeadOut
    1002
{
    1070
0
    1040
0
    1040
0.523598775598299
    1040
3
    1070
0
    1002
}
    1000
IsFill
    1070
0
    1000
PathStart
    1040
98.5
    1000
ToolCompensation
    1002
{
    1070
0
    1040
0
    1070
0
    1002
}
       0
SPLINE
       5
2017
     100
AcDbEntity
       8
1
     100
AcDbSpline
      70
0
      71
3
      72
404
      73
400
      74
0
      40
0
      40
0
      40
0
      40
0
      40
0.01
      40
0.01
      40
0.01
      40
0.01
      40
0.02
      40
0.02
      40
0.02
      40
0.02
      40
0.03
      40
0.03
      40
0.03
      40
0.03
      40
0.04
      40
0.04
      40
0.04
      40
0.04
      40
0.05
      40
0.05
      40
0.05
      40
0.05
      40
0.06
      40
0.06
      40
0.06
      40
0.06
      40
0.07
      40
0.07
      40
0.07
      40
0.07
      40
0.08
      40
0.08
      40
0.08
      40
0.08
      40
0.09
      40
0.09
      40
0.09
      40
0.09
      40
0.1
      40
0.1
      40
0.1
      40
0.1
      40
0.11
      40
0.11
      40
0.11
      40
0.11
      40
0.12
      40
0.12
      40
0.12
      40
0.12
      40
0.13
      40
0.13
      40
0.13
      40
0.13
      40
0.14
      40
0.14
      40
0.14
      40
0.14
      40
0.15
      40
0.15
      40
0.15
      40
0.15
      40
0.16
      40
0.16
      40
0.16
      40
0.16
      40
0.17
      40
0.17
      40
0.17
      40
0.17
      40
0.18
      40
0.18
      40
0.18
      40
0.18
      40
0.19
      40
0.19
      40
0.19
      40
0.19
      40
0.2
      40
0.2
      40
0.2
      40
0.2
      40
0.21
      40
0.21
      40
0.21
      40
0.21
      40
0.22
      40
0.22
      40
0.22
      40
0.22
      40
0.23
      40
0.23
      40
0.23
      40
0.23
      40
0.24
      40
0.24
      40
0.24
      40
0.24
      40
0.25
      40
0.25
      40
0.25
      40
0.25
      40
0.26
      40
0.26
      40
0.26
      40
0.26
      40
0.27
      40
0.27
      40
0.27
      40
0.27
      40
0.28
      40
0.28
      40
0.28
      40
0.28
      40
0.29
      40
0.29
      40
0.29
      40
0.29
      40
0.3
      40
0.3
      40
0.3
      40
0.3
      40
0.31
      40
0.31
      40
0.31
      40
0.31
      40
0.32
      40
0.32
      40
0.32
      40
0.32
      40
0.33
      40
0.33
      40
0.33
      40
0.33
      40
0.34
      40
0.34
      40
0.34
      40
0.34
      40
0.35
      40
0.35
      40
0.35
      40
0.35
      40
0.36
      40
0.36
      40
0.36
      40
0.36
      40
0.37
      40
0.37
      40
0.37
      40
0.37
      40
0.38
      40
0.38
      40
0.38
      40
0.38
      40
0.39
      40
0.39
      40
0.39
      40
0.39
      40
0.4
      40
0.4
      40
0.4
      40
0.4
      40
0.41
      40
0.41
      40
0.41
      40
0.41
      40
0.42
      40
0.42
      40
0.42
      40
0.42
      40
0.43
      40
0.43
      40
0.43
      40
0.43
      40
0.44
      40
0.44
      40
0.44
      40
0.44
      40
0.45
      40
0.45
      40
0.45
      40
0.45
      40
0.46
      40
0.46
      40
0.46
      40
0.46
      40
0.47
      40
0.47
      40
0.47
      40
0.47
      40
0.48
      40
0.48
      40
0.48
      40
0.48
      40
0.49
      40
0.49
      40
0.49
      40
0.49
      40
0.5
      40
0.5
      40
0.5
      40
0.5
      40
0.51
      40
0.51
      40
0.51
      40
0.51
      40
0.52
      40
0.52
      40
0.52
      40
0.52
      40
0.53
      40
0.53
      40
0.53
      40
0.53
      40
0.54
      40
0.54
      40
0.54
      40
0.54
      40
0.55
      40
0.55
      40
0.55
      40
0.55
      40
0.56
      40
0.56
      40
0.56
      40
0.56
      40
0.57
      40
0.57
      40
0.57
      40
0.57
      40
0.58
      40
0.58
      40
0.58
      40
0.58
      40
0.59
      40
0.59
      40
0.59
      40
0.59
      40
0.6
      40
0.6
      40
0.6
      40
0.6
      40
0.61
      40
0.61
      40
0.61
      40
0.61
      40
0.62
      40
0.62
      40
0.62
      40
0.62
      40
0.63
      40
0.63
      40
0.63
      40
0.63
      40
0.64
      40
0.64
      40
0.64
      40
0.64
      40
0.65
      40
0.65
      40
0.65
      40
0.65
      40
0.66
      40
0.66
      40
0.66
      40
0.66
      40
0.67
      40
0.67
      40
0.67
      40
0.67
      40
0.68
      40
0.68
      40
0.68
      40
0.68
      40
0.69
      40
0.69
      40
0.69
      40
0.69
      40
0.7
      40
0.7
      40
0.7
      40
0.7
      40
0.71
      40
0.71
      40
0.71
      40
0.71
      40
0.72
      40
0.72
      40
0.72
      40
0.72
      40
0.73
      40
0.73
      40
0.73
      40
0.73
      40
0.74
      40
0.74
      40
0.74
      40
0.74
      40
0.75
      40
0.75
      40
0.75
      40
0.75
      40
0.76
      40
0.76
      40
0.76
      40
0.76
      40
0.77
      40
0.77
      40
0.77
      40
0.77
      40
0.78
      40
0.78
      40
0.78
      40
0.78
      40
0.79
      40
0.79
      40
0.79
      40
0.79
      40
0.8
      40
0.8
      40
0.8
      40
0.8
      40
0.81
      40
0.81
      40
0.81
      40
0.81
      40
0.82
      40
0.82
      40
0.82
      40
0.82
      40
0.83
      40
0.83
      40
0.83
      40
0.83
      40
0.84
      40
0.84
      40
0.84
      40
0.84
      40
0.85
      40
0.85
      40
0.85
      40
0.85
      40
0.86
      40
0.86
      40
0.86
      40
0.86
      40
0.87
      40
0.87
      40
0.87
      40
0.87
      40
0.88
      40
0.88
      40
0.88
      40
0.88
      40
0.89
      40
0.89
      40
0.89
      40
0.89
      40
0.9
      40
0.9
      40
0.9
      40
0.9
      40
0.91
      40
0.91
      40
0.91
      40
0.91
      40
0.92
      40
0.92
      40
0.92
      40
0.92
      40
0.93
      40
0.93
      40
0.93
      40
0.93
      40
0.94
      40
0.94
      40
0.94
      40
0.94
      40
0.95
      40
0.95
      40
0.95
      40
0.95
      40
0.96
      40
0.96
      40
0.96
      40
0.96
      40
0.97
      40
0.97
      40
0.97
      40
0.97
      40
0.98
      40
0.98
      40
0.98
      40
0.98
      40
0.99
      40
0.99
      40
0.99
      40
0.99
      40
1
      40
1
      40
1
      40
1
      10
27.6487101827397
      20
-34.1604659026006
      30
0
      10
27.6474097170933
      20
-34.2490354965849
      30
0
      10
27.6461092514469
      20
-34.3376050905691
      30
0
      10
27.6448087858005
      20
-34.4261746845534
      30
0
      10
27.6448087858005
      20
-34.4261746845534
      30
0
      10
27.6267653051345
      20
-35.5762397125715
      30
0
      10
27.4337739820484
      20
-36.7309461221197
      30
0
      10
27.0063085665533
      20
-37.8019974587702
      30
0
      10
27.0063085665533
      20
-37.8019974587702
      30
0
      10
26.8604443765451
      20
-38.1730044164975
      30
0
      10
26.6853674024094
      20
-38.5325258967338
      30
0
      10
26.479860972381
      20
-38.874250941832
      30
0
      10
26.479860972381
      20
-38.874250941832
      30
0
      10
26.2986577186119
      20
-39.1786315573239
      30
0
      10
26.0825588036955
      20
-39.4627306175511
      30
0
      10
25.8349271879757
      20
-39.7162801695785
      30
0
      10
25.8349271879757
      20
-39.7162801695785
      30
0
      10
25.5687540929073
      20
-39.9828278260825
      30
0
      10
25.2541573138468
      20
-40.1990225880707
      30
0
      10
24.9183909540417
      20
-40.3682987905216
      30
0
      10
24.9183909540417
      20
-40.3682987905216
      30
0
      10
24.5810894528219
      20
-40.5351786311677
      30
0
      10
24.212822274378
      20
-40.6413887203946
      30
0
      10
23.8376842188885
      20
-40.6741853019384
      30
0
      10
23.8376842188885
      20
-40.6741853019384
      30
0
      10
23.815593896426
      20
-40.6756433355556
      30
0
      10
23.7935035739635
      20
-40.6771013691728
      30
0
      10
23.771413251501
      20
-40.67855940279
      30
0
      10
23.771413251501
      20
-40.67855940279
      30
0
      10
23.7492934565523
      20
-40.6795334156767
      30
0
      10
23.7271736616037
      20
-40.6805074285634
      30
0
      10
23.7050538666551
      20
-40.6814814414501
      30
0
      10
23.7050538666551
      20
-40.6814814414501
      30
0
      10
23.6607651600508
      20
-40.682622629355
      30
0
      10
23.6164764534465
      20
-40.6837638172598
      30
0
      10
23.5721877468423
      20
-40.6849050051647
      30
0
      10
23.5721877468423
      20
-40.6849050051647
      30
0
      10
23.50549195789
      20
-40.6826644804718
      30
0
      10
23.3790603568179
      20
-40.6758494054457
      30
0
      10
23.3724833223202
      20
-40.6748101412711
      30
0
      10
23.3724833223202
      20
-40.6748101412711
      30
0
      10
22.8937753746718
      20
-40.6452186694608
      30
0
      10
22.4275741374842
      20
-40.4453737865084
      30
0
      10
22.0701110112733
      20
-40.1265715831769
      30
0
      10
22.0701110112733
      20
-40.1265715831769
      30
0
      10
21.9514215595874
      20
-40.0196089557096
      30
0
      10
21.8386083635864
      20
-39.9053356114288
      30
0
      10
21.7438789075419
      20
-39.7762991465841
      30
0
      10
21.7438789075419
      20
-39.7762991465841
      30
0
      10
21.7198835563944
      20
-39.7443378448656
      30
0
      10
21.6965655597584
      20
-39.7118952059754
      30
0
      10
21.6737881182778
      20
-39.6790767739602
      30
0
      10
21.6737881182778
      20
-39.6790767739602
      30
0
      10
21.635297957607
      20
-39.6247328219301
      30
0
      10
21.5671220321145
      20
-39.5180995990596
      30
0
      10
21.5640589931218
      20
-39.5121715702716
      30
0
      10
21.5640589931218
      20
-39.5121715702716
      30
0
      10
21.5147884370529
      20
-39.4330310825227
      30
0
      10
21.469815309829
      20
-39.3512707742836
      30
0
      10
21.4282741273797
      20
-39.2677996701143
      30
0
      10
21.4282741273797
      20
-39.2677996701143
      30
0
      10
21.3807644278376
      20
-39.1724330709001
      30
0
      10
21.33718527462
      20
-39.0751467581849
      30
0
      10
21.2974477399629
      20
-38.9762659715535
      30
0
      10
21.2974477399629
      20
-38.9762659715535
      30
0
      10
21.2676584190595
      20
-38.9021042986341
      30
0
      10
21.2407144770378
      20
-38.8268448689076
      30
0
      10
21.2169098553605
      20
-38.7505699407494
      30
0
      10
21.2169098553605
      20
-38.7505699407494
      30
0
      10
21.153090975967
      20
-38.5471341212229
      30
0
      10
21.1054000370646
      20
-38.3390399446067
      30
0
      10
21.0718174536916
      20
-38.1285878930962
      30
0
      10
21.0718174536916
      20
-38.1285878930962
      30
0
      10
21.0399161977539
      20
-37.9448078705461
      30
0
      10
21.0170867152986
      20
-37.7597012675876
      30
0
      10
21.0051701954513
      20
-37.5735378285258
      30
0
      10
21.0051701954513
      20
-37.5735378285258
      30
0
      10
20.9937564314981
      20
-37.4141045677022
      30
0
      10
20.9864879104509
      20
-37.2544686609435
      30
0
      10
20.9841696823376
      20
-37.0946920291628
      30
0
      10
20.9841696823376
      20
-37.0946920291628
      30
0
      10
20.9834609602494
      20
-37.0414296878301
      30
0
      10
20.9827522381612
      20
-36.9881673464974
      30
0
      10
20.982043516073
      20
-36.9349050051647
      30
0
      10
20.982043516073
      20
-36.9349050051647
      30
0
      10
20.9834565449026
      20
-36.8115800558194
      30
0
      10
20.9848695737322
      20
-36.6882551064743
      30
0
      10
20.9875249384263
      20
-36.5649638541372
      30
0
      10
20.9875249384263
      20
-36.5649638541372
      30
0
      10
20.9994433304152
      20
-35.9896436811369
      30
0
      10
21.0476758113171
      20
-35.4146649278736
      30
0
      10
21.1399800529897
      20
-34.8465060701829
      30
0
      10
21.1399800529897
      20
-34.8465060701829
      30
0
      10
21.194593264193
      20
-34.5012861502039
      30
0
      10
21.2674980050941
      20
-34.1592142120398
      30
0
      10
21.3572641963432
      20
-33.8213906742695
      30
0
      10
21.3572641963432
      20
-33.8213906742695
      30
0
      10
21.4143909324507
      20
-33.6025155406848
      30
0
      10
21.4822492101595
      20
-33.3867976890219
      30
0
      10
21.5566680376928
      20
-33.1732605609528
      30
0
      10
21.5566680376928
      20
-33.1732605609528
      30
0
      10
21.5701211886059
      20
-33.1344069996217
      30
0
      10
21.583574339519
      20
-33.0955534382906
      30
0
      10
21.597027490432
      20
-33.0566998769596
      30
0
      10
21.597027490432
      20
-33.0566998769596
      30
0
      10
21.6144846590309
      20
-33.011742327697
      30
0
      10
21.6319418276297
      20
-32.9667847784343
      30
0
      10
21.6493989962286
      20
-32.9218272291717
      30
0
      10
21.6493989962286
      20
-32.9218272291717
      30
0
      10
21.7887686292928
      20
-32.56231493522
      30
0
      10
21.9580100308275
      20
-32.213654427349
      30
0
      10
22.1602102596375
      20
-31.8851029988457
      30
0
      10
22.1602102596375
      20
-31.8851029988457
      30
0
      10
22.4009179212157
      20
-31.4961029850606
      30
0
      10
22.6985677961684
      20
-31.1376295907266
      30
0
      10
23.0636477766115
      20
-30.8592610714116
      30
0
      10
23.0636477766115
      20
-30.8592610714116
      30
0
      10
23.1977891422642
      20
-30.7569390967388
      30
0
      10
23.3379987643452
      20
-30.6621030298567
      30
0
      10
23.4840186754198
      20
-30.5774975002725
      30
0
      10
23.4840186754198
      20
-30.5774975002725
      30
0
      10
23.4945102378333
      20
-30.5715616311445
      30
0
      10
23.5050018002468
      20
-30.5656257620164
      30
0
      10
23.5154933626603
      20
-30.5596898928884
      30
0
      10
23.5154933626603
      20
-30.5596898928884
      30
0
      10
23.5260615924291
      20
-30.5538906818218
      30
0
      10
23.536629822198
      20
-30.5480914707553
      30
0
      10
23.5471980519668
      20
-30.5422922596887
      30
0
      10
23.5471980519668
      20
-30.5422922596887
      30
0
      10
23.717250605909
      20
-30.4512718881978
      30
0
      10
23.8947400266044
      20
-30.3736948636203
      30
0
      10
24.0780136199716
      20
-30.3134243519515
      30
0
      10
24.0780136199716
      20
-30.3134243519515
      30
0
      10
24.1467887509997
      20
-30.2909354098247
      30
0
      10
24.2164136115648
      20
-30.2710895436002
      30
0
      10
24.2866996206877
      20
-30.2540419218956
      30
0
      10
24.2866996206877
      20
-30.2540419218956
      30
0
      10
24.3569835451127
      20
-30.2369685006532
      30
0
      10
24.4279149593317
      20
-30.2225141382515
      30
0
      10
24.4992529637353
      20
-30.2101758756869
      30
0
      10
24.4992529637353
      20
-30.2101758756869
      30
0
      10
24.5943706111388
      20
-30.1936763610225
      30
0
      10
24.6902479920418
      20
-30.1818826357084
      30
0
      10
24.7865382601435
      20
-30.1773353896302
      30
0
      10
24.7865382601435
      20
-30.1773353896302
      30
0
      10
24.8106284152221
      20
-30.1763818231386
      30
0
      10
24.8347185703007
      20
-30.175428256647
      30
0
      10
24.8588087253792
      20
-30.1744746901554
      30
0
      10
24.8588087254
      20
-30.1744746902
      30
0
      10
24.7821593527233
      20
-30.7338806412401
      30
0
      10
24.7055099800465
      20
-31.2932865922802
      30
0
      10
24.6288606073698
      20
-31.8526925433202
      30
0
      10
24.6288606073698
      20
-31.8526925433202
      30
0
      10
24.5685916981842
      20
-31.8614392760225
      30
0
      10
24.5095784729114
      20
-31.8784093458557
      30
0
      10
24.4527421483229
      20
-31.9015151308285
      30
0
      10
24.4527421483229
      20
-31.9015151308285
      30
0
      10
24.3523835765178
      20
-31.9424110245284
      30
0
      10
24.2589905731635
      20
-31.9990145987677
      30
0
      10
24.1764552047759
      20
-32.0678956685626
      30
0
      10
24.1764552047759
      20
-32.0678956685626
      30
0
      10
24.1626505681503
      20
-32.0793452421157
      30
0
      10
24.1490747306447
      20
-32.0910817509098
      30
0
      10
24.1356603984002
      20
-32.1030208022268
      30
0
      10
24.1356603984002
      20
-32.1030208022268
      30
0
      10
24.1303190707418
      20
-32.1078270291793
      30
0
      10
24.1249777430835
      20
-32.1126332561318
      30
0
      10
24.1196364154252
      20
-32.1174394830843
      30
0
      10
24.1196364154252
      20
-32.1174394830843
      30
0
      10
24.1143381558365
      20
-32.1222997213763
      30
0
      10
24.1090398962478
      20
-32.1271599596683
      30
0
      10
24.1037416366591
      20
-32.1320201979603
      30
0
      10
24.1037416366591
      20
-32.1320201979603
      30
0
      10
24.0984778315261
      20
-32.1369236453239
      30
0
      10
24.0932140263931
      20
-32.1418270926875
      30
0
      10
24.0879502212602
      20
-32.146730540051
      30
0
      10
24.0879502212602
      20
-32.146730540051
      30
0
      10
24.082712256969
      20
-32.1516663942183
      30
0
      10
24.0774742926778
      20
-32.1566022483856
      30
0
      10
24.0722363283866
      20
-32.1615381025528
      30
0
      10
24.0722363283866
      20
-32.1615381025528
      30
0
      10
24.0618034678738
      20
-32.1714638222268
      30
0
      10
24.051370607361
      20
-32.1813895419008
      30
0
      10
24.0409377468483
      20
-32.1913152615748
      30
0
      10
24.0409377468483
      20
-32.1913152615748
      30
0
      10
24.0237618138836
      20
-32.2108346745413
      30
0
      10
24.0065858809189
      20
-32.2303540875078
      30
0
      10
23.9894099479541
      20
-32.2498735004743
      30
0
      10
23.9894099479541
      20
-32.2498735004743
      30
0
      10
23.9203943354156
      20
-32.3276785904425
      30
0
      10
23.8602617096852
      20
-32.4125545161233
      30
0
      10
23.8050115839694
      20
-32.5007808182128
      30
0
      10
23.8050115839694
      20
-32.5007808182128
      30
0
      10
23.7912589354517
      20
-32.5228430334582
      30
0
      10
23.7775062869339
      20
-32.5449052487036
      30
0
      10
23.7637536384161
      20
-32.5669674639489
      30
0
      10
23.7637536384161
      20
-32.5669674639489
      30
0
      10
23.7092466816138
      20
-32.6554936140353
      30
0
      10
23.6596465309713
      20
-32.7468022141457
      30
0
      10
23.6150757206817
      20
-32.8407411554556
      30
0
      10
23.6150757206817
      20
-32.8407411554556
      30
0
      10
23.4931545783976
      20
-33.0992287110001
      30
0
      10
23.3855853307612
      20
-33.3645703929179
      30
0
      10
23.2986284680129
      20
-33.6368145830075
      30
0
      10
23.2986284680129
      20
-33.6368145830075
      30
0
      10
23.2907392965868
      20
-33.6615665845982
      30
0
      10
23.2828501251607
      20
-33.6863185861889
      30
0
      10
23.2749609537346
      20
-33.7110705877796
      30
0
      10
23.2749609537346
      20
-33.7110705877796
      30
0
      10
23.259575589952
      20
-33.7606967206275
      30
0
      10
23.2441902261695
      20
-33.8103228534753
      30
0
      10
23.228804862387
      20
-33.8599489863232
      30
0
      10
23.228804862387
      20
-33.8599489863232
      30
0
      10
23.0147918591252
      20
-34.5551697921729
      30
0
      10
22.8784917213456
      20
-35.2740182430671
      30
0
      10
22.8157179754254
      20
-35.9987206233249
      30
0
      10
22.8157179754254
      20
-35.9987206233249
      30
0
      10
22.7980198423343
      20
-36.2058236587305
      30
0
      10
22.7889403758229
      20
-36.4134245953299
      30
0
      10
22.7835658092202
      20
-36.6211821712729
      30
0
      10
22.7835658092202
      20
-36.6211821712729
      30
0
      10
22.7823578046205
      20
-36.6731303662481
      30
0
      10
22.7811498000208
      20
-36.7250785612233
      30
0
      10
22.7799417954211
      20
-36.7770267561986
      30
0
      10
22.7799417954211
      20
-36.7770267561986
      30
0
      10
22.7789329672643
      20
-36.8289851041445
      30
0
      10
22.7779241391076
      20
-36.8809434520904
      30
0
      10
22.7769153109508
      20
-36.9329018000363
      30
0
      10
22.7769153109508
      20
-36.9329018000363
      30
0
      10
22.7777937391519
      20
-37.0406796221819
      30
0
      10
22.7786721902723
      20
-37.1484579216718
      30
0
      10
22.781742660692
      20
-37.2562153270146
      30
0
      10
22.781742660692
      20
-37.2562153270146
      30
0
      10
22.7853249286899
      20
-37.3909332929292
      30
0
      10
22.7934646971264
      20
-37.5254704335827
      30
0
      10
22.8070732853411
      20
-37.6595298650458
      30
0
      10
22.8070732853411
      20
-37.6595298650458
      30
0
      10
22.8098422560097
      20
-37.6863381055432
      30
0
      10
22.8126112266783
      20
-37.7131463460406
      30
0
      10
22.8153801973469
      20
-37.7399545865381
      30
0
      10
22.8153801973469
      20
-37.7399545865381
      30
0
      10
22.8318672058988
      20
-37.9007448220137
      30
0
      10
22.8558044201025
      20
-38.0611689830056
      30
0
      10
22.897720457125
      20
-38.2174883566062
      30
0
      10
22.897720457125
      20
-38.2174883566062
      30
0
      10
22.9080644607466
      20
-38.2565657066763
      30
0
      10
22.9194040780075
      20
-38.2953817650091
      30
0
      10
22.9318736744349
      20
-38.3338629733359
      30
0
      10
22.9318736744349
      20
-38.3338629733359
      30
0
      10
22.9684933001607
      20
-38.4494297173411
      30
0
      10
23.02023594829
      20
-38.5608227819147
      30
0
      10
23.0918362344446
      20
-38.6590674452622
      30
0
      10
23.0918362344446
      20
-38.6590674452622
      30
0
      10
23.1435242600233
      20
-38.7296657710785
      30
0
      10
23.2042735456735
      20
-38.7940895719149
      30
0
      10
23.272479359738
      20
-38.8489973485148
      30
0
      10
23.272479359738
      20
-38.8489973485148
      30
0
      10
23.3467206061964
      20
-38.9068666776763
      30
0
      10
23.430738765837
      20
-38.9541172861889
      30
0
      10
23.5215021681795
      20
-38.9799753050405
      30
0
      10
23.5215021681795
      20
-38.9799753050405
      30
0
      10
23.5862603804512
      20
-38.9989501460538
      30
0
      10
23.6524278439887
      20
-39.0144179563538
      30
0
      10
23.7198053432794
      20
-39.0165588986752
      30
0
      10
23.7198053432794
      20
-39.0165588986752
      30
0
      10
23.7265432392966
      20
-39.0168182734785
      30
0
      10
23.7332811353137
      20
-39.0170776482819
      30
0
      10
23.7400190313309
      20
-39.0173370230852
      30
0
      10
23.7400190313309
      20
-39.0173370230852
      30
0
      10
23.7535197142811
      20
-39.0176374615561
      30
0
      10
23.7670203972314
      20
-39.017937900027
      30
0
      10
23.7805210801816
      20
-39.0182383384979
      30
0
      10
23.7805210801816
      20
-39.0182383384979
      30
0
      10
23.8268008266028
      20
-39.0145532592003
      30
0
      10
23.8730805730241
      20
-39.0108681799028
      30
0
      10
23.9187606366945
      20
-39.0043405477572
      30
0
      10
23.9187606366945
      20
-39.0043405477572
      30
0
      10
24.0102184490271
      20
-38.9923832390099
      30
0
      10
24.0986782452468
      20
-38.9623199000139
      30
0
      10
24.1819700267459
      20
-38.920942157446
      30
0
      10
24.1819700267459
      20
-38.920942157446
      30
0
      10
24.3754888918364
      20
-38.8236762254557
      30
0
      10
24.5443716066766
      20
-38.6846549449763
      30
0
      10
24.6919116417189
      20
-38.5276281034635
      30
0
      10
24.6919116417189
      20
-38.5276281034635
      30
0
      10
24.8287686409033
      20
-38.3807625233716
      30
0
      10
24.9286834833799
      20
-38.2045208847915
      30
0
      10
25.0224441713439
      20
-38.0283547486444
      30
0
      10
25.0224441713439
      20
-38.0283547486444
      30
0
      10
25.0652415977635
      20
-37.9464565214899
      30
0
      10
25.1043030170305
      20
-37.862697633779
      30
0
      10
25.1401672087084
      20
-37.7775654739564
      30
0
      10
25.1401672087084
      20
-37.7775654739564
      30
0
      10
25.3438872137072
      20
-37.2950692929566
      30
0
      10
25.4931415007042
      20
-36.7912513704731
      30
0
      10
25.6087288074628
      20
-36.2808009763633
      30
0
      10
25.6087288074628
      20
-36.2808009763633
      30
0
      10
25.721809395382
      20
-35.7697442685419
      30
0
      10
25.7909760535714
      20
-35.2489512275589
      30
0
      10
25.8261575103538
      20
-34.7268531729962
      30
0
      10
25.8261575103538
      20
-34.7268531729962
      30
0
      10
25.8360566650337
      20
-34.573235661134
      30
0
      10
25.8419904205152
      20
-34.419421180648
      30
0
      10
25.8461401368823
      20
-34.2655193160776
      30
0
      10
25.8461401368823
      20
-34.2655193160776
      30
0
      10
25.847564929908
      20
-34.203946898813
      30
0
      10
25.8489897229337
      20
-34.1423744815483
      30
0
      10
25.8504145159594
      20
-34.0808020642836
      30
0
      10
25.8504145159594
      20
-34.0808020642836
      30
0
      10
25.8515558065975
      20
-34.0192156514148
      30
0
      10
25.8526970972357
      20
-33.9576292385461
      30
0
      10
25.8538383878739
      20
-33.8960428256773
      30
0
      10
25.8538383878739
      20
-33.8960428256773
      30
0
      10
25.8533870024331
      20
-33.8295738863145
      30
0
      10
25.8529356169922
      20
-33.7631049469517
      30
0
      10
25.851563592902
      20
-33.6966531781778
      30
0
      10
25.851563592902
      20
-33.6966531781778
      30
0
      10
25.8485909770076
      20
-33.5388125669351
      30
0
      10
25.8385336724665
      20
-33.3810701605538
      30
0
      10
25.8201425673187
      20
-33.22428918907
      30
0
      10
25.8201425673187
      20
-33.22428918907
      30
0
      10
25.8191769554293
      20
-33.2160354830107
      30
0
      10
25.8182113435399
      20
-33.2077817769514
      30
0
      10
25.8172457316505
      20
-33.1995280708921
      30
0
      10
25.8172457316505
      20
-33.1995280708921
      30
0
      10
25.815217729615
      20
-33.1830293949172
      30
0
      10
25.8131897275795
      20
-33.1665307189424
      30
0
      10
25.811161725544
      20
-33.1500320429676
      30
0
      10
25.811161725544
      20
-33.1500320429676
      30
0
      10
25.7997639392009
      20
-33.0593004646369
      30
0
      10
25.7861070377611
      20
-32.9688315431044
      30
0
      10
25.7656265622376
      20
-32.8797675896056
      30
0
      10
25.7656265622376
      20
-32.8797675896056
      30
0
      10
25.7488778187257
      20
-32.806920113797
      30
0
      10
25.7301723197537
      20
-32.7343554400997
      30
0
      10
25.7090932301027
      20
-32.6625987722912
      30
0
      10
25.7090932301027
      20
-32.6625987722912
      30
0
      10
25.7066605797576
      20
-32.6546545941705
      30
0
      10
25.7042279294125
      20
-32.6467104160498
      30
0
      10
25.7017952790674
      20
-32.6387662379291
      30
0
      10
25.7017952790674
      20
-32.6387662379291
      30
0
      10
25.6820595902595
      20
-32.5753176993032
      30
0
      10
25.6575111873032
      20
-32.5133720556209
      30
0
      10
25.6289885088958
      20
-32.453252083967
      30
0
      10
25.6289885088958
      20
-32.453252083967
      30
0
      10
25.6253713311477
      20
-32.4457634947832
      30
0
      10
25.6217541533997
      20
-32.4382749055993
      30
0
      10
25.6181369756516
      20
-32.4307863164155
      30
0
      10
25.6181369756516
      20
-32.4307863164155
      30
0
      10
25.6034359432511
      20
-32.4009459519668
      30
0
      10
25.5877950478559
      20
-32.3715759002292
      30
0
      10
25.5710401398556
      20
-32.3428715273716
      30
0
      10
25.5710401398556
      20
-32.3428715273716
      30
0
      10
25.6622988065371
      20
-31.6768433629144
      30
0
      10
25.7535574732185
      20
-31.0108151984572
      30
0
      10
25.8448161399
      20
-30.344787034
      30
0
      10
25.8448161398829
      20
-30.3447870339596
      30
0
      10
26.0475867022298
      20
-30.4334757809953
      30
0
      10
26.2397889736933
      20
-30.5479505104358
      30
0
      10
26.40791377485
      20
-30.6920867080748
      30
0
      10
26.40791377485
      20
-30.6920867080748
      30
0
      10
26.4167707298651
      20
-30.6996612027224
      30
0
      10
26.4256276848802
      20
-30.7072356973699
      30
0
      10
26.4344846398953
      20
-30.7148101920174
      30
0
      10
26.4344846398953
      20
-30.7148101920174
      30
0
      10
26.4519290920333
      20
-30.7302664593063
      30
0
      10
26.4693735441713
      20
-30.7457227265951
      30
0
      10
26.4868179963093
      20
-30.761178993884
      30
0
      10
26.4868179963093
      20
-30.761178993884
      30
0
      10
26.5039136771739
      20
-30.7770087508787
      30
0
      10
26.5210093580385
      20
-30.7928385078735
      30
0
      10
26.5381050389031
      20
-30.8086682648683
      30
0
      10
26.5381050389031
      20
-30.8086682648683
      30
0
      10
26.6396811418326
      20
-30.904677370474
      30
0
      10
26.734354055412
      20
-31.0078168644274
      30
0
      10
26.8214008723846
      20
-31.1172109101582
      30
0
      10
26.8214008723846
      20
-31.1172109101582
      30
0
      10
26.8582520496983
      20
-31.1623444577242
      30
0
      10
26.9234569349084
      20
-31.2518108831483
      30
0
      10
26.9264859528438
      20
-31.2567973601386
      30
0
      10
26.9264859528438
      20
-31.2567973601386
      30
0
      10
27.0007887432539
      20
-31.3612143274698
      30
0
      10
27.0682708949876
      20
-31.4703666793483
      30
0
      10
27.1282343485861
      20
-31.5835726507498
      30
0
      10
27.1282343485861
      20
-31.5835726507498
      30
0
      10
27.2925326021379
      20
-31.8923822498752
      30
0
      10
27.4088284900497
      20
-32.224792068094
      30
0
      10
27.4867471078662
      20
-32.5652896121028
      30
0
      10
27.4867471078662
      20
-32.5652896121028
      30
0
      10
27.5759546657094
      20
-32.9510829185011
      30
0
      10
27.6214692121231
      20
-33.3462438330158
      30
0
      10
27.6391131452103
      20
-33.7414549706311
      30
0
      10
27.6391131452103
      20
-33.7414549706311
      30
0
      10
27.6399739256737
      20
-33.7647200823977
      30
0
      10
27.640834706137
      20
-33.7879851941643
      30
0
      10
27.6416954866004
      20
-33.811250305931
      30
0
      10
27.6416954866004
      20
-33.811250305931
      30
0
      10
27.6427334476429
      20
-33.8228582457967
      30
0
      10
27.6476585712338
      20
-34.0440085756736
      30
0
      10
27.6487101827397
      20
-34.1604659026006
      30
0
    1001
FS_CYPCUT
    1000
Channel
    1070
1
    1000
LeadIn
    1002
{
    1070
3
    1040
1.5
    1040
1.5707963267949
    1040
0.5
    1040
0.3
    1070
0
    1040
0.5
    1070
0
    1002
}
    1000
LeadOut
    1002
{
    1070
0
    1040
0
    1040
0.523598775598299
    1040
3
    1070
0
    1002
}
    1000
IsFill
    1070
0
    1000
PathStart
    1040
1.5
    1000
ToolCompensation
    1002
{
    1070
0
    1040
0
    1070
0
    1002
}
       0
SPLINE
       5
2018
     100
AcDbEntity
       8
1
     100
AcDbSpline
      70
0
      71
3
      72
52
      73
48
      74
0
      40
0
      40
0
      40
0
      40
0
      40
0.0833333333333333
      40
0.0833333333333333
      40
0.0833333333333333
      40
0.0833333333333333
      40
0.166666666666667
      40
0.166666666666667
      40
0.166666666666667
      40
0.166666666666667
      40
0.25
      40
0.25
      40
0.25
      40
0.25
      40
0.333333333333333
      40
0.333333333333333
      40
0.333333333333333
      40
0.333333333333333
      40
0.416666666666667
      40
0.416666666666667
      40
0.416666666666667
      40
0.416666666666667
      40
0.5
      40
0.5
      40
0.5
      40
0.5
      40
0.583333333333333
      40
0.583333333333333
      40
0.583333333333333
      40
0.583333333333333
      40
0.666666666666667
      40
0.666666666666667
      40
0.666666666666667
      40
0.666666666666667
      40
0.75
      40
0.75
      40
0.75
      40
0.75
      40
0.833333333333333
      40
0.833333333333333
      40
0.833333333333333
      40
0.833333333333333
      40
0.916666666666667
      40
0.916666666666667
      40
0.916666666666667
      40
0.916666666666667
      40
1
      40
1
      40
1
      40
1
      10
67.3000236375
      20
-2.4139203613
      30
0
      10
67.3000236375
      20
-3.63997036713333
      30
0
      10
67.3000236375
      20
-4.86602037296667
      30
0
      10
67.3000236375
      20
-6.0920703788
      30
0
      10
67.3000236374861
      20
-6.09207037882918
      30
0
      10
66.3325847102732
      20
-6.32116168263482
      30
0
      10
65.3324067744489
      20
-6.78675059524059
      30
0
      10
64.4207740024215
      20
-7.44465792087868
      30
0
      10
64.4207740024215
      20
-7.44465792087868
      30
0
      10
63.0491095865113
      20
-8.4264673543659
      30
0
      10
61.8950945503158
      20
-9.84635886724649
      30
0
      10
61.2441095703149
      20
-11.3446808364349
      30
0
      10
61.2441095703149
      20
-11.3446808364349
      30
0
      10
60.6325453162453
      20
-12.7310799294332
      30
0
      10
60.4564856077637
      20
-14.1649552841467
      30
0
      10
60.7048551923237
      20
-15.3352175647486
      30
0
      10
60.7048551923237
      20
-15.3352175647486
      30
0
      10
61.0308786983921
      20
-16.8879056459337
      30
0
      10
62.0321299875523
      20
-17.9711757386426
      30
0
      10
63.4805156579582
      20
-18.378735713714
      30
0
      10
63.4805156579582
      20
-18.378735713714
      30
0
      10
64.574736356521
      20
-18.6904883334233
      30
0
      10
65.9433466493334
      20
-18.5854681021534
      30
0
      10
67.3000236374862
      20
-18.0270993598643
      30
0
      10
67.3000236375
      20
-18.0270993599
      30
0
      10
67.3000236374142
      20
-19.4945803132595
      30
0
      10
67.3000236373283
      20
-20.962061266619
      30
0
      10
67.3000236372425
      20
-22.4295422199786
      30
0
      10
67.3000236372425
      20
-22.4295422199786
      30
0
      10
65.2060996817042
      20
-23.018209034625
      30
0
      10
63.1457666256045
      20
-22.8997314408637
      30
0
      10
61.4277855847696
      20
-22.0918644681261
      30
0
      10
61.4277855847696
      20
-22.0918644681261
      30
0
      10
59.7098045439346
      20
-21.2839974953886
      30
0
      10
58.4245066218373
      20
-19.8292186293817
      30
0
      10
57.7645063180706
      20
-17.9455407513815
      30
0
      10
57.7645063180706
      20
-17.9455407513815
      30
0
      10
57.1045060143039
      20
-16.0618628733813
      30
0
      10
57.1045060143543
      20
-13.8483293937997
      30
0
      10
57.7645063182142
      20
-11.6366600144832
      30
0
      10
57.7645063182142
      20
-11.6366600144832
      30
0
      10
58.4245066220741
      20
-9.42499063516658
      30
0
      10
59.7098045442522
      20
-7.33147449482055
      30
0
      10
61.4277855851433
      20
-5.66984551989894
      30
0
      10
61.4277855851433
      20
-5.66984551989894
      30
0
      10
63.1457666260345
      20
-4.00821654497734
      30
0
      10
65.2060996821628
      20
-2.86584285846853
      30
0
      10
67.300023637698
      20
-2.41392036148785
      30
0
    1001
FS_CYPCUT
    1000
Channel
    1070
1
    1000
LeadIn
    1002
{
    1070
3
    1040
10.5
    1040
1.5707963267949
    1040
0.5
    1040
0.3
    1070
0
    1040
0.5
    1070
0
    1002
}
    1000
LeadOut
    1002
{
    1070
0
    1040
0
    1040
0.523598775598299
    1040
3
    1070
0
    1002
}
    1000
IsFill
    1070
0
    1000
PathStart
    1040
10.5
    1000
ToolCompensation
    1002
{
    1070
0
    1040
0
    1070
0
    1002
}
       0
SPLINE
       5
2019
     100
AcDbEntity
       8
1
     100
AcDbSpline
      70
0
      71
3
      72
52
      73
48
      74
0
      40
0
      40
0
      40
0
      40
0
      40
0.0833333333333333
      40
0.0833333333333333
      40
0.0833333333333333
      40
0.0833333333333333
      40
0.166666666666667
      40
0.166666666666667
      40
0.166666666666667
      40
0.166666666666667
      40
0.25
      40
0.25
      40
0.25
      40
0.25
      40
0.333333333333333
      40
0.333333333333333
      40
0.333333333333333
      40
0.333333333333333
      40
0.416666666666667
      40
0.416666666666667
      40
0.416666666666667
      40
0.416666666666667
      40
0.5
      40
0.5
      40
0.5
      40
0.5
      40
0.583333333333333
      40
0.583333333333333
      40
0.583333333333333
      40
0.583333333333333
      40
0.666666666666667
      40
0.666666666666667
      40
0.666666666666667
      40
0.666666666666667
      40
0.75
      40
0.75
      40
0.75
      40
0.75
      40
0.833333333333333
      40
0.833333333333333
      40
0.833333333333333
      40
0.833333333333333
      40
0.916666666666667
      40
0.916666666666667
      40
0.916666666666667
      40
0.916666666666667
      40
1
      40
1
      40
1
      40
1
      10
76.7144149139868
      20
-10.0824593912177
      30
0
      10
76.7144149140398
      20
-7.75049900472392
      30
0
      10
75.9233778533343
      20
-5.68679474246182
      30
0
      10
74.4787813914888
      20
-4.25000645264087
      30
0
      10
74.4787813914888
      20
-4.25000645264087
      30
0
      10
73.0341849296433
      20
-2.81321816281993
      30
0
      10
71.0248628306307
      20
-2.09169945503859
      30
0
      10
68.8000236376588
      20
-2.21084610181392
      30
0
      10
68.8000236375
      20
-2.2108461017
      30
0
      10
68.8000236375
      20
-3.447020771
      30
0
      10
68.8000236375
      20
-4.6831954403
      30
0
      10
68.8000236375
      20
-5.9193701096
      30
0
      10
68.8000236374858
      20
-5.91937010964234
      30
0
      10
70.0366116227134
      20
-5.93742995943494
      30
0
      10
71.0755466980626
      20
-6.37784210720609
      30
0
      10
71.7915671490162
      20
-7.13190396777725
      30
0
      10
71.7915671490162
      20
-7.13190396777725
      30
0
      10
72.4883394450059
      20
-7.86064445172629
      30
0
      10
72.9003613672735
      20
-8.91109755675637
      30
0
      10
72.9159797670501
      20
-10.1490892477093
      30
0
      10
72.9159797670501
      20
-10.1490892477093
      30
0
      10
72.9362471930922
      20
-11.3820956279539
      30
0
      10
72.5439435651082
      20
-12.784557572008
      30
0
      10
71.7870585282916
      20
-14.0681166578426
      30
0
      10
71.7870585282916
      20
-14.0681166578426
      30
0
      10
71.0595030741118
      20
-15.3131315788075
      30
0
      10
69.9971316538863
      20
-16.4368715580523
      30
0
      10
68.8000236374863
      20
-17.2280640701281
      30
0
      10
68.8000236375
      20
-17.2280640701
      30
0
      10
68.8000236374037
      20
-18.7811032442489
      30
0
      10
68.8000236373073
      20
-20.3341424183977
      30
0
      10
68.800023637211
      20
-21.8871815925466
      30
0
      10
68.800023637211
      20
-21.8871815925466
      30
0
      10
70.4651110654284
      20
-21.1488757222275
      30
0
      10
72.0192219705255
      20
-19.9953729795502
      30
0
      10
73.3076278273405
      20
-18.5415170204981
      30
0
      10
73.3076278273405
      20
-18.5415170204981
      30
0
      10
73.3076278274604
      20
-20.0038429299321
      30
0
      10
73.3076278275802
      20
-21.466168839366
      30
0
      10
73.3076278277
      20
-22.9284947488
      30
0
      10
73.3076278277
      20
-22.9284947488
      30
0
      10
74.4432235232
      20
-22.9284947488
      30
0
      10
75.5788192187
      20
-22.9284947488
      30
0
      10
76.7144149142
      20
-22.9284947488
      30
0
      10
76.7144149142
      20
-22.9284947488
      30
0
      10
76.7144149142
      20
-18.646482963
      30
0
      10
76.7144149142
      20
-14.3644711772
      30
0
      10
76.7144149142
      20
-10.0824593914
      30
0
    1001
FS_CYPCUT
    1000
Channel
    1070
1
    1000
LeadIn
    1002
{
    1070
3
    1040
11.5
    1040
1.5707963267949
    1040
0.5
    1040
0.3
    1070
0
    1040
0.5
    1070
0
    1002
}
    1000
LeadOut
    1002
{
    1070
0
    1040
0
    1040
0.523598775598299
    1040
3
    1070
0
    1002
}
    1000
IsFill
    1070
0
    1000
PathStart
    1040
11.5
    1000
ToolCompensation
    1002
{
    1070
0
    1040
0
    1070
0
    1002
}
       0
CIRCLE
       5
201A
     100
AcDbEntity
       8
1
     100
AcDbCircle
      10
136.0554759088
      20
-39.7439827235
      30
0
      40
3.25
    1001
FS_CYPCUT
    1000
Channel
    1070
1
    1000
LeadIn
    1002
{
    1070
3
    1040
2.4980018054066E-16
    1040
1.5707963267949
    1040
0.5
    1040
0.3
    1070
0
    1040
0.5
    1070
0
    1002
}
    1000
LeadOut
    1002
{
    1070
0
    1040
0
    1040
0.523598775598299
    1040
3
    1070
0
    1002
}
    1000
IsFill
    1070
0
    1000
PathStart
    1040
2.4980018054066E-16
    1000
ToolCompensation
    1002
{
    1070
0
    1040
0
    1070
0
    1002
}
       0
CIRCLE
       5
201B
     100
AcDbEntity
       8
1
     100
AcDbCircle
      10
136.0554759088
      20
30.2560172765
      30
0
      40
3.25
    1001
FS_CYPCUT
    1000
Channel
    1070
1
    1000
LeadIn
    1002
{
    1070
3
    1040
3.60822483003176E-16
    1040
1.5707963267949
    1040
0.5
    1040
0.3
    1070
0
    1040
0.5
    1070
0
    1002
}
    1000
LeadOut
    1002
{
    1070
0
    1040
0
    1040
0.523598775598299
    1040
3
    1070
0
    1002
}
    1000
IsFill
    1070
0
    1000
PathStart
    1040
3.60822483003176E-16
    1000
ToolCompensation
    1002
{
    1070
0
    1040
0
    1070
0
    1002
}
       0
LWPOLYLINE
       5
201C
     100
AcDbEntity
       8
1
     100
AcDbPolyline
      90
8
      70
1
      10
143.5554759088
      20
35.2560172765
      42
0.414213562373097
      10
138.5554759088
      20
40.2560172765
      42
0
      10
-126.4445240912
      20
40.2560172765
      42
0.414213562373097
      10
-131.4445240912
      20
35.2560172765
      42
0
      10
-131.4445240912
      20
-44.7439827235
      42
0.414213562373099
      10
-126.4445240912
      20
-49.7439827235
      42
0
      10
138.5554759088
      20
-49.7439827235
      42
0.414213562373097
      10
143.5554759088
      20
-44.7439827235
      42
0
    1001
FS_CYPCUT
    1000
Channel
    1070
1
    1000
LeadIn
    1002
{
    1070
3
    1040
1.5
    1040
1.5707963267949
    1040
0.5
    1040
0.3
    1070
0
    1040
0.5
    1070
0
    1002
}
    1000
LeadOut
    1002
{
    1070
0
    1040
0
    1040
0.523598775598299
    1040
3
    1070
0
    1002
}
    1000
IsFill
    1070
1
    1000
PathStart
    1040
1.5
    1000
ToolCompensation
    1002
{
    1070
0
    1040
0
    1070
0
    1002
}
    1000
MicroConnect
    1002
{
    1070
2
    1040
1.22656593717396
    1041
0.6
    1042
0
    1040
5.23693638203462
    1041
0.6
    1042
0
    1002
}
       0
ENDSEC
  0
SECTION
  2
OBJECTS
  0
DICTIONARY
  5
111
330
0
100
AcDbDictionary
281
     1
  3
ACAD_COLOR
350
120
  3
ACAD_GROUP
350
112
  3
ACAD_LAYOUT
350
11E
  3
ACAD_MATERIAL
350
11F
  3
ACAD_MLINESTYLE
350
11B
  3
ACAD_PLOTSETTINGS
350
11D
  3
ACAD_PLOTSTYLENAME
350
113
  3
ACAD_TABLESTYLE
350
121
  3
AcDbVariableDictionary
350
135
  0
DICTIONARY
  5
120
102
{ACAD_REACTORS
330
111
102
}
330
111
100
AcDbDictionary
281
     1
  0
DICTIONARY
  5
112
102
{ACAD_REACTORS
330
111
102
}
330
111
100
AcDbDictionary
281
     1
  0
DICTIONARY
  5
11E
102
{ACAD_REACTORS
330
111
102
}
330
111
100
AcDbDictionary
281
     1
  3
Model
350
12A
  3
布局1
350
126
  0
DICTIONARY
  5
11F
102
{ACAD_REACTORS
330
111
102
}
330
111
100
AcDbDictionary
281
     1
  0
DICTIONARY
  5
11B
102
{ACAD_REACTORS
330
111
102
}
330
111
100
AcDbDictionary
281
     1
  3
Standard
350
11C
  0
DICTIONARY
  5
11D
102
{ACAD_REACTORS
330
111
102
}
330
111
100
AcDbDictionary
281
     1
  0
ACDBDICTIONARYWDFLT
  5
113
102
{ACAD_REACTORS
330
111
102
}
330
111
100
AcDbDictionary
281
     1
  3
Normal
350
114
100
AcDbDictionaryWithDefault
340
114
  0
DICTIONARY
  5
121
102
{ACAD_REACTORS
330
111
102
}
330
111
100
AcDbDictionary
281
     1
  3
Standard
350
122
  0
DICTIONARY
  5
135
102
{ACAD_REACTORS
330
111
102
}
330
111
100
AcDbDictionary
281
     1
  3
CTABLESTYLE
350
136
  0
LAYOUT
  5
12A
102
{ACAD_REACTORS
330
11E
102
}
330
11E
100
AcDbPlotSettings
  1

  2
发送至 OneNote 2010
  4

  6

 40
0.0
 41
0.0
 42
0.0
 43
0.0
 44
0.0
 45
0.0
 46
0.0
 47
0.0
 48
0.0
 49
0.0
140
0.0
141
0.0
142
1.0
143
1.0
 70
  1712
 72
     0
 73
     0
 74
     0
  7

 75
     0
147
1.0
 76
     0
 77
     2
 78
   300
148
0.0
149
0.0
100
AcDbLayout
  1
Model
 70
     1
 71
     0
 10
0.0
 20
0.0
 11
12.0
 21
9.0
 12
0.0
 22
0.0
 32
0.0
 14
0.0
 24
0.0
 34
0.0
 15
0.0
 25
0.0
 35
0.0
146
0.0
 13
0.0
 23
0.0
 33
0.0
 16
1.0
 26
0.0
 36
0.0
 17
0.0
 27
1.0
 37
0.0
 76
     0
330
127
  0
LAYOUT
  5
126
102
{ACAD_REACTORS
330
11E
102
}
330
11E
100
AcDbPlotSettings
  1

  2
发送至 OneNote 2010
  4

  6

 40
0.0
 41
0.0
 42
0.0
 43
0.0
 44
0.0
 45
0.0
 46
0.0
 47
0.0
 48
0.0
 49
0.0
140
0.0
141
0.0
142
1.0
143
1.0
 70
   688
 72
     0
 73
     0
 74
     5
  7

 75
    16
147
1.0
 76
     0
 77
     2
 78
   300
148
0.0
149
0.0
100
AcDbLayout
  1
布局1
 70
     1
 71
     1
 10
0.0
 20
0.0
 11
12.0
 21
9.0
 12
0.0
 22
0.0
 32
0.0
 14
0.0
 24
0.0
 34
0.0
 15
0.0
 25
0.0
 35
0.0
146
0.0
 13
0.0
 23
0.0
 33
0.0
 16
1.0
 26
0.0
 36
0.0
 17
0.0
 27
1.0
 37
0.0
 76
     0
330
123
  0
MLINESTYLE
  5
11C
102
{ACAD_REACTORS
330
11B
102
}
330
11B
100
AcDbMlineStyle
  2
STANDARD
 70
     0
  3

 62
   256
 51
90.0
 52
90.0
 71
     2
 49
0.5
 62
   256
  6
BYLAYER
 49
-0.5
 62
   256
  6
BYLAYER
  0
ACDBPLACEHOLDER
  5
114
102
{ACAD_REACTORS
330
113
102
}
330
113
  0
TABLESTYLE
  5
122
102
{ACAD_REACTORS
330
121
102
}
330
121
100
AcDbTableStyle
  3
Standard
 70
     0
 71
     0
 40
0.06
 41
0.06
280
     0
281
     0
  7
STANDARD
140
0.18
170
     2
 62
     0
 63
     7
283
     0
274
    -2
284
     1
 64
     0
275
    -2
285
     1
 65
     0
276
    -2
286
     1
 66
     0
277
    -2
287
     1
 67
     0
278
    -2
288
     1
 68
     0
279
    -2
289
     1
 69
     0
  7
STANDARD
140
0.25
170
     5
 62
     0
 63
     7
283
     0
274
    -2
284
     1
 64
     0
275
    -2
285
     1
 65
     0
276
    -2
286
     1
 66
     0
277
    -2
287
     1
 67
     0
278
    -2
288
     1
 68
     0
279
    -2
289
     1
 69
     0
  7
STANDARD
140
0.18
170
     5
 62
     0
 63
     7
283
     0
274
    -2
284
     1
 64
     0
275
    -2
285
     1
 65
     0
276
    -2
286
     1
 66
     0
277
    -2
287
     1
 67
     0
278
    -2
288
     1
 68
     0
279
    -2
289
     1
 69
     0
  0
DICTIONARYVAR
  5
136
102
{ACAD_REACTORS
330
135
102
}
330
135
100
DictionaryVariables
280
     0
  1
STANDARD
  0
ENDSEC
  0
EOF
